individu,Dim1,Dim2,Dim3,Dim4,Dim5,Dim6,Dim7,Dim8,Dim9,Dim10,Dim11,Dim12,Dim13,Dim14,Dim15,Dim16,Dim17,Dim18,Dim19,Dim20,Dim21,Dim22,Dim23,Dim24,Dim25,Dim26,Dim27,Dim28,Dim29,Dim30,Dim31,Dim32,Dim33,Dim34,Dim35,Dim36,Dim37,Dim38,Dim39,Dim40,Dim41,Dim42,Dim43,Dim44,Dim45,Dim46,Dim47,Dim48,Dim49,Dim50,Dim51,Dim52,Dim53,Dim54,Dim55,Dim56,Dim57
1,-0.006603390810265347,-0.06645796181118353,-0.4215757025616083,0.1634495215906555,-0.49564792460987234,0.09277539787241512,-0.18946737827271282,0.09644121536893337,-0.21262180787552326,0.9232086566822536,0.4020901874895056,0.16430092907854885,0.010621321268016253,-0.2868157236519843,0.06427195013981334,-0.023630070898741175,-0.2311582859089676,0.09870769313961007,-0.048010677623479825,0.3047283521430812,0.1700828418695125,0.08478017971765313,0.031216160767803338,-0.3474414693672736,0.10686800944038372,-0.05697204544711422,-0.05778510148142432,0.09463800151863185,-0.0950051475968502,0.03043564424690626,-0.00402875471488165,0.01771109460626006,0.09929576189231104,-0.015516639921912862,-0.027580972767258752,0.36308496912839167,-0.021849674552828352,0.08964292219408342,0.024496577195824,-0.032951010639197115,0.026395615726574347,0.039467894711302694,-0.07068936069966567,-0.062464489478191935,0.041971543015349444,0.1982413551395915,0.15167158454487156,0.04515527338228618,0.1358077819645789,0.00559510060842291,-0.0018813004007474385,0.004861646189751758,-0.004450455932632991,0.002520222304366317,-0.0019463134228619326,-0.9382724045038235,0.023060957746386956
2,0.29567966238462723,-0.16845969863865176,-0.17844717772934954,0.3475041298486338,0.12965088921498513,0.06718178872721045,-0.06178483416851124,0.43009273847159896,0.19291427525185895,-0.12161724715390383,0.07267184231626421,-0.04494001845109892,-0.17215268232460576,-0.30604038514273507,-0.2985534263202231,0.08715153127991596,0.36167957329544803,0.03733044047349651,0.26972482811726095,-0.030067678191523218,0.10484917724239033,-0.018538805481252918,-0.006075805832653159,-0.31598868007289677,0.013810004201853859,-0.21693364584223132,0.09389877518522202,-0.06521496634377552,0.18774304345668785,-0.07140077272768827,-0.12102208648122031,-0.03004407284280511,-0.023600119119169673,0.00862124172837218,-0.1789170066162363,0.015086408860027966,0.010636586602946401,0.12496674525528773,-0.1225786340069129,-0.07801274420355885,0.14764735410146043,0.1262538732245666,0.04467841265831423,0.206528380254694,0.03453982223060049,-0.12162827797988833,0.048563509444576804,-0.013356221521877546,0.05897152960196869,-0.0010842800607304434,0.005236917062661012,-0.0018144098100801524,-0.0024416382308859214,0.0011504808785353254,-0.0005634489170751153,-0.9382724045038234,0.02306095774638668
3,0.34762907462956166,-0.23999792300044057,-0.34734742150890224,0.15587305247091363,-0.43386017148492595,0.10801689430926303,-0.07595999696644716,0.05001535248603615,-0.11851469943131489,0.4441458534678849,0.1365883197024387,-0.18445971679356649,0.4752643410007439,0.29510223601110896,-0.2181375352639298,-0.2083967581829762,0.2180897970922609,-0.029765374754913834,0.3262905880925111,-0.2775347605586571,-0.03720861773742715,-0.34108951561818246,0.01922400856473659,-0.08031503425078122,0.05872394765640507,-0.11397328498386539,0.29845941974489704,0.23561340651777007,-0.10754581697208468,-0.07176086503270086,-0.046783147340813167,-0.15754842398843538,0.055029338374331056,0.08979886418466008,-0.1883971344520014,-0.04476275845064847,0.22652578179144572,0.29424186831800864,-0.16164024788067985,-0.10621822596582711,0.19801361182715232,0.09976870993518701,0.12742919712088455,0.06853289766202782,-0.06628760619572119,-0.014099207202603605,-0.04490630976563567,0.055144495825284856,0.02415396830594639,0.005321128786171172,-0.001189469606258522,0.0017518065949602714,-0.008544628844724747,0.003359464219088002,0.002612418823793113,-0.9382724045038233,0.023060957746386737
4,-0.43116938753852646,-0.0817839302748314,0.41735725786402683,-0.1443800834486555,-0.08527895848422581,0.1522034199695149,0.16884896416730916,-0.026368312376136228,0.26018632241668355,-0.22644778266853596,0.11407522817576968,-0.1918632479462287,0.08112587459066156,0.15085943863837087,0.11829802093290946,-0.15708466211565256,0.32880067764398785,-0.15723945096128905,-0.07327181238097628,0.09306299006007678,-0.05605222433341475,-0.026479641220470862,-0.10407673890555615,0.01952664712199173,-0.10647498163564409,-0.0010709112234001065,-0.14576437726868205,0.1851735367450093,-0.035905323659342236,0.13121196276586236,-0.225943422975933,-0.05158485587763288,0.1284176827220604,-0.31860591486537204,0.16848018013072108,0.15868405162913116,0.05836501015159377,-0.18834851705982464,0.007674301996237371,0.1295531377675437,-0.08030237211924358,-0.08061508448565625,-0.23029555034208926,-0.08775429435747101,0.11872747164010083,0.06601501420827285,0.052297128304807344,-0.07040841844379166,0.09827297637433399,0.004168496739820809,-0.003994467758595902,0.0028222052527144296,-0.0008211140765344197,0.0004751373051037082,-0.00045436399026688276,-0.9382724045038234,0.023060957746386876
5,-0.04759073747083917,-0.30690326599368456,-0.11792990506915735,0.36835330904053737,0.23477169612117754,-0.23150141223858242,-0.061278880231810634,0.14293347957373767,0.3963307090974192,0.031871410558413686,-0.17899620375105613,0.007349215593202871,-0.15775371587091552,-0.05410980835132656,-0.3190678261659825,0.050323120395279246,-0.016991269857506257,0.10533848214473497,-0.24157671198716596,0.03611054319237302,0.09709568243603219,0.00819453284381536,0.24234515624016953,-0.008051677344368196,-0.05865988765166438,0.11588770690429345,-0.19180282065210472,0.17038989229022158,0.030800009910168555,-0.15637918205373788,0.23327813787200308,-0.0936994270832856,0.08702829737723541,-0.019931333270893574,0.016332461115651745,-0.020736045394040187,0.059461073535517016,0.10539266556251986,0.07006977095342609,0.1802528860053931,0.08076489344426341,-0.19506517157799722,-0.018043186205248498,-0.030067416612333205,-0.10446788644476485,0.018021216065473022,-0.07146236960130582,-0.03900956066899079,-0.0040456651235173564,0.001840637815118005,-0.008195389126001656,-0.0018264339608660078,0.002531730113410287,-0.0025162774994198617,0.0015424764881697864,-0.9382724045038233,0.023060957746386647
6,-0.3889136463452577,-0.10956574971933693,-0.015154182829106418,-0.25831103949208695,0.036859167491046056,-0.05924769779549137,-0.0790609756533974,-0.19988907288654773,-0.0394467202388974,-0.19129052279320563,-0.09784272476886208,0.12480421194829386,0.025031858430442457,0.14040198324713524,-0.16632418135617544,0.11537330655835383,-0.010392363394713701,0.12162251572903335,0.10806802635220156,-0.24303250395884135,0.10733465145036437,-0.06562798963228289,-0.032958923207610236,-0.03131886522580257,0.016369249025232274,-0.03332144240989881,-0.18605654386469667,-0.08068407602321091,-0.14610981462266542,0.0175117730076681,0.14555915923415427,0.07901863811178866,-0.31559198242219977,0.07468084085104056,-0.03267501415054477,-0.13624637594668465,0.05870705478940077,0.03923838983793788,-0.15021355091996755,0.09673161768432988,0.12767384107799334,0.004484034574973054,0.06884163687100366,-0.09147162933707531,-0.016534282644049412,0.026230236555736558,0.09312821566366584,0.13176914083862554,0.15072403115008698,0.0060302307701497315,-0.014144191583830025,-0.0001777383498559612,-0.0006928841207636994,-0.0024719322128830177,-0.005860479849825602,-0.9382724045038232,0.023060957746386727
7,0.2947982702177409,-0.02635937965521968,-0.1751978199777747,-0.12288274879156584,-0.10518834241269462,-0.35895649320918044,-0.1340374722410948,-0.33177985924140857,0.3189708168889121,0.053392023146787725,-0.04272158737401268,-0.029953352661529254,0.2088589482378417,-0.1328016260759597,0.08456260590259873,0.2107139602367033,0.06246572303676531,-0.07313423995079153,-0.11718018455050883,-0.03751305376049621,-0.0022228344623686433,0.06822484132713053,-0.1372475852516259,-0.018652869279570914,-0.051786968828650554,0.18057025076668648,0.05085692898708922,0.07579303368752577,0.029603189904272593,0.11833164078061173,0.018083359422728124,-0.014442302464503847,-0.07016034452252413,-0.007052535751456779,0.13567504065038308,-0.17637634371792563,0.17862040659562603,-0.06823148108644674,-0.06400687985292879,-0.17729080769220168,0.041907241351970936,0.059838549842286884,0.04990061890899498,-0.0963253457769583,-0.060355485725854946,-0.0557266009973894,-0.062155133644599764,0.09052703219912873,0.02065330427222555,-0.000713746508499947,0.0023466531066216167,-0.002586356332080029,-0.0036353513735172646,0.0006381710540446111,-0.0024011984208251774,-0.9382724045038234,0.02306095774638669
8,-0.2701242201886011,-0.19331028208718443,-0.3046367604630281,0.42881210447511453,-0.41751276313763047,0.0890701165649124,-0.26772582872927186,-0.01389240741246372,-0.1817460529519673,0.7918599811455158,0.049651500416954576,0.24983073627248928,-0.02322778115053549,-0.3045445717169436,-0.038347326842616075,-0.04493197612663911,-0.1974690374137636,0.05688926631518594,-0.293670922063922,0.2440043689360244,-0.1666030939363139,-0.026878661388355863,-0.0811686370000531,-0.2960114332110685,0.11655540649810434,0.10014296124666429,-0.2600225090614587,0.06428980588585632,-0.08195009669970867,-0.08686654464400112,0.018161965827493288,0.021223275534054658,0.16419528224633362,-0.12697473468307477,0.10959777391010525,0.1280656743852762,-0.05820787478180076,-0.12040452576037596,0.013631624347900507,-0.10070307214124652,-0.08179397651816905,-0.14242568758363292,-0.11754023207914671,-0.11873631383229402,0.04883725154309046,0.12571695917976872,0.10050621665614187,0.10485391332151159,0.07199813653572366,0.004180934134144014,0.0031984716742658277,0.0023902914133398425,-0.008134903829264031,0.0038548946964493585,-0.0011029154868128026,-0.9382724045038235,0.023060957746386817
9,-0.09092961909282943,-0.22828974904611474,0.07468871411121332,0.09074346592404241,-0.18400143564139038,-0.42262658009431775,-0.3207954393582853,-0.3093535014053629,0.14914923176336048,0.03391402866538996,-0.2966808337629405,-0.01649760196290951,-0.02445341516289061,0.1508828361295391,0.07591657398406837,0.36232477654450546,-0.07065913970366078,0.2657567929073795,-0.009292761299087158,-0.00024075365503360252,-0.05260710857704105,-0.1512638863358,-0.01563197120691772,-0.18989979848649935,0.2443084509337975,-0.0423551356429487,-0.11305585512995135,-0.04370673618192914,0.05722626403626713,0.06665322419802208,-0.013294014414614285,-0.09172743565432558,0.03594279424133568,-0.09219930460069055,0.15929588145505122,0.027400459883879142,0.05050323279331501,0.024967588862327333,-0.3010487901551257,0.14944483277680276,0.037833610802551466,0.16917353237210134,-0.0845359467561871,-0.0411589120323122,0.012020297382541482,0.0025751878889338966,-0.03896490082318365,0.008266089482685911,0.05202027319605791,0.003818852492809414,-0.012194412824519439,-0.0021303327491355934,-8.653550397187394e-05,-0.002704549954061231,-0.0027150163503744007,-0.9382724045038232,0.023060957746386848
10,-0.26865351821927125,-0.0637827727770654,-0.031417404049910044,-0.10141605147493045,0.07288409333288091,-0.0029222005566375228,-0.17545424469390328,-0.21048285944662753,0.02578820257523012,-0.12686370728231391,-0.18227917441632158,-0.01615302733275221,-0.08837240463077865,-0.07831821259157007,-0.17163768028475787,0.07679766835517511,0.08571040293320409,0.09440009415633614,-0.2303516754190508,-0.09598520274606588,-0.0799364867195597,-0.16565480173461017,0.09283744762281505,-0.029600037413586733,0.034910432407068516,0.15595944587542918,-0.1045876310620443,0.09644814454882716,0.2398068128400712,-0.05182683553908937,-0.03534063906920567,-0.005441794495113674,0.04501478048139415,0.002234299183687293,0.17190196119112316,-0.010942366863124215,0.07825158184661558,0.1753890805057441,0.16056022106355056,0.07851243439724956,-0.12925639957144258,0.17481002583505803,0.04374217544044825,-0.0903882158978346,-0.0797908081174564,0.06002881579044077,-0.18951483273608866,0.2113263490954135,-0.048610735501018805,0.003796957074421443,-0.010964830416300237,0.004366059411950673,-0.0008388932442949705,-0.0005690147954812059,-0.004688028549521635,-0.9382724045038233,0.02306095774638676
11,-0.5654610162019855,-0.08606112855536953,0.09029181851305872,0.0787846275018196,-0.21106277904391954,-0.20786505230007202,-0.35167148480693744,0.20729644677132494,0.062246077754134106,0.04398603712960458,0.15834595311003613,0.3463866999944256,0.00428396935400383,0.1275626415811474,0.03544238275655542,-0.18969320598453565,0.21527790198544522,-0.11228487504104788,0.08843619494858393,0.007009211130426106,0.011974539845866335,0.015245705609811592,0.0847788811836127,-0.02047507495027461,-0.13518771275120406,0.22833280441233278,0.15440788580440162,-0.2586601631613322,0.36999195243560745,0.12447025116819663,0.31193341046099893,-0.047489866226638165,-0.08693677629347357,0.36987144692444907,0.047035818435546925,-0.0022360702740579315,-0.08364501334417321,-0.08971107047534471,-0.020277457927239194,0.0008462891938737138,-0.12499434744534899,0.022517377544041334,0.18718373413697337,0.16918642724661018,-0.06966903824362324,-0.10391136834931493,-0.09350240598206981,-0.06808993205830527,0.008382680103680335,-0.002673681629919546,0.0038769601803041887,0.006073576300785464,0.006232101522736236,0.0003638136785474471,0.0006811619892185084,-0.9382724045038234,0.02306095774638684
12,-0.031955738868309845,-0.17806874338509865,-0.23829378631260933,0.10487184973768311,0.3652070691503816,0.20096292554271522,0.17069491485584282,0.27186571960212097,-0.0028079617556351984,-0.38377884744968854,0.14718731460400405,0.05128793738011774,-0.35104459436222407,-0.015634345217354226,0.03322459138381856,0.1108626168488463,-0.0536844336702216,-0.13412420161419705,-0.02289936268039646,-0.17277648686449099,0.09949632984020464,-0.2579983285231109,-0.3272943660900227,0.18233780829665874,0.2500484874951765,0.02697447056465364,-0.022833365961553234,-0.10925628684046623,0.0029579073678861634,0.08992932727355964,0.02719475793502778,0.371018244705888,0.036729191317107925,0.2661245483698436,0.14001064821657558,0.08072637784156747,0.4008071089595484,-0.09126591604173478,-0.2721908062445351,-0.04898990049852803,0.13858414610280143,-0.26205974877999133,-0.18386785878821235,0.10520080056319596,0.2487967745407367,0.020756325239772975,-0.0742071789957319,-0.1298010072105626,-0.04620962896702268,-0.002795910686902276,0.005033457391379177,-0.005353129589189397,-0.0027794249764676107,0.0002383887404288263,0.0008830790935167536,-0.9382724045038229,0.02306095774638666
13,-0.4514166360527279,0.16861047290915976,-0.07257307441861068,0.016399800471726823,0.2887008296147831,-0.3331668645207236,0.2281287227453166,0.23318421015382337,-0.16288092966472453,-0.16826032390189258,0.06621264216422061,0.0914584952518877,0.11076235513846772,0.023228811494113405,-0.07333541281371397,0.11375120648885767,0.4093370274979437,-0.011222170610918963,0.14437126321370705,0.03479812183766462,0.15700807978094755,0.031195953856209928,-0.27329375901762887,0.10520654736935645,-0.016177987471908867,-0.1889220648399333,-0.14101283557507843,-0.03322414979138745,-0.09128527528569481,0.04633037934513341,-0.15645005209550975,0.0006824139735658329,0.125360652698456,-0.2469180488421414,-0.0278049448340585,0.07387676711425518,-0.009863608602724989,-0.000538849809113702,0.18302135178402212,0.2913268226022886,0.033685334848292836,0.10814236627627972,-0.05202696299071195,-0.2846446010687725,-0.13147912603975886,0.04479086758158295,-0.15433555443362362,0.07929167314874791,0.04007080300732172,0.0027253039350124005,-0.009995713227156556,0.009540379055857383,0.007755380231409816,-0.001639711614541198,-0.0028797502477278677,-0.9382724045038234,0.023060957746386824
14,-0.24789958490768282,0.009523652491863568,0.07898200889678389,-0.06528106284454427,-0.10861670243364271,-0.18130995990565843,-0.4002692189774055,0.03893137665531287,0.036593523627111255,-0.05851424621025763,-0.13063010019965077,0.03710563197000995,0.10599023686494863,-0.18670159341776538,-0.2936856895491316,-0.042239254276434504,-0.17188960286136254,-0.11485303012881026,0.13970227511912078,-0.043852022947360125,0.13956403056052358,0.20705145039570155,0.0032545949988259195,0.08448238348020945,-0.11946714515875793,-0.0291570320654176,-0.15320502209252207,-0.10745488007064045,-0.02981028185019045,0.046695012676321285,0.2951900379204831,-0.005658894242508064,-0.029044694926088313,-0.032357946361510244,-0.1639448294019149,0.05805170940024821,-0.06370464421577594,0.15217953665142836,-0.08103931870841113,-0.06204135942799353,-0.09691525002794545,0.11309206046922889,-0.15762823077769483,0.2317682032924735,-0.010598293861084592,0.08771878646683187,0.009506662813501801,0.038490945638505865,-0.020607251284275305,0.0005540669041923672,-0.003003810382474659,0.0029386427469987233,0.0019019726607335116,-0.00031806008903826716,-0.0010937917981391917,-0.9382724045038232,0.023060957746386706
15,0.20904008842778182,-0.2898271309294682,0.8334047056050361,0.4559514089350622,0.524865983885631,0.18274718185994157,-0.2940255604199096,-0.6067821511610805,0.11745800941511202,0.26586913766905196,0.16195606564659512,-0.015216930362293402,-0.008501157263067145,-0.24850309390816125,0.44411892994432656,0.1817639593635318,-0.041056652717301974,-0.10052355126340032,-0.10885991306047428,0.30444306350645994,-0.018158256538153426,0.04558466373037233,-0.25221034181799434,0.17521717663276054,0.10759752549819272,0.14667265878837485,-0.11312438324581893,0.11675030810043577,0.06754368377839388,-0.005653307257393341,-0.07339722909110566,-0.15777456904969953,0.18801189906346524,0.02643632879257026,-0.08826834868734065,-0.07406934532798276,0.09251579128841854,-0.22378690482800975,-0.37968879907321545,-0.02526976853783424,0.05658620838509816,0.22854099898489325,-0.07107994951652284,-0.07817294393744058,0.1677643295810597,-0.0590205265321936,-0.035172724830159666,0.06850715359071993,-0.03132326108384928,-0.003398459236131351,0.004216013926109313,-0.0055433114582406845,-0.000493983929024143,-0.0007693145754094203,-2.8418359679783232e-05,-0.9382724045038233,0.023060957746387053
16,-0.24760720621003024,-0.012972902340988504,0.07230882199316278,0.0969911663633836,-0.1514267264962505,-0.2934340602175397,-0.31389361428470697,0.025604107153087675,0.06883211477909446,-0.0020573430641541482,0.033923972582969,0.04690947324952122,-0.11755843701279628,-0.10199350926447688,-0.07841220101719393,-0.15761873608836752,0.45909973644705715,-0.1491357060142961,-0.14689405992933574,0.1440747645408173,0.00615529367787507,-0.001205724893218302,-0.17469012911277174,0.14285346179666844,-0.024836084112933827,-0.1493130334882525,-0.16217974494294635,0.08642615688467177,-0.14432712891236057,0.1649957776566579,-0.25245935717423507,0.03719310937888291,0.02029307864723979,-0.09229544033744337,0.19511578794936332,0.14321935733000393,-0.04803697707648163,-0.012211845491859155,0.1974590694576071,0.017935474724893076,0.05961027194661753,-0.11573576099665633,0.047197360232148884,0.01737395747169652,0.009873427223936887,-0.2503454184919634,-0.0565770811768218,0.16016505638317488,-0.07554701641381563,-0.003745997212410908,0.007822496436021781,-0.0016161875647957833,-0.002478171403257441,0.0014830769521015498,-0.0017111501882606135,-0.9382724045038234,0.023060957746386817
17,-0.5210878359570175,-0.07682701087564625,0.030922153561749995,-0.18480578040058565,-0.030073155666486703,0.0817962977959008,-0.0771318789783919,0.05936257329493134,-0.0448330517995346,-0.2624709930553508,0.22249810891890812,-0.10828554915741206,-0.21241618668080997,0.11869977525670351,0.1373847529936233,-0.20352315065998172,-0.06664931388859634,0.01080332869195725,0.1996168746125864,-0.020780857480308845,-0.033496774089964355,-0.2142727246807632,-0.10073034775111862,-0.07883114914245863,-0.00535156083731072,0.1110877329961228,-0.19940805302248146,0.02873075216301657,0.0917891007789025,-0.02697114020563863,-0.09183717273701796,0.1591968346363456,-0.07408283032589555,0.10398004285714813,-0.01244756463150361,0.031135106798794793,0.07848429066979636,-0.21215192738115018,0.012695554534633701,0.2172014173007537,0.06270404133338153,-0.09541525023865638,0.03387590882192842,-0.07127690889529478,0.022970424641689607,0.078316436739998,-0.048699663061280735,0.18849487455592429,0.047853337328134515,0.0027623134282542287,-0.006776142072813479,0.009428744697160337,0.003946931498938264,-4.844544571522399e-05,-0.004957737843963363,-0.9382724045038232,0.023060957746386876
18,-0.0798449476289621,-0.4490884947230647,-0.47466005857745786,0.13810380769633293,0.047377547189374355,0.48106245390211155,-0.07863352371637283,-0.10098226069538646,-0.22807376552900285,0.2364244242430621,-0.019085937937298545,0.15877372977208784,-0.31154200749878364,0.23709652344328022,-0.27402617503207816,0.03226516064618549,-0.09327597157717435,-0.10102208332308639,-0.3589845066642753,-0.3765147869087721,0.08652155380534093,0.16293055604216494,0.18493342225999385,0.04958112768961081,0.14071153545246315,0.0393666503301553,-0.04598258131530693,-0.02336358371417135,-0.24949854564498133,0.17482020503074824,0.20706149227414877,0.11340720004271478,0.08269030311666124,0.06663830701282487,0.1672297849643549,0.05108546651236332,0.29327365152797713,-0.117874767248442,0.12680687278049402,0.009919526432994317,-0.07851259752595348,-0.2633640393493925,-0.02482118212158007,0.04094817386305573,0.13089193126776433,0.2855786681648279,-0.1084279474431578,-0.007368473064729106,-0.07351331042945386,-0.0016286918667303247,0.0035971024989914337,-0.002280254657454309,-0.002389587182409719,0.0007827006442520667,0.0009920629643037871,-0.9382724045038231,0.023060957746386505
19,-0.12526035605241517,0.07310445017995827,-0.07475224759073702,-0.12534253656279953,-0.03204004105613863,-0.14695410287090144,-0.045028472626829165,-0.170849482805615,-0.41913087708485436,-0.4038294467512371,-0.12630595716093626,-0.34218727704569907,-0.14336524190203073,0.15461633302311978,-0.011477493096074992,0.09235104478435134,-0.04631224051114911,0.44241976861526044,0.011115933742288489,0.16893520711718288,0.05672070297158087,0.18516798522683606,-0.10369008363114852,0.11319322529856919,0.15453004796744946,-0.22161153380228488,0.14111851943746256,0.2600445062258436,0.029738233173238964,-0.10435752768788945,-0.2146284306502029,-0.07314958127955168,0.05978488367918242,0.06660429220311692,-0.01262120069044212,-0.1730269884140839,-0.005651143226259478,-0.24198214319636635,0.14017650740555154,0.011262688977586593,-0.2844561827247216,0.01790720130252738,0.18668947786111367,0.08703834742921664,0.1213826772589985,0.10597862947130668,-0.03492707482320453,-0.2691213025495784,0.028713785859620006,-0.008002533483303275,0.008425024914057324,0.0031854412370908684,0.012310071042350266,-0.0017550812401338188,-0.0007443554236834576,-0.9382724045038233,0.023060957746386918
20,-0.18066350557490343,0.13258443676977177,-0.18125599471616521,-0.19939878286148865,0.40830444086320866,-0.4438518277759593,0.2983474165170034,-0.0999556652378562,0.07828033028922576,0.01700814028918712,0.018844739638688855,0.03769796365438983,0.2570278682083737,0.026864032751800104,-0.2217663639187361,0.039473533607766766,0.3770863684421365,-0.10221111886151157,-0.1079322205623519,0.016987027026840084,0.12339739373424563,-0.03344960053072168,-0.09508525857968451,0.23437122320877907,-0.17018039534816656,-0.21195699820504205,-0.17944452727073354,0.026403446447690476,-0.19091909958162734,0.06423642693510002,-0.09221121737151636,-0.09129570562782537,-0.059142025269481695,-0.13874865754191168,0.10307852490614329,0.1996530365541212,0.06119309474578014,0.19691215731059394,-0.13618634264977522,0.24005231885445213,0.15184479415566446,-0.1022322244960539,-0.030669774050471724,-0.20680062503723462,-0.11556935815120872,-0.0878726115420838,0.026532497587436418,-0.04253053940047418,0.0646373594686615,0.00736856128113592,-0.014490996271395934,-0.003139305934669051,-0.004079767066090907,-0.0017905818700968276,0.00015350755301149398,-0.9382724045038234,0.023060957746386824
21,-0.0721711790545018,0.12364489925069215,-0.07253582348948517,-0.27045927459336677,-0.04377604799007435,-0.3156673708651833,-0.21701876080451152,-0.18023527612077309,0.14090952396166118,0.15276510239088353,0.09274179757420145,0.09752360206616985,-0.07638406717918352,-0.08026114159422508,-0.19391177337658685,-0.10905694295300451,-0.04141107555945638,-0.18656858793983358,0.054444335434169454,-0.13490952913541812,0.08638791266601986,0.2072546286823965,0.16347425602027413,-0.013869309621710112,-0.22460670580167857,0.06566683977235684,-0.07523749320255423,0.013758027401189412,-0.1548345713882417,0.11365613138409483,0.13823549244997588,0.06666008053433438,-0.16583352466633094,0.26427192468574173,-0.1265704328615775,-0.016973331886956527,0.01890285882872076,-0.043366238538996134,-0.18641744304630595,-0.12545987347714435,0.10488049680549542,0.1069366102732365,0.026914169169484713,0.21261305588995585,0.07110986369384364,-0.08105520656271276,-0.07211385000547994,-0.04364886190582554,-0.04567273680778656,-0.005699047995860665,0.006321778426653111,-0.003606614266802214,0.0017552667128345634,-0.000648952148843596,-0.0008548702520598567,-0.9382724045038233,0.023060957746386793
22,-0.5040699476189313,0.03818036345771773,0.06637089026219439,0.31480642851148805,0.06956128803515617,-0.5746588692766992,0.0852865487543778,0.4263566825526211,-0.22210461240219895,-0.021955736331741454,-0.016532661018082397,0.13461458836761392,0.28604842880929326,0.1697543929821146,0.08239315239846912,-0.46538639728771947,0.696152172569619,0.1188557299962998,-0.2539062235752636,0.446747175529899,0.21928332007830703,0.12175725686451647,-0.020949107108584317,0.3486632113372182,0.13283812857960065,-0.2601600016436374,0.08437438056817288,-0.12521512969000173,0.2498460731569846,-0.018482597836981172,-0.05436649016476834,-0.04378739685687346,0.048960979551726534,0.2559029822267825,-0.009773064657753114,-0.2102447731797571,0.06664349677322481,0.1010035412476389,-0.18343588670741134,-0.036856453136794386,-0.09143200641439109,-0.008318664355937994,0.1811071002709512,0.06006886850329941,-0.1900987476621079,0.09967236847058408,-0.225579400282179,-0.12434004835701588,0.020014156024135935,-0.004763518620240866,0.0030721701370928656,0.006458869452973772,0.013480186025095183,-0.0017741644501022143,0.0034064785516021603,-0.9382724045038235,0.023060957746387112
23,-0.0746974597100261,0.2425197920118845,-0.1601759166997935,-0.5052423398579096,-0.030230611476802713,-0.17299190025889608,-0.09323114939561677,-0.24187405266414216,-0.009772011633026094,0.04470682462637521,0.18433612563748328,0.04328907930416829,0.1761259308148131,-0.12376457776937112,-0.0399989014417073,0.2683458717389961,0.05475531820352583,0.00320794072202683,0.1304414469736308,-0.15779353984356842,0.08083410231531456,0.16747923021206146,-0.03914376744098066,-0.0336396215371382,-0.10609577697482679,0.0959782235717715,0.05886580682147229,-0.08787653520848439,-0.023692626763169435,0.14261198568208924,0.05053504741245446,-0.12867989688132497,0.03835628327954799,-0.0976795985387565,0.037869092115569845,-0.1888798278850365,0.14084784230074968,0.002284714400286016,-0.016647306066912507,0.05172351981049636,0.08099098076974369,0.1370343914619457,-0.059394096999474094,0.23190382759010628,0.06386399338096184,-0.029631968815678186,-0.025829302962274772,-0.10300708354827198,0.08680622732662387,-0.0018289566934363308,0.0033229499548505497,0.0005174407926696868,0.001341516225388885,0.00011855332898324602,-0.0026229990186864985,-0.9382724045038234,0.023060957746386803
24,-0.006517248216853391,-0.09994590045123591,-0.1274033902977711,-0.15380672431182033,0.02280194536423412,-0.012648308993718724,-0.06538757583741422,-0.18824925973613443,-0.011534985615809666,-0.31415550130288417,-0.0500403419734525,0.31296528792896117,0.29681495266716784,-0.01562051471583255,0.029208330584411024,0.24929374615600355,-0.17721351809228608,0.192620885934254,-0.15291270319525285,-0.23496906306044285,-0.12131393450081303,-0.12457286954182985,-0.2812984465476118,0.04681913038821537,-0.0002482337889460126,0.035519697022998474,0.06184590879864607,0.07539762742329993,-0.059105825635596035,0.12610402873809745,0.07011351924423516,-0.020978028049088028,-0.0347476343422352,-0.049457421248012064,-0.18974474699593163,-0.11233053568716651,0.08852913863294315,-0.16559179010332872,0.1260507252947148,-0.3217663203808023,-0.08503914423053333,0.05256742572271585,0.16028138877979675,-0.029801638652156508,0.18770630287398452,0.08493130529958852,0.05245202025483653,0.0977657015509606,-0.018829690526497828,-0.002152369948120801,0.008952633903275135,-0.0040746859069242455,-0.006418439668870862,0.0021584871388559347,-0.0011929594872923562,-0.9382724045038233,0.023060957746386522
25,-0.484456147622565,-0.3648365792396419,-0.3824812069624354,0.1623836444436302,-0.3132737089554945,0.38837572474727416,0.06246766032759888,0.06740231822170253,-0.3452246841907797,0.018687059817729165,0.2933644620960279,-0.04538485093589961,-0.07195908423482938,0.2472970670244434,0.38109691643992455,-0.18703029895815054,-0.02277725829271151,-0.06649497451923196,0.007537347516182829,0.10354868795482039,0.12234092062061205,-0.09512612168986027,-0.0865865107463506,0.3519195582745798,-0.030259784700011432,0.09261079739419922,0.17374833023758088,-0.21448126904937354,0.6041318381924726,0.14720996461110597,0.18304641834865235,-0.08761067195790279,-0.060710946017915206,0.03667009139641371,0.12341003707492634,-0.12517365606990766,-0.0360587142672513,-0.0012523779606634035,-0.11577860995092862,0.12282784170314551,-0.14582706449316143,0.05483756199701865,-0.08194127887847714,-0.1651660744287924,-0.2062426943577761,-0.2132449179825728,0.12711732601971698,0.09032522716613102,-0.06227121520645599,0.00414282465080332,-0.007731731097545938,0.004088002649244685,-0.002624300868707688,0.0006341133063142216,-0.00260803842685431,-0.9382724045038232,0.023060957746387126
26,0.02941853116870498,-0.1912564026842642,-0.02481859935875478,0.17996488879609615,-0.10794169294280799,-0.24220254514919165,-0.22770640977162682,-0.05880588341414717,0.10338691356073407,-0.3609239631321774,-0.08737686207123264,-0.39758797988250344,-0.046982374266139895,-0.07568699430412469,0.23967023057708958,-0.1368204383115065,0.1159261169164183,-0.028591050815561053,0.06342783546800132,-0.0529154872595204,-0.04614040259626562,0.07244062691989192,-0.19675136931748766,-0.1829280400112757,0.16523463756848944,0.10084395848837781,0.03895791839762694,-0.017335933017909772,0.04235298755518905,-0.05381118480777004,0.04424794910031943,0.01002412402444621,-0.12978187737958813,-0.16382159167205054,0.15868748353421838,0.1365497879076179,-0.32056354109922336,-0.18139222569262342,-0.09645159719748628,0.07510724646425963,-0.03268295604830205,-0.20168281751536227,0.11286789072127476,-0.10618377650938954,-0.041490089205061566,-0.07768517765785551,-0.04487276196889446,-0.03447316790677494,-0.01405247306976156,-0.00031516144914263313,-0.003264016607708178,0.0030085122021923736,0.004531332247800316,-0.0011659201270510931,0.00016221132697023406,-0.9382724045038234,0.0230609577463867
27,0.06401008183692582,-0.13689829870100678,-0.04543606213297852,0.13791593730287632,-0.13374659776421108,-0.25006395287145483,-0.30692574023442115,-0.17450421526468182,0.1779376349556267,-0.2733365262487727,-0.21242950643017477,-0.12063337963162883,0.12273106688650431,-0.20390743381198342,0.08401854663718956,0.041677557059132904,0.13549858065580106,-0.1525442314444331,-0.22604810154181457,-0.01758861242324184,-0.03927485467497159,0.058480309944129845,-0.12792707746653068,0.2002862511650845,0.10832426089688045,0.21885653156802193,-0.04118628760796686,0.06531855537324203,0.006589215658827929,-0.08533181274557562,0.01171544120295605,-0.00017180105361968334,-0.03900805703079874,-0.06180628158745138,0.024841018133392186,0.03194435257204207,-0.03550810735324754,-0.036419585412040684,-0.08896420562871757,0.09562262663736439,-0.1454955758937085,0.08742784673377212,0.14646059069050912,-0.12342170363899901,0.015708521722812507,-0.042924911354978494,-0.07434745232422076,0.05335998973006268,0.009424335905886427,0.0023463090647215814,-0.005565787272203062,0.0010755577294024406,0.0002207319538993658,-0.0006504685498486682,6.020555966403351e-06,-0.9382724045038233,0.023060957746386713
28,0.03774719060490247,0.17635318344448456,0.06626772135395265,-0.1322828021060531,-0.1392395361608247,-0.6122476189705585,-0.08511637684674793,0.033370486100301154,-0.05098089391225555,-0.020215266990777622,0.1412622275534084,-0.1874739852971908,0.3185570354991183,0.2285951230452586,0.15819574850420554,-0.4741796645830856,0.37772485915765674,-0.03377656666121342,-0.0057598945900273184,-0.1536147285456615,0.01983582056370187,-0.023844796973472165,-0.03583481835021086,0.19747258530054043,0.1021058993206421,-0.06504324391415428,0.04072343859629345,0.35046707239900754,-0.3429010290742832,0.15085238446898735,-0.17929701791862454,-0.1545932264723537,0.2259107321523181,-0.025592313896939327,-0.1388912892780631,0.04805958889986093,-0.14256579911601744,-0.006166782594716371,-0.04164328585716404,-0.039567698140523654,-0.08259244332200087,0.04034621010283417,-0.034116622589721014,-0.05412696834687914,-0.020542476027020928,0.15796960037223512,-0.07907647387273246,-0.03296670416244155,0.09842947363010142,0.0036121021468623516,-0.0046304974597411366,0.005781527395633587,0.0017686389826581164,0.0002556271605321746,-0.0004966825664488115,-0.9382724045038235,0.023060957746386657
29,-0.4011885862450906,-0.2249478240875784,-0.32430959777523,0.09638031807264431,-0.22232384718007422,0.07729082308529558,-0.002952397662362468,-0.5301459418790023,-0.4916883469010248,0.3633956321134075,-0.27211044434603093,-0.10771739067893221,0.008166091011164353,0.2015665700925361,-0.0939850977729042,0.2968510181347456,-0.06333486278564243,0.4151154111356225,-0.16958804425100246,0.2847832619384037,-0.04850439202498331,0.026764528406474274,-0.08083027172932851,-0.1781415400144623,0.14535381030158656,-0.31802612813211817,-0.019356655295284603,-0.04318701016260552,0.19061351721583675,-0.06175439166064863,-0.22323866397152875,0.10302111147232348,0.04380336089087307,0.012473198598975329,0.23911270789710068,-0.14380931559022875,0.2063736840660419,-0.02381425468644334,-0.1789055925537044,0.026666311556850435,0.11807058491459488,0.08427893398226985,0.03730990844906582,-0.008227190417173496,0.07663035665641542,-0.021826802558343815,-0.23245476479003715,0.06755170774107803,-0.15181540199407972,-0.007692947501853483,0.005879248413931683,-0.0004507087914888694,0.005258056618233291,-0.0008942045119308452,-0.0009946729254994295,-0.9382724045038232,0.023060957746387223
30,-0.6375440710861034,0.37927201730561544,0.4650705138317337,-0.10764642309840798,-0.26505048353952565,0.1547639375319391,0.1405040255790704,-0.037995555874251935,-0.47810757677663857,0.02117442811606657,-0.5109159293005454,-0.2177220585341674,0.1384172948125612,-0.5791460323343286,0.12420389999371449,-0.06013059727442608,0.2361881550679692,0.3081914859810894,-0.1592705144319226,0.2085592303405928,-0.3576472521290793,0.24815807011493554,0.1205881760308887,-0.2997633834897,-0.2009932674891794,0.15608747178500718,0.0760502503262206,0.0785430398142328,-0.06466186123986663,-0.11044118684828493,0.1968920757832236,0.01756912304468459,-0.04390119063991406,0.40016087500956726,0.03151577387701703,0.1541793628713954,0.5657047253413896,0.11261892876652871,0.12063765451134176,-0.01775769460696973,0.023497039828738683,0.0051726213488120796,-0.1153875028112628,-0.13178431277044741,-0.07314455111782485,-0.06727510335201917,0.1445225821314562,-0.35580577973229177,-0.10291640631026258,-0.004486060962676148,0.003563841964160478,0.0023176748272029923,0.009121327110964758,-0.001256776923152145,0.005128723246191672,-0.9382724045038234,0.02306095774638709
31,-0.3126872121187264,0.05218435622751812,0.20613923195741748,0.02188159150334426,0.03380323114985188,-0.4023709805203663,-0.34975448800321185,0.07611783227538389,-0.2880255150059414,-0.0567863061214836,-0.30330389150589043,-0.21555022887520847,0.08802604177674034,0.21610669581237718,-0.05506571939168923,-0.13587867820093702,0.5667135270997725,0.02336566749623172,-0.1273048698405258,0.32154004589017393,-0.08400856969047107,0.3316567049912295,0.03199750211830095,-0.25606853223767834,-0.23926138479956113,-0.11214764189680715,0.11544574814952267,0.18646622080390135,0.28950060658025334,-0.035633047439615526,-0.3430215634890175,0.43608212337240576,-0.10931736228940528,-0.13046283725678937,-0.059892621738434744,0.007157665346850657,-0.15532051599814017,0.02239784732408424,0.05392292666285752,-0.21882280465875162,0.1026208199479264,-0.22778619207529363,-0.20235747644288912,-0.17289580477139163,0.021402018814442945,0.2578285670291483,-0.034756257098480424,0.08853163411820675,-0.07265007079632965,-0.004092526281830626,0.0030372818268939276,0.010769618019021448,0.012209375948972834,-0.00038255343849900777,0.0008780785500809635,-0.9382724045038233,0.0230609577463868
32,-0.3706792896143259,0.07433864277316243,-0.08302979034897227,-0.2142206720184384,0.0661495311541902,-0.0024712636540837572,-0.036668801762922865,-0.0170680930550898,-0.20053977997262148,-0.17991366498297948,0.04000024214306009,0.135301764529962,-0.09525639418214812,0.017727853292272437,0.014126995145219312,-0.08255494139216561,-0.09785569869515733,0.11366207756686386,0.10159650594093973,0.04437958527487391,-0.023732402621222306,-0.07704601467006805,-0.17480309981907086,-0.24151129123732984,0.12051848897310352,0.0063980264370153105,-0.25262093763366544,0.045600328923525446,-0.03539116270682579,0.11177449180015427,0.0712616698694494,0.18514189631419758,-0.2057704898829961,0.11422953019582283,-0.0087941093656456,0.00708538989191329,-0.07385439988664297,-0.20784340797069173,0.14425823398790616,-0.12252569658611137,-0.1478308319792026,0.08858879656190749,-0.030012281229581193,0.13828910970889366,0.05310421718592266,0.07998760017891565,-0.08895835899736863,0.3262320281512648,0.065019044536076,0.00033920731398284933,-9.99939689552751e-06,0.005687531360763448,-0.0018324427644058614,0.001442501989472098,-0.010277923560974636,-0.9382724045038233,0.02306095774638673
33,-0.30808891771601987,0.15984811151814635,0.34629354502689536,-0.26803263597799054,-0.164623913619926,0.31836694318131203,0.15152959295862914,0.0696987273133027,-0.0423748850856517,-0.07647295891477167,0.2124803664720594,-0.148365377933309,-0.053623839324358484,-0.019048034586810016,-0.16402508632410814,0.4979141134516158,-0.058701350969541995,-0.1757004306845953,-0.14335677633178284,-0.08043510616573246,-0.15092696162217478,0.3431723883238677,0.23026799759604344,0.13674375324992838,-0.03709992183671207,-0.03431400799360106,-0.2560310892280135,-0.20068442269027126,-0.17982488899635599,0.03475402245720739,0.03817236728166182,-0.09546890051004456,-0.07320089213099412,0.18757423901657305,-0.178890388951138,-0.212879331256064,-0.3588701522780923,0.10976762981818143,0.0031047064709318934,-0.17938101041001472,-0.09985679568117103,0.11186481292002352,-0.2658480402636028,0.1767487121640181,-0.2602721587671658,-0.18533247217871524,-0.07230912499797094,-0.10771803415466716,-0.015257831937813698,-0.004790179687324548,0.003120313301573153,-0.0024243962582635036,0.004014967071779779,-0.0016690692257113498,-0.002484575464695383,-0.9382724045038234,0.0230609577463866
34,0.17262411539467357,0.02210104027592752,-0.19365716248279985,-0.39922710753056856,0.18093470055563832,-0.11377477193833849,0.032769410672945,-0.37054371184567503,0.06188755875114788,0.07217502038037465,0.0011963750334776158,-0.020830676723642975,-0.19213428572131663,-0.1002797348204918,-0.14844074762559337,0.11555308851807913,0.0075885232807444206,0.12408383162833755,-0.013752508085990912,-0.32256868833011926,0.10222037282137501,0.10699550555508594,0.1346195169368464,-0.07572489449737718,-0.13585066513485985,-0.22211057320162295,0.04400266352202287,-0.21375406875196018,0.14044362904195537,0.024876160258392243,0.014811040956694334,-0.14816720417300924,-0.0505750049037706,-0.14252132928267175,0.02044328746178644,-0.17174652173485833,0.06378741168711988,0.129796447024472,0.09023284175171684,-0.13985656445250144,0.033982167730232285,0.030142485124273793,0.07046501088490943,-0.13039623477529033,-0.16089959685554645,0.15634318792402216,-0.015423768933735902,0.032394601045779674,0.032427771774229536,0.0011194649735789938,-0.0043671435957055695,-0.0015371729582038258,-0.0009260902376616627,-0.001061330252794206,-0.0031579901585355877,-0.9382724045038235,0.02306095774638661
35,0.10675397114865924,-0.1587672770901745,0.005575544642364077,0.14889487153779307,-0.00959277827286738,-0.29818815032075474,-0.3491281220025544,-0.1806226085731987,0.10967197004492313,-0.2241446854720814,-0.2766050978101029,-0.17364909456003672,-0.10977111753114728,-0.1990763664632919,0.009354869640016597,-0.05791407946053303,0.14577730199948385,-0.024016741924635026,-0.24714767658617467,-0.16498925425329905,-0.18016832101372157,0.030165234933439585,0.11528554654006704,0.028089453056587974,0.06368284785903813,0.013438918453142601,0.046722368042149326,-0.07206744405706729,0.11903111026827078,-0.07185257262503214,-0.11050082771001096,-0.1706900054377911,-0.12843949379266875,-0.22159654452992583,0.08625404359158989,0.08306707342821243,-0.11527941034528401,-0.024692666859262333,-0.024908546127306423,0.12501583430948549,-0.10745487071767049,0.0697801461331143,0.12142819538546075,-0.03261535898416963,-0.027642673483606977,0.12048543254622807,-0.18137340553888998,-0.02387878314404591,0.08965812347501072,0.003294882356938479,-0.008257143775090335,0.0008356376984153064,0.0019445162462219615,-0.0016530692799544974,0.00040736558689156597,-0.9382724045038234,0.023060957746386623
36,0.05315221907075289,-0.10738097877379392,-0.2716940304342977,0.09331767707741091,0.31369433284734055,-0.0011123478621707815,0.22680876230717045,0.21542507208587386,0.05759552750422794,-0.11520241530612015,0.05915595258107451,0.11263864886315089,0.07645385470878624,-0.1522551770544002,0.009046142071160144,-0.18520963811221117,0.016874179563550414,0.07738674301579765,-0.3642287214172349,0.04319804642869366,0.18501473360759635,-0.05577531278207331,-0.06816992790536441,0.20593220111109345,0.3149464580234384,-0.014967175653281702,-0.33554617649977264,-0.02196753058039047,-0.21389111177611128,-0.32958557239960407,0.37724011809595087,-0.06495323688554926,0.23023864103576913,-0.1854268334925647,-0.23741088022258872,-0.11710716896592537,0.03657788139659685,0.11225218387165098,0.08482137761381282,-0.11001943392150351,0.03912805363174653,-0.31015975955617003,0.2190754288361967,0.1560799868912292,-0.0011661366129140204,-0.01566497479479722,-0.0388394896130319,0.07322078180944885,-0.14078351492315683,-0.004721391655775948,0.008571126476321883,-0.006557934921043589,-0.0030145172339466142,0.0006052800114005765,0.0027529912386247846,-0.9382724045038233,0.02306095774638668
37,-0.4186525251035745,0.14436802119981232,0.03244096266792474,-0.28426376726958924,0.05573102205180613,-0.04831954993496156,-0.0989834117126462,-0.14644852420548665,-0.07387717167635267,-0.1453184449769954,0.10807649286839995,-0.19062619464961245,-0.03127618537446873,0.08124956870581976,-0.1655330629446452,0.16119416489682736,-0.005992593208887613,-0.2106736551106477,0.14271877766670674,-0.013589816697474836,-0.048272349073522826,0.018219704145870843,-0.01865386990510144,0.03468066516313146,-0.21841343598424878,0.011291677003505562,-0.31931099227400356,-0.07276785578562539,0.012630091191087092,-0.16706676401903847,0.17060994053528744,-0.20663563957282483,0.03261022663707108,-0.2111562927682828,0.08878398985480541,-0.025572954987197968,0.24564598253918668,-0.3147298632241607,-0.16896633525547164,-0.21362019546857366,0.11155832031404081,-0.021199532789790577,-0.04536550212037063,-0.07055133430849556,0.06081121482944825,-0.0787572095915401,-0.08849182060125417,0.018727728827926404,0.04620624608801482,-0.004185729841922598,0.006200599616470815,-0.004415103136497644,0.00016018963776142948,-0.0004218640657024386,-0.001966019966141209,-0.9382724045038232,0.023060957746386786
38,-0.35999474719862246,0.15115050240966701,0.35692749233495824,-0.2005611022841253,-0.14472228017480834,0.28031972917109166,0.12164005632078527,0.1102771215441286,-0.1570735498964773,0.23921687026805766,0.08071156030909456,0.42494522299186727,-0.2570152183149301,-0.274439471054383,0.26093155351259945,0.00031569863147225453,-0.3899001435044666,-0.01884052923620538,-0.37464021103287937,0.16238580240132608,-0.20459744092819987,-0.23571743661814948,-0.08534009959536026,-0.07980905482220362,0.04463540629520193,-0.021693170455448992,-0.21544965353217282,-0.07978328503404455,-0.018017604090636,-0.09328728866366214,-0.24469631061377106,0.13417953727315468,0.038610349344431666,-0.09755867690385907,-0.1223280225955946,0.10326751858968057,0.08316231740416509,-0.23133678996074872,-0.2586186710924905,-0.14445512585273765,-0.1581706002293417,0.23812671990633388,-0.05545519263745347,-0.15550151255701802,-0.05012105967797536,0.09950947261926456,0.16461935506066808,0.06706332603560487,0.08836873351112438,0.0032964291649415878,0.00011042051546226096,-0.0010612871877458737,-0.00586152309168865,0.0014966125967695622,-0.0021509505718817876,-0.9382724045038233,0.023060957746386942
39,-0.5115774791530211,-0.3713363958970642,-0.3388783046469359,0.15938206012522246,-0.25870362551500947,0.32383630230895544,0.027659622999101265,0.05298380531091606,-0.37532741755316995,0.10475572941301146,0.23270568814733453,-0.04483244795042826,-0.25170451165747787,0.36897094955454424,0.27278214036304094,-0.20300782099860548,-0.07184239269833816,0.01695628235072521,0.013656858041145394,0.0825055996266837,0.03942586150065052,-0.16914772576280712,0.11275293454938,0.31909133661396055,-0.03295038864073893,-0.004135765204184549,0.1475694834175813,-0.20966676375396084,0.6227759043996471,0.172267606757898,0.09142865036591341,-0.21309682815860861,-0.07525119081619645,-0.02077355223992245,0.17982015225964157,-0.09903428745512514,0.04573303991347182,0.040502181104865455,0.00575594837428287,0.213998872401045,-0.20891740570936518,0.12213486676890967,-0.09036734582010257,-0.04282798036158508,-0.24827214140220127,-0.12910872047405159,0.048247938326242884,0.0005115986817717148,0.02097476215804352,0.005646577962723417,-0.010589243456452681,0.003849136750810548,-0.002229306249608795,4.809715832698938e-06,-0.0030694391352933405,-0.9382724045038232,0.023060957746387098
40,-0.01931961968516812,-0.4495271385284218,-0.5050276379372884,0.09957714921787858,-0.2683486118230871,0.5169765954639777,-0.10900221764010604,0.05100618890571779,-0.2593972377238199,-0.09417926467426078,0.1577127393884373,0.0420738553433977,0.1835079669721974,0.134858167926964,0.2169955020769985,0.004662383318140836,0.009057320359726347,-0.03566355325705477,-0.3443488195224534,-0.027911413153376884,0.16704682447873168,0.09313036016680762,0.1140723976075749,0.04053051810636083,0.06968999851271364,0.1744462273656796,0.06647416222187712,0.15076451588000336,-0.2096381069030859,-0.01833737747273054,0.06659372645330507,-0.0035377957199376918,-0.13970817808258754,-0.19584362382883055,-0.15837783263086244,0.21819619422656425,-0.0890222917378252,-0.04929082401634722,0.0024142743011158784,0.3459285286430345,0.1387749607109702,0.07540269499857193,0.20515427004136783,-0.10682749481182069,0.0784050372050094,-0.2004213149870191,-0.08784743037160375,-0.07226151569928475,0.05339963409090156,0.0017111720361064633,-0.00481722710509399,-0.0004355629944065769,0.002051493783236104,-0.001293818318749654,0.003013361554317666,-0.9382724045038232,0.02306095774638692
41,0.07094048793289043,-0.16254742169036232,0.202808671681668,-0.10199883999925043,-0.010524538200661421,0.25629631681572146,0.16526489004299844,-0.2180994239852359,0.2634478950433518,-0.15682641365163277,-0.1436147243739437,0.05813667661760159,0.21583612252008819,-0.22419115454367844,0.10444273297288643,0.18679539134738601,0.005399687796695718,0.042350027527030855,-0.2460533769326005,-0.11566257460233792,-0.15295961240710546,0.006134751992113211,-0.2662863007997105,-0.22337250489734722,0.029783810602983452,-0.04240187079932791,0.1325551278154585,-0.18172070303235,0.09394303712329545,0.016790069852613446,0.09740818784632937,-0.028556652094287982,-0.07682094105529783,-0.4072078581811923,0.16887844890476514,-0.04375385741988379,-0.02693074263591843,-0.09428961301915897,0.11357394995083675,-0.26115718920343156,-0.010411442527756947,-0.19039796275287846,0.08468008548747892,0.09502093050972209,0.02921755626315582,0.0078989520512381,0.026345807271727455,0.09462496398041684,-0.017140500085732018,-0.0023492992979946155,0.009544699208624531,-0.005059075775301016,-0.006156549018911163,0.0021006062840872725,0.0004946962799059354,-0.9382724045038235,0.02306095774638656
42,0.03031707823332181,0.12721416332765986,0.9241630316370194,0.38124537365553135,0.5933057930055202,-0.023761922166073698,-0.3867841775977052,-0.35410917452241397,-0.3910883702369752,0.3207687888690468,0.14403322781922093,0.008897342907273072,0.10299174008564957,-0.2931219863557585,0.01237351241476911,0.14583938650275205,0.12587994477826514,-0.08623938417194879,0.14513929583591456,-0.040441351942996015,-0.16504426401998173,0.03659846372756626,-0.25019806930142646,0.16093532693045787,-0.12874601094569044,-0.06269865705381815,0.35662084243736164,0.08402014870657476,-0.10254403924617518,-0.08418953566204798,0.0768740358362336,-0.3821602317929266,-0.19842297352176144,-0.04345307999314144,0.053292262047805086,-0.024927215566542614,-0.2009532367467151,-0.21501610445601682,0.019667705309785104,-0.04001346332534641,0.33157827018772296,0.009068955249436541,0.10928818238505028,0.09267303914089613,0.009424620754669148,-0.19090444900804202,-0.2544688481996975,0.11156481952910116,-0.07281681802869697,-0.009748291568408849,0.010581519003227863,-0.004315921285682468,0.006733653742437337,-0.0016957492673466503,0.0012743101207452132,-0.9382724045038234,0.02306095774638681
43,-0.48338781712735124,0.24473732963388775,-0.1595965652731753,0.11349421134999076,0.18933499575200347,-0.15636412636291985,0.21041749610752386,0.23479220677893706,-0.2121045614514148,0.027994925431151504,0.1910120106486802,0.06365525712338325,-0.2623280924144521,-0.4358994001627667,-0.10103296618185466,0.1484253642264358,-0.003990331565562097,0.21918719583962024,0.05655939475296594,0.021896075124291803,0.09830539211085222,-0.036340791529710384,-0.1531694311900917,-0.10940447992066846,0.2126508866345514,0.1350945187583862,-0.15418670966100687,0.09714545428970361,0.04337545825325137,-0.017927150209218735,-0.06910783615394063,0.1007060354511314,-0.13195142553411665,0.02391745749631302,0.10871906358370469,-0.1915358095366152,0.024411408048061023,0.13946193438895269,0.003145630973335961,-0.01326627154531041,-0.014746759797601634,0.1623922449404378,-0.05639036914793599,-0.039987346734191014,-0.029130678376511742,0.032257881310830114,0.2217578924804335,-0.016339861715411977,0.13449785399766973,0.0032347540641071825,-0.008013950071350166,0.0001722307827265726,-0.0007529442663852705,-0.0014928780645078025,-0.008031401232268198,-0.9382724045038233,0.023060957746386956
44,-0.05059055624990264,-0.18260823218329833,-0.5410275255847266,0.6144741385309803,-0.04519007481297811,-0.21166836914504839,0.27621377241242884,-0.018706147428617464,-0.19511775005892404,-0.01509641027932233,0.03225996238045815,-0.30130596242733,-0.041140638501356186,-0.05946301821687687,0.1625022101102185,0.056170148333715565,-0.013344260768563355,-0.11084781967336058,0.18059344679147332,0.051643544613316224,0.09310600016488643,0.30324856858824056,-0.24962630204750866,0.15281139127089832,0.22535925807340282,0.033941646216607446,-0.007931257884002521,0.08570791457896677,-0.07193250833239695,0.053922665837952646,0.04667442826162957,0.057512687673918886,-0.08354221802547865,-0.15924955784943584,-0.10257712537726649,-0.0746838413887572,-0.1106442178731448,-0.2004889678878333,-0.06309590318542731,0.12646783942428275,-0.07882177290523894,0.2271062852869125,-0.04197862182792584,0.030495834018690302,0.11874800655130589,-0.09011170108967517,-0.08660506554960018,-0.021211058536573676,0.014557530825153394,-0.0035332802382393503,0.0013201814624025528,0.00019893091226797792,0.00406684035710283,-0.0012659737913727905,-0.0030576354728883396,-0.9382724045038233,0.023060957746386942
45,0.11087699483151224,-0.1809897250256389,-0.6172621222376908,0.2228158908498602,0.015450794346826183,0.07670503368449524,0.5214393790715863,-0.06883984396463273,-0.028698716127235627,0.20608099601297872,0.4697137938509994,-0.16402949983764198,0.5546222050682597,0.0005108233701157676,0.014430420363768126,0.5341825254759767,-0.2898863414986868,0.054795103749664245,-0.032048266423361976,-0.1217924051406678,-0.36715877254208173,0.09139757324711767,-0.22741771364573385,0.17317624273750615,-0.02310836491181821,-0.028689195958875726,0.02139779266319888,-0.09108466213175415,-0.028428386640433064,0.24313534202143294,-0.13278093856147594,-0.11701220037559219,0.10272742222949066,0.1333039602997892,-0.270251341233338,-0.12041264568770087,-0.14438954451488786,0.17065283756363564,0.2951082011686351,-0.17773960767295674,-0.06005477300335886,-0.21231690688299873,-0.097978439344325,0.05233683884014721,-0.11471690078823943,0.11487924170107076,-0.02779961717930296,-0.11287927746874339,-0.03664419855884337,0.00081421635780039,0.007269791732625541,0.0015542607302950968,-0.006617030088858516,0.0038899354480106817,0.0025227415190915113,-0.9382724045038237,0.023060957746386425
46,-0.4246427698410364,-0.3265966465389953,0.0818580451678233,0.04636010201526589,-0.3469312357106437,0.4163262123461747,0.22985097959963643,-0.40882966316587493,-0.17812674424878405,0.46211957440892865,-0.2712142777634084,-0.025809264115681917,0.23373798768496273,0.1274334354654507,-0.2044110866522637,0.17044825853496054,-0.09376779822437638,0.16734390006708802,-0.08375729670434484,0.09935884512065171,0.10638423154570373,0.3515205107524449,-0.08460671426674622,-0.036568560525337364,-0.09859861561145324,-0.3528832385295337,0.10137927687669848,-0.22773349776861002,-0.0015641204146146618,-0.197447361147459,-0.13308215477218419,0.20774265701000447,0.3142190339139568,-0.049700083891617175,-0.10569877671951076,-0.17594566473905257,0.11988890274145453,0.041083420991048204,-0.20889228858219855,0.2175413044827636,0.024875598715106122,-0.1094859104466604,0.12570539486936189,-0.04682020377201867,-0.028400892093764975,0.1355900994963683,0.08242011133697376,-0.04863986134069094,0.1280165089553266,0.0010259731363862572,-0.00022669781467574338,0.008244438831233119,0.009295589969101051,-0.0002625072138773715,0.003589922045892089,-0.9382724045038234,0.023060957746386914
47,-0.058617404053685186,-0.2280198545479848,0.06372109501362483,0.1236324113512625,-0.08038073062921453,-0.2941986294762816,-0.20875264998278398,-0.2652565865275427,0.24339462070489315,0.21403953624880973,-0.19248490692967254,-0.012517284035339584,-0.2430355870184973,0.2301331548910842,-0.10936276050634564,0.243589488174038,-0.09724072461586168,0.057106887133867724,0.03134700938779453,0.014601834731399482,-0.04415298598804345,0.005204108377351292,0.00918272685649102,-0.30324228955331645,0.006696810541809598,-0.12702796520137027,-0.29061249443762405,-0.10738051058812863,-0.00019605470024397959,-0.08809562664589485,0.037398582873051436,-0.05151750846201541,0.3794827229926561,-0.09229542431637315,0.08160248976738668,0.0412402566240413,0.08880301081430797,-0.16923948369611813,-0.04901956644479,-0.22046815600877662,-0.06260135143439488,-0.041031638872600515,0.1667468777136781,-0.18410148422110129,-0.15209947027273113,-0.10047014735566642,-0.045342941600295755,0.029819070627669177,0.05676619989432356,-0.0023588626475243724,0.005244438101645046,-0.002097915174416453,-1.12172526958433e-06,0.00015277332963582963,-0.0010948504999720898,-0.9382724045038233,0.023060957746386543
48,-0.23713057653061637,0.05130429470658545,-0.2079176873086975,-0.4297629956533645,0.2187846871371711,-0.16804386075143318,0.1381365301461579,-0.22115149811168247,0.06589231148127465,-0.15252669551524542,0.15744503801035017,0.27254903497130795,-0.03920107316477195,0.2026248582620778,0.0767891677513761,-0.2957277998379324,0.2232206401178943,-0.1642799551910985,0.2143165985338067,0.07175000587707285,0.12611719643852015,0.2384285703492313,0.2091006060960766,0.01124702915045838,-0.21378280535063754,-0.08449199046217105,-0.14849985246314137,0.0576405504691684,-0.46986907553634877,0.002555263809167924,-0.32657611461039293,-0.03918622301827005,0.014895933646062353,0.15002950179519642,0.17819923352343006,0.10695954144768936,-0.08159171397438633,-0.02201237333744107,0.02926368422536968,-0.23763749599669245,-0.05080323061127288,0.06351235007152356,-0.14234001386687414,-0.1847932436220357,0.09159662721213756,0.07341227372260478,0.07766196531736377,0.09065731063526879,-0.035163736430788586,-0.00042959831141979403,0.0005940211365485576,-0.0010083463620690265,-0.0030317994332567625,0.0004769001587176208,-0.004166860591303308,-0.9382724045038234,0.023060957746386963
49,-0.16645396282300992,0.01424949025680708,0.05948748525874434,0.0480176094736142,-0.20054455699986723,-0.2554488789069182,-0.4840757835610628,0.047478277002288134,0.047226895079854676,-0.0801207562190005,-0.06852886622579973,-0.0050370549499086,0.21558536738182163,-0.09347816840412872,-0.20372994850268042,0.1280333113199696,0.05292238010014259,0.10940208239236886,-0.1557669929846964,-0.09549815562523865,-0.06485232432981876,0.0487599374373936,0.14183313296562822,0.048093723527304455,-0.10395761835034271,0.2675217687260996,0.0935857562976489,0.3559324235227276,-0.08115559708000311,-0.04065475971817829,0.2516798513654572,-0.2703284421144058,0.05537498558727115,0.026700522659140337,-0.0056942596244735875,-0.009823020231301919,-0.14221157690941602,-0.16637691666576743,-0.07799112958641873,0.0956241433004706,0.0947714488931411,-0.0583095361014192,-0.22239488770996355,0.1333002313779161,0.24058542794160764,0.02611173635351058,-0.0525004102672403,-0.028268246388777306,0.0342007552298156,-0.00023300510424244245,-0.0020304601289809427,6.827446705712337e-05,0.003215365696069811,-0.0013184317796626505,0.0002495059884853097,-0.9382724045038233,0.023060957746386654
50,-0.5075229641733354,-0.0422763899602915,-0.3996207232470066,0.4347750196591308,0.05072715055700149,0.07924048346424674,0.38063606347831547,0.19201888687260357,-0.4438848146033689,0.37017276816452693,0.28913347311061643,-0.15051184271696114,-0.07709754815720748,-0.29402311533327286,0.023887895327401015,-0.3511879893979564,0.08034237280416101,0.17711151146338217,-0.04958403919413396,-0.2462412606431375,-0.10472487566022591,-0.10067020029164808,-0.04701531545548648,-0.2789673617680753,0.3370332399666547,0.06699536529689205,-0.04484769262379039,-0.035424937529246185,-0.023522361605489244,-0.06315613695013904,-0.08691761268698871,0.06322262645189171,-0.08417689337035683,-0.21997915073596286,0.11221235996436231,-0.26737843233268893,-0.057617042961229,0.23506196646261726,-0.102095992154002,-0.17559015900896408,0.26052983432825955,-0.06809568790263233,0.058162475343950845,0.11439736403905483,-0.03637349767283543,0.05597033408485523,0.06060963704631104,0.0033516923163147356,0.0907757791963537,0.00048720059826585843,0.0004280197832675071,-0.002355138564048718,-0.0034225153989893326,0.0003461688193765072,-0.0031112122756817304,-0.9382724045038234,0.023060957746386942
51,0.06713908182817195,-0.17466323740284026,0.03232527549305431,0.14553357285024918,-0.14347930425096844,-0.18826298672946265,-0.26206906332986224,0.20311533452718272,-0.06463888624623476,-0.2854260359793941,-0.04484974568562861,-0.19977963901050202,0.05346609015319909,0.24280160818171476,0.049399855181223876,0.30614860394899884,-0.16563265354820408,0.03954628032250465,0.25790626237075365,-0.36800445426217954,0.13965812031959407,0.07025413906280656,-0.3933370311018392,0.0004100769885286898,0.2542386445487222,0.10132043754510184,0.34060056916474085,0.0764996602461049,-0.13879919882382058,0.3034188756143387,0.17396394803432338,0.13389287036272512,0.21566335219548352,0.0991634237728488,0.22787398915852256,0.03743432981747296,0.1272724064116864,-0.17884934196124097,-0.030195738698138117,-0.08083078494119375,-0.09637441836273473,-0.25795201055006706,-0.09307438968223208,-0.11940384153395722,-0.06686665448545705,0.23806195210400313,0.09896624034235528,-0.005980362149083479,-0.012778780753881105,0.0004956125357066712,-0.00246944783918602,0.007092591882072095,0.005622578885038645,-0.0003741434479623441,-0.0007981594129676243,-0.9382724045038231,0.023060957746386355
52,-0.2207687898175325,-0.18725988696935825,0.1822870530656193,0.0239643694903426,-0.23340344941913613,-0.3543213317147672,-0.2638011554546,0.09732506025471045,0.19074657220327784,-0.045950933171344584,0.018220184638853738,0.05496287845176361,0.35066244217704545,0.18689209760591888,0.0633517822849832,-0.2227171877914713,0.4260861356767623,0.0490784392980326,-0.009626276776953106,-0.17950324834286044,0.09914254435164967,-0.0403934252090829,-0.09586040215352623,-0.00939866892334987,0.14511237132851715,-0.053524241212477196,-0.11645541411639247,0.0048245761997872515,-0.2749195587973001,0.25017984416630024,-0.11731025203645964,-0.03934172692736937,0.14803252273719836,-0.27640392505931305,-0.0027889989279469033,-0.24537969590963704,0.14931512458124147,0.21001496309572745,-0.009256455051168325,-0.058794526239326704,0.21050048727621304,-0.0474492862062124,-0.024902210040926114,0.0658352002227206,-0.08600457701759102,0.051707436147695976,-0.04512050413672058,-0.01668105637641277,0.08823806835066311,0.0009826479007905542,-3.438724192285113e-05,0.0014780693189011395,0.0011294703632691195,7.547094649411563e-05,0.0006482690650919488,-0.9382724045038233,0.02306095774638673
53,0.12092100477085577,0.12368738532965395,-0.13773678801277514,0.049005591498520976,0.17439297119563613,-0.8698606587186379,0.11325446210615575,0.2871638420418684,-0.10709192286840899,0.5262650386591463,0.15876844072723573,0.5361730213596843,0.3111455898120422,0.5036639869384725,0.5218839644355192,0.003056089017325946,0.5849934626259371,0.019664062648507025,-0.27306255099701227,0.4324541499543212,0.03283186331719177,-0.030410300821649274,0.0665810663585605,0.18891861853356165,0.25712863136849684,-0.16885046848089186,-0.03167853461976157,-0.17997804858577557,0.11113875714934626,0.011308743082974042,0.2341051029975439,-0.164537566795387,0.16635002746364935,-0.22577238540600864,-0.29796698056652526,0.046953947604380236,-0.02856284236335791,0.015562250700747756,-0.1711046589538949,-0.128060616846118,-0.020334384088436963,-0.23632689129138415,-0.16082237274812328,0.1690013520960025,0.10692689766725817,0.1632016818869903,0.22163501495132046,-0.08247013540898596,0.13686442999970358,0.003446102883498838,0.003224316014083396,-0.005545414037604249,-0.006964563366137475,0.001370053634328253,0.0024913759734088103,-0.9382724045038234,0.02306095774638677
54,-0.3224518272967289,-0.14365891442539483,-0.23588777600336527,0.39955727451966055,-0.4070158483528564,-0.08475890000236727,-0.13014682219051066,0.010202090794348986,-0.3976150961532887,0.17282556596318768,0.06783180312360045,-0.3061316851712504,-0.04575070725884647,0.11412799686530363,-0.03931562858013253,-0.19305463252498248,-0.08439934363895461,-0.03230524075699826,0.3293543724090471,-0.11974233889646013,-0.05404405616888769,0.03595699227155027,-0.2042335062708462,0.17191518583232793,0.03149289330738077,-0.053965789923042067,0.17944722665922574,0.18998874043665653,-0.07090756715363652,-0.0018523293455823455,-0.04920885514323867,0.03075604314770999,0.04722865586641182,0.03485704563467139,-0.050376772184453036,0.08651190930472451,-0.25347989449665015,-0.12692240734991997,0.20021676208730022,0.26730072025388596,-0.06759823767447348,-0.05886904244236528,0.040858739547255545,-0.0383033272591268,-0.019389213136234023,-0.026357362455799532,-0.00046367768517475164,0.22309477405773562,0.08141896953101306,0.0037468941369526066,-0.005787918957730222,0.011795077657060279,0.003991678982595142,0.0008753848195424364,-0.004204096067960818,-0.9382724045038233,0.023060957746386713
55,0.23701021461794652,-0.09221719491834363,0.14399012046815662,-0.10962083967315295,-0.06564214791655028,-0.5328564942585984,-0.11630075915470393,-0.14883466473788018,0.09905464147187723,0.6006888182206337,-0.3374682032781289,-0.15764289871309117,0.38548827542954134,0.160074549213698,0.1181484187584004,-0.14955975718726935,-0.16650292241268805,0.09727421486604233,-0.006973999168424146,-0.4905080922254958,0.5626284807886581,-0.33774452981052955,0.4494987725932345,0.1711738131446871,0.395004055632802,-0.04661087290533548,-0.3165463918706392,-0.4401441733894623,0.05886336037780295,-0.2653087466274457,-0.40711429931434,-0.06026848329056344,0.28692916684133185,0.06689708667418778,-0.1673860853782553,0.14547765095332707,0.13378784631663057,-0.1402353282348147,0.07950170442835196,-0.013568575212521491,0.015713108313115433,-0.1911360334522334,0.2193133575295508,-0.07310568151745776,-0.11345511307537005,-0.2363219623809409,0.0406312208010184,-0.09161023673612557,-0.13135271908273127,-0.0022621453943480587,0.00398284603932332,-0.0037113452701248786,-0.001602539631525239,0.0003401379746355369,0.005144743928960211,-0.9382724045038237,0.02306095774638685
56,0.1598669358206538,-0.04516688454319981,0.21329130591528117,-0.30475237222782875,-0.17662437999167,0.1839749467936404,0.27682912523484726,-0.2759420470968491,0.29548304706211753,0.26017729792278704,-0.014925394411773613,0.057533835751344665,0.1368156498512285,0.01284381253035685,0.22966440794657572,-0.1794941324307032,0.12521749058666684,0.042323625609290365,-0.15007226481622934,-0.15409001982719536,0.0807649006283576,-0.2713408790078416,-0.08787002446935087,-0.1173216742651746,0.2927862147290709,0.03911509521537351,0.04059536042393788,-0.05396719555894179,0.013579808618874265,-0.27149367322858703,0.05107610039209906,0.22187835982441068,0.5211104112762871,0.15086454855855871,-0.12480085698372785,-0.06711169219154342,-0.04832895878479052,0.3323363556375806,-0.2621374151419568,-0.018021855304331744,-0.013933570415688308,0.008814091957786478,-0.01466037909408933,0.006025459359358738,0.0001320174388702022,-0.03363492942754713,-0.10488354696832869,-0.04460495519660453,-0.0055062772798413415,0.004044601651165826,-0.00425808098887673,0.003993958918337664,-0.0018099220426157972,0.0012036395458007837,0.001900885167591985,-0.9382724045038235,0.02306095774638673
57,-0.4593260696056103,-0.18681098631715373,0.03076900426066681,-0.17246279568484288,0.0008020490400103982,-0.008221412805142101,-0.06498032962685922,-0.18496394178681325,0.01319468110056046,-0.05584402662520429,-0.000639054060412786,0.042439984502884325,-0.17766722654210498,0.25102293101497286,0.0030152491519049346,-0.02437299889006488,-0.09521852201650759,0.1720448698390269,0.14820793107933755,-0.09269479538467348,0.07795935032334855,-0.028696004657514776,-0.024169989206233075,-0.34327719176905624,0.11196862539057575,-0.027688716257726224,-0.3367602873248578,-0.08221261992167846,-0.10902610367565843,-0.03650876678056304,0.05838015877978325,0.199141671316738,0.20978127049635087,0.18637133014804966,-0.10851268063756843,0.13821034471671817,-0.19959060695402053,-0.09628742094492009,-0.270190106579224,0.14128912748107195,-0.04834559897419683,-0.0857102184865935,0.08644882483215922,-0.07906528638729571,0.03681037806710553,-0.029412744361714337,0.1632862340689751,0.056912377561637764,0.14072185496293044,0.005538689702426767,-0.00987634650442054,0.005189994442973272,0.001369876671147556,-0.0008503406923615665,-0.004556629750833015,-0.9382724045038233,0.0230609577463867
58,-0.5383920667871643,0.08939859077231511,-0.11347958879784464,-0.19289714992455298,-0.040521877569515384,0.022221313139220687,-0.18860736188631527,0.12679195407259514,-0.16302101929441917,0.039195048924144604,0.2586188523115788,0.5145635906827498,-0.08523410684191858,0.08194198005158704,0.03367552909086082,0.0035386084862129388,0.336430307788945,0.06440627643673784,-0.168531649117523,0.07812225598903338,0.09930318646060185,0.048406986001511346,0.20096182123518277,-0.006962490449751476,-0.04062611054144645,0.21683480888581286,0.014157172695616253,-0.1481618367465498,0.29953258614450956,-0.00048373073615011296,0.4779545993312677,-0.2313246499155355,-0.13025836478283517,0.30640559463560657,0.05378793286431899,-0.1381394367981905,-0.08795916510255238,-0.29373324933285494,0.059318714853589104,-0.04978856372358984,-0.11456157277424844,0.038125386480654,0.02836671210359388,0.1219678071696725,0.1440233324623323,-0.03799822631477285,-0.133172393454648,0.006860081621580493,-0.008962938941869673,-0.0052347775014109105,0.006529206506441689,0.0008288967651000893,0.0038746677949293945,-0.00023777597534894068,-0.0033155641845958326,-0.9382724045038234,0.0230609577463869
59,-0.10536651834689745,-0.23325413840403372,-0.5240380171505279,0.4013149116169651,0.08127909045655834,0.1899951698873894,0.3784002030934943,-0.04870960771117984,-0.06174252266918098,0.12028854883600161,0.17055724793019836,-0.20842769367241418,0.3985148759478244,0.03929060797823923,-0.2521791100872267,0.6697189816745609,0.22839061810316283,-0.09363721584407982,-0.09178217896405483,-0.05956023889806348,-0.5578396158403048,0.07573936946702443,0.007772879191324691,-0.04527368516991435,0.11436777616881659,0.08068459575576399,-0.3234143924338647,-0.13272762640752678,-0.02928399600025527,0.08275431397989326,-0.2574763735421204,-0.2662642172276951,-0.14569250258526875,0.04150085184854486,-0.09321756363601487,-0.32166197556358567,0.027583973430983587,-0.0206587684184414,-0.047197168360590847,-0.010879483087298919,-0.09525741132815513,0.0682569121264192,-0.07843299360862928,0.031474105372335755,-0.13744335400504698,0.04282334351642954,-0.09221383935598176,0.020258268792005513,-0.06977114126281699,0.001398139610634506,0.002280585576745873,-0.002026781127596953,-0.009282692868479357,0.0027798642581782517,-0.0007379835197526565,-0.9382724045038235,0.023060957746386664
60,-0.15547395808443965,-0.14683110283709927,0.017352067604789623,0.030974714255231135,-0.2638520218480285,-0.15044449158895426,-0.309382408451646,-0.03745322479251671,-0.004835210501636579,-0.16309280540967472,-0.09735286463641193,-0.19849022999326849,-0.043469801094025234,-0.10823662924352166,-0.049801466479361414,-0.002244254454216358,0.021787053542223336,0.3032260434138311,0.0442864477083563,0.27189239460474807,0.18067273822005792,0.35444201080217524,-0.13266734910076147,-0.053528992904286025,0.05331523877081076,-0.11120306635421254,0.056039180295710055,0.053770154910410387,0.02542372679151421,0.09871785087732857,-0.20871997185902286,0.19706603448513,-0.043386708421156696,0.1522635983038095,0.04291432290012307,-0.3819812770754225,0.11019280217625105,-0.06643773206846404,-0.030767528180974665,0.03363310860415101,0.018226474581527152,-0.14695310788080732,0.06478218313650781,0.3558960111818535,0.04715244631272365,0.002569029500843067,0.09745208048910171,-0.12274062070259768,0.15091180413395752,-0.006366004721214584,0.010730999213492727,0.004352060612316354,0.010341295422320231,-0.0004118259407529361,-0.0020103816112762335,-0.9382724045038233,0.02306095774638692
61,-0.3690974433165153,0.1508867804270515,0.06617751028577218,-0.12077544923421017,-0.16499673557496905,0.030248266420633652,-0.12565253663253664,0.4396750502487404,-0.33447545630030556,0.1441483539166034,0.3192395174695573,0.25324988397141135,-0.028224051732755228,-0.010845668111813755,0.024448221419547486,-0.30558071257729974,0.2610829343325764,0.31246881223036166,-0.4100360084252448,-0.10144287289874347,0.07933614839981765,-0.22763325428518102,0.03541573883332931,-0.04482408171960909,0.14071079061246783,0.07100150678803722,-0.10547828887148003,0.43719961503228205,-0.3361352700648455,0.06916335383670069,-0.12384773770810964,-0.13819035259231655,0.256986892030975,-0.17197999404311298,0.046584740855198314,-0.2513256902642065,-0.09775410112371136,0.11309917280483484,0.17970942174931537,-0.30667542338291215,0.13208096933917043,-0.14878157076964055,-0.11485314493176739,-0.2029323337352673,-0.1377256560785373,-0.08332350071996149,0.18568019274437764,-0.07928638846292473,-0.046836903500478456,-0.001975835655091393,0.005941247305293859,-0.0035886208129562434,-0.0034409635559439,0.00092895775905554,-0.0007201074073813265,-0.9382724045038234,0.023060957746386803
62,0.1738078816297972,-0.022957046261678556,-0.22946798959270803,0.5253556196763389,-0.10218270300397835,0.6013457738878243,0.8981140410470302,0.14813883698438277,-0.6435464324170388,0.07266095171603765,-0.7041001177852475,-0.3175537563850679,-0.27977299695273744,-0.515806002500926,0.5250054434967749,0.06097059147773787,0.5671576557013861,0.08431406456026173,0.7320395921110063,-0.0704167210007072,-0.27910973875672146,-0.2153042194457781,0.1383236028120217,-0.06901029447335175,-0.3856337405642576,-0.22222650436786115,-0.22299658336111303,-0.014699490395870433,-0.15407972895921282,0.322028200808537,0.2695129164535951,-0.06791066993576599,0.09653018087658947,0.016950163802984308,-0.1374041375697343,0.1317825517673709,-0.03591061603996515,-0.04643704618901409,0.03364344057614451,0.17834401179876802,-0.033498235311602405,-0.26080335423338497,0.11133468431810588,0.21542718414193335,0.0764704860343056,0.024221595212289317,0.046697868148974614,-0.1814764307635662,-0.06632364337671492,-0.0008696685815600493,0.006115276887960804,-9.953039170213747e-05,-0.0034450064647170223,0.002311864906665972,0.002776353673924655,-0.9382724045038233,0.023060957746386654
63,0.05712523526999019,-0.20579137971077963,-0.6825226354287078,0.13410451436691165,0.21007663243703467,0.09928293784751956,0.5041655651507482,-0.08729902736447022,0.010976683733786392,0.30149965426893244,0.18683780513128764,0.037430683166234754,0.2440262523718313,0.1870439303212982,-0.0830101577363159,0.05864873836912019,0.0825439930094676,-0.08722511310143184,0.207796769394235,-0.15403431751926128,-0.20603700161814195,0.05171396597142345,-0.09601674559691811,-0.3261753970038853,-0.11075107492793218,0.13870359155607195,0.013482276360548133,0.04380440902434485,-0.06494061507588027,0.1524359124725628,-0.18290930797081437,-0.0227169070808428,0.019961626822288296,-0.07597526463459753,-0.12941802126374066,-0.19436620261572127,0.24936126110184262,-0.2689572124748023,-0.03230584378132731,0.18750570913692338,-0.04582668235812085,0.06524879742720843,0.20282331394704392,0.06886084089627614,-0.05751733437891776,0.027008218098054662,0.011605386491857689,-0.05974227191910999,-0.045017961873998764,-0.0001598628298785884,0.007372355884822794,0.003329866880078441,-0.005207705402660944,0.003933379707214471,0.0012236813523039528,-0.9382724045038234,0.023060957746386865
64,-0.6976524951480716,-0.23389410399869764,-0.2255281126318846,0.1658091995960821,-0.21192356259406275,0.21118796415328342,-0.041409029340587614,-0.12027913832957086,-0.2754957637718824,0.1483938738189364,0.2734400326115075,-0.11057385605086587,0.17104755363733504,0.3123251940617044,-0.13642961730317524,-0.2038639931884606,0.05073395488846692,-0.19240621763561122,0.006386040569230129,-0.08315311123141027,-0.16033021575665637,-0.08404800730334255,0.12750288180066147,0.4119636623510549,-0.3344021514024653,0.06968085041873102,0.1363164812700567,-0.08664889975436342,0.4402206581291376,-0.02724489953779738,0.33478360825740316,-0.4172406076508411,0.09732391320046921,0.08784863559116197,0.10332440512357834,0.1315069670699167,-0.006702080118660225,-0.12057811985145994,-0.2241848372939946,-0.09436438028874368,-0.1298249647335334,-0.18313103581754475,0.019947246852055865,0.0359926523576388,0.1495690061369714,-0.12730063566723923,0.19408222193283606,-0.1284389082773599,0.08961930306577615,0.00424981861825873,0.0005290675379314591,-0.00398407440248432,-0.007824036172641107,0.0018500737288993808,0.0028714635161954604,-0.9382724045038233,0.02306095774638684
65,-0.23823163249209392,-0.06935970288896767,-0.22073279551567893,0.12953930318818763,0.10509897928748195,0.06492828843623732,0.8515601678339187,-0.17107005004700987,-0.09454985490155367,0.41764169811854246,0.18543236737298147,-0.068236678193071,0.08840676453899281,0.3354611460787995,-0.14947268029100585,0.02931768271784513,-0.21232246033341554,0.026710848372386624,0.24522076008184743,-0.23684580480734158,-0.0585137733816438,0.027017621680520493,-0.09462700933541554,-0.06338376001507516,-0.17152136484741476,-0.14277016986468685,0.21780021401052096,0.21913370128246198,-0.2505285933434533,0.07431551194734394,0.08451458545931999,0.06297985822603688,-0.12669975908914405,0.0867832582492378,-0.06783782742947095,-0.02589779071643242,-0.025697753437905105,-0.20757467472559174,-0.00945656756711255,0.03728091143614289,0.1731341653889027,-0.14518479115278676,0.052601492135352576,0.07096477464389468,0.049466831490491345,-0.08563664181511646,0.11640284266342636,0.01797254494731201,0.15499197680336935,0.0010412187390316345,0.0004352830683185415,-0.003121383409218746,-0.00258552456749791,-0.0001081735056864605,-0.002766449569565037,-0.9382724045038234,0.02306095774638672
66,-0.27156837248655497,0.08137245066356405,-0.004927616883190801,-0.25377985329781394,0.11328085472459042,0.10061589957662122,-0.17865908439086017,0.12773449780955193,-0.2105670851620722,-0.07554374906906904,0.08164691406541714,-0.04180552184238084,-0.1278934601427418,0.15369725040600343,-0.2946431880086563,0.30335408111494966,-0.030801672983328268,-0.2238603326129903,0.21603724557225956,-0.33662390398962494,0.1856498233251757,0.2788948801524661,-0.15704778789714235,-0.0960639639650472,0.03918216514180104,0.004985563643671532,-0.036562023755441556,-0.26212241685773163,-0.21278826320682942,0.1527764556752921,0.2795650587544634,0.08301310127775312,0.3272340262083625,-0.031180355557879708,0.2633810216368395,0.04043664566175336,0.27481907835891795,-0.16695751541912637,-0.001173092652834133,-0.18416925353426922,-0.05368551354638753,-0.25165580962291795,-0.030127132177522352,0.12462545915088617,-0.07487226029198076,0.10093081283232674,-0.009326561915692902,-0.06712802374487917,0.03731632650693531,-0.004763770955185955,0.009147596982337662,0.0028821672233700774,0.004762142430934568,0.0006657999295633873,-0.0010014879536313684,-0.9382724045038231,0.023060957746386387
67,-0.2901726233842321,0.08239214527860361,0.2852923371403626,-0.05952050862059689,-0.021956600753391734,0.15579441329042157,0.33891188184416404,-0.22975534157655417,-0.23531457877435355,-0.11306567561752073,-0.4428299247250119,0.24291326778546046,-0.2723831851849141,-0.35272391610970527,0.6683079291997936,-0.10656064277904101,0.21716327256600754,0.19562307923128797,0.13911871162591571,-0.05575484311999695,-0.5053619311088934,0.24356658166824777,0.33246263059878195,-0.41861173421372894,-0.11505669332979857,-0.10168492745231346,0.061845949042402946,-0.35687915938195164,-0.3093754143269357,-0.22589931344865677,-0.05086346248177619,-0.10765629962591121,0.3365274168325433,0.40495507413111653,-0.1206195508657762,0.3317503349951418,0.17358222173853874,-0.23054861106649802,0.15769159048782744,-0.10815508806963597,0.08532374477405043,0.11157247295179952,-0.16922759305735405,-0.21441750518819108,0.1208528255611074,-0.01579170713855344,0.1311941410372869,0.38188450411703573,0.013232457399124499,-0.0006857238919997273,0.00330999926117714,0.002633914704632175,-1.8874424018597627e-05,0.0008918607700514839,-0.004562199827914828,-0.9382724045038237,0.023060957746386678
68,-0.11092691704933684,-0.484361060656278,-0.40784031334488546,0.3967480996820702,-0.3175180200462084,0.12976855337071724,-0.16743518372624583,-0.17533070797252218,-0.05392023992535462,0.030637329734125564,-0.17022084252891936,-0.006702594699363779,-0.18050147426560226,0.11302352248205222,0.03417753566702662,-0.18639215661450753,-0.13336069289965638,-0.06285390192197958,0.4868165375377242,0.00566455575549698,0.019788558810294364,0.00495982081526333,0.13200796726085554,0.16546163683788823,0.0734841293793129,-0.031689219459424996,0.18214293196189027,-0.07387067362455313,-0.1372893265554733,-0.22565098392013774,-0.2148902505934198,-0.02231880623472885,-0.03885226475443071,0.027086387079946858,0.2578228647253151,-0.06089042060642187,-0.0433871899604018,0.34121866565573095,0.12190346452357351,0.1164580635311979,-0.009119869414220117,0.11320443224005003,-0.29937928469727787,0.0700182975377509,0.09024387702483361,-0.01921948198929905,-0.07428601600882978,-0.0483355447120491,0.018302199420857323,0.0036704906393807296,-0.007237176940832459,0.0027353049058432503,-0.0009307614520988088,-1.6108071120065914e-05,-0.0010728001684363994,-0.9382724045038233,0.02306095774638701
69,-0.14994148534119972,-0.4842120520732402,-0.28770394611777583,0.271257736433271,-0.2862008129651231,0.04281811503636798,-0.07873647676024104,0.05676461701052953,-0.07609554642812635,0.014829596914907511,-0.05384842750861653,0.16307930904209314,0.43522581155376633,0.3896195679640309,0.2022634785807746,-0.17559201282186057,-0.06518612880347488,-0.15112017812508166,0.007324513297017462,-0.024599890930265975,0.007789660315431687,0.1263379577090788,-0.2899552860095852,-0.14041779937700208,-0.15974953741492032,-0.033461280763295055,-0.02454065627860512,0.046211275102648386,-0.24512311521079222,0.49599197276112283,-0.08123203571827431,0.16097375098352606,-0.08370551741866447,-0.38663781658392343,-0.10033071249902138,0.07126867571014121,-0.05319711670558597,-0.1276255726026255,0.06590151063231148,-0.09437001857714634,-0.015222036621902987,0.09779452505300856,-0.16643642596021177,-0.22287212694763542,-0.17491148985234117,-0.07653132156905246,-0.13428830352895627,-0.11645491519294969,-0.1126436238575919,-0.0017346536661199238,0.004809386800325897,0.0037604252010963375,0.00028192565864547413,0.0019430866552691177,0.004147278499266818,-0.9382724045038233,0.023060957746386824
70,0.23734888087476078,-0.2742593340122182,-0.19183948886337082,0.3244675966249766,0.3184339639526942,-0.17306724378292607,0.02343481149057761,0.31364489316189575,0.0674259137823515,-0.26956572953953556,-0.2328537680336546,0.5248004035495774,-0.10156962402177927,-0.0074844170201320845,0.023061863082302812,-0.01526109675642173,-0.36950468595184277,0.11143298451622871,0.1377298755782482,-0.09526068097361712,-0.27717311382514953,-0.22963239606615898,0.07902858358779245,0.011115126158672793,-0.24735449324416975,-0.23693211403901004,0.3488911611692674,-0.1719555189882061,-0.1685651327269924,-0.23170142733460333,-0.30440370650670073,-0.13895451241076365,0.020815230520449327,-0.059943073459446494,0.005744047809801074,-0.04243413274901765,-0.06143331909295041,0.017400286815132532,0.12476451739116644,-0.35998298550153096,0.20451452079701338,-0.07402879349584156,-0.08055709337958139,0.08642023268180551,-0.09812016236525484,-0.11618323414403973,-0.12696436550905482,-0.04820756826458398,0.08527215717028076,-0.0032464868546184023,0.011345220854572298,-0.006757095370095824,-0.0034900800660330974,0.0012593332663890105,0.003721268712730416,-0.9382724045038233,0.02306095774638646
71,0.016630643008462506,-0.255982134202114,-0.21380067990054855,0.317014717378547,0.3156729273092301,-0.22440960475715419,0.0006677864032224494,0.1492720084155644,0.24284876809774986,-0.28744494085459404,-0.32269403271263314,0.4655548747483158,-0.029260933787650295,-0.09460806011482088,-0.031856019629171305,-0.12152165115643708,-0.2195478535598258,-0.0589111656163209,0.18064665634699137,0.11574880072523851,-0.11028870338653467,-0.14578908856468634,0.14770535495482262,0.11713717999538117,-0.026279224669990258,0.014643456980080082,0.011950690972105214,-0.10681810190340671,-0.14001098441970897,-0.3150978414472345,-0.18147730638506232,0.032871207753836396,-0.06278361885913214,0.15539014461220163,-0.01279420241449629,0.07274195176478752,0.07554887489253032,0.2257532095859882,0.054009925481804576,-0.06761422454464612,-0.09128708506882255,0.21855435539338033,-0.18214583241499313,0.09491538164098914,0.07538666833689713,0.1801282067739319,-0.2475351496073731,-0.026097812887960203,0.056718055522680354,0.0033179909515763583,-0.005433572683290342,0.001251031140408865,-0.0009355265987728911,-0.00011115186097659398,0.0009346818696816723,-0.9382724045038233,0.0230609577463868
72,0.15961790812814305,0.009401910551671354,-0.21590208963318583,-0.15527528985956415,-0.07325561083180956,-0.3044616289436732,-0.17506821727357233,-0.18848353607712254,0.2311099963896316,-0.04829002081996659,0.0341276378308389,0.1506818844598905,-0.005095553950816135,-0.24157565948253062,0.18795785298844192,-0.05520261878548516,-0.022252308186844434,-0.1333008165681853,0.2002635417230342,0.0798530576038202,0.02979136400484316,0.30959734201700795,0.19575641337299401,0.17496965754928206,-0.08238226425842464,0.13869662459189763,0.14716148744577665,-0.03809388422684299,-0.22457824042756985,-0.09832893282234546,-0.3289150904648857,-0.12624135192709668,0.0889764046886856,0.13509260000737894,0.17341692265198785,-0.1764990377562466,0.03589463956639217,0.04859239810346032,0.026960086442973624,-0.05032153231030862,-0.07526220608236364,0.15483072223231142,-0.1160936458234212,0.1450446905415729,0.050310466119204686,0.13389374969516804,0.1129563191426202,0.2059043171276956,0.18036948722307278,0.0033730219090915025,-0.0013370031442353839,0.003232212560435094,-0.002236749807579198,0.001099386227170682,-0.006000337633223403,-0.9382724045038235,0.02306095774638681
73,0.24833890355183635,-0.3498489138228425,-0.0295462829389748,0.38333476666281424,-0.3331228323921061,0.5225397876158262,0.08984312012618134,0.05765566390984938,-0.09536030566322116,0.24943711299071022,-0.18048253006858597,0.12533393177950872,-0.11279517590090728,0.03326977200666228,-0.2036324239994078,-0.20369708901582367,0.06287723792667012,-0.1215110437803594,-0.028874431117791498,-0.3692966605686677,-0.3434986364398448,-0.08471600568074922,0.008337459370688645,-0.11816149406695746,-0.21389937349086802,-0.16410373853655655,0.42330557536847063,0.11867945627230223,-0.03859076639136244,0.026038115010791205,-0.2161194498448364,0.019960208092463207,-0.12306586503125337,0.009876211138308992,-0.24190687170610706,-0.20137731181547786,-0.21449515647607037,-0.23614775033604085,-0.1126338243971216,-0.12485816121709548,-0.004150717386474003,0.08432243495359315,-0.05848950656303224,0.09802908178442087,-0.005291470148643468,-0.2139946725860592,0.038851639367103716,0.0280905538610087,-0.05890856521596969,-0.002261638410710597,0.012458392980657165,-0.002829113817776603,-0.007657203404390781,0.0038959484449038397,0.0026397988364020753,-0.9382724045038235,0.023060957746386578
74,0.32154628323056145,0.08841250203277722,-0.29809432311225603,-0.3282656799995843,0.07080113593031688,-0.036985964562339234,-0.05259118867817036,-0.2098076266839466,-0.06256023034632469,0.014747386274053273,0.05259333059459491,0.25659441950820777,-0.2322741354949271,0.03202893485641244,-0.08856909643518121,-0.03761271485396497,0.06438685037421772,0.1561424391435858,-0.22915243500617802,-0.16572123832467373,-0.03813743448257276,-0.27832013879663353,0.11763868712423167,0.21346637206785563,-0.022200485755467392,-0.03678052424103473,0.08907261850839189,0.28065072966688437,-0.11831852056733701,-0.23059115337766412,0.01511509356489685,-0.13904090519080692,-0.0150058767424077,0.24881988502174046,-0.16479956885213953,0.009785339422214238,-0.034535990993295546,-0.12956615394030901,0.24958576058896695,0.09968265995387761,-0.08992234791291998,-0.05571369869411838,0.027121533896489535,-0.09310762551780415,0.21855740645827293,0.036549471313192514,-0.20519929794637845,-0.17333065373127077,0.07226722975169533,0.0013254497237839453,-0.0001337072148029959,-0.0014345420805642504,-0.002107136141357769,0.00029994964388163864,0.00017490572229112667,-0.9382724045038235,0.023060957746386602
75,-0.3185291745767242,-0.3462132582704304,-0.30710071220210233,0.23596035976922172,-0.060500974292773534,0.21436728433921176,0.05817697047700458,-0.32983688685697604,-0.17197047940809568,0.10764710801035413,-0.09746460115103726,-0.3011821901762414,0.02765385201141897,0.316279513397446,-0.32471604185026665,-0.09912496573484729,-0.1368620296745415,0.022944809179774605,-0.027260715844044804,-0.2856155578748193,-0.1756859832366725,-0.03371682014819506,0.10170721737374394,-0.010044573269694297,-0.15742289683909377,0.06150814970164827,-0.014357642659774097,0.2768486940448005,0.056907412580428335,-0.047928892794644504,0.053241219075060506,-0.11378885328258567,0.24751554873601767,-0.08013292153421975,0.051802536816307185,0.10070287264097912,-0.07062134323114759,0.010571649821750757,0.18522156764049155,-0.074529450619508,-0.2119894571428759,-0.06191426052432823,0.09123036791170307,-0.1823660917809964,-0.02015242669481333,0.016826106695076587,0.0068135944484778894,0.013639666339259891,0.05580140597934829,0.0052492249362259,-0.0053542146215941975,0.0024302585440351427,-0.004502460054941461,0.0013038725777069476,-0.0007919241487471031,-0.9382724045038233,0.02306095774638654
76,-0.4320622271031881,0.09214272393071997,0.06711617299585731,-0.1916617400408892,0.03327678467247012,-0.059343116600696966,-0.2282427755321105,-0.16655001131924368,-0.10825633414731668,-0.17992616884955706,-0.07772032398772329,-0.09239123364547884,0.15049309300169544,-0.026628094125024683,-0.41103226674184645,0.09088028317285896,0.0037526594072926148,0.02848103285588067,-0.061312427419566266,-0.25351030829222493,-0.0612830921606539,-0.02615470477536465,0.08864636678611518,0.11238664933996673,-0.19095652107385452,0.10512910217331474,-0.02818347860641407,0.19337596388576161,-0.004788768882852614,-0.08558810200520947,0.20950746051994107,-0.15800613884160145,0.11055687087716806,0.08092361112703088,0.009064956037600335,0.08393155715100804,-0.12089536295677213,0.08007448868253823,-0.15210020014253728,-0.08835758709285314,0.01413860329967976,-0.011551072269948413,-0.033661971712297456,0.0650763588076284,0.14037954071611594,-0.10756941389925989,0.0877783519830571,0.029884595559127036,0.002566973489435487,0.001708978007851317,-0.004410728541937117,-0.0032201047084163673,-0.0026638263618342993,-0.0008101589169314337,-0.0013124689118923563,-0.9382724045038232,0.023060957746386623
77,-0.12302904240450147,0.24350379615831053,-0.27190818779364173,-0.7490480527677282,0.13489539354633312,0.09208247726716765,-0.08545938550400256,-0.2525602819424837,0.012809246217528233,-0.2339804065320838,-0.018056172236247513,0.8115734077602419,0.413094247359664,-0.6326949915730602,-0.19183630491255665,-0.2127471196743531,-0.4268391406831334,-0.5943246258259673,0.9154724927255504,0.3257639104225899,-0.591453054969694,0.608227871431214,0.8733436675962056,0.3800842982778431,1.1046878092165775,-0.47532405265416033,0.036589987174876826,0.5476742261388327,0.47405893051394604,0.3595481786100178,0.05775461856841989,0.05171647451837216,0.300814171783615,-0.09196919907877392,0.20827845791620603,0.001818495840657602,-0.06072663062482609,-0.02030176147077377,0.04614250016021701,-0.09331064249249726,0.37471520770447697,-0.21688635862512387,-0.046936413301044186,-0.1168346504287511,0.000570009909008196,-0.18637473286621412,-0.06820785030952577,-0.1214352270171744,0.08347381528933194,-0.0029397152536771516,0.004681643814092724,-0.0017280415286811536,0.0013760255100868579,-0.0001823763919138899,-0.0009459299654869645,-0.9382724045038233,0.023060957746386813
78,0.16007016136270788,-0.23026813166535104,0.11439772117402787,-0.07859297783011032,-0.16030324884658906,-0.03611514979273956,0.12166477822089529,-0.19079742265300617,0.5554728816758723,-0.1018801964163245,-0.0543617191980923,0.23012366147833863,0.12213555985454802,-0.06830688280886142,0.37908857898256626,-0.17024598611728065,-0.12417031261051746,-0.21508886633868812,0.09417815850597694,0.008333950591595135,-0.0158711922397826,0.17433419741495043,0.13624929033254435,0.06918710225090047,-0.06544963635122078,0.2837670398565877,0.3705010864715141,0.008381767601701604,-0.2783229781067165,-0.1615403982069628,-0.22923184875232197,0.09458641933209862,-0.03938855890078813,0.19959803767832088,0.13655715644860317,0.014174933876989376,-0.024697133669917805,0.07081889073503095,-0.0053329608339315855,0.06165549205682294,-0.027768361872905906,0.030258635158669465,0.07649657691497451,0.008873186929421979,0.043334009871584395,0.09698432603554374,0.03890619594817926,0.025870971425897067,-0.13559196183083488,-0.0011111769256334587,-2.8336927640868032e-05,0.0022132243190850203,0.00263212575196073,-2.550277853337486e-05,0.0034349709133123323,-0.9382724045038235,0.023060957746386966
79,0.4032369299074714,0.23344073965670614,-0.35390810711243864,0.5515944232089747,-0.4279684310630089,0.3320934969232188,0.2159058646594999,-0.6471864103137698,-0.508392867557483,-0.34091241518510257,0.038768097036164566,0.3165710805830577,0.17281702005156788,0.042048420775250714,-0.3577786281254838,-0.22294011840555092,-0.052304649797654416,-0.16745662596921204,-0.22429935312857704,0.05780697108910075,-0.046687745567016846,-0.0023481542059312467,-0.2541356675414331,0.13277511735237857,0.030944320843144954,0.21636348032707378,-0.37884706069799046,-0.19474637869179573,0.1972336433847725,-0.10029489649665821,-0.013957855359657566,0.03674103074695002,-0.024276422560734548,-0.19549082595485917,0.0907018646535182,0.16525328253059404,0.039060004516261855,0.12280423815895783,0.04617448527726108,-0.02517968794607095,-0.08979486539516152,-0.07687499489785003,-0.08634128373634155,-0.03154866306625515,0.1879463864899418,-0.10620801668684739,-0.16075256041239325,0.12319971921343384,0.027932753178456043,0.004629098761584129,0.0005180852323049227,-0.0012370271097687405,-0.0118491344152259,0.0036446405652605877,-0.0007999487797408724,-0.9382724045038233,0.023060957746386685
80,0.21022192849990096,0.5764778027473197,-0.4839798646636559,0.6360766509740664,-0.19663665426056853,0.33930489207930614,-0.2525928475105258,-0.6392046146374939,0.024058425701377,-0.38936978288800106,-0.2744996627801429,0.017077671892917284,0.13604877685523428,0.08516701772242004,-0.041551691401664544,-0.09098997892488815,0.13133627953204105,-0.6103395607596168,-0.434822678991468,0.06580893377124424,0.0802945716510581,-0.36551550189695825,-0.2637331137060402,0.11607062455396394,0.09024547892209664,-0.21473047118924568,-0.27999597216549205,-0.092774438730182,0.11799513556505076,-0.2367205414635016,0.14653841222037264,0.16559454739103507,0.16323996061755425,0.2413922674220998,0.2648422086803269,-0.037659032285166746,-0.25088479115686135,-0.2863904034872218,0.3681332607131351,-0.028859992742955483,0.5971828893006227,0.4705489815357526,0.006738335524600639,0.15414588948870428,-0.22374860835917165,0.29827081272005534,0.4100519710392849,-0.26543975970457667,-0.0014074044006896407,-0.6240835831419761,-0.42015436343606577,-0.19396229293976358,0.002240307106952846,0.025276995237056614,0.0023957444128888334,-0.9382724045038235,0.023060957746386605
81,-0.031061381385347885,-0.15123088556608397,0.005171614635331677,0.11540446309935716,-0.2166929535556426,-0.042486830256962926,-0.3459711904366426,0.11679415231167412,0.11668371817559527,-0.014536251379458817,0.1216203011973828,-0.06117729816816918,-0.3043893634309733,-0.09000576906209636,-0.10076787905797376,0.12371981465798097,0.04774858586645998,0.09544794244946866,0.06889916252507236,0.045478958710096336,0.21957729425848158,0.03873465128082594,0.11432425042179858,-0.11372161751668737,0.07555151961272032,-0.08297208585006974,0.03428010127087801,0.07192733643628435,0.14229599607394303,0.09632872568555795,-0.06872851894488059,0.023805905684345822,0.031167357888252614,0.020560124895694212,0.02704581154218748,0.10819084674898914,0.14632769756088906,0.20130823033119757,0.3093633995349673,-0.097381524799205,0.0595470108355438,0.23987193968454182,0.2086378380894689,0.1382801057312504,-0.03395380105477361,-0.07428763601582918,-0.10867450983543844,0.1572210460950624,-4.470996415412162e-05,-0.0047128113400071465,0.003987210912259455,0.0005064615709966376,0.0038468914899799397,-0.0007685005566194063,-0.00421646947278347,-0.9382724045038232,0.023060957746386786
82,-0.16386115755289288,-0.1608555587802874,-0.2004500769854435,0.3966123931468315,0.17801579493530184,0.272257737427233,0.6856905409922485,-0.10759694091798327,-0.15178808310752165,0.03391269442544747,-0.10847971354746569,-0.26877859705414003,0.00869007817596777,-0.1520452765774901,-0.03864741805826781,-0.06229418777695383,0.05150558236721229,-0.2182101071376013,-0.028909334714468257,-0.22699718569386673,0.05995385103615501,0.34728543857521355,-0.07546288386587716,0.11748026930430261,-0.004910510652086111,-0.1184312107363327,0.13338425586070388,-0.1291484331945068,0.04317281941065817,-0.2523642033295881,0.14548175388562082,0.04898300414996627,0.004590980211416324,-0.29624685612799734,-0.19797703298186473,0.07832969390309275,-0.29261566740159184,-0.05465826050782511,-0.07059415032428479,0.15460377674770637,-0.1124525745436431,0.11385181841100617,0.04390849225190626,-0.25852863786941555,-0.02163355805253854,0.12852250092056974,-0.0925296542648616,0.03488801226331708,-0.015556237660847693,0.0019973191090118087,-0.009512356394909478,0.004423444761135145,0.006326390443178662,-0.0022439344735878295,0.000994803746083848,-0.9382724045038235,0.02306095774638674
83,0.11773737838348507,-0.29544832552767664,-0.3942680462784596,0.1525887116489553,-0.14811225420854307,0.004485040387681116,-0.029703975505266846,-0.40195430970694035,0.07808658220051473,0.24585300347478142,0.025312258806159674,-0.3925198219245426,0.07342368925802137,-0.1716079364837152,0.011779091246256595,-0.313275838937477,-0.07517158471846806,-0.3198877840446515,-0.13559881195518897,-0.16212158445785382,-0.06486394706082813,0.1081589715944275,0.08445141200620229,0.19893822201022415,-0.28342335951844927,-0.010975095927055757,0.05548832821589261,-0.03824776824478492,0.23440451500042808,-0.03252291690124721,0.00897096225156731,-0.027326514734727685,-0.17548271255889342,-0.08029441061727564,-0.019196923173348174,0.09050017024137978,0.009403625544109557,0.010761015491388573,-0.3524206404650902,-0.07547175768450037,0.1451103716690028,-0.046072021731575194,-0.12798522012059307,-0.3153347161585906,-0.009194429897943251,0.16133727455362168,-0.07074070905353941,0.17124618635539215,-0.10386524756815675,0.004439450844841246,-0.009134496977569297,-0.00030446671717127786,-0.004528053685377713,6.316195684591984e-05,0.0016640329534680324,-0.9382724045038234,0.02306095774638682
84,-0.11521746340863626,-0.33695714655275616,0.027933234052331102,0.06822833058834424,-0.16479742039120812,-0.2680665467275817,-0.2801501150212885,-0.09614738012285039,0.22818287230143286,-0.16406142015814623,-0.12551488206264771,0.06692999479193079,-0.06952126290699709,0.21548496791486058,0.05644484551655612,0.10319915018145155,-0.10686688355660921,0.18895045432122412,0.13936935677224804,-0.1834768055127552,-0.004339243862939018,-0.11712390856860629,-0.022840267302833533,-0.1485773925304085,0.1149740392607728,0.06094356248698612,0.01912706986551783,-0.021945556850067934,-0.06641999490241836,0.18947886588644408,-0.012128323162851609,0.03797659290285912,-0.26322195644309526,-0.039976135009247765,0.04413635343183355,-0.12627535438581242,0.1492978585042704,0.0192956977960007,0.051060748745058816,0.1785865214832438,0.09986257800395446,0.022544475266417983,0.1297365181059934,0.07514234312793547,-0.04075479540814686,0.02206601432430773,-0.06180441031048291,-0.13874291912588832,0.0251432423108455,-0.00040352878724819963,-0.004493978100930285,-0.00023995486382949547,0.004214920964808261,-0.0021734260808041034,0.0001258212387534558,-0.9382724045038232,0.023060957746386793
85,0.0060019274653239,0.022188079572021166,-0.18718094889762799,-0.4163631726712971,0.030731665704874893,-0.16106059929273006,0.061661763749941464,-0.2988876670008334,-0.09175812394481693,-0.2166816039559784,-0.17990038061179875,-0.2767300444781218,0.5347101168727768,0.12769662664963677,0.10829812976088445,0.07524401392018162,-0.14775188108326726,0.284217893973783,0.00457437802798334,0.36450841677867163,0.09116693851413583,0.10266878709432622,-0.3162343219979923,-0.2486994548915339,0.015885717703510945,0.0018640922972763645,0.03989410755410834,0.12060646631106979,0.11689070375558068,0.013521720911572725,0.03094977522767466,0.14416120496077145,-0.1727230795736676,0.05019365068413573,0.20373655178553096,-0.0730134065668757,0.13338554557482157,-0.08017767383209934,-0.13477144550034037,-0.06453010858529855,-0.13422424065457128,-0.15610187520113006,-0.01284415771134352,-0.06562580895332623,-0.12913565642112287,0.1956736414345929,-0.112105360142571,-0.12523209090243276,-0.042434046151963035,-0.0006987625674992736,-0.0020886896989450736,0.008183110335545104,0.006576105387796878,-8.692260487151948e-05,0.0002652268615289262,-0.9382724045038234,0.023060957746386983
86,0.13124739623775855,-0.08102458189520532,-0.21388482097943323,0.20719549790312772,0.37073005399469,0.13074030211508725,0.1371726870085248,0.1451962604713134,0.0782837211818514,-0.1928392510695398,-0.0689862953292199,0.006429976384364821,-0.05869958703337329,-0.2401997485866769,-0.41448041079296916,0.06588607282619532,0.3145880193000989,0.15764442256794808,-0.014834437656806181,-0.239690982527631,-0.2981176090379864,-0.3019904969784387,-0.11000579236867226,-0.19225316117750932,-0.09869901279650391,-0.07147981328006005,0.11253089832837913,0.11263860808276759,0.22938630028600024,-0.1732197165979601,-0.1579289007372589,-0.13942851672974796,0.18681462922850833,0.044405545477301404,-0.04766936896008498,-0.11919531221652573,-0.09312024805574744,-0.028103034463132552,-0.0854670216507731,-0.1312020947265648,0.014894807710370507,-0.1732272699610042,0.01880485441647437,0.11298243988499403,0.10220221349513496,-0.17193938238612716,0.13581047754987344,0.010567379886840497,-0.018732093200791892,0.0012020473497769554,0.007560969627658553,-0.004520860239877507,-0.011550701743441402,0.0037566516771777767,0.0004305981484777837,-0.9382724045038235,0.023060957746386477
87,-0.1137212329839041,0.09595760356742479,0.21253995720986402,0.1189799101774188,0.10566048955921052,-0.31010785177113265,0.44611944212010035,0.2729370236975118,0.1948210039363653,0.16138730142862256,0.07074287197046751,0.04561938336337597,0.09403870928426077,0.05196335644070782,-0.0031472158118880465,-0.1978250162343942,-0.320867843801523,0.0877710222524799,0.21462792546002799,0.03271628859740982,-0.08429355053276624,-0.15800933374283102,-0.17146035889291414,-0.14705636499109442,-0.0858426980155186,-0.015624227153691207,0.2625418634269627,0.3081178203396027,-0.06581170603365065,0.1181314382228382,0.056809259717607745,0.21753351792621675,-0.11680773201787042,0.3131730460057505,-0.11760464865719056,0.2189134069424034,-0.179885755575429,-0.11121147511790526,0.09087631425877508,0.1354553094447545,-0.007215131950607736,-0.12014465831105904,-0.05531091320835548,0.22248450352679044,-0.07864223014607483,0.11012955182131197,-0.01587533423057349,0.1776933236366698,0.027015616632755878,0.0028147274403930033,-0.0053825536597917195,0.008602597128158983,0.0028621027944880045,0.0004069976419695212,-0.0028950735582387796,-0.9382724045038235,0.02306095774638667
88,0.20286229140129233,-0.25619466419740183,-0.11667935312920555,0.07238770574706685,-0.31321464756520595,0.002595264860283266,-0.3452374394642865,0.13967924820186864,0.2476589573981959,-0.09752843364618737,0.17466012189329388,0.050388055292508734,0.0763269820470011,-0.07945737488653014,0.08854705323301237,0.3802347708728936,0.11539364452558555,0.15000195480021006,0.001862230623526032,0.06967044099979036,0.36705225064302455,0.18500789857247443,-0.038592004559526195,-0.12383596245483937,0.10839490079598522,0.050093572133151985,0.05518445585995551,0.08240999827959994,-0.0810348195239378,0.027762504361511817,0.20983406508263863,-0.1023428795774497,-0.018434886847200634,-0.16620224099942216,-0.04439147521504487,-0.07136816406986601,0.15415980187535064,-0.051336873267160556,0.1752097554803503,-0.06329696963812687,0.23992555957571396,-0.008031089753620671,0.11570588325278235,-0.04861400681616438,0.08909451296698771,-0.044054524590131386,0.010839663300175224,0.026956844268594266,0.06133668110821138,-0.0047584635459772,0.005870229712589009,-0.0024266139866899123,0.004925070922264098,-0.0014429380651605043,-0.0009345930554536153,-0.9382724045038233,0.02306095774638675
89,-0.24548376053439608,-0.16779344166645493,-0.04877084726686031,-0.18005730772092787,-0.012161125544084507,0.14545763785910878,-0.1367744419675797,-0.10267060984347082,0.15683014936509154,-0.26664287726516117,0.2148872409705945,0.08112215420255793,-0.1399968972055722,-0.08734748365238444,0.11228255119286629,-0.06823397809250663,0.003219795214411167,-0.048127494238863686,-0.1322181889605296,-0.10875538484813865,-0.1240128675028001,-0.0665277858272976,-0.02399638083428377,0.0934762529228926,-0.07630539476948064,0.12902353888144963,-0.19129132579550398,-0.046484054742510064,0.022574491980965356,0.04980565048482932,-0.21950490758607852,0.029128187294126206,0.04508123218143753,-0.0399767222515186,-0.11459147906017429,-0.14105863331193952,0.25794614339476196,-0.23853761403450513,0.0004848058753875214,0.05247269802644653,0.03369045949093683,-0.0639552802171115,0.14861682813148067,0.14209059624833548,0.21542218096344343,0.039434923300263575,0.0787440224340865,0.028608806189076366,0.20319882886814672,0.0010020816349731202,0.0062778422762300255,-0.0006561114204112145,-0.0036160345278536837,0.0019111130409650069,-0.0021416235846020435,-0.9382724045038232,0.02306095774638671
90,0.08091116880102929,-0.0668482613071042,-0.3461272626733107,-0.1419154468757908,0.4299715361707003,-0.19109581337920525,0.30956617487091903,-0.04994778631693577,0.12016676715435459,-0.28128711310317517,0.049509514394317784,0.0515536763418724,0.21630525648976,-0.22883055468487518,0.18917502549461404,-0.0868814542460767,-0.14409326673777867,0.20822450435042478,-0.08290400397113498,-0.1292851172565415,0.021812054631276407,-0.04990967382376199,-0.13057597078587344,-0.20538313464404404,0.07246955344776122,0.05248974092321088,0.08911726795034003,-0.05301105870504808,0.12984701229273082,0.19246303291167555,0.07572053154911099,0.1436229649063433,-0.31776663936494803,0.033158148791790285,-0.10999588679371178,0.10749636061337393,-0.18179282176040842,0.11813783907384999,-0.23974302747530724,0.09828395657392912,0.07304022001081943,-0.004090427911504673,-0.09041898880212489,0.12693552589832038,0.08400016176994528,0.184321062211183,-0.010589543354121272,-0.02391595420512671,-0.07681315404573572,0.00358621608095343,-0.010653126580050592,0.00033010667015670973,-0.0018545895247629033,-0.0011385747097242367,-0.0008251762833727371,-0.9382724045038234,0.02306095774638682
91,-0.35308361907324826,0.06436909233986371,0.05707810178183112,-0.012838629510845424,-0.17155481892875926,-0.4373507690120549,-0.4253164623719619,0.12470928793398117,-0.2117294628328406,0.4581361855751823,0.055459818769028627,0.6631320443786944,-0.1140053037549192,0.4405305658207875,0.25135875458847573,0.3907356863699763,0.3316733464894531,-0.010714988243494936,-0.06120354596905773,0.21612377850815886,-0.05884763270144177,0.057300895188056956,0.21630659940128907,-0.11012119343825076,-0.023429600220819385,0.1625575423702984,0.10080575443614434,-0.2668584386570253,0.3898481969288186,-0.1437375531083461,0.43535868991999016,0.019086218736018765,-0.015357646115530813,0.13086127333651595,-0.24110536410161598,-0.055523452158386465,-0.0692744252575384,-0.2678512434024344,-0.09452260625031912,-0.1424978211413231,0.08670758084781972,-0.07418545005027499,-0.034957610284166676,0.037253201761069756,0.21775642324272396,-0.004790958023300556,0.08924844552895843,0.06271702567296875,-0.030242129730220477,-0.005806035922012584,0.009708594301419286,-0.001229921752490633,0.003952625814349585,-0.0001537141133412653,0.00020596158500359768,-0.9382724045038232,0.023060957746386796
92,-0.10952001371859671,-0.26788149950868423,0.4298193480407809,0.12222272185076279,-0.15424729473967547,0.05084195828653873,-0.03267439297446233,-0.12794664085454593,0.4587827952834565,-0.004314056086176931,-0.1704142792013747,-0.21459993694365895,-0.26771261482679026,0.015548225025541552,-0.11510191543342888,-0.09952780009803325,-0.12323479564341831,-0.19205562097373483,-0.1402471697351112,-0.004579785345010899,-0.06291230034312888,-0.08740294333246786,0.15780545880364255,0.21740036365839108,-0.12389344446015656,-0.027702879989945264,-0.07600976152203928,0.05674349184662424,0.12063762115545312,-0.14907960174740562,0.013027776048305144,-0.06169412311706889,-0.018343444460425004,-0.1105302162472326,0.06890043510152506,0.0664331213537756,0.21940278355671256,0.016851656004402547,-0.030747350546223497,0.04379437783976261,-0.047149644930096234,-0.058904483173158204,0.028214066248687282,-0.040432863361111064,-0.06849236081164642,0.05664156696516294,-0.0028934689161386465,0.012639703867428827,-0.037770919497083714,0.0013377108052440984,-0.004795972747777078,-0.0034517277176391793,-0.00046420817299642076,-0.001383665753752135,0.00223024377721639,-0.9382724045038233,0.023060957746386775
93,-0.14355452395636345,-0.023033042038026856,-0.15176750724030105,-0.40704112862785324,0.05562902829782158,-0.10009829076314651,-0.003567535269173613,-0.2334796903039788,0.029043851573222663,-0.06094591630182724,0.1156594174039295,-0.03281242200798936,-0.10023969577804516,0.06399969051188775,-0.024453560131815228,-0.23163127679932558,-0.019529506024398312,-0.026982115000782864,0.055685953515233706,-0.1377304696418963,0.10413687408373827,-0.06390902746746677,-0.00119602532261021,0.09343623012805259,0.0026453448537640707,-0.012590107181466756,-0.11458284096543249,-0.02732359782930077,-0.19639369626131994,-0.020803321797839894,0.013274913847127904,0.12258464593971496,-0.219360040291272,0.21901203857662002,-0.025633406758551226,0.13609065295191494,-0.08673677471582887,0.10015586616907952,-0.08967389837514984,0.34432698360858555,0.016846519797871475,-0.22257686818672026,0.24037287347872313,0.059395400999564564,-0.0444159227633583,-0.08562346953997775,0.1527824429506123,-0.016252122221607886,0.09266685350027601,0.006753038641783925,-0.011938491231715706,0.0015877957600187117,-0.002070608109840553,-0.0008346922506604282,-0.0019713613933721183,-0.9382724045038233,0.023060957746386796
94,0.09767515196354537,-0.36457969917424504,-0.47938317943619235,0.6706240405998776,-0.03191488301344114,-0.04073568480041538,0.09144966032479852,0.01921535795250455,0.012058134875405165,0.3763611216494822,-0.1153996114136519,0.09384548250351579,0.008756252496507395,0.09469668928529276,-0.35362678758491217,0.2098933974131313,-0.013171265928730448,0.1344151835402923,-0.08362713403386017,-0.09877465383038288,-0.153168371135655,-0.2075023389701349,-0.007212961884344817,0.0817288099249214,-0.123932322210178,-0.05124025795980069,0.13656320228499846,0.2718774115074751,-0.006695918643456989,-0.1516637397343583,0.10781052030364463,-0.18027460130627787,0.11337475525150954,-0.09532130193673695,0.01372874200598961,-0.1637490148947175,0.13701499102623105,-0.07632736432839841,0.23485737437733317,-0.022068297247713857,0.22786562767128196,-0.17074134514250136,-0.1710709728653405,-0.028377912403287717,0.12844469554674,-0.12544438401038704,-0.235220091920698,-0.10993224396714037,0.14178383593309488,-0.00031919722416508945,0.005665393338889101,-0.005252440272554746,-0.0037406059439793883,0.0008742238176484823,0.002084624992895854,-0.9382724045038234,0.02306095774638653
95,-0.3807338314506997,0.0018977866526225906,0.006225497055846315,-0.1961566162942258,0.022029332465868034,0.02977160571661023,-0.22178680874273385,-0.01174377653960051,0.020915998990452704,-0.23507913552784376,-0.003354701817081631,-0.10532167080449528,0.3011766546960655,-0.006248602578183497,-0.08560841815591014,-0.03233605169977996,-0.06781825361488894,-0.052941781182564304,0.05980319413463997,0.025401935331742898,-0.1354559555748492,0.03230129935995028,-0.10892440516338332,-0.2839680964080242,-0.05654190387558659,0.25593773176598533,-0.18242269416484969,0.020713400881535542,0.022178258979231934,0.04869479976610619,0.1666465115056546,-0.04723722853021328,0.16784012436829096,-0.19511439297407043,0.1200943423245186,0.18080327746273847,-0.07698024341399265,-0.07863363281902386,0.05141076394376707,0.005795401506829098,-0.19568295984873751,-0.08837485761666154,-0.06358279664867887,0.29584772788100994,0.046605470276833844,-0.009432555769041734,-0.06291405554195431,-0.10049184013889957,0.09498673983169814,0.0019456465252212522,0.002056770235643625,0.00600931680683831,-0.000714681713755105,0.0023103019187092734,-0.0004507245289944577,-0.9382724045038233,0.023060957746386654
96,-0.30670870994787786,-0.2175714256274645,-0.25556553788868097,-0.09601489373023478,0.00047421115253251265,-0.0933649558706538,0.06068442673542466,-0.1652674776936859,-0.0029907173325928564,-0.4193605223998535,0.08442002418994683,0.49413002276536844,0.07411792692212771,0.2776527582947687,0.5000153048267336,0.1415137567944699,0.15638738205786612,0.07654588080109596,0.20586086847955323,0.11331590452567769,0.05911263764399127,0.03623921184368373,0.03155325988811202,0.14103966125160797,0.15808818476903616,0.1591578229745878,0.21049716324375967,-0.3391435183576514,0.07291314391102394,-0.08520515255695227,0.11795608174919522,-0.27836815663943953,-0.28292287871542593,0.2113161222419147,0.3601478330226333,-0.23369576892853403,0.014791372164505164,-0.1516325754127049,-0.1018679790639516,-0.28259295993454964,-0.1569052137562147,0.10509884406805127,0.12986852912590782,-0.08086490291576781,0.12386950149355817,-0.06109796325161914,0.17202170488638877,0.013725346135122054,0.016886718307718773,-0.0021096812088564876,0.0028792325007503984,-0.0073335965683317735,-0.0038604662717653085,-0.0006900923389030099,-0.003960690523838283,-0.9382724045038233,0.023060957746387074
97,-0.00578767226072288,-0.4423429496252999,-0.4852016620536428,0.07699891136323948,-0.16468019831274408,0.7266728744700792,-0.13612777424456807,0.08779833655026166,-0.39411568466199737,-0.13977616249677913,-0.2833820260091116,0.0027506875306295446,0.44437342939881735,0.13452403020315032,-0.18357771173469833,-0.16112997588921774,-0.02744127980007963,-0.016556449910910872,0.10250721177685373,0.5338031776386616,-0.07720319460754463,0.023959168821915344,0.12592535834560814,-0.11199458379266825,-0.14533092304069872,-0.1585893957075456,0.17664121871056765,0.03863904080605414,-0.07730097491155512,-0.3773758455714346,-0.44951625944032064,-0.024209197235034605,-0.038226851087897105,0.03502442279653707,0.23565651995396414,0.12679674307798738,0.14858140639929768,0.25115609706130526,-0.18920785207626695,-0.06861675822025484,-0.0894968149096829,0.051734766792618715,-0.04063160968666718,0.17518139315280776,-0.07906366754846851,-0.1327065408806754,0.010640631813289943,-0.009587975180296084,-0.050415199241242534,0.0019075726158032857,0.004915717920361676,0.002791791412379439,-0.0059717301893728245,0.0041087356994437396,0.0045977779386418855,-0.9382724045038232,0.0230609577463872
98,-0.22509695863708395,-0.21271868143625902,-0.402808818128041,-0.037905632617433384,-0.02884928676372265,0.30602411576192,0.01692859357868377,-0.1894110234352318,-0.7143795775380548,-0.04635582880509266,-0.23003379976708557,-0.06767450834140867,0.023657911526541314,0.012466506403468391,-0.08384850664682283,-0.31144979855450433,-0.20849497518644955,0.1227837886064778,-0.2868043267607942,0.13687629679369162,-0.020647383218731937,0.3032661780820749,-0.03124780264187597,0.06089050875109538,-0.09380691757909783,-0.4526948222861516,-0.008133257562617744,-0.17799422677754187,-0.11983435089307706,-0.009146864500714015,-0.14674998994449007,0.1738494378712685,-0.45745717223321486,-0.06781160512993263,-0.11818629805913372,-0.07830701937059413,-0.1676986023359492,-0.16513019145906638,-0.253298961878375,-0.0471877397711425,0.031590512807420694,-0.12314944166110084,0.09853399118565785,0.19495169852356162,-0.036783970610901384,-0.04113121986243868,-0.04213663363301598,-0.00253147039016874,0.07757178816133317,-0.003915101601292974,0.006737436574683882,-0.0019437548885369025,0.0023449462023612043,-9.617527234324024e-05,9.878649472684783e-05,-0.9382724045038232,0.02306095774638695
99,0.1704000662602747,-0.22387673555079218,0.23144622016470542,0.12046634641562388,-0.3282238851704358,0.2509282306902226,-0.08368843090940588,0.0791067537121576,0.41475659926306313,0.0173225664788832,-0.14789131292501273,0.12596431245738476,-0.08001778321059351,-0.1846969564414307,-0.028770022003059812,0.028462325956301736,0.12126849815546394,-0.021884210490686753,-0.049188123733052654,-0.017160164206896675,0.23547569264177712,0.03631901312658614,-0.09298875401856437,0.0486016969834237,0.04742953964384082,0.11171137601006534,0.13031754787992564,0.10577164475593391,0.006565410484620361,-0.23932865796095876,0.2637663453701173,0.14351170766648866,0.0868186688895221,0.04829905004192471,-0.10831055381035061,-0.1778806132455288,-0.09759102396784383,0.05010996327847157,0.17574793716140802,0.1367433108178332,-0.032626466209807685,-0.08965300768383504,-0.22469019648863398,-0.12322678094918607,0.039075359360825304,0.0235518612745719,-0.10002660229070763,-0.06370893222324212,0.008892851463276185,0.0012951325006936103,-0.003784632320159966,0.0064725515395649994,0.006194328669089027,-0.0006695244643343278,0.0011592421638493364,-0.9382724045038235,0.02306095774638666
100,0.002129886716517396,0.09740159018010741,-0.18790934358897493,-0.3583418500984571,0.10984490561086259,-0.03555923820675506,-0.03736089098524824,-0.16784111843213134,-0.029418752530900427,0.04104747590581375,0.21192068890662372,0.11376107370332939,-0.198539252104389,-0.26563273004191357,0.07698030384994121,-0.24907490145681196,0.15889066844986546,-0.04996663850448978,-0.1541119237709531,-0.2081310824069327,-0.11191318776933999,-0.023219861745240135,-0.016241698702917647,-0.08193949792315493,-0.09646504273692648,-0.042446855520007716,0.08178747302147689,-0.1819116824086628,0.021379745195966523,-0.028244277845088876,-0.2258877392872,0.10638850806897174,-0.0799778874959664,0.10063883703964101,-0.01931816313545371,0.061862423299643914,-0.12448519668494819,-0.09097835916420048,0.1493697722196084,0.13866265768345598,0.09229276663168443,-0.1966421053937139,0.3391284129211892,0.06526740607282935,-0.027764999965569564,-0.01259422616797855,-0.09424128159314824,0.17799136508990696,0.05431748286182396,-3.602427207277557e-05,0.003686468329843125,0.004848320680677165,-0.00022064307930175052,0.0019064268594349144,-0.0020106111404754197,-0.9382724045038235,0.023060957746386623
101,-0.2954894235227358,-0.400303817870968,-0.17680885842152935,0.35122448081416313,-0.4226610516140882,0.20964110885881232,-0.11747523063621536,-0.02904908681336137,0.05233552466425376,0.18362086107704112,0.3471223457662281,-0.430452809444712,0.03641538524415533,0.029059250415610922,-0.11925620287715849,0.10930493961084582,-0.13862489576770187,-0.3280926599003132,0.06324968485347628,-0.08008026500150013,-0.27474345502118713,0.22548878321814436,0.13397879111345132,0.3753563749748646,-0.11832883985684994,-0.056091668281584815,-0.3684770893231332,-0.261996476609844,-0.018654683196901854,0.021177431483092073,-0.19081629193103902,-0.056059967223734325,-0.03599258217509382,0.19284612564540554,-0.2978264460686662,-0.12377518884503144,-0.08758692187413444,0.12140550837000502,0.04329184706144532,0.03515851940305114,-0.033514726725863524,-0.17764790753087953,-0.1787548503149133,-0.12412829508727127,-0.19017848192038944,0.21462557154102177,-0.04151380535360412,0.03465804452822615,0.11821344751164202,0.006321932628972868,-0.006566329819097705,0.007848853522914166,0.0003376884395109486,0.0011699789950057938,0.0002416567979521029,-0.9382724045038234,0.023060957746386536
102,-0.431473989417108,0.03952228886347319,-0.25214573344465596,0.17033219592998924,-0.283318787002304,0.06379841667111609,0.22770880574253072,-0.15195395884218302,-0.7991015745736916,0.034274301047127344,-0.30508177780650053,-0.4482069478073093,0.10057875358753854,-0.06717190295340408,0.4763304619343735,-0.47465729186088124,0.3494629356191537,0.1459753336826896,0.1603866305281105,-0.20614229912535273,-0.345604783018474,0.016278902989187008,0.08508850303728428,-0.02640222160444653,0.21905673124375954,0.02999859429389838,-0.19713802479677725,-0.032813020776330325,-0.29088786161352287,0.004297188346469439,0.3363271251841951,-0.10347781311852221,0.09539883065000739,0.21784817245013927,-0.23651164804112573,0.13512278407713413,0.37468969290376464,0.09344870851267778,0.23475655237953796,0.2019732800423725,0.0719791857345439,0.07861822631797526,-0.10504677587035234,-0.08067708973296109,-0.0948069147679405,-0.12398643848858568,-0.030818761978667383,0.28492181364257413,0.07676694484815166,0.006247738676142622,-0.010337864788113786,0.007002614354041521,-0.0020152771405690354,0.0005982787645154961,-0.006048878205313753,-0.9382724045038233,0.023060957746386782
103,-0.49594254770492585,0.2887629156737984,0.2833446848756593,0.10098904453342471,0.07733679601038936,-0.017393956075155887,0.5504827497760871,0.31434326119781386,-0.12224014163262022,0.11196949363664528,0.2675568143026748,-0.09083415826568092,-0.21917462157742149,-0.3019009213639196,0.1606810912666381,-0.17051719467670462,0.007419801357904272,0.07072628092919318,-0.10348624132695747,0.029195647492061497,-0.025278184545553178,-0.28189382570853244,-0.05458455267418343,0.08662240119444554,0.38814763917016293,0.08521780290285362,-0.1615245483304633,0.12739789572777135,-0.041417126893242784,-0.2428827131487361,-0.06050969109935115,0.013009043373226071,-0.13119205677530965,-0.11224298094302058,0.052825217015565556,-0.27276535254600737,0.2538471957978256,0.07250876476133447,-0.2220591972644003,-0.13655891888131244,0.14245213750196004,0.13228472568988994,-0.04729818861521525,0.07261494294492998,0.02199694359692228,0.1434137406287312,0.09024522292935437,0.03687069672195987,0.06115672781864007,-0.0002434243977191981,-0.0034181827886280913,-0.0056900825954811435,-0.0013001379532586498,-0.0020319222177480043,-0.004544060243934583,-0.9382724045038233,0.023060957746387133
104,-0.2575453339011934,0.13732153528762095,-0.05888901677872217,-0.2108805935353984,-0.013042093235642769,-0.013773453650271886,-0.14420583808264467,-0.0999990862398065,-0.460046075403196,-0.24246374832669806,-0.09183340567428139,-0.19385131740616834,-0.1927957674415396,-0.30176048013160456,-0.041659606783560336,-0.056374702874653904,0.19294320188892317,0.312244184595429,-0.09038603110857688,0.1773420762422219,0.12068766832838063,0.250016002151404,-0.13623061334848263,0.028248057175853002,0.0952881863646287,-0.3442219522599711,0.10889610156543526,-0.15374666521960517,0.1544925171593182,-0.1645590100391185,-0.24630259395451937,0.13106254408751578,-0.19053702336323203,0.07389849597869862,0.05953125665585979,-0.21668120523424947,-0.1061849973382795,-0.07722860566324972,-0.008885801938076945,0.10422799822503924,0.06533645387130003,-0.12422664633572822,0.15434209272646385,0.12828449338887762,0.028990813642647505,0.07710770006168266,-0.08575856541412642,0.11123544282485354,0.008426344170607818,-0.0066359337292158085,0.004873577010995738,0.0063128770109048635,0.012107743333816557,-0.0015445288905445375,-0.0035865285716091834,-0.9382724045038234,0.02306095774638696
105,-0.13490375788557424,-0.48744994819222864,-0.3095137419054879,0.3971414713341552,-0.28208650586349937,0.0052759815069456754,-0.20663811201500118,-0.23204149967541965,-0.008269310118399589,0.12906972433011843,-0.19525135364475657,-0.20999991903113227,0.1267672455196641,0.11297263168071725,-0.04062380306520521,-0.12957636223279148,-0.23931757391212677,0.04492870288537693,-0.007703597577822729,0.018634794614730277,-0.14959660565089547,-0.054082778968107814,-0.04274563559332696,-0.06217788327706012,0.1235383237633375,0.04295023862806615,-0.04302566376699356,0.09988726539008312,0.04855440020807407,0.2452592067635222,0.0432076333445022,-0.016270185013285896,-0.20458935216614219,-0.21525195359907834,0.18790361982581374,0.10956779405852544,0.00788983779155541,0.1434335834098208,0.06238230710377516,0.1108865361336847,-0.1299838415708599,0.007940499534997954,-0.1405663386965525,0.2852737580653435,0.039665950968303956,0.03296999048685585,-0.04441819540774171,-0.0064068393194661125,0.00973140432194523,0.004662235832038038,-0.005680677456398207,-0.0004900743592070757,-0.007093482489608026,0.0012796978014147549,-0.0011129554580654815,-0.9382724045038232,0.023060957746386845
106,-0.3259874146794641,-0.07042754795023064,-0.0027312462276718567,-0.14049169791445945,-0.06471672389385537,-0.07518698652082713,-0.1699254129787363,-0.2298045308540808,-0.11143644615953623,-0.0035471417207306438,-0.10500968921430945,0.04144843910755521,-0.2942965753926184,0.003945425876788164,0.03838500105768657,0.2205544636582126,-0.06703531722595152,0.3594615166032893,0.016700914656505077,-0.03762018014033682,0.1184244097967509,-0.149867234857823,0.01061078520488665,-0.11826790011971139,0.29005168967540235,-0.09543055379852056,-0.12722127522491858,-0.06967576191292438,0.21994593704972198,0.005696242905579936,-0.04532942857365832,0.060800891189787445,0.21939339748410114,0.07109916073607557,0.01960644723184624,0.047668425376392466,-0.09380792764132911,0.22439278797889842,-0.08410972057015341,0.2637959674637248,-0.08342103174065348,0.26915471055825285,-0.09822850477784544,-0.04572528537066736,0.02337864405680029,0.06499135531866428,-0.020870410651818064,0.1732350205421007,-0.12176104282927906,0.0031514623557326437,-0.014956760338692058,0.005365967597181442,0.0028520761148738793,-0.00225631499055425,-0.005997461216390778,-0.9382724045038232,0.023060957746386963
107,-0.0677893972628069,-0.4864219264434663,-0.6774399799791123,0.4795577747333647,0.09415718207540773,-0.20251692166028504,0.30914288511399635,-0.1015201917704461,0.1614387026273528,0.6359228281559812,0.15506992155489677,0.5809395145485349,-0.20044345458552454,0.3325566883159095,0.25090108445582576,-0.16274354779235478,-0.08431815422358786,-0.018786719240937964,-0.012917756649847054,0.29226616001016203,0.046651731506505284,0.19236348545742582,0.5306169472420342,0.10909074849710097,-0.09491084252796293,-0.02602641546835064,0.14162500010598467,-0.2810927394583572,0.04659499272089393,-0.21720006039433185,0.09918534988342374,-0.3236171824976593,0.21600005637201336,0.37235470065555465,0.10846145652868261,0.08520857944403303,-0.06086558501453,-0.08526912550625758,-0.17072682043451046,0.006558893303420082,-0.09404102687561336,-0.06322952312107766,0.02869581570604084,-0.025911810741548018,0.0628855350004801,0.04868593117959649,0.05644333156902524,-0.09729182607518148,-0.014277609009686689,-0.00028476997281842525,0.0025904414378669256,-0.005284356351047763,-0.00284337045067341,0.0001429980652526727,0.0035433740120238244,-0.9382724045038237,0.02306095774638704
108,-0.08948121523664605,-0.5188104056856001,-0.4338577009064702,0.4153158090747954,-0.33045850273608607,0.13451776293007905,-0.15842604540920477,-0.19816254103654735,0.09961973631840776,-0.06074297434749651,-0.07656142737896866,0.021714831680018296,0.17760892531296715,-0.0930604270424535,0.22400967228719942,-0.10863019998067588,-0.11473351624585452,-0.19932289333421802,0.21857463006713765,-0.031241787189291305,0.006925898375955114,0.3258026446560328,0.05085572936488011,0.21288589775716948,-0.012759199972743525,0.23584765304574454,0.23171050556810135,-0.08706561122050802,-0.16028444810733283,-0.13448012219026922,-0.22606454398794437,-0.01687766533381522,0.1624152243285262,-0.09338126200728626,0.1272797582387514,-0.11139540510952017,-0.03302682580513986,0.17523641915608262,0.0745035569964396,0.05039621493718203,-0.05150909313095151,0.10479417994558221,-0.05170698217977161,-0.048547955776395355,0.09051297047770478,0.07370601827637847,0.06897607167475173,0.11063577723319583,-0.07645942994608997,0.0010408179075138018,-0.0004111674524633693,0.0047479198383008035,0.00028681533616064684,0.001321955250983556,0.0014427077100945987,-0.9382724045038233,0.023060957746386963
109,-0.26128914914821105,-0.0853636392127234,-0.15723088816952266,0.08377119687723703,0.39318642035806284,-0.13552485809749998,0.2351476107314571,-0.08800697071621548,0.07854702501168177,-0.24702260447293486,0.009509622481152478,-0.2274003566744591,-0.37209477341528185,-0.024128430091194406,-0.15295755049417734,0.11676706775667577,-0.09565763952310148,0.0886776220699112,-0.09706947526306432,0.07088372485712267,0.017517723049050284,-0.1810710646724856,0.09715959048094511,0.2132550829930129,0.04424834283152695,-0.09694604864335936,-0.326785874360625,0.08750011985314377,0.1737732197364616,-0.0822399998213805,0.03104952851738993,-0.13053479815351934,-0.12600033436119162,-0.0756879529185179,0.10439777275030294,-0.019581183664034985,0.2479680608656781,0.03168939036979782,-0.1999090099214988,-0.01709347117599539,0.10057221440349619,0.03717613632185403,-0.09227640936535875,0.0722615318380336,0.1091496862516116,-0.08360736432594475,0.038234630599829025,0.026330062624567503,-0.034351648393986876,-0.0006945772945255561,-0.0052195061285205974,-0.012574529779491804,-0.005717512527143839,-0.0027872848663615052,-0.003948636540395624,-0.9382724045038231,0.02306095774638698
110,-0.1555777978244159,0.019983877053010083,-0.07938645702829249,-0.231298061691713,0.29052663811219137,-0.04728953447716033,0.3520193943304332,-0.4511112504313575,0.14891628356052378,-0.08261111898679943,-0.23907491654734658,-0.4660277557590976,-0.46524911311729567,-0.03964745591474586,-0.6944207355018547,-0.012087659222084603,0.028599075206499142,0.1399215272243917,-0.07107813724817019,0.774010553337186,0.08259047809969228,-0.5608526107389491,0.3371537101773233,0.22246373345312334,0.3747453502518291,0.4815711730245386,0.39893866982306986,-0.49778633062892524,-0.3765626815093903,0.4866581026689412,0.11845225412201393,-0.08956143641639618,-0.04268020777223686,-0.13797114380763725,-0.16559455750040394,-0.010120712875187727,-0.11435933098735428,-0.08310213180351751,-0.008092358926792182,-0.18189655980293226,0.18303981270031516,0.09955864303806529,-0.005468800213556892,-0.11745071664328692,0.07351967024804416,-0.05498043352686545,0.0847149773968892,0.049388235419424435,0.02904811556768459,0.21275097431692663,-0.30735167339661806,0.2655047074397399,-0.0886942253777427,-0.0474144783847548,0.05152674635069904,-0.9382724045038232,0.023060957746386876
111,-0.16545225460911359,0.12156169339928657,0.17440858878126758,0.09039125832598134,0.2843967496590153,0.14692883856461447,0.4598067171400491,0.28910038626243406,-0.26622078226764767,-0.07492580281704651,-0.6621912475612819,0.3112007210680171,-0.0400157779206528,-0.13409049086738917,0.4347572382383127,0.4724863633545505,0.15795925793572552,-0.2549239623762641,0.15754349341050547,0.2852207935612948,-0.10978495538638273,-0.28416592155471965,0.5274671642416724,0.3672415948764647,-0.5312754689557304,0.3965745998631681,-0.07663924921784347,0.2695157553067642,0.0023525370428548443,-0.11369437693994439,-0.21913129281885976,0.31958129423433035,0.13025888380589987,-0.2355625095425053,0.2523848904532024,-0.06655235674130981,-0.3601059323003788,0.35662661736335327,-0.13788444953715004,-0.035828417374995945,0.07490112834354541,-0.16196001796890355,0.1351644511243692,0.23922685726147813,-0.01249779655542734,0.2565756234277406,0.04172954095445361,0.3766249059251805,0.062249053904129784,0.004977120938628931,-0.009911628729366483,0.0018438789904475133,-0.0006614763589267435,-0.0010148411937206923,-0.0024590265539289366,-0.938272404503823,0.023060957746386713
112,-0.6273667102630157,-0.04533749506238612,0.48999805665796864,-0.14532070219861595,-0.21459416895248282,0.042671820243565986,0.24834097149062093,0.21060683325513754,0.06398496930286429,0.07359656523846947,0.2950556665887261,0.22331151355450624,0.19257766036530566,0.38780208707919434,0.3064737035998457,-0.3350844041348681,0.5895196865547855,-0.06424016031996814,-0.07714215461011907,0.04698208467837698,0.08637188288074106,-0.28608571399415494,-0.05296069527627132,0.2928233464358636,0.07947974852398114,-0.1668392913187155,0.06899144378984423,-0.254403353223928,0.27265667960007767,0.07270772859903528,0.09776153163480053,-0.24874506266860125,0.0823415885248861,-0.1279456339693788,0.15645334325246274,-0.16828202253566368,0.2235527545021729,0.04883585697569571,-0.0029683818262674863,-0.08909488470216148,0.004015269280492635,-0.08797321376916704,0.018529172136380646,-0.08097295644954347,-0.14325206143057595,0.08719432767407478,-0.0062656593054131,0.07277541041859259,0.02413264003819081,0.0020852548187637312,-0.0016085745010698876,0.0017210531668169935,-0.0005756921011459041,0.0004355500785796786,0.00026962730192433925,-0.9382724045038234,0.023060957746386994
113,-0.2609765430031562,0.497696174168019,-0.08878329076776313,-0.4257595940970314,-0.14852435299494524,-0.2892945214700615,-0.10284519213493828,-0.14719945554407277,-0.3253601996247267,0.4743184827105424,0.274109713698785,0.20655828185494088,-0.09769150628222932,-0.3320282662720534,0.08396816593678727,0.2744922850595049,-0.04253203867147782,0.012706400364337445,0.0728707018294075,0.01908406672630693,0.015140852291232973,-0.026750493072010474,-0.1627952967580903,-0.10878994704287955,0.10165948332541098,-0.00023088664488692289,-0.06096897539653975,-0.2176010357543481,-0.08588286141237102,-0.17016175367276673,-0.10028568846083721,-0.07600150413881297,0.18748375632312814,-0.06194652452682393,0.06529468845976766,0.11959220898775356,0.028636462554450216,0.01185420937158991,-0.15656547058846082,0.07789109440606531,-0.0007462153672912951,0.14800439112465494,0.13742566118969124,-0.17438842637283708,-0.042291100726271756,-0.02283984831553741,0.06774111284551566,-0.2203102214229233,-0.04632595264187547,-0.0017207478787091474,0.0016374423141284368,0.0014835508772341407,0.0026188215948164967,-5.224613187020847e-05,0.00114554891134319,-0.9382724045038234,0.023060957746387032
114,-0.32216126103829923,-0.4178143223308402,-0.48513803692613916,0.29571449777303516,0.1966005956136614,0.2549902260218377,0.36273443773666275,-0.0009577189398885668,-0.1894761053885943,0.009168946202673622,0.12596111834502624,-0.08641840160939715,-0.38084609024142674,0.22932081174529756,-0.02382996321468609,-0.10334744842733135,-0.35207628597511675,-0.009173077763983182,-0.09939105879870752,-0.07327175884092887,-0.025324641945404437,-0.10167789299432133,0.14497018478958468,0.20236504040362188,-0.09950220017438428,-0.11085305966935888,-0.18581566779491923,0.020777199071245304,0.018351194761458498,0.11334308790527012,-0.1000641617960204,0.0364330745043588,-0.16157726105443512,-0.14146190776800857,-0.10287506361302108,-0.07714004083652196,0.19563570144478676,-0.01920124399254195,-0.1765115750338286,0.12609997365740075,0.21392639277015796,0.06056944999101971,-0.031186170435546733,0.12358629652223561,-0.008896882188313304,-0.2630856990571761,0.020288512894521393,-0.09160743710445952,-0.043132586115695704,-0.0027281321837571955,0.00099001217080138,-0.011268494861146902,-0.00452552261766079,-0.001511821965678042,0.00013420590005042038,-0.938272404503823,0.02306095774638702
115,0.0857188115162998,-0.2663966373315703,-0.5704379801138147,-0.022473537785630465,-0.2031939714465312,0.303458540421059,0.08920698181885839,-0.37407706257536105,-0.0012930564854613457,0.17883929015275132,0.290007887053617,-0.27693463835595955,0.2759723726939572,-0.014481596277101778,0.06868017562096404,0.057042332292208,0.09482073292130946,-0.08407322946067004,-0.144106824604634,-0.0016101838961042221,0.07795849947730052,0.10669530504494217,0.006070441070370361,-0.13238836745049024,-0.002700493530999217,0.1617520255170919,0.09855367006960208,0.20331024319246793,0.05750783103676018,0.17720730388909672,-0.04215191515022611,0.017354112963132193,-0.019156226509924892,-0.06370654343034692,0.16839847204836134,0.21387678083858644,0.09843109876400999,0.1490941935105663,-0.009815727294344368,-0.08832687883243817,0.08506246004721577,0.09257908799040927,0.15132413668405365,0.09659198860874556,0.1735788871258193,-0.1932892625649691,0.017261231921898452,0.03865769856447365,0.0685272474820605,0.0014403869772064337,0.0025093430010738865,-0.00474474616143586,-0.00892727707441263,0.0019366514201003015,-0.001976943832123935,-0.9382724045038233,0.0230609577463869
116,0.11516369714658002,0.2516583701123556,-0.10292607602954329,-0.26985607582215787,-0.18215282333524357,-0.4646868430231654,-0.26045849993809894,-0.14691696197969017,0.013768835622818058,0.10967457163953442,0.11245709176783143,-0.008254450485424164,0.09541379315162254,-0.17177626571309945,0.03308670372313304,0.17272259960969627,0.05974715753428862,-0.17574427760938868,0.1672292951805474,-0.05760233428817009,0.06036986987544771,0.22166752566995712,-0.08384007529233836,0.1670060435091743,-0.06879302836638272,0.005214612484961715,0.10320991161661362,-0.12786865565855215,-0.15241050061601544,0.061664409687949714,0.016935244174252892,-0.1581687053634988,-0.06411146802053427,-0.10526884866338591,-0.02084950945874127,-0.0784701596737629,0.09807767222104498,-0.10703234431527003,-0.03527555570974782,0.14432361895936932,0.07250551450728644,0.11233888145203477,0.059554352004804044,0.22501069265628773,0.01415507205813872,-0.07868268201340038,-0.10070028632678715,-0.134423771371364,0.07254898120798368,-0.004072331002704758,0.006005691237706292,0.0001174098683757257,0.004664991414256034,-0.0004444122530003068,0.00029348972986195264,-0.9382724045038234,0.023060957746386803
117,0.10924323643565535,0.10396352033165152,0.10529084079072429,-0.41914693962540717,0.004942735484333759,0.19249272016138225,0.39185531110871197,-0.09108635783980551,0.10925505143054005,-0.07149233595239489,0.05292517483482273,0.20915185038680828,-0.04219171661293685,0.20473613159290388,0.16948962237073087,-0.15966972865305695,0.28047704850379895,-0.15431740209617528,-0.11582382477417744,-0.006670953386754812,0.16333727409282997,-0.007538370734149947,-0.136354208656098,-0.10835242851305792,-0.14046022810697079,-0.06304129824770352,0.041775350499356906,0.2433877987580531,-0.17148520596532046,0.21160995553592307,-0.12114698144175468,0.2674334814977158,-0.04393339628828284,0.06737849416679638,-0.034437896409217586,0.0014970265193327047,-0.16365924953113953,-0.09112604997675622,-0.004049428465838017,-0.21210707272030338,-0.10264176842031761,0.25417676854355437,-0.32214250989713866,-0.24820477312725592,-0.050522286743546065,-0.24978272820359101,-0.18560406409066751,-0.1919776791307476,-0.06518685574656416,-0.0030368955534355226,0.003277422106332707,-0.0006648229028305252,-0.0001529325675196566,0.00023015453714199147,-0.0015256550812281795,-0.9382724045038235,0.023060957746386876
118,-0.5590502707740981,0.3622713461996951,-0.11857627549550336,0.05648809183773686,0.19282741191377895,-0.13795829243369423,0.103940359961878,0.2824281324474949,-0.2175745920459433,0.07916428914904934,0.23295929315333808,0.1327371970561418,-0.14784404725368933,-0.5072808687688504,-0.20433446442649913,0.1833315891385364,0.007934720924736002,0.05204514411872945,0.03211432439813112,-0.026071440425922545,0.04731333258042608,0.07561636697667584,-0.07007469770792059,-0.11479345865620182,0.0380481198193655,0.23293321490657787,-0.10507706440193369,0.024471811659301144,0.05735060381174247,-0.07007466150205954,0.007278549118405948,0.022360273257752198,0.04434331474563598,-0.0500685613888671,0.03375510247214481,-0.11747419450024241,0.054741928402649125,0.12369315649960906,0.003538054545997389,-0.07670937633528206,0.012248001403342052,0.23966500152216716,-0.029921355858597485,0.051561332756328564,0.02737986955009499,-0.011503014521063443,0.0576772123696925,-0.20050609320835905,-0.012056557150539843,-0.003859579502163134,0.0027252951751687276,-0.0003845710511857234,0.003900751036784718,-0.001048831550852514,-0.0019082211186236273,-0.9382724045038233,0.023060957746386983
119,-0.6304332915879604,1.968919488098835,-0.13192389834814938,0.8249636475543148,0.033421071922645526,0.4835160477537386,-0.40235943349327824,0.0519328295832838,0.45187423513324776,0.08127456601795013,0.05305459269264117,0.11640646362291068,-0.15736282721191683,-0.03404150327436373,0.16827800768955095,0.061308268930864884,-0.2477532466650579,0.14543851328022517,0.07905950438866129,-0.03558374931633749,0.18142917414361864,0.1620038647243113,0.20548562483062363,-0.131548136103976,0.06715681999754268,0.0014359428569388922,0.24102159029748638,-0.07318697855338552,-0.13582265448832195,0.18703454399791025,-0.20087110648644133,-0.11722781730714821,-0.22713080531788382,-0.24392193764374293,-0.2704961901701807,-0.19060583190489147,0.2627586652309171,0.3744891393245292,-0.25731513344711154,-0.028716285452500906,-0.4892300379676232,-0.35807259528504765,0.029199830574870165,-0.2563655546244812,0.2836100244574593,-0.27614862017646213,-0.2125386240447142,0.08053694076111212,0.015232893080464388,0.7236019431499529,-0.1942813269096017,-0.262589537019364,0.037110421209282256,0.02308308162882619,-0.003563373290311134,-0.9382724045038239,0.023060957746387348
120,-0.3452071357537282,0.14704766471486033,-0.23523674258735086,0.0837810407100481,0.2929234660645465,-0.021159913976620592,0.1374868371206758,0.35595381798615344,-0.11037965486265465,0.1268940240275644,0.14564481358594483,0.5013593124413346,-0.06972686234069159,-0.4452762492937848,-0.11797204290270519,0.025662254240733418,-0.11204760814688142,0.19063024104114523,-0.3110993573887175,0.11000655812340134,-0.027092419987500404,-0.0975245856223102,-0.04465649652932893,-0.19607602947811237,0.0883902813795188,0.2172946215440341,-0.27698022241101494,0.12980294636420986,-0.10006983873584767,-0.11521109729131672,0.08758055956952575,0.07107832480610057,-0.16835872688669823,0.01202331807672677,-0.09218256598469667,-0.07128036942910566,0.06953818802069679,-0.09797757791476114,0.16243674852379464,-0.07033661193979505,-0.060322802249212076,-0.004500646397010763,-0.015021472467686137,-0.08131627554507628,0.04752559836102227,0.27010847433755697,0.036067537050162836,0.007022088163304107,0.10318376493529255,0.002656860053789791,-0.001665905739247243,0.001503322728382361,-0.002193692303528782,0.0006374389242122154,-0.003384257843070017,-0.9382724045038234,0.023060957746386786
121,0.11786942754834454,0.14408284941959196,-0.3394226292584991,-0.10740957989508214,0.5465576813496246,-0.30441740875440926,0.3775433587700431,-0.13452879045079158,0.04684797266218085,-0.0033169056241234805,-0.0496792218188383,-0.11156204729088581,-0.08069981266666501,-0.03678649580137862,-0.1585785068485016,-0.043955654193796115,-0.13978399217408646,-0.08686855392853737,-0.13873240277309584,0.14806050621107783,-0.05080579091910288,-0.02086948808856243,0.01275645445150505,0.04847911789132476,-0.031442889833226136,-0.08513656567685025,-0.2807141224539194,0.06549650828477474,0.011003482207628546,-0.1250852070239349,0.08617564766844257,-0.10227124649919236,0.051418234208138375,-0.07276065282615882,0.031180084661203294,0.2528450337410514,0.045820208430269634,-0.028457049107720678,0.10168301814349899,-0.060702961520282234,-0.3065638382782201,-0.002890739517414262,0.1222770866569149,0.050099777220479175,-0.14200592455438812,0.02946636883691965,-0.12303537939098395,-0.016617481073400574,0.052868941548037014,0.0027003865719159494,-0.0028249011328688426,-0.002325592517219837,-0.005758475337268095,0.0006554850386567714,-0.002220038174786678,-0.9382724045038234,0.02306095774638666
122,0.12578446966314952,-0.03239486656714193,-0.24336233026952048,0.026151771769007907,0.4995925010932975,0.21062855262931468,0.1116366529250491,0.4021380482856387,-0.1704934842842651,-0.18140943303003146,-0.1454092306905984,0.10042036975948458,-0.24127783586317558,-0.07402761084256125,-0.3979320662374897,0.29982927638793794,0.039930516357246086,-0.15003859609697928,-0.18390234943423803,-0.25100539184995646,0.12523306608233262,0.15903975550658755,-0.00443418435745851,0.09795823486344457,0.1139129412057461,-0.01161941426186043,-0.05974813056552909,-0.07761978376162192,-0.07061635986863055,0.1972125425850941,0.006203175197363649,0.07413383007595398,0.24415038055222346,0.09208511069482823,0.04523366709258098,-0.14106769993140422,0.2875559743649296,-0.012044063582570472,-0.32470089592997764,-0.012288115546031155,-0.22474299412285384,0.0697482533385723,-0.10120603759818116,0.122289453527992,-0.26738062898680787,0.04077025778463353,0.23075962933744731,0.15965827123642412,-0.11560990699396662,0.0015274772909085077,-0.0018135401496439784,-0.002154393408451361,-0.006749766686717529,0.0010627062439611823,-0.003173981251062946,-0.938272404503823,0.023060957746386525
123,0.14072194729305237,0.09079858694034344,-0.26040379410789954,0.11208351076072752,0.27592956159949217,-0.5108131625575627,0.13990558035570944,0.004618282609055695,0.14106290318994452,0.13062204358021645,0.025382911414006233,0.15783126696487548,-0.28402332324240026,-0.1714724942992232,-0.008920895852804903,-0.05529103351042676,-0.014052695253968968,-0.06946037845195563,-0.14531778904644313,0.008093598765895346,-0.03897991599032528,-0.05074736416324676,0.07688043313027951,0.14554514962950865,-0.009322717833822058,-0.0015827514375660653,0.02242409302006378,0.04974982894486481,0.015843183966262716,-0.0009615616610874534,-0.16506758650326403,0.09014066874255765,-0.1251287624155693,0.21021955821681518,-0.12076434135058428,0.049006243703551465,0.12782079623584108,-0.017120752434040664,0.11746181421855886,0.17643921478854038,0.014464823612018458,0.1983829853951651,0.2488520819351366,0.0755020314294721,-0.07349066241035751,-0.0001525739028360328,-0.30771426641189303,0.05282321527266672,-0.09229751588193334,-0.004428231174543807,0.001279446168675163,0.000134983778133599,0.004092688994416111,-0.001172953730905244,-0.0004522352735390517,-0.9382724045038234,0.02306095774638685
124,0.4367872708861289,-0.05434655310175004,-0.16487370417736058,-0.10250218557599301,-0.10693528086980426,-0.043626377702881185,-0.18161013122422645,0.13938295319628335,0.20256411132186192,-0.0026108038987748463,0.26439437527381926,-0.29290578730002925,-0.048220531754442415,-0.10376939869214656,0.005795243663411662,-0.05411734433266882,0.257307459092276,-0.01066274986751794,0.31229601457542905,-0.033217857801995626,0.08917409492998872,0.22574209563961614,0.09283902633331861,-0.5124909597885288,-0.027170752291639764,-0.05272824198623121,0.1546882604199401,0.0517279184746755,0.10527685416768051,0.15751911191714013,-0.16685782128943094,-0.14321755200622527,-0.01278802709806182,-0.03425489576369131,-0.06679961801216668,0.0949684904785743,-0.04526701380825307,-0.12702954995892368,-0.05174944285846856,-0.07922154777772565,-0.07129103595093694,0.11421996857857876,0.16872086357718888,0.12849826563980624,-0.09026009920757642,0.08691584122918672,0.13290048881683347,0.041750802458324694,0.009266194374569322,-0.0009132150038181235,0.005098089890548256,0.004841599506066287,-0.00030979165370167706,0.002147198101720859,-0.0022345606754511677,-0.9382724045038235,0.02306095774638673
125,-0.2684242607046639,-0.12592027525275157,-0.29092128328302025,0.15668492818522545,0.36665194584290306,-0.17261638193953335,0.285985827095191,-0.016475299110513184,0.10189184492398494,-0.5687972935525525,-0.10373431950337614,-0.08631058833256917,0.14086266193889005,-0.012233691904555113,0.24468105927753586,0.1142589755559601,-0.02063711512395503,0.042282443426102594,0.21713656285382182,0.17256793319404398,0.0005919838415929976,0.07209289667148905,0.006867043956054911,-0.041967639874002476,0.1646446007498527,0.31973433711560006,-0.013871585093749087,0.10577383429689147,-0.11215279766959947,-0.2837707322493103,-0.08612935696442438,-0.07200400069125604,0.04480316601461733,0.0015218176948935717,0.3422881112584904,0.022329091203667373,-0.11311476607529869,0.03553370964541367,-0.16782264605333275,0.021217599798394774,-0.041272848834270494,0.09750539997230592,-0.15940533050887948,-0.08659350336048842,0.0993799024682832,-0.01446824781956123,0.03176405067983452,0.09623585443067073,-0.03635381749670254,0.0021860433711242294,-0.01046570450437636,-0.00012057005501777386,0.0005492733698017507,-0.0021929249645446206,-0.004098969418820516,-0.9382724045038233,0.023060957746387032
126,-0.3351964167083172,-0.10888666348732762,0.13413251523008962,0.16567249391822003,0.14216159961932437,0.08863507556328148,0.5134090114450813,0.2681524368211507,0.20201178093151764,0.0056563180667610555,0.03690334531632989,0.4027892934296183,0.2555034627200823,-0.005034243707110958,0.13953982639078136,0.18187411610897716,0.06936871839377184,0.04663362525289652,-0.019282473515834026,0.1411715058526197,0.12263747933315054,-0.0773416836873064,-0.28500967561385854,0.11007167605948154,0.02280331405999789,0.015768934384861582,0.27106645115554656,-0.3546542496820833,0.5338347762369648,-0.003552074136715442,0.41682404610957147,-0.04564789056205275,0.0525796705777032,0.009552543266701729,0.056037804364636,-0.0683461071351923,0.034165841922631474,0.09042533519297238,0.1961487198917569,-0.010634705953980916,-0.27877105547460035,-0.029455313225097042,0.1426264275000208,-0.02278823338693848,-0.25233707524008914,0.044277405118244316,0.05816685035324646,0.07665578371687969,-0.014691348164417278,0.002948294913228037,-0.0032801581541231826,0.005818899605052609,0.0006730726419031232,0.000883539997535418,-3.239734469823092e-05,-0.9382724045038235,0.02306095774638677
127,-0.3410869708723297,0.15184022919675538,-0.031260176562329066,-0.19949383614279376,-0.017259003104703463,-0.098461382636383,-0.12999787071932314,-0.03787757406078881,-0.19319914690595266,-0.14075664556923512,0.10971174638986646,0.1364443031511278,-0.13751351416088395,-0.1521079144100427,-0.05608093118801805,-0.03322268714514189,0.4720778990710692,-0.025061866340483855,-0.10046109742751755,0.02390048234267397,0.1576892776908702,0.0759283747353822,-0.1699720871134414,0.25152916113967755,0.049512674981764614,-0.2234725896051675,-0.16593165713246888,0.006304745684060496,-0.10283434754795492,0.1504287634963665,-0.23914989587262347,0.00906606472495374,0.05727332482024667,-0.1314106096888588,0.02404318843009847,0.024874386249646916,-0.06542291741915235,0.0597764302858329,0.23507276982721872,0.09747108691330277,-0.05724834213044586,0.13073678953168877,-0.03936822895874951,-0.05521189672648224,0.08327667066013174,-0.07120133653344474,-0.01760781529694685,0.1758511441269206,-0.055403908656252006,-0.0013221569291249197,0.00069497560653656,0.0018946528524898753,-0.0004208528502262898,0.0004133237895596535,-0.005171622483968382,-0.9382724045038234,0.02306095774638688
128,0.2097789458762,-0.13189311475124907,0.21065259574111223,-0.049976199999770876,-0.2162375563492366,-0.06985766458017678,0.07487658722076286,-0.2403562724983493,0.5582550151306306,0.08460685929954331,-0.08378011651279677,-0.13918466602539695,0.1858789294249534,-0.14424816523310402,0.12494564154449737,-0.03311214051924981,0.026669094512740396,-0.14888254435564574,-0.17667865662536333,-0.025469558122885833,-0.00789120702248395,0.07604886710853737,-0.06332777393072204,-0.03555580446486865,-0.04124499718862999,0.2718100503791663,0.21495574565610628,0.17499065560358354,0.05082546192330066,0.06099321306083827,0.024003905873384503,0.11855788290525143,0.011724688013215304,0.05145152510464382,0.13340626972646927,0.01315846484600335,-0.009076155685737039,0.06781954199742281,-0.03782217930752066,0.08729694838381159,-0.08209331295712759,-0.04491187855232426,0.03351498083493718,0.02783971890844542,-0.07152806031731598,-0.029132932543152405,0.01667392854594024,-0.0016228252761141617,-0.031138764341604185,0.0024530385788082785,-0.003872162049071622,0.0022993672055766387,-0.0006113007767499014,0.000350469323130526,0.0012306610741751548,-0.9382724045038235,0.023060957746386744
129,0.051926187577896174,0.05859210450424105,-0.5348796656711536,0.4015355568780818,0.18339427197422825,-0.5136612838690723,0.2808088591465277,-0.11951761016753118,-0.3642360062606438,0.4807749535679189,-0.04933033438714766,-0.3492066864911247,-0.24780163275703443,0.3183952990025122,0.10430113969726222,0.04814068756455564,0.06043908735619185,-0.24606241849236324,0.08564415994567505,0.2063955276702237,-0.22980057798283676,0.0414613400716604,0.0918307058798944,0.059581713386211606,0.05567649024146448,0.11504546324832617,0.08676433003097946,0.28951696650697833,0.19088973061843953,-0.10188103102251585,-0.0768886349083393,0.25777990189156236,-0.25043626346676023,-0.1388448829585454,-0.031222797128634728,0.17065854560695093,-0.027981531505583895,0.04649941045965992,0.15378141506638535,0.09979860626142203,0.02205927788389362,0.027099276307096572,-0.08858634740226616,0.10159730958041881,0.04609080515074497,-0.06176104582991422,-0.08106126640335565,0.13860533689647686,-0.08694062108006853,-0.0008429914314110632,-0.0024518990614513583,-0.0009969640587434196,-0.00212520434045258,-0.00019376587734386448,-0.003262314954068889,-0.9382724045038232,0.02306095774638694
130,-0.0807612620623183,-0.16006098201055705,-0.11555715533936789,-0.03548989575468673,-0.2401340407315122,0.22112513599412562,0.36463290114480024,-0.5826341184066223,0.025927736530968578,0.7768107703332073,-0.027040648640529272,0.055538192433201496,-0.026237364007561742,0.13064140712374847,0.026363723793793606,0.22225633479223536,-0.07960478728927865,0.016407830271640274,-0.1843392818555303,-0.034664942236171094,-0.182901474804758,-0.11511980973598089,0.0009824975534743444,-0.18076928597097694,0.005257991566157378,-0.12293317464929926,0.1290555631852613,-0.06264545560729393,0.10776880192766045,0.003682989262117216,-0.14213409164618246,0.015227645055532502,0.2558779661853795,-0.12045891111526597,0.23388320671042828,0.08892643773612992,0.13425215631534138,0.04051204320483166,0.06071136776485055,0.12550367331314363,0.04283726185253758,0.06503045608034726,0.06506157161486206,-0.005823841787826262,-0.033150145423806364,-0.08461447407788394,-0.1509972567724032,0.1640896035890355,-0.09723154078301759,-0.0002194420876904998,0.0020304818772628724,-0.0006791741653251338,-0.005338005777649333,0.0018942362819505515,-0.0005163039735810605,-0.9382724045038235,0.02306095774638689
131,1.0248141515589955,0.08053268058933698,0.6622920822284669,1.0621922662812626,0.34037977705699796,0.271732423926429,-0.6358454463330222,-0.43083699592128644,-0.3806231642130163,-0.3101804415150872,1.2767853965834985,0.22012772384795037,0.2387939012933108,-0.26782413894543,-0.30562539078269113,-0.15270300121237532,0.27100090594744347,0.6770228575642251,0.2687046458405359,0.16660651615866245,0.12260995998681942,-0.0961884696536163,0.7455604157760449,-0.12479309883805792,-0.3145540688842179,-0.1996155014694087,-0.13641822063756545,-0.32632344675167874,-0.1172972818950718,-0.10906561311401293,0.5073378892214195,0.8027307771069403,0.042616810112469664,-0.2357356404608525,0.384181399531519,-0.1931210988963967,0.02685662453344917,-0.07911385997603278,0.11596866056638783,0.2729338086063873,-0.004317685571519298,0.12731664990463265,-0.1515591646532494,-0.12797489844551105,0.11033125776851536,-0.19307506843974112,0.01930277542170424,-0.011933072900510705,0.05033333555431735,-0.0013954735004299472,-0.0014925756138706493,0.0027469000785675475,0.006180554542602602,-0.0015727150189267282,-0.0022652508057857098,-0.9382724045038235,0.02306095774638708
132,-0.2446457724861279,0.5095092117023085,-0.05501395419251878,-0.4043964443660276,-0.10937338628278859,-0.1545152552738792,-0.14777781490624645,0.16380825669482169,-0.47933446345089376,0.13029419067821169,0.2400820392087413,0.024021251753861515,-0.002820515135048629,-0.29436889960279206,-0.03218659927624314,-0.04206906419011219,-0.18344008810344287,-0.011433670281663038,-0.05243374657711703,-0.1511370510123497,-0.035327159026240514,-0.08715918517163947,-0.018687440289498494,0.16387624543725193,-0.13392369065910564,0.20767242840074798,0.22669648493202277,0.20228666867995557,-0.06577263011818214,-0.08423786057134419,-0.1082555282252855,-0.11264684155714885,0.05426094724838384,0.041345491107883575,-0.00017236258859974846,0.10977108889487548,-0.18815403888705926,0.129352732909742,-0.03302137781388522,0.13380892952901918,-0.10849232280251231,0.15089719395625692,0.034095339664491776,-0.17494669238620753,-0.23529022479659523,-0.10203277012850495,0.14112515267617626,-0.24411073457471127,-0.016851358329034224,0.0035413391029404423,-0.00809639948266479,0.005063786437603367,0.002711408026182304,-0.0006048642945614806,0.0012626324998349589,-0.9382724045038234,0.023060957746386907
133,-0.15292615264333467,0.08134652298768526,0.30966211899434587,0.3760214223375652,-0.04278660549892622,-0.083610669583789,0.3010954597074928,0.5564948939874378,-0.04480011568212207,0.10684820437440994,0.12386583277251476,0.008440205296494483,-0.4344981986412556,-0.23250317782850682,0.08781399443327054,-0.002636411941298376,-0.5990969154583656,0.16870294306937475,-0.02817660598676669,0.17098538885670858,-0.09613137048025232,-0.29813995176057767,-0.13407236213103457,0.17274015413127847,0.03618701789096898,-0.11744069527285658,0.16690417563779347,0.2669699522182727,0.08957107754156085,0.036448232681066596,-0.14128936199828646,-0.05005957567329476,-0.11082701849197929,-0.1686271394572487,-0.00022299085028687677,0.018239984684432768,0.0935716911317433,0.0016420591623950843,0.09154965059646206,-0.14230338545212323,-0.048583649134274876,0.06737865612870501,-0.1597269427935428,0.06859967431776992,-0.19390578594538713,-0.029481690490835412,0.24150908699713858,-0.162789226446653,-0.10578929560679375,-0.0033038214382649102,0.003673263991050593,-0.007147439364635438,-0.0018680696967267763,-0.0007908049786499177,0.001012753450543714,-0.9382724045038232,0.02306095774638695
134,0.3778868684928838,-0.023522002117518096,0.17066279627983796,-0.09904494354928223,0.00673154130782965,0.6283498187494564,0.00030068172397742523,0.3058333797446128,-0.14054571583696415,-0.1672038649775378,0.001075973146211833,-0.06823315182089253,-0.30334335034559284,-0.15348402726968258,-0.2083408132017719,0.1711600241997301,0.4249513588933619,-0.23987549948078654,0.03654229437364078,-0.25738380116976395,0.09935578487372534,-2.3317558469855085e-05,-0.12135669462796157,-0.09213303407964078,0.325839557404996,-0.3103841026740554,0.3260986155566696,-0.2303769139934139,-0.07511229843835363,-0.0678964604132259,-0.07204444301961947,0.04337151621799745,0.014452032756094945,-0.00622300577144877,0.1820970215543115,0.3264961249672222,0.12826697771658363,-0.023165690816252096,-0.09933696506312265,0.011724632988883358,-0.15748414216419954,-0.08992087933239618,0.08663150065077803,0.21893632425558646,0.09074447395077062,0.10643731410003866,0.05940290668589628,-0.00790948790643291,0.0006109867324107988,0.0004655550332272632,0.004525691017514503,-0.0007827206089914875,-0.004120367243966254,0.002010093342060337,0.0009440710346874878,-0.9382724045038233,0.023060957746386498
135,0.13628343983910599,-0.09748925582498369,0.1442521495169791,0.3482447210732259,-0.010262103076898448,-0.181502722697058,0.33028624694249686,0.10110508469228524,0.3639823416977895,-0.06953021362357391,-0.06708843925575306,0.05473459886514782,0.0038981769253782204,-0.23634575469758984,0.1277813264129004,0.3213504415291689,0.04850165521837329,-0.11051157741057895,-0.023427633579598095,-0.0032845050560474055,0.07886638740111465,0.17805111937729204,-0.3007618092837387,0.21369884873987485,0.1109864397923127,-0.022187856338123896,0.18303403833872353,-0.10807542601188164,-0.09308279583717258,-0.0828484219799243,0.012620164579270761,0.035257129869653736,0.05527144583766468,-0.24820588239098595,-0.09461082814565859,-0.16781988570252124,0.11662130218844942,-0.10397914641484768,0.1116388651527883,0.13736904175338963,0.04645512790486529,0.008184872339056206,0.2383089716256981,0.08065457999245522,-0.02840885104272461,-0.14121077664095127,0.0020709524702606868,-0.08056109399823433,0.010200867704548418,-0.006138021508250986,0.009032844351886393,-0.0034157091060950436,0.00550729068721828,-0.0011173619017523556,0.003004554051431999,-0.9382724045038234,0.02306095774638673
136,0.10055575032241518,0.0354358261548559,-0.20606413670764587,0.14794783847343268,0.09976568988612929,-0.5437606222580263,0.10537613408723231,-0.017321530172137452,0.1097024590851694,0.318193822167196,0.10461978685598029,-0.007258896934172637,-0.4495162043902953,-0.12444177798190585,0.13970368010446602,0.11039836096418798,-0.1230238782045427,0.1793236166356613,0.08136290366333988,0.1821347563235594,0.1118450690198387,-0.0851127868052271,-0.06618653965374033,0.01664373805507826,0.22783000432141504,-0.21940426015185394,-0.010508147775541491,-0.08112295458343924,0.09016999735592184,0.007182397094321261,-0.17060320030659223,0.07390926628330251,0.24520467677618357,0.14757865126197559,-0.013617727480486265,0.17180068392310296,-0.04795361616423128,0.12745159468134454,-0.055370471394833344,0.358944254854953,0.07069674804889603,0.037177348812631496,0.1002992125236249,0.1878657690885904,-0.06579386351859831,-0.16857292900286883,-0.045743432366544226,0.013186162123646502,-0.1501423448225379,-0.003703441475894262,-0.0005711304813521637,-0.00013988277647213615,0.00355537357834706,-0.0013670795345096939,-0.0008880162500825056,-0.9382724045038233,0.023060957746386963
137,0.13391235615282815,0.13359184780851946,0.28781883677859255,0.14021990879929477,-0.4592076867510206,0.30889833837387304,0.024900714960834788,0.4991396285324559,-0.23883538141119873,0.3041791279786391,-0.25767580334516205,0.19742559675932184,-0.44274751307285787,-0.43639598798007845,0.30226651027250817,0.43441743648320835,0.0051711680596789045,0.11717612417714926,0.04285220412780671,0.25768317902562426,0.42330730481154605,-0.24434183014669997,0.4970390161961155,0.021425309322280543,-0.25186239062505206,0.12479120978968516,-0.21807211843230545,0.47805432481637994,-0.10908973797149389,0.29364024715638654,0.12080088217056931,-0.0072637568183734486,-0.13666188090835468,-0.21944742742634502,0.2383084145607269,-0.03450994227807849,-0.2409171874058122,0.11455023266331718,0.026441271326509936,-0.2332030022444204,-0.05231934449050439,0.18473425857225895,0.3003628946263103,-0.037922441129315705,-0.16056399780304675,0.37936457764711734,-0.1879215913884558,-0.12788064352794223,0.035479035211811186,-0.004159400257478327,-0.0029117285869567754,-0.001308114586263131,0.009596371772054163,-0.004099271217503388,-0.001430497082060251,-0.9382724045038232,0.02306095774638688
138,-0.38596314109724794,0.033465671658586174,0.36035762575236874,-0.1347134937276995,-0.2848445500077698,0.3310863077292553,0.2215967736822157,0.08233733370828551,0.09104426709918359,-0.08898086432217582,0.4786643475072003,-0.3162982717310275,-0.25205449181787426,-0.0726007250700059,0.12720230792324536,0.35740982476424604,-0.01644058735507918,-0.042338490171899966,0.04385290469022296,0.09172305365702305,-0.24046002856634607,-0.021282854315185007,-0.03155441698182646,0.2075991569160096,0.1763364157729835,-0.10722076205560604,-0.25827545702368343,-0.1875885418300444,0.04306386544793829,0.0015332766737515147,-0.2279809571235791,-0.007349964491388483,-0.1551149546839897,0.2582790649520587,-0.03884118950689912,-0.17406993359941308,-0.1318499146647428,0.022463222862323058,0.21507408432335046,0.043478857949486374,0.004843537847140066,-0.18028614484266456,-0.20553250037635346,0.12905822942196807,-0.0871017654739891,0.054867800034874445,-0.023493260234614177,0.1538512185941986,-0.03223450319955637,-0.001555490542059183,0.0007117429507958816,0.0033852048031105834,0.0017084050098281301,0.00013145404566980564,-0.005445346102470161,-0.9382724045038234,0.023060957746386744
139,0.46231167563158326,0.07718281016420288,-0.13924523704332736,-0.13980915810236721,-0.06584246960679375,-0.048748162345784905,-0.36243253578607726,0.3960350358535051,-0.24324391050275537,0.15682268110529848,0.14370000192948057,0.040624795148258716,-0.2954105156876156,0.07497608061309073,-0.10824198927680484,0.26213537032100215,-0.15617774121306327,0.08549644022614727,-0.28926870113708364,-0.12589826659293582,0.3079045300010659,0.046244591682982235,0.25652684755937377,0.10328659074281257,0.0789705883769725,-0.056679526191593166,0.41190042989493697,0.3494227554027304,-0.08475303703156306,0.2940066589312074,0.08218669062485857,-0.05222423854990499,0.13690618363296142,0.2917067358036239,0.1841157161867184,0.2609076226100288,0.18995281286558735,-0.004257290134689674,0.10294966442905565,-0.08896440389138846,0.045092938237850384,0.06417506995844117,-0.19687054100717094,0.01985289520884303,-0.15155257782524773,0.17266265923853802,-0.13401992703421647,0.21903757334445878,-0.02439575082190366,-0.0008789650500198534,-0.004153282537723688,0.0015137356539665237,0.0030413131776016,-0.0015896529634778114,-0.004417421941944761,-0.9382724045038231,0.023060957746386473
140,0.20739964876938416,-0.2670118419858422,0.7527788623971268,0.2172725729377406,0.8262844168763152,0.41645384182549233,-0.15690811055510756,-0.581752402977804,-0.19696355909457522,0.33372031335110536,0.09302300518900773,0.13944406230955678,-0.2633927592431884,-0.2350566457823223,0.17285947401595783,0.007453939337639786,-0.1576953253693009,0.11574277526580841,-0.021046483646868185,0.09039289716087574,0.059961823155197526,0.10241907459384661,-0.16569793014387693,0.018326691670857546,0.15033107534852266,-0.34633181089332804,-0.09717716778404871,-0.27910254227515974,-0.018512091289738502,-0.09118366040094633,0.015994364711556,-0.22934323188058892,0.23003772908703024,-0.18671060035513845,-0.1755865918633275,0.15220868794011438,-0.24703206623533286,0.0871711423891855,0.05464916543942195,0.0709113304088209,-0.14516680405480392,-0.028187071950132425,0.19104783066993386,0.1161730717197734,-0.048344826119026844,0.026287727183250335,0.04639039766285148,-0.06117461051396018,-0.033248587316493265,-0.0016076498383035805,0.003500196040621558,-0.0030834217167403843,-0.00043448748505765377,-2.566274022479652e-05,0.0020747076688083102,-0.9382724045038235,0.02306095774638678
141,0.48220927793016094,0.0765880188622155,0.07134873326551314,-0.2036598818625611,-0.27631693765075044,0.037232991990097615,0.07652057004231318,0.0020725129175158735,0.2440966764943333,0.3203004262093539,-0.0754934795509923,0.12259586594885535,-0.11393876762489301,-0.029841842735325613,-0.12962992420986927,0.19643799424479447,0.2315445117983548,0.06038464488777858,0.2793938174493776,0.06771186850380281,0.17237803790592393,-0.0822668726871088,-0.06865923089473555,-0.09312336977672975,0.10535177311869907,-0.14190029178965413,0.1446441063413825,0.14499775063354775,-0.11131947726055635,-0.10962499395884658,0.17581398196589904,-0.1167922603883291,-0.3174816281099245,0.10721040039748778,0.0011686988659050076,-0.3414928633571627,0.0846016884532988,-0.12418256123091699,-0.05498058000086476,0.18236963946327758,0.018524816730774666,0.032485139204976934,-0.34150570971592425,0.046874671213646406,-0.027296849510270508,0.023458733446113864,0.03927929951041064,0.03304059396479166,-0.1173952638905266,0.00022242891543777207,-0.0027687073955406667,2.353915293338012e-05,-0.002319399128169758,0.0001265508709851319,-0.0033395876956628977,-0.9382724045038235,0.02306095774638693
142,-0.22122474941875642,0.427400331843187,-0.14741909627435937,-0.39203158072281374,-0.07944633860097229,-0.07821073799880883,-0.1200806355171019,0.08147283967831477,-0.24486795178799825,0.2638154917612102,0.3567384718268559,0.10103666956389114,-0.060116833536000086,-0.45760683590951207,-0.006233841176738906,-0.13191559901278765,-0.16258857985255012,-0.09915399556880702,0.06057317126143365,0.09194861965170939,-0.008235453235603126,-0.017417954434844958,-0.2010717571785593,-0.03804064963480879,0.016784169212012617,0.10688299167681799,-0.053988555855041954,-0.08146276502323319,-0.07056433580431941,-0.04968898882417296,-0.023531167496146553,-0.0067121890976294,-0.004295396006746942,-0.08598516108852507,0.10330230457386533,0.1930213073361657,-0.009167527953190006,0.13072074472722628,0.21533943256631882,-0.01237896411132005,-0.18982213851173155,-0.07678433458879207,0.1478865225579912,0.15320094393770042,-0.08299615516338874,-0.0026952371689925444,0.11737734380430402,-0.2556626857687414,-0.08780069173009357,-0.001923694809280773,0.00801900398300176,0.002768836074768716,-0.001950551333275743,0.002914224523069083,0.0020511449344756,-0.9382724045038234,0.02306095774638696
143,-0.3423619738372448,-0.11295354397739958,-0.4833665584748646,0.4753099681849379,0.11963136012259953,-0.12186741284243283,0.16997721233320112,0.10286932461878112,-0.19172767392416987,0.1131689505111667,-0.03340854965372713,0.06848862862563676,0.10220713631808166,-0.07972043349207909,-0.13825915948529205,-0.10477759784071718,-0.30879015037359214,-0.3217745780237757,0.46209907296662384,0.18609996113005384,0.008315712191287768,0.4718689422158201,0.13168570497409215,0.12789849307836018,-0.17584632370526973,-0.04112509321413844,-0.05415009045868889,-0.1397989537926894,-0.3001040752562384,-0.20361056240735803,0.05766869219215655,-0.1328378233636954,0.09692717877235699,-0.12243038429257073,0.014217334060486432,0.07317313436113068,-0.07657330388205481,-0.022668990242590573,-0.03869494865089627,-0.23154865285792167,-0.04466818250126833,0.19961233544520893,-0.28177822227977123,0.2738058539992648,0.11958954553808308,0.05653723060248134,-0.06678803479545638,0.10793463747355778,-0.03487900500494057,-0.005150855054712925,0.00867566993886974,-0.0006532252061924588,0.0008479876244503959,0.0008902054885358332,-0.001176935688105696,-0.9382724045038233,0.023060957746386952
144,-0.0674085736023638,0.03666030413245117,-0.2549274954781459,0.09086086212684424,0.31653046173805804,-0.29126865885107367,0.3364517444767202,0.07185133397736293,-0.1806346476524593,-0.43595893082900433,0.021827290728773933,0.10193186558194554,0.18420084124206493,0.09722684001619838,0.15115404510879052,0.24774727485984652,-0.20428248113449002,0.19996868098292828,0.0889794510136759,-0.04645265337556015,-0.08205611671687466,-0.14737667192747447,-0.42269068058096027,0.058007302310812754,0.1777874831204649,-0.05964244532895752,0.0059596925327559235,0.11567194323941,-0.170452392641888,0.008540783822865697,0.11957707770433697,-0.03386514698850036,-0.13840711862831706,-0.08864213451835229,-0.1806661047893869,0.06643734976035977,-0.04896783036174511,-0.3326022272319252,0.037062208693857956,-0.09525307312691944,-0.06202971071506516,-0.008797001665774394,0.17760791719908628,8.781658564090746e-05,0.16461531018212355,-0.02866159916465707,-0.0019408420840271465,-0.03278167428739693,-0.011282115690698306,-0.003886390432295626,0.005996542823257362,-0.004701893782773148,-0.0010620670001634214,-0.00023386882671705644,-0.0011011335613030537,-0.9382724045038232,0.02306095774638668
145,-0.54411668030068,0.10283971045484078,0.07259533313238775,-0.23374736621699896,-0.08016128997359559,0.10371002573151204,-0.2033910329124849,0.1342659518709648,-0.08009133138632181,-0.18196446667211855,0.2754333757239186,-0.19293163761715204,-0.11198246204116909,-0.06247313747123086,0.0005104776134072437,-0.07947160597309084,-0.036161508703766256,-0.13064067203524646,0.26622930075853624,-0.01865832782556528,0.025685264701413385,-0.006982369309818842,-0.06458258500053145,0.006364537906722757,-0.15191350019989233,0.15022114245714993,-0.11790269047089218,-0.06774596351449338,0.20544350959014845,-0.10060060323406707,0.008518788944777702,-0.0061724463338689835,0.2696737556976054,-0.08962098874861998,-0.03572938594609948,0.043939599190991725,0.08602336383993196,-0.1090488402244779,0.08251248330100472,0.18293147711413235,0.02187024687827347,-0.0054025459030163986,-0.06088840518958259,0.02785575426468583,0.008047320372618525,0.0458718471473927,-0.12574538526933823,0.03453140523528334,-0.07092407841312393,-0.0023859513284967522,0.0010716049028507786,0.011361132230837753,0.008882543811109823,0.0004693549929182517,-0.0005555710468332375,-0.9382724045038232,0.02306095774638689
146,0.5780327264954416,0.0707797080612413,-0.11954569144737075,-0.13887683241637405,-0.23777494727970397,-0.10572329175806591,-0.2254161694382176,0.21747019535288142,0.0017064069189513286,0.18132873990662265,0.34321806661770676,-0.23328690826616108,0.02849269857912571,0.2878816850454985,-0.019621984558262667,0.6335246899874639,0.41741127506385717,-0.325129096630874,0.3454003267758604,0.16083003774532867,-0.29428161005436104,-0.0257612775294667,0.06801994871257916,0.009396009701536416,0.09447845580067835,-0.10205314846512874,-0.05543538253724912,-0.14809916952666205,0.004920870436775238,-0.20723591912058595,-0.291965673555529,0.07562969829352087,-0.2723743233303721,0.20821015707696974,-0.42206778651144,0.060643610586149956,-0.0360103600313136,0.31169972751897684,0.23816338674211243,-0.120375549090012,-0.006443927351584929,-0.18836592835907923,0.06763014151685671,0.04000954187285898,-0.1686380979353427,-0.05516812353130714,0.14023110866422447,-0.13548010859345638,-0.008858714156086585,0.0015842582701409542,0.0057304215464923786,0.0011321193516681779,-0.005496992315643807,0.0032643979596349132,0.002701509037762068,-0.9382724045038233,0.023060957746386487
147,0.20952331604395363,0.5751381464568106,-0.4830162277072194,0.6428569316076307,-0.1980537967413169,0.3369306954569262,-0.25196942602207634,-0.6355897334324312,0.021576396954656095,-0.3881178590934927,-0.2706847633438554,0.024520202747884634,0.1382921018402612,0.08976185016904034,-0.022176348638885738,-0.08499550332363262,0.12725796974996129,-0.6088836438585026,-0.4379009519558411,0.03735282736694192,0.0822053671435062,-0.34439053667157005,-0.266402690114048,0.11634365673520589,0.08324142586393045,-0.23520329723169445,-0.2998096467084546,-0.06888713599134808,0.1304832986441566,-0.255671763025619,0.1495621004844156,0.1651316365994679,0.15173203432514407,0.2447863786544167,0.28229714193676164,-0.03527916203891741,-0.247111438013355,-0.2775134378592009,0.3617728487270062,-0.02130566084816641,0.598641870059132,0.4763466986693953,0.0062903827887342695,0.15953212898515426,-0.22491664508117828,0.29524370988777787,0.4056434353053162,-0.26837221011819146,-0.0152659243561883,0.6192199282849081,0.424683757000177,0.1891867575144696,-0.004668296541975564,-0.025044273585306434,-0.0012369774844668273,-0.938272404503823,0.02306095774638642
148,0.20152244068725714,-0.04967857821097019,-0.11156811326864521,0.13611559630404518,-0.12844138309116748,-0.1334025992269351,-0.2679573974249358,-0.17494163467257823,0.11659492701725965,-0.17150736136444866,-0.20382547213276803,-0.013018769073149668,-0.11048245114180415,-0.24384662604422916,-0.04948203171169933,0.025889887238950512,0.22878174037178328,-0.21335480724737935,-0.13538811364047873,0.03395405641005139,-0.020534868019585997,-0.07917286891935568,-0.21894378449630764,0.2137419296959791,0.08315074023879797,0.047792470102437035,-0.10022866189116422,0.03343602463725624,0.012096754214983085,-0.23061261392494753,0.028683631463049218,0.08784735764493937,-0.03235390528476001,0.06930773648402855,0.027807559090190184,-0.03810124924789273,-0.015342652059636265,-0.049276120405695734,-0.014793990405951068,-0.16890068308061804,-0.10476467500210601,0.06612333312736256,0.03647308911632766,-0.11393425881707883,0.08534354726800722,-0.24082430678260003,-0.19118584401948283,0.02150727568304684,0.06751776349479263,-0.0008753837411713668,0.0042301981697486,-0.003048873741491874,-0.003660267036967755,0.0009366821922461434,-0.0016391941470301104,-0.9382724045038234,0.023060957746386623
149,0.10099824016646763,-0.14767994349471364,-0.14253935705892284,0.3515163218468692,0.1450467344512856,-0.06383738803997606,0.01952882473113315,0.3736478955439767,0.268495856623563,-0.10234464781797394,-0.11207368755245636,-0.035610308384665265,-0.06190485143034766,-0.08379583903096577,-0.2956783462259609,-0.0214257178836581,0.2132595738547057,-0.07666796889544174,0.3893530767573996,-0.013351543925323716,0.0008481514816928646,-0.05406530519497451,-0.1524227650036659,-0.20977586390987385,-0.023708833878304216,0.08478258032243269,-0.08120021860871413,0.051173702061320415,0.13320030526213844,-0.14430087344981407,-0.056565739128732286,0.08219341494674545,0.24296059473775777,0.09942794622308672,-0.21451714946456166,-0.17383152919933711,0.036261425946268716,-0.00863552643667019,-0.022336026907244733,0.164450800252557,-0.21023254964752952,0.08575205752726398,-0.06926707549492732,-0.006064801566520988,-0.17133767065140518,0.0006280290678975492,-0.0053217014268509685,-0.08034592810981615,0.03503002034964909,0.004159509752909211,-0.0029337921211553034,0.011190542626949476,0.0016303671682760493,0.0022298694309226146,-0.00010245915089575031,-0.9382724045038234,0.023060957746386633
150,-0.15319091170493895,-0.1780589159352134,-0.06278304475440899,0.38797519983975515,0.23027030123240294,-0.4377407841385098,0.08440638900903495,0.14142351619832083,0.3243783417198191,-0.13911047617648953,-0.0013470678871520746,-0.08486070895474243,-0.10537464340914238,0.12668752958981866,-0.06876634942179148,-0.007332761001419661,0.298775127018623,0.03726326298409688,-0.053850589531906766,0.1316883335374852,0.0024539351594932844,0.08774998015337822,-0.03490120936958726,-0.1823044066506392,-0.016662676017938412,-0.017839124736327823,-0.1900094763884192,0.2476979289155523,-0.03481897423382886,0.3141413394179465,-0.1967854837091703,-0.042955127495399995,0.18157858249213274,-0.22779018954981367,0.1594785113366686,0.06562035170438055,0.044559864837822726,-0.0616841293557198,0.15991928591435586,-0.10227487922312425,-0.046911694683084364,0.05377062496944301,-0.11981872524093486,0.06330806201639419,0.016996105574540534,-0.11672738247320588,-0.12135151237580527,-0.2251264960354511,-0.023587174371946264,-0.005573424185147143,0.007985157341562707,-0.004193859487302714,0.0012462087147041099,-0.00032230013562735177,0.0003261873962364829,-0.9382724045038234,0.023060957746386786
151,0.18729204689541532,-0.2744691279499982,-0.004329259609659287,0.107423193478173,-0.18125909567178158,0.0900744387955898,-0.4060795732777845,0.22695211144650299,0.19480558185200958,-0.21643834891467012,0.04410866166077168,-0.1796563059771408,0.037692702389499955,-0.19091409623175332,-0.11075731291878423,0.026427768016390716,0.2859026065785135,0.06697286601837116,0.18504598289854593,-0.13553835401420747,0.08034440060712109,0.12431672487097757,0.09864574740297945,-0.3447777015451043,0.04883382982182486,-0.04559688732599471,0.15297810602310322,-0.044632798703671546,0.14896211295357115,0.09780826748918087,-0.13606189260475504,-0.13806932181035686,-0.07630509157150979,-0.12188428601499116,-0.11912422598183177,0.07782354822123103,-0.04122738748005314,0.09970338601706472,-0.1277966702275282,0.10172964296402563,0.009356976583996217,0.13885697647231882,0.173777602548198,0.12850816035191592,-0.030906396127403233,0.10688243585442109,0.18828019511782762,0.06973616203125776,-0.0187406580192075,0.002498817467261936,-0.003537481760713152,0.0039568957065996965,8.648480985802163e-05,0.0005566667874541292,2.6459129242771875e-05,-0.9382724045038233,0.023060957746386758
152,-0.6294983385539128,1.9624672583780636,-0.12875621395530282,0.8290935111410986,0.033111819405301876,0.47504107723954964,-0.398476011701215,0.05020525492681748,0.44550501708460266,0.07538464852189411,0.05692634951413724,0.12247852202134074,-0.14956484757654925,-0.03660073759543947,0.18157862663131447,0.06662351107918776,-0.25575733349898255,0.12041460327700443,0.06919406036010078,-0.05547170427431695,0.18702057065818128,0.15171569018781955,0.21007528344758308,-0.14941895921670192,0.06180010841929083,-0.020361979104100182,0.23093792136154542,-0.05467473485812589,-0.128435890170242,0.1780416066537611,-0.1961999229619895,-0.12817702934136888,-0.23695890480843257,-0.23818887689244966,-0.2621424366591616,-0.19380366358228895,0.26713358350923094,0.40190858683856684,-0.2650042689512245,-0.0048383319643252164,-0.5100894793701855,-0.36386254927305195,0.017923390818448386,-0.2670477789099942,0.28808754404013387,-0.27551861074919326,-0.197782036267445,0.09093169421509636,0.04415417033284272,-0.7180939249363438,0.1948920277189597,0.25700303044029094,-0.04063734486027055,-0.02308919687750559,0.004715819616980665,-0.9382724045038237,0.02306095774638761
153,0.05091445476740136,0.859118433329368,0.598704748543679,0.4973502547164378,-0.6903141929411504,-0.18511682268343865,0.1159360945927159,-0.09538666523859998,-0.4622045239823628,-0.1468531053304289,0.2951868090308599,0.36313436069211064,-0.203072348875615,-0.20905227150816744,-0.38881211269296456,-0.09247999047748001,-0.15495306714483797,-0.038447892987544675,0.01102323665451102,-0.05005411437073238,0.016768811131706505,0.18067714103113033,-0.059895994592501146,0.0913646938209414,-0.012995347407896141,0.3035274052891071,0.021173107619543947,0.02347464509505647,0.007455318383315066,-0.11044020304923927,-0.09188131664456672,-0.13519148683543114,-0.03629586472887201,-0.055394788789806866,0.05887718325262002,0.10760816054055568,-0.06656950642782532,-0.00867731079074484,0.07313985820552389,0.008530263869617227,0.01476171036605798,0.046810617366601796,0.06276776489380717,-0.01630560477912496,0.07348984506780315,0.02488421737786263,0.13510695447335228,-0.11340345115305234,-0.0984642457667015,-0.005450279145495375,0.005222936991604732,-0.0005613010482993715,0.006269539046888634,-0.0012318353937553852,0.001945085987809789,-0.9382724045038233,0.023060957746386872
154,0.5059397632516331,0.15070699182991282,-0.14480468345213468,-0.07103476737571134,-0.3752624884315796,-0.28972010778281954,-0.005518919238142881,-0.20113958465808848,-0.2354510015780421,0.20646256513798752,-0.34524718164006635,0.12009769754524942,-0.12860047535797586,-0.21934775638635906,0.43457617534139314,0.5154151295186462,0.03767656997028902,0.14027432245853214,0.5302674057701884,0.03630725416928379,0.2653880988641,-0.542020584304451,-0.15576224805853708,0.3941782829270325,-0.23582173471753773,-0.23443613283824596,-0.14382578637378823,0.15641192273505244,-0.0899466346591005,0.2439534972963917,0.05961124303936736,0.09565890386829713,0.26936536470265454,0.14904605500664606,0.027855734843337705,-0.004721852754069364,-0.41042952802445654,0.04124527982403302,-0.4000358432599151,-0.13698899053985744,0.04431689675162978,-0.19038183800768826,0.296635248294461,-0.032892269484498256,0.1663321949766078,0.14457598658564555,-0.14016381574623302,-0.08825306191287899,-0.014519423449101981,-0.0017559376995735796,0.0017954386667922147,-0.0012155604379135705,0.0009211704926231336,-0.00037263138826704097,0.0008823528352924549,-0.9382724045038232,0.023060957746386578
155,0.9135819037198942,0.6219908729431106,0.33018365584525017,0.2667266608913454,-0.5573332077918489,-0.09284244638013721,0.30417173537671766,-0.3566339449240983,-0.11258016051119625,-0.14481702160811866,0.0796824803276152,0.39649717615901997,-0.0003066457058217301,0.12715953057663004,-0.47824015860608393,-0.009424820469049898,0.09617512790233648,-0.06891161856191066,0.20930385822864703,-0.10701918899619173,-0.0081293729412331,-0.05081563952141869,-0.14943754608507354,0.14284447892642482,-0.10778615412146762,0.010952211958489486,0.11963296353139236,-0.039617145461932735,0.0712188640352841,-0.1268723323678256,-0.1981856715690916,-0.20864307951245686,-0.015307328730343413,0.07567749118259162,-0.0979244867684614,-0.09453567325120549,0.14140804181826613,-0.0428825867090459,-0.008931887085321614,0.18383512711434838,-0.038602008342715106,-0.033142725451627414,0.01851049673719491,-0.04280693005188281,-0.053554502722333176,0.0014342797062553271,0.1091356561749186,0.06813391655103941,-0.0708542541145941,0.0023813859806160673,0.0007422137932184464,0.0015795954187941624,-0.004713808354047155,0.0022397473947090487,0.0013119580713148423,-0.9382724045038234,0.023060957746386637
156,0.4940071499111521,0.20805655578238344,0.014547384179797703,-0.422401222982345,-0.0986306409310602,0.1524948835111523,0.15536168044857637,-0.0606500520807709,-0.07972988139193264,0.16656732188694995,0.076066653175023,0.0904695423357598,-0.02303472036988491,0.14848235725650272,0.19532887551909728,0.48069152855150965,0.36124294748706426,-0.147633682455462,-0.029381385030532045,0.15168555204898673,0.24552853710790926,0.006120877529156825,0.015750384463594284,0.1365379747222216,0.09534761247194598,-0.019773393725007186,0.2856748073770505,0.15338650375191948,0.017422386949077034,-0.4473068686811389,0.2196251007235107,0.18258099625381863,-0.2287341427869525,-0.1988598228468967,-0.2532364699947339,0.12787162115695372,0.05595934067368872,0.16101077820218254,0.25059436388275574,0.003831356282910902,0.16104574447525208,-0.054939651177014576,-0.06125353746729896,-0.12616561654182912,0.2520326707892686,-0.02987962943171757,0.08747729879731325,-0.028491545755537855,0.09037578697365868,0.0014929165158315768,-0.002371790314307895,-0.0037501251186850856,-0.0004722993436145697,-0.0012430171160951666,-0.0002790453019096606,-0.9382724045038233,0.023060957746386744
157,-0.10956438990708461,-0.32093321841993466,0.8813647258283772,0.1117918978090239,0.7755250289870095,0.5221116011432949,-0.06830110796031387,-0.24225261997212044,-0.4538550280262732,-0.09823044435320662,0.07491370231944124,-0.16252789394596845,-0.002441406121924074,0.36547409376073103,0.14571248801989387,-0.26588828593771396,-0.5804831027957321,0.30227432663269377,0.09081781370073866,0.3900254742662533,0.05884424115005383,-0.04271985941081996,-0.14588539264521783,0.14317447485244109,-0.1925168438016262,-0.19096848274990627,0.07532099345391716,0.35131261447553813,-0.026591437709397352,-0.007882695019961793,-0.08427286561919489,-0.05289469682785597,-0.14039729484357058,0.18653650938789668,-0.2001227741042953,-0.06946904083405554,0.06423510552855963,-0.1754761110674372,-0.05603693467154564,0.015933838153784255,-0.06202067248460631,-0.13622854933952466,0.06096657856778724,0.024087283374706177,-0.21622509246010746,0.057908211812375564,-0.02599933338062526,-0.3013298512128468,-0.08284832904466077,-0.006024365752629013,0.003918082426565795,0.002004116291822279,0.011485665079464786,-0.002158085745427738,0.005329193425791824,-0.9382724045038231,0.023060957746387098
158,0.39186442407580396,0.38211301802803055,0.5036851479042056,0.5691432627843972,-0.6052351236051627,-0.15300469616102258,0.27850751485315106,-0.4191814785080889,-0.04720442246417682,-0.4882727556720086,0.23049562162391043,-0.06979740176227946,-0.16298107895622443,0.2569406389460457,-0.17169695046943792,0.29545562524383046,-0.038995856372894135,-0.009952057329804932,-0.21591226394016452,0.14063977073028466,-0.28570018873685216,0.1874652710911394,0.1693272784155216,0.07696138271040906,0.3260863848252045,0.19448651415382232,-0.4498362297261586,-0.19724279315157028,0.0009072295933705042,0.0865771075574036,-0.23630573766150548,-0.22094555012697717,-0.3781228400151567,0.13255442129712244,0.16842850645072904,0.03858209112729361,-0.20433993766283393,0.07899922675146978,0.09265801796491781,0.11757303977084499,-0.08566802908485445,-0.10921989244681754,-0.11691748218166141,0.15292597027211685,-0.09039915273317833,0.018777713993836972,-0.18461386054909704,-0.07917730740721052,-0.04564728732291046,-0.001966925845776439,-0.003948303533384405,-0.004649153938495668,0.0018869483426776218,-0.0026779428668410508,-0.0015396836073612004,-0.9382724045038234,0.023060957746386685
159,-0.21018921490869566,-0.035751008807875385,-0.033206097803090084,0.41937904082528144,-0.5412826842200459,0.25481258677808105,0.056317919220980214,0.11041032129100439,-0.18218051796950405,0.6618101724455582,0.12983181761104776,0.08888464811848215,-0.241690203843295,-0.3687254971706658,-0.004846067530033747,-0.11102013629267987,0.01980310144427857,-0.16693136196871164,-0.15229845875926692,0.0657930997549076,0.0021061645851409854,0.20421692190400498,-0.04875582285398821,0.10467427411944785,0.11707594613887341,0.09316610992903794,0.08353640861245074,0.11386349103301409,-0.23905853402178623,-0.21921281458313902,-0.0030287526105160006,-0.0025541861171205276,-0.12200372157499195,-0.20068156378148228,0.046829739314484,-0.09660883914490859,-0.05142405053229796,-0.1595622551066585,0.3162278539978413,0.18101275745918277,-0.10015019146534399,-0.059833232422172006,0.05134968970855145,-0.1398993664414334,-0.011757924268415515,0.11396077414538208,0.07053485739518238,-0.03439675283430085,0.08368249858031385,0.0003799091026682926,0.0025349358841399183,0.004266483397965535,0.002877733351030337,0.0008075295117045502,7.13137512641914e-05,-0.9382724045038237,0.023060957746386924
160,0.05761681863904414,-0.19296378673592193,-0.554394172227602,-0.19912365639983023,-0.18609298639671398,0.4281725206882499,0.09613861170829308,-0.06703491765396626,-0.41695657621399346,0.15734287147602244,0.06669915512338305,-0.33433380408344593,0.2909263644789586,0.20641252966455031,-0.05738568405997957,-0.05266024862747817,-0.09926668908717738,0.13658263094859047,-0.17773817448251536,0.3203912040406233,0.5038243832259185,0.5083144743831023,0.2136816400173223,-0.09941016361880746,-0.2045994436039867,-0.060267553231029385,0.11905511442507355,0.2988417051228829,0.01428512185697491,-0.11539200312204732,0.11791156764949878,0.11193473601868238,-0.0034067321426010026,0.09446099742736763,-0.13457869555181948,0.002379380996780635,-0.012992545958838598,0.021176722493517163,-0.1339984540190197,0.05437355868140821,0.028054063983112627,0.08410866077099549,-0.04523325557746539,-0.3213063066678862,-0.1993520643109891,0.08248393175890639,-0.13209787615484872,-0.0929780273885262,0.013326713255462167,-0.0006823780469327282,-0.0073228180737960735,0.009861207284447572,0.013785494769985997,-0.0026786645648162375,0.0009020287085664951,-0.9382724045038233,0.02306095774638709
161,0.5989377916875676,0.04599357959200569,-0.23461554694091993,-0.2699211675365367,-0.0077432508948817695,-0.28650692746538214,-0.2945356584085065,0.10929386020372286,-0.08340547255825324,0.1920090681038693,-0.11335304930515916,0.2982420949766328,-0.035964347845096015,0.29215048228194945,0.1907958499855016,0.250864565001649,0.22069897328155835,-0.1883844885766827,-0.1757398634130577,0.06043427171244215,-0.18579321641156912,0.046689980568207966,0.1869652619332058,0.02546301036879797,-0.07544031998799434,0.21860250614179885,0.10356406118168485,0.16543814968236245,-0.13301589878603337,-0.11063274395167089,-0.09303454084923474,0.04025899355234097,-0.31676019313829556,-0.18676529718659954,-0.3963905158837977,-0.2355502462985601,0.11447206744240397,-0.25864269848343213,-0.014135573538055352,0.205127042708224,0.034866037186215344,-0.07914414030987225,0.07542986862544848,-0.003172322929270537,-0.09566684776196928,-0.028552432462057964,0.24537618939102077,0.051830791049952855,-0.1255204579609746,-0.0006070900712308267,0.004527730448251794,-0.0025618252925320335,-0.004701125711363411,0.0016457782714198576,0.002449137403248847,-0.9382724045038232,0.023060957746386758
162,0.5103383258550916,-0.09580166591910179,-0.2295284543058577,-0.16630315014952662,0.07294647603142908,0.6034617483590582,-0.35066456416746244,0.5476391751556217,-0.3472287099823579,-0.2244816793826999,0.0639834739559688,0.05786667947363932,-0.3381367484020366,-0.0906590287178091,-0.1684699820649518,0.16967999967493927,0.3494301594737629,-0.09273530911801847,-0.16115117488618486,-0.16800167207861338,0.20567973683352597,-0.013210180491879171,0.030272937301184324,-0.1135985723510791,0.24813403921437477,-0.2022296283173141,0.1754957980186616,-0.1409027186985485,-0.1280126036196597,-0.0602956900675252,0.010630744151166358,-0.07835057311072252,0.0813577224058177,-0.04716072418339004,0.13316127087426854,0.21712234329913005,0.056887004318045456,-0.10940492202135807,-0.11513800496181416,0.10612687796173802,-0.02507656419679701,-0.21131856124399157,-0.06588108592557905,0.0805931142416818,-0.07860238059883112,-0.017654684541969914,0.028130787491211024,-0.01270826489395968,0.022674142817844675,0.0015822772803675202,0.0019306544318339906,0.0001766197983167856,-0.0033617455224690144,0.001580769644939471,0.0006563169315365551,-0.9382724045038232,0.023060957746386442
163,0.7182011436101633,0.0014721073543440982,-0.2643936009485635,-0.16074533025389556,-0.030934728479290942,0.0024072912646814254,-0.3400961735905651,0.3233279789077678,-0.16513161970794224,-0.1009242667022778,0.15444736019743707,-0.08479253056300687,-0.15658098110962337,-0.20224527252225574,0.2432709989295978,0.17080743791992029,0.07141919608710615,-0.15114814634396942,-0.3806474935532251,-0.11439442448473004,0.3702506948344108,0.3468698987700769,0.09366865558002162,0.06409713423643718,0.20510780998728642,-0.03918142118109737,0.36673823315180004,-0.027653147173485045,-0.17369704676468464,0.20749805995020945,0.10915718314269916,-0.019540483409293152,-0.05372518384652802,-0.009527000476926784,0.1509854509057782,0.29983392443965556,-0.0028313695417761086,-0.15085155458283836,-0.2027992233983485,0.003887829416630259,0.08881248536373906,-0.07286692824615715,-0.09928436121139712,-0.026364313514016975,-0.08811406268760785,0.14490640609316593,-0.0959297179222385,0.04383459056940577,0.04677889626348495,-0.0009762980833274917,-0.0026280370622460917,-0.0004864064360641567,0.004687823561551095,-0.002136225779057728,-0.00039864088575079163,-0.9382724045038232,0.02306095774638651
164,-0.07075681800090969,-0.053704670513393685,0.3766640951261741,0.35548450940105814,0.2585058611959763,-0.24855509975795273,0.39854684581602945,0.21954093036947656,0.2382609760283109,0.20802290926664732,-0.5008429935483071,-0.2546821689279139,0.18118711771760418,-0.05769590810613988,-0.20510582622602988,0.07397895779531834,-0.2016997513760346,0.013164034986101612,0.13700571534848863,-0.39320785113074597,0.6459584709576787,0.0558734798812775,0.4735798175334341,0.12146908568598636,0.1430481554759422,0.11490054770735063,-0.20062307677471253,-0.11910718281131735,0.27390631273728583,-0.1561620986195706,-0.26498953882975873,0.06793211536416853,-0.015454366744629893,0.06451810442073172,-0.18583291862379592,0.06982364800682678,-0.011822623747143449,-0.366655992066263,0.34198502489349786,-0.0396859664978503,-0.265119965520132,0.16078343522428096,-0.19162370141448828,-0.08030310881965094,-0.012501680167567631,-0.09529829569846096,0.04265434987113262,-0.07783631223467372,-0.02950126232196341,-0.002525646975433078,-0.0022738132589430835,0.0006535598208854005,0.006116266638670163,-0.00239872302422365,-0.0017376017555186469,-0.9382724045038238,0.023060957746386855
165,0.8048418627274906,0.6271118670010226,0.27292883884921565,-0.0546054239275698,-0.4965455506066126,0.26776180914837655,0.43168018392580715,-0.2758536539272243,-0.5440966814890517,-0.4733749172257164,0.10793506609383047,0.31197714790831826,0.3414308272543992,0.2051034333000643,-0.2680200999580951,0.06302648655213142,-0.25062034460527083,0.23495919954853248,-0.16769295239257673,0.3648240285213503,0.3310454450389557,0.11393217368525146,-0.22101958619566567,0.12273872231244842,-0.16869133064152436,-0.2153487402770231,0.25350648256654956,-0.006268552273219017,0.14858182909107953,-0.14855180095308965,-0.18686817537209044,0.048883601461570884,-0.05475465905169159,0.04250803102408873,-0.06329615187480878,0.16644104269436655,0.1578591409832504,0.14706832957839774,-0.015946158934647566,-0.09288493014033575,0.1163022519783954,-0.07375055324767282,0.09377815030494334,-0.014319942082543606,-0.09508377096594947,-0.12214576979954124,-0.06363350311251327,-0.1346965047209321,0.07621946139304647,-0.0029975315693952956,0.006040135839166145,0.00037183101585651265,0.005479651374915962,-0.00029201129165466044,0.004134147786092668,-0.9382724045038233,0.02306095774638682
166,0.9381055545898888,0.6352462430425885,0.17231375248066558,-0.01994687754337753,-0.4780197464511731,0.5027466498668788,0.5970411277721969,-0.1028814109922862,-0.3616528649211996,-0.12045394165506702,-0.1845708559120345,0.5528605082181923,-0.07386629786130147,0.1042176388926421,-0.07820739858725477,0.275675344439626,0.17702412513331514,0.026453035726512572,0.36836906710704953,0.12710086982427327,0.3386122796691342,-0.2523866038652331,0.26403115328920923,-0.12247730400779147,-0.5379364514833606,0.30979239722933055,-0.484903823658631,0.14645661543398533,0.06334769968904429,0.2518743314539855,0.06797920488403156,-0.08787228302619744,0.16989170353724967,-0.1774730732244616,0.1645205076842687,-0.3458224441609288,-0.16841038492906457,-0.11510753830939742,-0.15177053506978455,0.14223031307572556,-0.0663650708572714,-0.23792945511058314,0.04834698548589559,-0.03216343650898399,-0.2514450426265808,0.3435796597505264,-0.18727731049939636,0.010952274070504755,-0.009095722157685717,0.0026852930764259863,-0.0038977279793201824,0.009245555311385142,0.0023341393918930864,0.0011669766733162117,-0.0010309854996390338,-0.9382724045038233,0.023060957746386605
167,0.658102848476746,0.4714003038500544,-0.0947754180363008,0.5581477343850095,-0.1681204564771136,-0.4589690398332546,0.36351439671641605,-0.2859627708701185,0.017224812723187086,-0.4112278105403558,0.30694943097431815,0.2818098678959254,0.10338918928338556,-0.0669592431169715,-0.2746550745283069,0.00016032101904183758,-0.17848106727670135,0.16692156252396761,-0.08031322090773699,-0.09539476614639221,0.16661513104564468,0.2383482384371684,-0.05986380996065776,0.09073797622464572,-0.13260605934840716,0.3750840092002375,0.014723151230808808,0.11365429503259218,0.2652465774007667,0.21446003844422093,-0.12484397184844423,-0.04101857532779121,0.2315982946462299,0.13446036056257127,-0.1362497480199685,-0.09074739362024406,0.059306531339478614,0.11575381306226569,-0.05806746585749244,0.03212934466116079,0.12892125799096316,-0.004935004590243776,-0.04521496388043737,0.02603034816438345,0.07384974146017186,0.051095228714630875,0.12548648388962486,0.07165584171175499,-0.019089957147211133,6.962514904363884e-05,-0.0009203487378633838,0.00021638229449680044,0.00018794581821190298,-0.0002814957311326559,-0.0010777095155302281,-0.9382724045038233,0.02306095774638661
168,-0.09883440072673752,0.011752591020996989,0.23504553053086052,0.13001313347724602,0.12616148414625108,-0.37463819369985873,0.421919457364639,0.12211960675836542,0.4992743740391336,0.12833419709001567,0.053999242184862975,-0.12053787920773479,0.22243766344810895,0.057449714298171674,0.007207496813959266,-0.15201778367496185,0.3219809725104059,-0.14277203232824354,-0.007087353586853546,0.14012032877881755,0.030817742032988746,0.1443604925100373,-0.06758195051145822,-0.1611354168894159,-0.155055191193662,0.04730635004899211,0.05461670179683379,0.29905036436053595,-0.12676470475134297,0.2791883785812092,-0.1686043403041328,0.0766302855973069,0.09972655076762847,-0.08054610047829625,0.14940286244007098,0.1779453709977526,-0.0806135566850073,-0.021431817613849553,-0.025701083311706605,0.1902149584710044,-0.0103632161285851,-0.04671391117803772,-0.24206497303824698,0.06351597762531645,-0.07316752757136928,-0.005505465482744014,-0.01989138460834152,-0.13766219881432182,0.12647493972780519,0.0041679082689257355,-0.00640819738756865,0.004457759088457069,0.0023117995508925514,-0.0004337491765945717,4.948488615490147e-07,-0.9382724045038237,0.0230609577463868
169,0.0611851131930958,-0.3090728984466414,-0.005280361162403553,0.17717857972672357,-0.09606543910290874,-0.1031361990047357,-0.3242193337859735,-0.11532843069465215,0.3319379769356002,-0.24612859672961493,-0.1392853484153733,-0.15945288056792506,0.08899987047316582,-0.2637214457148917,0.06342898100016,-0.05876253393164183,0.1254888869595745,-0.004770695606163732,-0.18444546142354834,-0.18750388995501208,-0.07963343040032035,0.09004207781679162,-0.06906398148999489,-0.17878286899256013,-0.022651384302810138,0.19573340378968215,0.09480717810883324,-0.04630988573813801,0.1869729465084425,0.03982382106996454,-0.007143993496340858,0.04291733323285133,0.019928427612795254,-0.12524536872982694,0.08684951973647122,-0.034909635081176595,-0.15136805331514683,0.023738105667851013,-0.0764152595987807,-0.06662507823922528,0.04186708706209151,-0.13161697976821463,0.076429673986283,-0.06754045666632905,-0.022587903700391574,0.005296408399702182,-0.013358193608019573,0.044834538425463144,-0.0019812878732911182,0.0010574543129327743,-0.001329512146267917,0.0019888460322557274,0.0005278355292160531,0.0002330991875082616,0.0011256920576595514,-0.9382724045038234,0.02306095774638657
170,-0.5445036324006796,-0.16478457697888127,0.44914717830800716,0.13139115524661266,-0.2656991176128338,-0.1055951623786146,0.026389838510375022,0.2024102163758523,0.25769073889406113,0.11522782036334983,0.09648759303806367,0.4525794262787589,0.0036804699983958218,0.2557015786265402,0.12015029067311023,-0.29988510061753787,0.5331253368562306,-0.10652387903686873,-0.07265761798988724,0.09802743190418439,0.1007158285131128,0.017000855448163318,-0.002974849365513518,0.06589545307280911,-0.1005429985270294,-0.059248627914805056,0.1961659630199783,-0.10895916750806192,0.2138595862662453,0.32500202192103844,0.0798818073070051,0.02833040784046949,-0.16375734677851947,0.24698460777826048,0.11039200104709272,0.0541193195617164,-0.13655860130459127,-0.055417150519213317,0.10325927507272845,0.003452655544615006,-0.19543537894281598,0.030371422669881586,0.02139096115288592,-0.03468735538235764,-0.07544804624264578,-0.014960842726467126,0.026615238261928447,0.006502637295041361,0.019533867656214534,0.0010310780688413275,-0.0014225622601909424,0.004689137907748472,0.0027564066506572337,0.0001415338860541852,-0.000820848387545996,-0.9382724045038237,0.023060957746386897
171,0.054622382723369944,0.11756635040577544,-0.17327118458152507,0.18149744360134654,0.5051740663682079,-0.10915681483838462,0.09446470211961872,0.2582609950717352,-0.3767176109665254,-0.21394137772143165,-0.043306532843576835,0.006555952915720214,-0.40254591981461585,-0.24056695303129308,-0.20338452283639735,0.23694079761062167,0.025638699327237537,0.06804044354560584,-0.26951534125294585,-0.4368948146928235,-0.059475351002817624,-0.013079781960389995,-0.07412532670951016,0.2611532434119574,0.20751401991979485,-0.2025962973442795,0.3451410644542595,-0.1054774408727447,0.10033009666307215,0.05833596363181907,-0.10210976007620312,-0.02205872177729204,0.2688248848131153,0.04089070016172193,0.1324065891067297,0.17693330133377536,0.07229796743944962,-0.03826784882408898,0.11995654101681838,-0.003911310730861422,-0.08731756245806803,-0.09364518652444553,0.06295230554898047,0.05719166510904535,0.03647967440732614,0.2961747325429062,-0.13895873825663138,0.14491857209892015,-0.07599934619917548,-0.0023544369458687094,0.0005549973786834839,0.0008070843269289528,0.002606318545027903,-0.000695506625466183,-0.0010938659580180358,-0.9382724045038232,0.02306095774638633
172,-0.08719131639102114,-0.06508821746635049,0.20756330998149175,-0.4531237761759356,0.05794924211547211,0.5098457198627069,0.12454117644529374,-0.12148815704751398,0.21795373887148425,-0.26686715138349965,-0.3756581454341119,0.8425980439855614,0.43859611193180226,-0.4594822787417279,-0.4282293567851913,-0.18875587718256148,-0.19806250620894728,-0.5090335793481224,0.5651044726541502,0.09371889980413886,-0.7757598799392962,0.296277007282141,0.6948535321533715,0.1354216058221543,1.2875919685850956,-0.4968884659153449,-0.07563812740034896,0.7281057691164468,0.6527627427488384,0.4979736137145086,0.1627901693851194,0.26700330874177136,0.010816672632658593,-0.11496993478215631,-0.1798292998420634,-0.08661038900671607,0.013243299885926966,-0.24189390782723805,-0.060527273551968484,0.15057954017259334,0.11064502185795506,-0.11548520700423509,0.23373994162595155,-0.338141640155441,-0.12659996878911658,-0.026543239851543173,-0.010079048102408929,-0.045993782548331676,-0.025098410336973086,0.0025779437678638117,-0.004770446966323745,0.0015994008277824146,-0.0012569562922212245,0.00016400705164655588,0.0009555019921784905,-0.9382724045038233,0.023060957746386657
173,-0.5205936392938794,0.09750150199305767,0.03086210252180044,-0.2943641831037555,-0.021951090508646968,-0.04958917706445595,-0.22510656687351113,-0.05722692956570413,-0.12731095833224065,-0.0977684684470599,0.0022779711710606484,0.25744332558291777,0.14882165013225201,-0.019419831504689726,-0.1498596968931744,0.17045325651898469,0.05776380585638129,0.0002480181998223244,0.07250657332479073,-0.22863631633253992,-0.024691329815436276,-0.06785623537026375,-0.035953542186592344,-0.10076671335422273,-0.10128564233266298,0.14360530747504657,-0.019010439591844057,-0.12548233547072535,-0.00931553922062636,-0.0014459950034617346,0.0992052634195714,0.06153464283236498,-0.11840529341426718,0.03146551438710902,-0.035160191567439006,-0.06698512509572012,0.10053463671803287,-0.0005527504441608383,-0.0016034239495915086,0.12881613760910582,0.19373246676184072,0.15505402045124386,0.08141378396453172,0.02422151906410586,0.0300742642886997,-0.0029378646434203032,-0.23737393176448607,0.09196656163307278,-0.0777453364276579,-0.0029503734644343044,-0.0017106252031857372,0.0048777213063141,0.006750414123230168,-0.001209379923224956,-0.0010481876897439906,-0.9382724045038232,0.023060957746386838
174,0.23260531559673076,0.02436438438976861,0.12991954874444037,-0.3106657403102195,0.06723143239102629,0.34421121708701263,0.29438321513419013,-0.06987825221890824,0.22317780944859025,0.0868406981884204,0.1416762151189181,-0.32687601021779494,-0.06803792267147676,0.00885453589958771,-0.1996151653533919,-0.044619984671493876,0.2941384892149841,-0.09980482562758781,0.0906553518487233,-0.02785633992675016,0.02516127741548833,0.09449089597409001,0.18024102705673248,-0.5196326848991687,-0.08822979584761859,-0.13921782047850315,0.07805415733213948,0.11115939632964965,0.055542572200529126,-0.08124989963601446,0.005908821817397753,-0.14353081961963793,-0.10639796999416064,-0.03439708978246335,0.12406460167667513,0.2634701245694922,-0.08245258852127198,-0.08723745136412998,-0.1276550909491015,-0.17928263348856296,-0.07339296736317885,-0.03275580091461655,0.2205997781849188,0.04558946975647816,-0.10248334111149934,-0.046907849525359334,0.18307485953082087,0.1340981695780752,-0.07326225388989843,5.367849680603967e-06,0.0020548106598742965,-0.003172699357064671,-0.006592123089917099,0.001465736379000005,-0.002195117037127021,-0.9382724045038235,0.023060957746386765
175,-0.19001143701210693,-0.2946208730331912,-0.03942536573176563,-0.1930996558702612,0.11903184112478783,0.0667513219713245,-0.11702978376763119,-0.16174660432969012,0.14463630067076277,-0.13563057152695548,-0.16908555258695404,0.2635518430218134,0.0439373722655153,0.16316674894109573,-0.20136932657903184,0.032428331823428816,-0.2455311281362465,0.10517050097994793,-0.04277733330352047,-0.2032884299756741,-0.015993725470322896,-0.1578891480094062,-0.01446106955316785,-0.08037135049047546,-0.06824464126516729,-0.07795428796731542,-0.19303996049603703,-0.17564759745963507,-0.03381920044161201,0.02577962478172725,0.12635725812454773,0.033647666753797344,-0.07698552676203141,-0.11726219868153145,-0.09032392067752988,0.026477540459831167,0.19294940524509763,0.14717945588660844,0.2056673009331085,-0.0332923847012143,-0.09417486569716906,-0.08485000448564917,0.23860500348305977,-0.026826474583776468,-0.1357380580917824,0.13755176333755237,-0.020181045587772676,-0.027025365126961805,-0.01002763308496064,0.00290662912404749,-0.003417700452638187,0.0002919472739424996,-0.0028231021212377777,0.0005389176956253188,0.001489976411059539,-0.9382724045038232,0.023060957746386578
176,-0.11404772051780046,0.21110371236065878,0.015046795543525743,-0.5260351972441795,0.13226747638587227,-0.17899741687916246,-0.07522536067419296,-0.06969948599084241,-0.11417300778223333,0.2946300407691091,-0.2223716760019022,-0.055650611774422064,0.7113792050891083,-0.13180007268649332,-0.22906921193419663,0.09628164324700314,-0.2969705784871487,0.020433864530080198,0.2380117310422375,-0.4511095240289253,0.6569051756277019,-0.08045309825811107,0.29293255530067935,0.1394389318453334,-0.036781210497879836,0.08430350159425239,-0.2504409088865661,-0.39189297724869554,0.19693188401045675,0.0022525620258632326,-0.13466714169633334,-0.048478234101278855,-0.13493249995083717,0.03008440962060469,-0.0961189130064071,0.17486592598055856,0.06373107706877609,-0.1775597853678408,0.23614489382656378,-0.07608404012096058,-0.06260429956444198,-0.09621085615716146,-0.2429540560999533,0.12051254399120338,0.05885166456051892,-0.16634701053924872,0.16943679080427385,-0.06572990067028986,-0.10254540064289774,-0.0001020741207321785,0.0016172020784589246,-0.0004302292290967008,-0.004271390127417131,0.0014406833544188453,-0.0003288490384178213,-0.9382724045038237,0.02306095774638691
177,0.09826120505690751,-0.17934238888109041,-0.2267129472787473,-0.3527378983885921,0.08972719608278473,0.018057886285621987,-0.009267337713080743,-0.2010603525928082,0.15004067853747197,-0.24900779677372858,0.10109948935912312,0.008228314517049787,0.16577707908101008,-0.12018222584612225,0.2568214425748381,-0.21865880763063528,-0.1527588367154423,0.18289980027015526,-0.036309718758748,-0.18116783517155005,0.007026837890010347,-0.07301587482144144,-0.1557528128008841,-0.28191387155882297,0.05891716744451541,0.06566097115511989,0.10895806643207981,-0.09479869385671193,0.09044285623192869,0.22971354968285757,0.04958123927168586,0.15867163460386324,-0.26698431214584467,0.014078996020984948,-0.012262186934077818,0.12585602601516305,-0.2088677954889869,0.10957126809296522,-0.07936440206604017,0.053217205906589654,0.014593391871135586,-0.19340488794080468,0.02230210909378541,0.12645358153300293,0.05086961272247857,0.12927372187311817,0.07182431143502101,-0.041255678461217256,-0.11141100344218,0.0028186276528038307,-0.0049733486949677524,0.0022381685369140033,-0.0033585596151342735,0.0008983285402356077,0.0004271242819584458,-0.9382724045038234,0.023060957746386772
178,0.07674355058051052,-0.02324238803846037,-0.3152409258915415,-0.13027521062228495,0.5597381836702601,-0.19395568160608445,0.33930704153302366,-0.17706490612541254,0.16175333188460186,-0.01357522287978164,0.035571714417158465,0.09224950513872338,-0.2653736891152597,-0.15186327539116307,-0.16812138464558007,-0.06345560090886825,-0.01593179559621919,0.108800518337621,-0.1982083401501064,-0.2808188634679393,0.004539830966127535,0.05495627368548126,0.2515392721536575,-0.13041022247179454,-0.14552415099667168,-0.0985782446040055,-0.025768968318741148,-0.08033393851367744,0.1155397563778291,0.03521786902509255,-0.03932600310836096,0.013735662127310378,-0.11844415180725577,0.08469149661405767,-0.12952161319745642,-0.03161970808092601,-0.0024691524312578884,0.08619102816152,-0.0696065383601208,-0.07346633210085857,0.08501747178381382,0.06483626073798565,0.12719417076324596,0.0267189480402512,-0.015201488255671112,0.11357949105483472,-0.09457838125116495,-0.04754889358138495,0.0008624968708668724,-0.0008537662166648608,-0.0029314603922865035,-0.005078300920207835,-0.0006915994620511802,-0.0018017910645487638,-0.0011950903291603763,-0.9382724045038234,0.02306095774638667
179,-0.13447145284779957,0.3386256987417898,0.3621863561720904,-0.29458335169979266,-0.025514995352622635,-0.02791539434459248,0.10651133390583115,0.12679006834133588,-0.40379126681305694,-0.06705687708792965,-0.06956327975600052,-0.1317007836188291,-0.0006203469520798685,0.3556274615945132,0.32868824056704904,0.008595999261986923,0.23106442384177134,-0.29861363686400333,-0.1651420713534486,-0.05809785291740467,-0.1850604351754974,0.15755840549317454,0.1754348585044605,0.05475551036546155,0.2055962303134067,0.2689354427487772,0.04609903128664877,0.11517734950803976,-0.15179975442214344,-0.2795303396500238,0.08181135744747357,0.13101125456542953,0.11131757325039315,-0.459259118524521,-0.28318363127985124,-0.17380459537297147,-0.1154119368762149,-0.06333124896665457,-0.02684004854933367,-0.1481044933000263,-0.052428109596944265,0.1197589584494279,-0.0023107977310412083,0.406608149807318,0.051412052894468034,-0.17815178549745272,0.03435060034495655,-0.05320843398318917,0.09133740181988552,-0.005710679299693717,0.010445915999817467,-0.0033639493457967742,0.0029702251994455017,-0.0002839144040185017,-0.000557825811911069,-0.9382724045038231,0.023060957746386723
180,-0.2595941737760606,0.03649811744252357,0.2888452688467394,-0.23111243619931773,-0.06667915371110981,0.252960752875771,0.16052623137600877,-0.2208131096752364,-0.03522367788870389,-0.05725997418837996,-0.23778529984412533,-0.06154173644489193,-0.04316981567283229,-0.155978890215995,-0.2886614204036975,0.0693170173992711,0.07485815251021992,0.14358760639175208,-0.20799881047705435,0.1614124945092441,0.2059258103530452,0.42946297131881395,0.016151535109003808,0.1049525349890564,-0.09371146303138121,-0.22902179001201228,0.02495454663970772,0.012743028833371221,0.01759974617736049,-0.17525959201125646,-0.07675363402592988,0.1793455594079676,0.02534815106104184,0.12725772392494816,-0.06880538451744288,-0.3564754266012236,0.12570456079012876,-0.03027966896217916,-0.01649739199025676,-0.09502887502353878,-0.14124862753474218,0.008647205421563962,0.1024674548189303,0.1282410677008011,0.016127431777396107,0.13009729291178723,0.07451890096171092,0.014011600424144252,0.13311098164137478,-0.004185240952692923,0.005746732622334727,0.0030337420962528064,0.00886194408112804,-0.0011384268692685878,-0.0026425029331873804,-0.9382724045038234,0.02306095774638683
181,-0.48120937508165934,0.08912967747577133,0.09483439843909244,-0.22895511679416627,0.0038826780125923526,-0.03250689221184922,-0.24399458078234323,-0.18230835058467507,-0.2637427101028048,-0.22291204715873955,-0.2259874530121949,-0.20321529046693834,0.2764577923559525,-0.005418907289239836,-0.4841373198139568,0.04709651673679897,-0.004173262403968717,0.22152460418299144,-0.16747431738167254,0.0534046350631656,0.009413259836323401,0.17992037303350775,0.06508483940442981,0.09248052775379134,-0.26680483609840855,-0.04871508957395961,0.08029937036403596,0.22004276593920918,0.06599425338886074,-0.1912178145187688,0.040567904238048166,-0.017407187800433817,0.10305826076849255,0.23176391612395353,0.006004556682187942,-0.06763962913877022,0.00835242791060982,0.03241804896678398,-0.22658759747856347,-0.1158891288890948,0.0265071627790504,-0.13686973445939946,0.07313224836966958,0.10994294292098351,0.11973800806453712,-0.0089428423766963,0.0009158652263577155,-0.15645883490338913,-0.04690953459689975,-0.005366719787546436,0.0048115993971879515,0.0005110317668006744,0.008263573571841688,-0.001436678855173049,0.0034075841606836742,-0.9382724045038232,0.023060957746386827
182,-0.22525373738524104,-0.03817958376472682,-0.02503409882459806,-0.23027315375803153,0.28043535200353764,-0.06090001810445313,0.31537946765401415,-0.41926764716005416,0.16374827987643753,-0.1353982272413805,-0.3049828483972777,-0.4997404612424724,-0.3287084840622193,-0.004030564423908476,-0.6958613643571381,-0.060140455698311064,0.0003011252476576022,0.11965827092583023,-0.04668705145678998,0.718858756434216,0.09969427841035078,-0.6198279347038324,0.3622367476740577,0.21110877360162314,0.35367185145061664,0.5295148965243712,0.4344345005313326,-0.48669647865417803,-0.33526544887982096,0.4475286950823854,0.1486685758623379,-0.07566483734637998,-0.05007952242816611,-0.12071854168134102,-0.18542049453905066,0.06218899887891311,-0.15594602826549975,0.050107762866995254,-0.06802413135460283,0.026837137698008214,0.1508421203121898,0.09372638486827438,-0.04556413421012102,-0.23019444087526636,0.0006421972307467123,0.052405467521395285,0.07596933212731102,0.03735721482912763,0.05683922464265995,-0.1989302836434276,0.4721368698161796,-0.09626612384960889,0.0636048033768447,0.13520227434292495,0.0007329264110476081,-0.9382724045038232,0.023060957746386886
183,-0.05877275517635135,0.01472702162889191,0.18522770363501545,-0.348495133284757,0.046574735440534205,0.004141790122958449,0.28217675367362405,-0.4182525255515972,0.21168622861230774,0.07334284980584395,-0.1617293042670419,-0.214965218925254,-0.12815483568833486,0.09856027244794717,-0.13496103021122086,0.0038090306507263167,-0.05144850388445577,0.06206876348004744,-0.09661358419234999,-0.07241679936860358,0.08330537135532545,-0.08054205293507985,0.18101264250226437,0.003512281708152137,0.049415155778757325,-0.01666764426963449,0.008856824435013946,0.1890772059333969,0.03821929953339854,-0.012319989567071804,0.1482657464392816,-0.022837283089064096,-0.2498098786335494,0.08256831743750036,0.2458067768339349,0.08446446248336016,-0.024290516869999668,0.24040249960761437,-0.09913223597465738,0.13568156880002583,-0.11200155923943639,0.06898707864793037,-0.10233947506083407,0.033945065489134986,-0.07730993818429326,0.013628073309589176,0.04559828739707041,0.02042382147771462,-0.05112155408776143,0.005837235466065538,-0.018127509779944973,-0.0038687512770049647,-0.003731621128644855,-0.003017728836181665,-0.004332525886683688,-0.9382724045038234,0.02306095774638693
184,-0.24212251292575587,-0.053487306961018735,-0.2578270148208808,0.1612798227696987,0.2480100689155735,-0.038404148954815205,0.26619982999698855,0.258942341864619,-0.03765191876934917,-0.21475744286251952,0.22389745157495294,0.11279977112401332,-0.16696780210624212,0.06120810456389921,0.028509499169847557,0.10776382391120744,-0.05507753633567688,0.360425900335396,-0.012663686964242596,-0.02992074599476161,0.09701698626835192,-0.13266826264538237,-0.14767759486379325,-0.1642256734810714,0.09768247032960006,0.1605502989019469,0.019917572784137222,0.3804984867285457,-0.03098226067068968,-0.0652187737587779,0.21239950076983652,0.09158143974181751,0.07583044077688603,0.22291192793726095,-0.11009294482449893,-0.06995817886118534,-0.16922475280782676,-0.2789167980758802,0.20942196287730327,0.00743688885745524,0.16250882970524255,-0.21330448282294226,0.03958007587167885,-0.09258965255068678,0.16743834703367053,-0.09669772125439961,-0.04089715517673652,0.118640724597691,-0.21146361364893404,-0.00827235303918235,0.006873939243927196,0.00015311699096622167,0.005411365961809751,-0.0009910112194757587,-0.0025950257842265517,-0.9382724045038233,0.02306095774638677
185,-0.1461778084132024,-0.15364092231870546,0.30057781072943895,-0.11734693723742305,-0.01612243436310818,0.15933258142469514,0.21819910024066302,-0.23712673124755398,0.1740593664447231,-0.01712313694963233,-0.10370597930214084,0.21022421234035407,-0.17178514099476613,0.2218957870279191,-0.2274722916537417,0.20041710988402422,-0.13884915565070596,0.15067384768672928,-0.09822432924310652,-0.3621158484882048,-0.08253917703228715,-0.12116518653371734,0.04353543316989613,0.049518074155220776,-0.10392059233412511,-0.15035286033414133,0.14554229168559493,0.09036008338689319,-0.1301115354533879,-0.038161959647765475,0.04954332053852778,-0.059880625881786574,0.0020802287936398274,-0.010871879927172938,-0.0811918659785169,-0.11591801137605388,0.12912889817372772,-0.07169686899068121,0.25124567576333307,-0.17915877186390647,-0.0035616600964183806,-0.056274440767297845,0.30644389419559653,-0.017390219093732093,0.041719588383742866,-0.03503327847725697,0.08334970116807311,-0.03217239959077948,-0.021795177447633134,-0.004446206022647735,0.007797849201468962,-0.008124321650644473,-0.0016877091546644658,-0.0004933419718155316,0.0009593060591333511,-0.9382724045038233,0.023060957746386532
186,-0.06474384577434684,-0.3451899865126722,0.01668878552577723,0.11631532855924777,-0.10715560710084795,-0.15380847674387108,-0.3250818649754034,-0.08296344167684835,0.3234592832128659,-0.16216705813524895,-0.1268455738499028,0.10113558581352114,-0.10558013366297112,0.043489406307676726,-0.0037879067435866607,-0.06832446096531374,-0.05286640338065481,0.05572520215109081,-0.09012182543372424,-0.19582027065878074,-0.06605459755672903,-0.007841618286068714,0.1083609072400934,-0.09320635931046217,0.011194665001539624,0.1869879339293893,-0.015356732621495124,0.03496672929376716,0.011500731019499803,0.1391612626659505,-0.10068411266395978,0.07999207332628001,-0.0188422994855384,0.031475732348281105,-0.08621102491323951,-0.07226913882729595,0.10032520601127334,0.029504988854892722,0.12218698793703517,0.12881644036757367,-0.09363820866626467,0.09556260201131082,0.1848015341815067,0.08667941039684558,-0.005142305534982625,0.09788269539904196,-0.09786186693022315,-0.12458761483564941,0.053992311534753624,0.0006171100769686693,-0.0018363423670532653,0.00328699682718285,0.0036712311100809167,-0.00047251505587129805,0.0012355011415404282,-0.9382724045038233,0.02306095774638666
187,-0.18707349696579287,0.06583546304032065,0.34534289504984406,-0.10462499721640624,-0.030973440636635468,0.01073916506821645,0.3532014640641051,-0.14240244038458588,-0.10517301964029006,-0.09031937450013645,-0.07055416195127875,-0.25858704446434705,-0.20762855730323324,0.34164674792376626,-0.06044687674986175,-0.1364044775061026,-0.03454806505030878,0.2387808726337195,0.007460526699793363,-0.27700990637287526,0.041099158352560054,-0.12204073436740313,0.1353318282198486,0.01324827879993717,0.32363511582156684,-0.12961512906143047,-0.02055402851550217,0.3180559190028703,-0.1652772965481159,-0.13550752098332153,0.2256494491012253,-0.14058649045776733,0.08812059871488673,-0.005422327114648769,-0.03322248128006965,-0.2125604168202753,-0.06742808020099973,0.006744791880266362,0.0356307346670911,-0.3693410319646052,-0.13851223902358042,0.12377268978405605,0.0396539136054759,0.11805050077374539,0.030548626560337827,0.0525766340074786,0.00226570770748009,0.09129663055013928,-0.032848327877159474,-0.0041239096311057625,0.0007768037900658819,-0.006771040095872017,-0.0003679540180360293,-0.0021712455940450857,-0.005843525687542904,-0.9382724045038233,0.023060957746386706
188,-0.05138102489229438,0.06941218048103814,0.27214074230648433,-0.14449622493723757,-0.10739350864980615,0.10832493410555569,0.2548938222213148,0.03245288675475869,-0.08361579469580326,-0.22242150559787618,-0.11384009677799767,-0.2788531459456763,0.09628669444581181,0.18633988511252553,0.15096984038684752,-0.19812566337508003,0.3239499598322579,-0.0027315942061429573,0.10803461745287507,-0.10964995157604193,-0.0619905422477078,-0.11137863227988139,-0.04097235942322202,-0.07155960176434574,0.5277930614111378,0.06802763246348263,-0.07631400509180218,0.12783374264654834,-0.20783199303420075,-0.21163262961414175,0.04308740522235473,-0.15361090145463943,-0.05775379935689706,-0.15718521262585028,-0.06170747945390854,-0.1912455334104833,-0.042154652609583655,-0.10292979104704053,-0.21320654482806042,0.21719554678170674,-0.30042724439101054,0.19158963749824906,0.13792568214523154,0.17540966721431414,-0.055432209207612965,0.11593796852742008,0.037163921721323406,0.0743723763204335,-0.1285525232111544,0.0014217492143797754,-0.006576935846584099,0.0031840924631430286,-8.597672915920679e-05,-0.00030906283791617083,-0.0023957558185536123,-0.9382724045038233,0.023060957746386983
189,0.20069285286587368,0.06963720325535933,0.10414364716865647,-0.38421063607902667,-0.10529394528196533,0.17340131976057002,0.2767810462998007,-0.28774009368090364,0.24681067586968694,0.05192358824622766,-0.09313203034630711,0.09108497252833628,0.17281572382350632,-0.10957228896387693,0.003442556776257742,0.1907254681555633,0.09898844143129953,-0.06350939719948337,0.07721990637752622,-0.1758616003496235,0.16424760987767634,-0.08134859571554398,-0.21295102617038641,0.07276289910145592,-0.038176972165742874,0.022705077875659625,0.22800922018048747,-0.03647142534323725,0.09158602727097553,-0.14569590033382696,0.10802780608924689,0.14274481946555242,-0.0007264094088206381,0.045286908825810476,-0.022833838293867596,-0.16993713188957082,0.07390619332704709,0.19995169236575455,0.03970850128794327,0.07038834854347702,-0.058267692314811124,0.13822712022555997,-0.1464468696427074,-0.2293136915821736,-0.07765850059917981,0.05043827716232424,-0.10632424131051921,-0.04393700080553713,0.07618314369967824,0.006354952463508106,-0.011442087376425953,0.006373539377108726,0.0009626928452178216,-0.0003803920745750916,-0.0015473982012019234,-0.9382724045038235,0.023060957746386702
190,-0.12303146696502104,-0.2938159749721755,0.4386539651326226,0.10155404652066766,-0.1053073103024748,-0.0885449735424989,0.016018713485798326,-0.18891912252023982,0.3457060769473043,0.1845679793734699,-0.12447749576022507,0.25116025469343883,-0.4195623220295989,0.11256739910380029,-0.004614099963131532,-0.10896804082198909,0.2043187949191585,0.09407970247786937,-0.19977701385885258,-0.13289872949049777,0.05761704146347389,0.11682941130277923,0.13280185597398117,-0.24898892289672636,-0.010678395555702666,-0.4806611799323033,-0.04485696154815986,-0.1471998356723545,-0.1283060637294641,0.22063407062725016,-0.18019034485043361,0.07886940096053034,0.08952612335751066,-0.11800055276831889,-0.0892148660020833,0.21084239292043658,-0.2231830296479796,-0.011237901778719493,-0.12818614528895592,-0.17025073811515348,0.0951739802298687,0.027800723840558383,-0.024703299856506943,-0.04290211934017108,0.13815593609975763,-0.014047960156816164,0.015041742725684157,-0.12619858300999987,-0.23436750846631926,-0.008864147462721378,0.009271774401530732,-0.009446164785392732,0.0020279294660306368,-0.0016845766019784624,0.00417756246129892,-0.9382724045038235,0.023060957746386807
191,0.5236617406859988,-0.04050789453564899,-0.23669093481481965,-0.18141806476573846,-0.1420084778985626,0.0005690020166254962,-0.31168051526527335,0.17521001882439488,0.1488857009157794,0.08661298756143289,0.07874210227879903,-0.03517516696837072,0.07913252926332319,-0.03952134518056899,-0.054605258191041985,0.14506283008657558,0.21051027378437195,0.014982366192834589,-0.22692478020821005,0.22122218429142246,0.11014780692112017,0.056649636924335084,0.29952858021675827,-0.23819292255634467,-0.028799715029000767,0.14389256086444482,0.0017130552494721927,0.3873121229399648,-0.0685779667267232,0.10609000839110472,-0.011127019079711363,-0.26887903053718587,-0.18023284371975953,0.0313165813133822,0.03996549355261763,0.013766176667745577,0.08005768693189877,-0.13501124229972142,-0.22972844090969827,0.059812341096553964,0.03220336422251875,0.20039695119334638,-0.06541611941291416,0.10744889765441061,-0.12787825023956886,-0.1625112380598496,0.08863093499101872,0.14853893427345205,-0.014026649859164703,0.0016593171399130588,-0.002286080850310052,-0.00434228113865283,-0.007063249172646339,0.0004986297075747653,-0.0036910829740813868,-0.9382724045038233,0.02306095774638691
192,0.1402469168983985,-0.05098179711817675,-0.1658366288050719,-0.11739289354097389,-0.11656500710695142,-0.24210551354275262,-0.020604799254834875,-0.14649161859905518,0.23077036468104797,0.02664880621262478,0.1525784257830235,-0.2795221955846749,-0.2217731756775526,0.029320447681054945,0.05475969354918691,-0.10329728692956065,-0.10724783787307639,-0.02841848378831947,0.3016213280215374,0.008362687694493045,0.3071314907592477,0.22041277171770524,-0.1284376493053152,-0.10466530093836775,0.00755018369538989,0.020951034781300934,-0.06874202047140969,0.10256185632826903,-0.024531530723386884,0.10974812828447719,0.178126174584918,0.15602984474843518,0.011042458988556382,0.1768124715236552,0.015662989346710114,-0.0787817304896698,-0.10237079591593248,-0.008413969718859875,0.014679142393146641,-0.16478880945235036,-0.06809619040604986,-0.0958254416113948,0.005033006560602578,-0.06379748074829873,-0.14433624317299348,-0.11638252198693202,0.13473135978242853,0.026786696748328738,-0.0993492652421171,-0.0034492123625290087,0.0021202685530650866,0.0014848148196381355,0.0019483511563901823,-0.0002239214999778087,-0.0042135030127713234,-0.9382724045038233,0.02306095774638678
193,0.3082478350701253,0.04970180388858364,-0.2667357540563622,-0.34870654651734745,-0.030939747439119498,0.2819078019577258,-0.011158371128906174,0.07098163032498947,0.07556128003446035,-0.012904213244701706,0.2749428621371008,-0.1457811562769687,-0.06470322745508769,0.036119926715513784,-0.17614214753714885,0.019746855482277528,0.30804336159219153,-0.03309472626932063,0.39456707640037386,0.046245606297911225,0.16831007570765982,-0.07435176614634906,-0.030873113560637343,-0.37505589955836277,3.636581534215303e-05,-0.03578864736531135,-0.02637903944460577,0.1398372323294252,0.08825001568200753,-0.05270077133633967,-0.09999090437071297,-0.014575879375288132,0.1316869220227504,0.15824265498123177,-0.05580608754465129,0.08389154067684772,0.09760840655739707,0.048973567469559394,0.06421059147142132,-0.055521507791099454,-0.184724077667054,0.15274601667833815,0.07462400046378792,0.05915981942819965,-0.04065452882287713,-0.0983223685487778,0.07510897810320713,-0.0433877783981015,0.0837217356632501,0.0033023368497788527,0.0019606318015354934,0.0057477971540964,-0.005411257654708239,0.0035356840743672063,-0.00409412082717016,-0.9382724045038234,0.02306095774638676
194,0.5106187478485754,-0.07180093396471753,0.45196243602616565,-0.029112782618585686,0.9730513976235162,0.2304708362998573,-0.24834593813958009,-0.0878818937876116,-0.41587208383651814,0.3184268620677275,0.1691493155429896,-0.3691794224231083,0.9316577254629894,-0.09116037957787765,0.2495309411294178,-0.35673083097673447,0.11516399338890862,0.17620300515569295,0.33540480464717015,-0.29847740143812923,0.5858563043177184,-0.20893024454790776,0.32513133878603045,-0.3322988940336275,0.4064871114664399,0.25311060843771116,-0.23117480161589926,-0.059027361652768194,0.21494340888994243,0.05082202716389098,-0.38793906399437983,-0.3455456615127431,-0.15362276025830107,0.06931328105797133,-0.24126666310272124,0.1522423898018747,-0.04077901095453086,-0.21966104736706393,0.06832572440804001,-0.20351384296498928,-0.11929904509006142,0.1411642144766861,0.0012376049595450849,0.1582700856299594,-0.03295784452864976,0.04788225853046163,0.06188631010706511,0.04799140633623742,-0.08357191353789907,0.0017594943513068483,0.000790383149979194,0.003543806107573812,-0.006483489114349273,0.0029705791968038017,-0.0018594272884059958,-0.9382724045038238,0.023060957746387098
195,-0.08386330352881165,0.024077511430417056,-0.08488226108796317,-0.234662997261005,0.2251290489241435,-0.1348815811667478,-0.05420040393897052,-0.06937066618514907,-0.4205759689422357,-0.23203987772880558,-0.17505548152033243,-0.043456135962649946,-0.513564180021093,0.5512262037144288,0.14190400718977228,0.10170068783085962,-0.03444319374959793,-0.08981771211341497,-0.055593421379552,-0.022449007468589872,-0.07303716834424268,0.028806606289210914,0.205977736471794,0.035643495587076635,0.07250109524486256,0.055773339343290027,-0.1736255178325566,0.13153650277571824,-0.03757361626378986,-0.1465987323218422,0.015203566229237431,0.26620725906867126,-0.26966134149971893,-0.1824790096498562,-0.2573242113198403,0.01694058546007837,-0.12858232510905385,-0.05340555647321463,0.09428404163904813,-0.08978490311965585,-0.13300470324078129,0.03884483326853616,0.0966907837796033,-0.023973604638826522,-0.03921190406726567,-0.19486455683321968,0.18722629706175284,-0.027836502461290248,0.003938970646302768,-0.0016573595271477345,-0.0013259887668219327,-0.006443139932561768,-0.0012415806568125604,-0.0019532674747948457,-0.003834485384549715,-0.9382724045038229,0.023060957746386716
196,0.302022668175549,0.04813715600400592,-0.3079380108125956,0.11524011465363337,0.31391798903225204,-0.4438836648680758,0.17497208826767072,-0.07769146038731439,0.24439232854682708,0.03907815870215444,-0.08607309897073459,-0.027477995270656422,0.07971673535880486,-0.30869884409257703,-0.09214450202657255,-0.04039469149187587,-0.11761610175387914,-0.2129798343054805,-0.21386337265742894,0.1849617256228934,0.04659612813739982,0.06415588854034057,-0.15111545471993434,0.25129313726600994,-0.047338538343439894,-0.04520880134527055,-0.15719706663412333,0.033120337770524394,-0.02815722617938966,-0.07434981999802846,0.15311837579838017,0.03947708725881537,-0.07763674612487413,0.05242439977450081,-0.06096265682157346,0.18321092334125622,0.018679894354696767,0.052538925363962714,-0.11103238733379536,-0.14045366225252837,-0.09826086177219281,-0.059103530287996295,0.1127558906855027,0.04414119219774842,-0.08794243960989187,-0.09739170910971169,-0.020706310518163778,0.10843079868112684,-0.08481920549122182,-0.00036052181003910967,0.001557992787598789,-0.006438439952657442,-0.0071262697968678896,0.0007465611010184938,0.00019823196628533505,-0.9382724045038234,0.023060957746386695
197,-0.051600333828487416,0.15597810280133587,0.0026699970985986318,-0.11177684651582556,0.16918750395803486,-0.060393505207955736,0.7078657780670417,0.02966356055361436,0.18759963720663045,0.10818395036551355,0.2024017048211771,-0.09117137306766794,-0.05852455544081116,-0.02093645924102023,0.14897564995563214,0.24590619774341202,-0.04366173754899199,0.08917418577957151,0.2648617227393744,0.04808925160110863,0.2069872416982708,0.020194941635800396,-0.3123139509297629,-0.17912419421115863,0.07836608708063005,0.004804017466229852,0.18317534359846846,0.054863338083165854,0.0766489931395354,0.014362054810440584,0.11220979472234252,0.18235091903423042,0.02397019659087243,0.007705006919878129,0.11953105804207284,-0.12528981378687618,0.03223203724979301,-0.023573753110805826,0.16737109486806048,0.08755075568772276,0.10988529694973441,-0.03394980009630262,0.009701150344554071,-0.02191920662067851,-0.16910710887238223,-0.12152214397586507,-0.03716105484397268,0.10192855486467287,-0.1496511042595379,-0.0052555470557114955,0.0013624026465434548,0.0033490447112247304,0.005924821989874118,-0.0011119837163535867,-0.003898006617406414,-0.9382724045038234,0.023060957746386924
198,-0.07775256035459636,0.3370764668325147,-0.0945669143341819,-0.07788495759670369,-0.18200665973012087,-0.45471377315422784,-0.15772618757684367,-0.06099394836659561,-0.1303108775381105,0.30290940861065485,0.14026481268475866,-0.11040099048985462,-0.22603475737069273,-0.36773476737996014,0.04505803531353989,-0.12258005782061025,0.031195455316595518,-0.0755929046225828,-0.03008359008202144,0.15144194342347772,-0.05087907221256055,-0.0984327890155994,-0.11833398334791624,-0.006829633773187758,0.15301626370786095,0.1393613018307658,-0.08119286387808419,0.18198483060461387,-0.11091506711075624,-0.057179543352917576,-0.1283987223590053,0.02741022047647722,-0.3659587242672687,0.1391412975950105,0.3151672748203789,0.06894024371154328,-0.023845559933287276,-0.005981957742648205,-0.06636643474756193,-0.020198258530574408,-0.07014751237054563,0.002651167624062309,0.07899180491277866,-0.1173352901154558,-0.1300413058668977,-0.05597519862399826,0.11549138667994352,0.0068523074598874,0.09004402681505526,0.0038188703336779705,-0.006541296355325752,-0.0010435125722135564,-0.004402206312608915,-0.0002063112508594177,-0.005538911436987265,-0.9382724045038234,0.023060957746386963
199,-0.07174638593910915,0.11039192952508342,-0.0740203895745266,-0.04017868050664204,0.5962428715332638,-0.23827819029934674,-0.04974383074460369,0.2753562507368674,-0.45863209190077425,-0.13059194396324195,-0.35037974229198776,-0.010574186407598678,-0.13437143785568303,0.4086527932539214,-0.20961271777103174,0.5631292098402828,-0.027553303590756757,-0.35545175126289646,-0.26808277289766347,-0.203686006292773,-0.10154623560132975,0.019300964082505763,0.14166699563450671,0.2664355241449923,0.04170923364544602,0.1402122352758261,0.10967057771334728,-0.11643007967374344,-0.004217099026531569,-0.10404091803668374,0.20138948900286924,0.1934797525612197,0.039169050857452724,-0.3161138248166904,0.10390172061524244,0.2843898808285594,0.2814008975016344,0.2221270995378416,-0.19834457890514232,0.06766438572698504,0.0819074404275075,-0.1824499426281581,-0.08589078116195883,0.10054876675440105,-0.1482265719561179,-0.06489420690968076,0.027054911656822837,-0.18501469270375193,-0.13114076426756435,-0.0008149872681371446,-0.0053889015869333454,-0.008555660300862859,0.00046582215194360544,-0.003023593353386397,0.0060832233215109745,-0.9382724045038227,0.023060957746386515
200,-0.2329547048238068,0.1608095192634344,0.05744940369427937,0.1957406030850598,-0.24176464581362356,-0.2998703725135372,-0.29275405252699405,0.17328578526003072,-0.22857366735004395,0.10339834933139842,0.06814626857877405,-0.010745208193469266,-0.13217399631440077,-0.3102306949961179,-0.06620028696939524,-0.11925100106974526,-0.20289919574193593,0.09178643258233757,-0.021191574727798878,0.1242502615266323,-0.2113300579421962,-0.27303140264860215,-0.3140498573748164,0.04055133233630401,0.1582470671054713,0.009765017516828203,-0.034056254584488715,0.23790776249389178,-0.14143760076227568,-0.05632209297072802,-0.06570844742966074,-0.038021979231013185,-0.20006441451623802,0.01623656872928263,0.21250222649029304,0.19007390017848358,-0.1193423347377519,-0.0564586774912064,0.15550197522417963,-0.21503621880423437,-0.14806383953203828,-0.23835255926994314,0.1547048366736293,0.02935825487698584,-0.02681641289893088,-0.0831450680462507,0.27816423260218853,0.028607651240279627,0.058194919665719415,0.001902475420290463,0.004300706999958333,-0.0035534931967537197,-0.008960696151992093,0.0024575119214719754,-0.0025912135242611082,-0.9382724045038233,0.023060957746386723
201,-0.5185068565438347,0.08317953867911536,0.14194563999523918,0.031261576104631275,-0.27155092407637627,-0.2314696434986794,-0.3796902454996929,0.21395066819845734,-0.019603993245299454,0.19007456152562197,0.11305038213346948,0.2556888337627155,0.021256952446652953,-0.18855573898645184,-0.10795498803880414,0.020454817190944975,-0.0914255243069567,-0.058966088990719805,0.16945315707420824,-0.15521643995661039,-0.0696051104359089,-0.07134932772003288,-0.10245385856538781,-0.2735790203532634,-0.07797170357921078,0.28281415537473326,0.004662003899160725,-0.07190367423542268,-0.12397377736635963,-0.015719308936327406,0.017122868492402493,0.11230489826902867,-0.19389492173839498,0.00330975870007302,0.0549852245637988,-0.03965822983341348,0.12897063199071257,0.020570079683095977,0.02021208856842671,-0.030454148501730394,0.1602165645624104,0.017399274126198887,0.1925387607088645,-0.1380905656571216,-0.13284997891432251,0.026014980985188993,-0.03733365472319066,-0.2581337298386408,-0.05301761999739087,-0.0037215262236302716,0.0031528506775515327,0.003975188363263145,0.00796542122842379,-0.0006836085070778934,0.004258527775416822,-0.9382724045038232,0.02306095774638691
202,-0.38145082376476175,-0.11164471558804685,0.010062985749677681,-0.1593480735729534,0.0627981595236589,0.007008195744919656,-0.10709780866775702,-0.1643792011836502,0.12768547502206515,-0.10937778070556119,0.04762959301735595,0.0348958293372483,-0.04615204589065258,0.034458524824992745,-0.2712637888896798,-0.08216918900759795,0.39787678035549745,-0.01595104187456031,-0.17256552546367634,-0.018480144191096805,0.10765344785311645,0.05879138389325315,-0.04390446880026078,0.006266666143242614,-0.11908670817866868,-0.1376374761381964,-0.32446030875186704,0.09854289415185151,-0.13842838490306258,0.2127536103690865,-0.09611927284910406,0.005820150947101252,0.10186888121914213,-0.11547688263406258,0.1813556058290088,0.03761005330413859,-0.016763868570820885,0.12112757561645196,0.06786961570272787,-0.17019224913872746,0.029031873726171088,-0.16433748028128686,-0.05785422257631885,0.00012262349485355997,0.0694843495406176,-0.21588749992697784,0.1847153695051013,0.04721809191887254,0.02062518613435981,0.00038364776517123056,0.0034454340190406257,-0.006828418130584186,-0.008591249532948448,0.0012275367580823504,-0.0033167509832461037,-0.9382724045038233,0.023060957746386727
203,-0.23295867602703316,-0.49908150695846626,-0.4719070308486561,0.1286528976800209,-0.13945753816287362,0.45047527156934514,-0.010233823408034234,-0.23587000140514486,-0.013846448568350066,0.11570427873622331,0.016853056659100193,0.11875360429984105,0.07920476545234255,0.08021004212224701,-0.11354095597987487,-0.11571923648539352,-0.030778188527456903,-0.014029384214224694,-0.23183977700946995,-0.21898241845323874,0.13297221895890055,0.12875940741365177,0.08065667769440238,0.02330945876113499,-0.059108551129150276,0.18854272625414584,-0.11888103301094392,0.0749251445305386,-0.10942508368240195,-0.07913815213714542,0.2678436252639052,0.11189980853770244,-0.02688372425372448,-8.10114728768996e-05,-0.17449857126899354,-0.0768653612169806,-0.048809552026122215,0.007787405439639592,0.06862922731750494,0.14608931409948075,0.05763681887080053,-0.15438864072841044,0.07128046343357297,-0.2342139931253796,0.11761861520694576,0.05691564538949438,-0.013334344684844634,0.039627204674383555,-0.1303375093197432,0.0010933978186151974,-0.0037619477413947085,0.0016971180464152437,-2.9407109574251702e-05,2.4199354038178585e-05,0.0022131836519231605,-0.9382724045038233,0.023060957746386803
204,0.3050734564277875,-0.25503198993795917,-0.09415312926706629,0.1018267823519125,-0.1420537415535597,0.18231816466778655,-0.42054462772673773,0.22645326495829923,0.22493711509751899,-0.028487565494840963,-0.1291198265297996,0.08568023216661028,-0.14458920908152045,-0.24930786703102745,-0.24732011033821025,-0.10714750379930864,0.3367996728396129,0.07847115837512464,0.11213739269401203,-0.1484692051841074,0.03849364679136728,-0.035681991288239415,0.038277091349917476,-0.2354234744965357,-0.021126246080896343,-0.017815649715380015,0.04832438123768953,-0.05101922153505099,0.13188021320144416,-0.20184301342292107,0.05354978181619184,-0.096194489900633,0.02939129916549758,-0.007679430673015868,-0.1644185399296809,-0.23303041514956305,-0.1425830126386732,-0.01835442171512293,0.01326309439407654,0.1972532757014624,-0.02630231583460206,-0.16511161007174938,-0.17871782972823247,-0.06680621608689334,-0.05077900492670446,0.14553654767031823,0.018354877070035098,0.00042525601950601095,-0.0686894743963486,0.003752499112211814,-0.0035828488810334797,0.008783856168108603,0.0006861590771132132,0.0018320291462206478,0.0014869379921276199,-0.9382724045038235,0.023060957746386605
205,0.15410480167229973,-0.2279816586056515,-0.09802365486644034,0.07800318550219439,-0.15425817332722558,-0.07087358804873686,-0.2712012734306757,0.030201838370125196,0.12526954110839003,-0.2775855112834021,-0.04643918794454697,0.14295860561465334,-0.12911377022164724,-0.07666814279738092,0.2487761592039631,-0.041798131235774826,-0.05092482416400141,-0.14278370791966463,-0.27164479908572164,-0.06390652568151406,-0.017097640840860275,0.09840697999726536,-0.11163232267381624,0.12567027021291968,0.018358097809078756,0.16553964055261455,-0.0017746558672580293,-0.007718651334623523,-0.16010466394871153,0.08617135925056064,-0.12465254103999007,0.1414600562342398,-0.023288372439319832,-0.03860906250561555,-0.14937445175765057,-0.11120894514242138,-0.04248736624964452,-0.19705664050171817,-0.0013770339322776032,0.008242737502659808,-0.03900047389752103,0.05056219266168032,0.302843321748362,0.026948370968300567,-0.0999733090681269,-0.33014388848895515,-0.022833640008352907,-0.06060843336773845,-0.004220805196058983,-0.005767584842992029,0.011184175716549902,-0.003256079221158613,0.00128909002663378,0.0005288464633193958,0.0018781905477265562,-0.9382724045038232,0.023060957746386678
206,-0.0973610325589297,-0.3082799176901683,-0.19102758006910237,-0.1547156745914991,0.1353874928759296,0.18097428449289163,-0.04329968015604657,0.08003790260352456,-0.051541236057312166,-0.6502396796600775,-0.07391914923417581,0.14725053656212408,0.06804951087832559,0.07659280714269032,0.491070238494877,-0.23859380793176307,-0.31794754413025256,0.07512774881808588,0.16713292627917828,0.0066737894881442345,-0.07223783878736233,0.06308706158874472,0.008305694276946435,-0.2766351681761171,0.03551566182068477,0.1372829601267076,0.12041219977467604,-0.17158368283277745,-0.18591566414182992,-0.08641050071381011,-0.15435322974906238,0.025998675254484013,-0.10824073331396084,-0.1396262379450281,0.17640021835063463,0.09073505193516736,-0.3614129351176582,-0.06172736057387237,-0.0636312745340569,-0.12156101956395318,-0.053641641709679375,-0.07825810494772141,-0.08754600393176656,-0.018704815626905867,-0.09238024315930185,-0.005097216384910611,0.07155543670758661,0.06455728231934042,-0.08842681168631625,9.82973550122588e-05,-0.0015684240414222212,0.002812246005831202,0.00019758046355774386,0.00034390957191403175,-0.0005930186553589329,-0.9382724045038233,0.02306095774638684
207,-0.15461203774077079,-0.0853527680532344,0.5115112923075447,0.08288987344835896,-0.19437550144880494,0.013256883314314972,-0.11798385078363229,0.16244165933200036,-0.034300222820549654,-0.0004340039165184435,-0.1609668265699502,-0.4680996092577515,-0.1461000087610176,0.39233717818508995,0.08615052909350676,0.07971882786830756,0.07605972005168808,-0.08038949784889823,-0.05055198972431742,0.5576265354646049,-0.05812376438636537,0.09026349431233643,0.21795880712632495,-0.10359368967732997,-0.1274641033208544,-0.01686983943216757,0.23328591716031455,0.30975355270807786,0.4298995720947849,-0.3638801062204983,-0.24052649664482253,0.365187040294827,-0.1058796448420239,-0.09905868881564275,-0.07604646559806505,0.24409483661861067,0.3283195160872498,0.018582270143274744,0.15262844452103724,-0.09545023416741556,0.07595712545251976,-0.1036589321967163,0.14242562975545006,0.01387671068967836,0.042592903533444464,0.20661625578149015,-0.07609087397409496,-0.008020803598177839,-0.0616172072741181,-0.006843731096205116,0.005767082236798056,0.0057563654148864,0.01442853826356816,-0.0017447560964060917,0.004589329855012499,-0.9382724045038231,0.023060957746387008
208,-0.005170197693750231,-0.23094311813272317,0.08368505937834327,0.16314566751009205,-0.2750553356322114,-0.1962882086829018,-0.3442489814796496,-0.1004841171542332,0.0734819735883121,0.027360529103850378,-0.15654065801181757,0.01319447537942394,-0.29363524346768,0.11489471742475166,-0.07900616713958418,0.11547464577171586,-0.14405096893355515,0.35608650092813227,0.21946098172597,-0.1301832968648152,0.03528544776615459,-0.29906948751143136,-0.08969649290527516,-0.03313672449196868,0.1623321849141613,-0.19873563369613015,0.08757842992874373,0.0842358356251811,0.11825353939374152,-0.04639012184379075,-0.0523965472407214,0.03986972546540038,0.355959086941741,0.21351993613442194,-0.10697011607388346,0.06770734581832341,-0.18129895222197753,0.19525744765263067,-0.08484504626604776,0.09600966141809329,-0.04764860509535299,0.033265871557393974,-0.17953802919617284,0.011774093285756609,0.11889673835477398,-0.08676639194887942,0.06754593584784531,-0.13839752044868234,0.06641815797777023,0.004222769763665605,-0.007276458991940225,0.002364672242011952,0.0002542379939457566,-0.0006031967038117888,-0.0009666876807093389,-0.9382724045038233,0.02306095774638662
209,-0.21788008482461485,0.14713096016262658,0.3150494395495686,-0.4506614355269175,-0.08522768220929647,0.07761138431337346,0.21403080483643366,-0.12425835033335464,0.1683686977388589,0.2070655982672355,0.11532269173649616,-0.13350958052978426,0.18327134111352225,0.04672238262805947,-0.0893804438500593,-0.3154196569976157,0.0667588735570152,-0.11779473659013348,-0.025000063820711474,-0.2551121105060154,0.1155706038821915,0.023987494021641288,0.18759399749387815,-0.008865618428720664,0.03970850971867683,0.10069770319091288,0.024547673456358124,0.002430321076446902,-0.1700083221773903,-0.12552250641910337,0.2512670334391536,0.0005118194693698705,0.1700302683770459,0.021100410788412047,-0.0320303506222261,-0.08839341369859091,0.010572448981557143,0.3195700381571753,-0.16003405500977236,0.01313052918741974,0.10254504173016656,-0.07410947258394505,0.06681424840188831,0.354749011787952,-0.07753780725785968,-0.028017504880286613,-0.029185474717964538,-0.0681407366442711,-0.06352584560358748,-0.0011820911149923925,-0.0009635268044578418,-0.00022223673065564488,0.0020351266448706356,-0.0006888620910425075,0.00205695990741221,-0.9382724045038234,0.023060957746386834
210,0.35114102612018955,-0.20775301704896942,-0.11205715307030913,0.09782122949229982,-0.19554443925777493,0.17745843645785284,-0.47597601768526754,0.32357014268476136,0.12495710820941533,-0.07518033232567888,-0.10543594437806053,0.04520579057289779,0.1260914463346225,-0.0912997886164995,-0.25002228993106795,-0.03574708640033646,0.2620675186538273,-0.07261731743542806,0.017535090218447527,0.29611297274153225,0.04354697228227137,-0.2654030463808742,-0.03073193167864034,-0.10720971907187134,0.12649426794616997,-0.07749547570913087,-0.13949619586264747,0.1432846897162045,-0.0763281703604491,-0.29023893697437836,0.14673117489639617,-0.17321523958622265,-0.16242129966331514,-0.023933814075860416,-0.04845923802208852,0.3534822398503098,0.02389231720636923,0.021902509709809524,0.016648506515227857,0.17901933234218437,-0.10770560728439069,-0.12342846214629456,0.03934899116357492,0.09522695094725063,0.030334006342391404,-0.05393288327598795,-0.029465707057673568,0.030920145157980333,-0.011827992912303648,0.005705982046018525,-0.0032528564116432426,0.0013261755755423076,-0.007502222985198392,0.002587830698663739,0.002373475536981527,-0.9382724045038233,0.02306095774638675
211,-0.39173764377652837,-0.0641451359401687,0.38788119373728386,-0.33587734011451786,-0.04480643031773514,0.39557745175913284,0.03311317306092615,0.13335225258281175,0.06132578020872353,-0.16626600066607916,0.018474505111162613,0.1358047795803652,-0.008586767254368228,0.041029666002723966,-0.027433193920720918,-0.17532648248160135,-0.37848523335821327,-0.23388984487928688,-0.12016642134996564,-0.02793025471632235,-0.04569608618095293,-0.06291074741881282,0.06430049352995089,0.14685279744243013,-0.27176406409497944,-0.02312465682521329,-0.10396470880339018,-0.1155684915607447,-0.07881961049176603,-0.019388227889511105,0.1341624281494444,0.04703516376466795,-0.09256177792427162,-0.15563903164889212,-0.18115452189499612,0.1526258544238952,0.05463132615160673,-0.06591011495482253,-0.19264398573212344,0.0740377994888597,0.039083888351875755,-0.038187205232564934,-0.07586829714610736,0.2574265901969738,-0.046270927930690466,-0.1152963151044087,0.044591739466706484,-0.08116357986690662,-0.06681935646010026,-0.0014930215018035097,0.0024638434579242383,-0.0031084082962085937,-0.000417955326276795,-2.489759466469879e-05,0.004147806131390666,-0.9382724045038231,0.02306095774638685
212,-0.10493060935679462,-0.4908041368918676,0.36633470056019324,0.20945508071292443,0.9589753032206739,0.324050274548202,-0.3855795301628814,-0.5265420371671474,-0.07468528854128266,-0.09537077122179331,0.12622783634841203,0.30446742286933964,-0.07852044468450878,0.05594077173467049,0.12946202615444763,-0.16823362908718034,-0.15403598842655103,0.004455545554326244,0.2842880764863467,0.03249988100950118,0.06710511678081889,0.05964704904546109,0.18295007044459688,0.13967897517915692,-0.07302258124029158,0.22854074300795518,-0.08069393729063604,-0.018896367489123423,-0.2777704266155999,-0.20536301765518403,-0.17905068808283026,-0.215578019569285,0.03427452014452719,0.2130175421907544,0.08189394929569106,-0.085940648940887,0.03827503433466404,0.2883299105100638,0.14680002527175687,0.07346625697213877,0.016456515328911677,0.0480421286598975,0.2103425587507005,-0.083129960885182,-0.07303948845627732,0.0387997883124898,-0.0006407523934792754,-0.04069338289098743,-0.06097189857491544,0.0006582984516256157,-0.0050447931432005474,-0.00024741761507140174,0.001693779225247802,-0.0013464900467195682,0.0013305315618686157,-0.9382724045038232,0.02306095774638701
213,-0.24058984286209592,0.04014620661996118,0.5352215190104171,0.06835050689195085,-0.19087999144158566,-0.2201174217765658,0.0033966783367115924,0.02822595148953895,0.052715084147369674,0.30862277688603057,-0.5004557812086976,-0.16771243882194234,0.4542653820746216,-0.09406052131629962,-0.06926485419511082,0.18640910118339385,-0.03521154035461401,0.07025195442992642,0.11213832744123735,-0.3310141677972208,0.4865027419872236,-0.26363855014439785,0.21863155291680603,0.07548548297634483,0.2407736563001029,0.1454090894532627,-0.08789072652218545,-0.14513801752678865,0.21679676146144197,-0.06710776052346304,-0.3174517700024469,0.09876037762153843,-0.42766855262762093,0.11182876698894303,0.21551511655507738,0.029499668735763086,0.022385048827723582,-0.4043769501038787,0.23684275678437353,0.029653333849385014,0.08935403284002298,-0.044997203359444946,-0.24421786830215875,-0.006003912046278679,0.05166498885475957,-0.30434174461443547,0.06459990312883566,0.3056102819960458,-0.027593607401980465,-0.00036012274750732144,-0.0037544109817768487,-0.0011847924281894865,-0.0013733756569641639,-0.0010343908027110548,-0.006642971222715558,-0.9382724045038237,0.023060957746386987
214,-0.13777771600526695,-0.5575779810629204,-0.3085218899978808,0.4016797178099959,-0.3788088756693552,0.07287175609785268,-0.18648233584323484,-0.3255622418530389,0.10940400713137166,0.24168570109344711,-0.07742117720556906,0.11941914192087227,0.13812775163707042,0.047037143651965804,0.18576009730558338,-0.01117900704008845,-0.11231348131147796,-0.0319230905066289,-0.1294185773154788,-0.15711569193173133,-0.07552553671450618,0.11342446129612985,-0.08953051200130303,-0.12688916488319163,0.0785080207410583,0.15085586975000104,-0.008404758488661769,-0.080378891537621,-0.013936683092923374,0.125434871704273,-0.0910734376676492,0.23452574464683895,0.24382117558133443,0.02981267626587173,-0.22635486111058414,0.05115815039485406,-0.07210858534077738,-0.04344021309269675,-0.2489156783903197,0.14242231960367996,-0.0034896235141677985,0.13277426918588942,0.10626489130592041,-0.08471578474436141,0.17884688313619246,0.006571440045274849,-0.025497785631567505,-0.0026985051277624954,-0.04845442184643237,0.0007537975970700028,0.000627938228158444,0.0037876084144848462,0.00046330245939947844,0.0012374005683137173,0.0032940918837219588,-0.9382724045038233,0.023060957746386813
215,-0.17275322635995033,-0.09861601289766611,-0.06441643939685869,-0.06578305403607065,-0.04261751356404751,-0.06084596313712515,-0.11092014177145927,-0.2418584869655297,-0.02075809843419866,-0.41898760487858583,-0.09146293141385779,-0.18310488090806237,0.18288793100766748,-0.010854638716089646,0.004508094004313142,0.1722266725651744,0.008779931275498885,0.25575468144199204,-0.117295111064153,-0.18157748749333638,-0.03620546787714262,-0.15562971241342824,-0.1539627655013207,0.07240020109496817,0.13666372741173113,0.20351766186904585,0.08781926864290121,0.32939367722962015,0.08441381047722854,0.05768240017196603,0.08891209784059804,-0.053848639644208655,-0.03018752393229919,0.06637801574912552,0.10614317979153785,-0.02487073325594216,-0.14535977490836943,0.05327774258732967,-0.12415247758628595,-0.02636082649992879,-0.05532323006020006,0.02073463820722507,-0.05633389748849582,-0.06271630373631697,0.18836152565386982,-0.07200539797158975,0.1615209529402395,0.08586939030986174,-0.03705470146365346,0.0038428477461576326,-0.009395108499420969,-0.003000965001155777,-0.0051065002894913405,-0.0010202950030240108,-0.004161361739396248,-0.9382724045038232,0.023060957746386734
216,-0.07214090337428603,-0.061147014130479516,0.06280696015122855,-0.019008665700346233,-0.2928764728329858,-0.21658731997489836,-0.32986153436704124,0.34754074050974526,-0.17370084595271626,0.06205199936823319,-0.024487585365837342,0.04594260200844235,0.01451341221190072,0.13077276947332706,0.18571528095161915,-0.17395673424773558,0.06668274386047572,0.12089706125078138,-0.10779036498245076,-0.012861289271067083,0.13892555354759836,-0.2053449421526957,0.0008270440359408146,0.1041952780977803,0.28679974075275155,0.01885573244533336,-0.06665620782363893,0.007554335814718765,-0.2913460659628584,-0.18530644306190164,0.16562557734059002,-0.07306921959902679,-0.05732790771218711,-0.14528386252891606,0.013659599744918264,-0.2953829396601418,-0.013423344861240935,0.023764002311304457,0.005647330689430879,0.291406462506539,0.34135725840599124,-0.22424356724279332,0.06199640223816031,0.039930090969764014,-0.3727885271395457,-0.17121731101117374,-0.1673982943858678,0.2561364647761152,0.045411951987145205,0.0006522002807893985,-0.006880183308695326,0.004348635173015796,0.006350352999376358,-0.002113663749110859,-0.0022792032891607206,-0.9382724045038232,0.02306095774638677
217,0.20893836909429764,-0.22866746018538878,-0.09730479591569786,-0.16229374770930174,-0.056066187475061924,-0.3051827770995795,-0.20809069746993206,-0.15156419555426162,0.35850385009166774,0.07842335075058937,-0.07494869334399279,0.21148224547863084,0.1895187193689476,0.09427056946053244,0.05803263178454363,-0.046979549206927276,-0.27045454746571806,0.04745803610955139,0.007368512255723965,-0.10943236884811913,-0.08690667486334273,-0.11210226388677892,-0.02726533542008276,-0.13899195797957592,-0.09035669129268992,0.05531613106351423,0.05533205675684931,-0.06643757066227268,-0.02579538461624013,0.23292018061214925,-0.037308710837124774,0.034064106522310914,-0.1348106869092086,-0.034972842822144856,-0.05684287033891171,0.030800001301171026,0.22531681962628186,0.06858460445385776,0.17367383491068758,0.0872470751204102,-0.0757898241359421,-0.023791358538108577,0.1482467958879846,0.11199674020889763,-0.16049636581894022,0.2171797174191371,-0.12172396642175436,-0.1164243333438424,0.04283872126069766,0.0033816592747891194,-0.0023762549920346853,0.004590561249443339,-0.0007102249617558714,0.0013403062818882667,0.0027053053134455233,-0.9382724045038234,0.023060957746386623
218,0.014883670628890568,-0.062466371314110376,0.3269098887002493,-0.11809079735520313,-0.16268166646199161,-0.10757815338253975,0.0929995324997106,-0.1339815557549007,0.36918332007785676,0.20413101966867425,-0.020050388474928692,0.07685507023978289,0.02545242548099328,0.03928743583387009,-0.18024395416934072,-0.19678623933025272,-0.14050448672125818,-0.07001841274375077,-0.03179901337108724,-0.2771187069875812,-0.029300252853305574,0.01627540017173461,0.09493679498546388,0.0964204307376611,-0.26603144039968674,0.009754988452351735,0.25615060826006536,0.2285867833557499,-0.16714526804331473,0.03153265723374768,0.018972178582652946,0.11425157010807338,-0.025756771098699126,0.3356418758412536,-0.18541612146701414,0.04542318948784788,-0.08745177615139556,-0.0021872420177421544,-0.007801121542079872,0.0413000479552944,-0.008371327788938022,-0.13663597877667188,0.14652094810282038,0.03361666637908941,-0.03776398724382684,0.06530973672818675,0.1674024822665385,0.07327402229528061,0.11627257927227384,0.004853785734194466,-0.00516490510559285,0.002628454477825495,-0.0004561102610129239,0.00010844032858212865,6.253581950917506e-05,-0.9382724045038235,0.0230609577463865
219,-0.29351111912173233,-0.17296278225224573,-0.032238522356575365,0.4230192009700007,0.18628996652468657,-0.5898433913919076,0.1223026194079304,0.10339326010810057,0.0714584030373636,-0.041614505337469625,-0.13769539438264666,0.07404255113107656,0.009072786375184381,0.3658731609809928,-0.1822570896849173,0.19593028303615434,0.048834888596363174,0.23227787046926748,0.07047526811092919,-0.010442056214796937,0.021696142803000123,-0.20217561537954762,0.08674880820087003,0.2229088325362542,-0.033180205447584765,-0.08787429986394235,0.17908101387181966,0.004632182042719686,0.40180205439577976,0.04013979536585843,0.42634210177411236,-0.3832889017473382,-0.19592195281460217,0.23313113227401558,0.1775159262657967,-0.04928048797660286,-0.0014789335114456523,0.024906859229642742,-0.17760127148952898,-0.1508665908630014,-0.11820791409413706,-0.010562730891774327,0.05762681295168466,-0.1076063501001003,-0.17046400518299773,-0.07694919757803652,0.13784444834805734,-0.07765923397308318,0.14010788242548178,0.005312187694817312,-0.013029467098664498,-0.0076248335080124135,-0.0029736594187426894,-0.003437281783304687,-0.0025241447415058228,-0.9382724045038233,0.023060957746386702
220,0.11915458730249584,-0.25134736655469225,-0.18560028810256637,0.345513244452754,0.14663758517088574,-0.12161622932659077,-0.08252743339049354,0.3451200642515915,0.24196336312247624,-0.14741365184047053,-0.017600649698576602,-0.03450582981026306,0.1582739557432591,-0.17571571745910194,-0.13862792032496993,0.0660337456578573,-0.03469798137911682,-0.03630609335510884,-0.2174750741606921,0.31183745527163403,0.2757752428946772,0.015379244783285333,-0.007118481959610524,0.08324254397259238,0.07232709281958136,-0.035091851473138216,-0.1768588926100232,0.1281373254840053,-0.10289380149772495,-0.24019170409087814,0.37892752229905946,-0.05976073941780144,-0.0967950771367775,-0.08888557965582233,-0.09190105165196814,0.4648479504687483,-0.03187140718443846,0.12672394606395126,-0.016544978493920875,0.08073591840890852,0.12447052582695796,-0.21794711440798617,0.17080164473733797,-0.013970085804723968,0.0040724685589238925,-0.08726972387387734,-0.015326024803976655,0.057042905569896954,-0.035949923144226015,0.001181978659233409,-0.005216388718398972,-0.0050211508591532705,-0.0003637492507852304,-0.0018803233636637395,0.00346610269599657,-0.9382724045038232,0.023060957746386744
221,-0.12757355111819624,-0.24013223104363957,-0.009911481931190732,-0.0910277048504501,-0.24372098604832498,0.322840889618361,-0.11409292089978405,0.13406805450798082,0.18997000032113454,-0.46600755319087234,0.5735017526433167,-0.43913118455966643,0.16093361831816955,-0.030838807506184278,0.21538396628955078,0.46451315841749136,0.02150936069022931,-0.04605469798995598,-0.025074047427603274,0.04780876727071399,-0.07095851295968644,0.05055649634595128,0.05066088409184638,0.1429316133251579,0.15074978763777788,0.0869360982717614,-0.26423238330864385,-0.1538760801127518,0.12503722719882088,0.028799376239804383,-0.19844803756681004,-0.10071570321280102,-0.002307156596370192,0.15716986817146714,-0.2236399355389951,0.1170314322768893,-0.03616832728311218,0.23026686539657246,0.07280700704956083,-0.031244065970420905,-0.00010344198945853425,-0.020579551414863912,0.01123133111721885,-0.12935876544891464,-0.029586899606844293,0.13486037813442842,-0.03255066822836843,-0.11967134022502429,0.019925693084823375,0.0022176925559888342,-0.005137084851753531,0.003786731909775707,0.0031194945349755756,-0.0007033807756326599,0.0010530818562490812,-0.9382724045038233,0.02306095774638669
222,0.08513738055888768,-0.16796535017565253,-0.17042651679408513,-0.18165425794448647,-0.007884556883134147,0.4114708116395941,-0.08322488945689778,0.2056375348318498,-0.059753193910211014,-0.36502761376434323,0.10183844119165895,0.15194939701507568,0.015102577036853944,0.11937583202401775,0.08480673303379467,-0.01970182410081982,-0.1052731879323055,-0.024063394094063256,0.004053382561092672,0.09140724382661966,0.14479411644476445,-0.1371413480674921,-0.16014450427699825,-0.32264682822510776,-0.00906665100347488,0.010085419531912939,-0.1266771122853762,0.07149964806274252,-0.028434651222276976,0.01911286323795793,0.0761429559421612,0.2469704936172856,4.282528215485254e-05,0.02559884561100562,-0.1420937446923119,0.21580882850571492,-0.0448986413306897,-0.03816689124684686,0.10038070330078809,-0.37755337445346704,-0.08302837537504504,0.15231825894318768,0.06835261242678124,-0.0006725467506400956,-0.045887501188708914,-0.29977403074443104,-0.1410146334044493,-0.05114739941056628,0.1785061553382727,-0.0007623828378059815,0.0077275052637783385,0.0001266277504786191,-0.0032995718898541355,0.0021658426218572864,-0.0028488234283674655,-0.9382724045038232,0.023060957746386578
223,0.13630391638994824,-0.17165924798169124,0.15561714107139582,-0.17393572935911603,-0.17057617253183321,0.6872039355340901,0.05042972417157812,0.22834127921337113,0.22292428771772507,-0.09595756730700651,0.21398037207545498,0.15448350821770096,-0.22429221264091062,0.018572103239567636,-0.08458703309049331,0.04822671912261727,0.28651408037157133,-0.04515417083772409,-0.001720172832037336,0.11871723031691958,0.0726251943187802,-0.27388259923007074,0.11694217701185206,-0.10147319092003866,0.040705721276025696,-0.08602427367305096,-0.05422129568895965,0.16594864509365315,-0.03455341691702471,-0.27994666885966335,-0.001515229194636136,-0.10162947579948133,-0.18507985289744686,0.04476860215200608,-0.1835834632774408,0.06467547857103932,0.2727735915958114,-0.229747327352075,-0.04475483652257927,0.10643123358709862,0.09535588431928152,0.019833806041105413,0.012672069314695715,0.07846693184129569,0.30522164347088176,-0.012553392320830756,0.023983635531478687,-0.024978160258179147,-0.06048287160862809,-0.00213831229764288,0.00673198354991477,-0.005076301188152687,-0.004490043915834578,0.0012736639989577316,0.0014985704933989355,-0.9382724045038233,0.02306095774638698
224,-0.028976693884155375,-0.1440601085407251,-0.40709210736586876,0.21384448984098742,-0.3847764523014345,-0.08643744591767556,0.11929832540733828,-0.1756341544952302,-0.11910661088165757,0.5639052309570173,0.2583725823852449,-0.28364938870162265,-0.007306297345030776,-0.049369056220447266,0.10836351268194724,-0.4568130274595891,-0.12962214317187368,-0.06493470122595249,0.03941295624479605,-0.15740605016250434,0.1373415114158809,0.03780044556309636,-0.03777671136470324,-0.0595763582959621,0.28205520741538226,0.15434435816649306,-0.08497998949715901,0.15704907892295789,-0.23613811649897332,0.026044339114339805,0.12787893821666854,0.11334616895110114,-0.14809652095371756,0.012211571796538274,0.0719921857764907,-0.2329202086831715,0.054385363363055945,0.2993505207778519,-0.20524810696625956,-0.39744526463153185,0.06225378981576068,-0.05034793912695426,0.09832217192025756,-0.08485331914188446,-0.12778032244220822,-0.025506170743639364,0.19668994634437473,-0.17592825555585617,-0.12447224328766517,-0.0020157955551899868,0.003279218888418643,-0.0073243696937314385,-0.006411380566665054,0.0005881678215626956,0.0007606960804898939,-0.9382724045038233,0.02306095774638705
225,0.027509107033019013,-0.14184822802585503,0.03744390301238047,0.14458366062902053,-0.20273266855703187,-0.13488564288271704,-0.20840944899995872,-0.1789969090196648,-0.1316722986612012,-0.3666228273197963,-0.7570118250471629,-0.24975237438712186,0.40777565421374107,-0.44506818854306723,0.30883259469032404,-0.11080704890503698,0.10751025587429724,0.34810160899025555,-0.2430259576394923,0.29429780389818117,-0.29962154778064415,0.31806550642185916,-0.04399683475449959,-0.1140640722251963,-0.1784626258079937,0.03981619246927202,-0.03489069389871038,0.021161816696026837,0.021220914194292735,0.14601385270273895,0.2397358054036511,0.057783600030988265,0.04734499793241792,0.3959775677334084,-0.22496948498703528,0.11835097367877578,0.5978397144099312,0.05614004828103324,0.1314238098647175,-0.13095565986498392,-0.08795615221150964,-0.08325769339943408,-0.1198179280924816,-0.05541449639834314,-0.057863828548473877,0.0004637490326029277,0.09186538155533237,-0.07433784763753974,-0.0658079668912534,-0.0015750889134541555,0.005363411986531355,0.0031155702611899263,0.0023139161656367964,0.0013027011563490768,0.003934994025647266,-0.9382724045038233,0.02306095774638673
226,-0.4307017628184602,0.12282724349095979,0.04332910447979026,-0.1831362937243565,0.04799067649901812,0.09182904585933396,-0.1780241107391179,0.02651150540093456,-0.09448287519916825,-0.16397634743271386,0.25968638752126894,-0.26461034721658105,-0.21254509715223996,-0.17676024847510013,0.0022770217673767283,-0.1238869475705691,0.0959592431411235,-0.13473983464642617,0.05757925907386438,-0.03762651487075042,-0.18957633830239554,-0.030071407038965596,-0.016074101185170664,-0.20937817978211423,-0.19860141403652617,0.05970695236612572,-0.10482214685661649,-0.11926355528894803,0.26461828396472986,-0.11934514896128137,-0.03903560141490132,-0.10087790362133076,0.12898600946102895,-0.1942135592478364,0.16571662282030863,0.09183938948032709,-0.02054299809093766,-0.30207999092748716,-0.008263780190418202,-0.1293737474919508,0.17651315144703225,-0.1747280455294754,-0.027651766206206668,0.08627860730947325,0.09072137303032714,-0.07138499953408219,-0.19277565306546338,0.10858578001462238,-0.07710702902975146,-0.00742193133881362,0.012285039424262923,0.0020522274933747536,0.0032910199460496866,0.0013935409338594247,-0.0009199751021480583,-0.9382724045038233,0.02306095774638678
227,0.2258528263125451,-0.0470926773020516,0.09578611149345156,-0.37617320436338114,-0.001960209116030421,0.31714298650192,0.2523575486359074,-0.16263541520047295,0.22099311236395489,0.09398505248978938,-0.042966023866706816,0.23473992017279777,-0.287790743706948,0.09425028637783345,0.019751303885863367,-0.08704934521802621,-0.07256792348675228,-0.038869953890684004,-0.2017170099184518,-0.14176993818569075,-0.038451051988069175,-0.1841248471485582,0.11134915319550072,-0.08373612932189806,-0.12524276424215777,0.01711660768854217,0.1414048912553295,0.08316403537594032,-0.014322597446628357,0.022433464190353424,-0.13964575194982706,0.18325844847336392,-0.01434526296176836,0.12704367508785028,-0.003377022507291886,-0.11561718967453714,0.04242515773066986,0.06535919963801355,0.1383542398131044,0.013296135024795893,-0.09010319598719688,0.11971386454532817,-0.022840956105867328,0.13162686124342743,-0.143636159695318,-0.25252111680913425,-0.156165283877641,-0.20938920834224012,0.12488451277842974,0.0006322629671575649,0.002390795081275888,-0.0016271799489131632,-0.002769530272451254,0.000872102979892831,-0.0006629912768682956,-0.9382724045038235,0.023060957746386654
228,0.20639076850673313,-0.07282449638301418,-0.21784332156859657,-0.31113601211501285,0.10347222315382572,-0.010027633121928494,-0.037929126240424486,-0.2792807612548161,0.17795063853880783,-0.034977949641088336,0.1373930150246866,-0.09363113090054517,-0.2085762587462596,-0.1973503875665862,0.05997408368694147,-0.04138827067730361,0.045927707867653586,0.17040056904332176,-0.09803770491422845,-0.26308553656218514,-0.0028944038242156717,0.10892307745589043,0.11659733500365248,-0.1840027611230059,-0.040667358149382056,-0.008110113141488575,0.13728239830823077,-0.10437222695966548,0.21277833629210696,0.1566764182768432,-0.17519788453564217,-0.0881047743150876,0.12459663887338421,-0.13712695073893255,0.0604407838551026,-0.12070110967004592,-0.0300362767096801,0.11173691169719611,0.19905267691634915,0.02184883033904119,-0.07303809880503055,-0.033830386562346174,0.08012897446665365,0.15416319751491792,-0.02648888637400643,0.11467443514961914,0.01961794020615631,-0.10668550340439312,0.06766498134188341,0.0007349231078797985,0.0014099298584017413,0.001801875147533243,-0.0009929049741710424,0.000979580123526553,-0.00165853138540606,-0.9382724045038235,0.02306095774638661
229,-0.12333075428004941,-0.18562860960557936,-0.1015248103242652,0.284097220468121,0.2817860317697982,-0.3943084850645265,0.17847755231325765,0.10700301876948634,0.13307430400958614,-0.26094951092191954,-0.12892077049828163,-0.060245601421099984,-0.028577996959274023,0.038458287192775935,-0.01588269511956188,0.05787377828444291,-0.05304734732365644,0.07523509257529096,0.2309255126669797,-0.2177044910198482,0.12989490702879508,0.10131893185951517,-0.1166038059583895,-0.2587838252857957,-0.010835275368355917,-0.06144976684391439,-0.022154213063849397,-0.12009647103342816,-0.0043101144806631285,-0.023426526332668802,0.23961438098590415,0.14056305504961017,-0.3210298460323047,0.000588840127084215,-0.1465058709500787,-0.06320814957310418,-0.14562331979004717,-0.13059610418305823,-0.2760334225308444,-0.09950861462763377,0.24773184707029228,-0.007558035293794562,0.037249839676243186,-0.30249824446564294,-0.12159163085250484,0.07570232470011146,-0.10697335281045732,0.0338126847181356,-0.05336983497660349,-0.002395983454966834,-0.008133910682841783,0.00021170722591259877,0.009157621611763738,-0.004436476668872824,-0.0008986667174774141,-0.9382724045038233,0.023060957746386695
230,0.09404496525189344,-0.17660862022426224,0.017173500930024763,0.16812836797125058,-0.40256369545220316,0.6741484494820444,0.4137214690490916,-0.0032833255701485444,-0.38860927582608185,0.3675630612419481,-0.6378493948949521,-0.12573256343617084,0.6503338156348876,-0.2215620973383115,0.21293299148970615,0.526862360225313,0.1266058564703657,-0.04773979908029952,0.49780964752592005,-0.4033577069508793,0.8860699464636485,-0.4834581357261461,0.40705584282181473,0.3409218972020469,-0.16669892959407395,0.1014920361146076,-0.25628139095063673,-0.05580388079403492,0.23297056992264167,0.1942542213285212,-0.20367369430152965,0.2161746654761485,-0.14825205334634325,-0.13520923783544764,0.06956133926899509,0.1347541315177934,-0.18505424770231263,-0.07871297115090357,0.13126479543727337,-0.21296993866340913,0.00911230693481853,0.04689940310820556,0.1311582950385049,-0.04543819802536004,0.34649845795350304,0.04891827234767363,-0.1949906994220608,-0.08285698241950563,0.05719728115955301,-0.00029318279703422065,-0.00013057659644108934,-0.000623481240002022,0.00010150463041637594,-0.00024396794986768496,0.0003784097527871677,-0.9382724045038234,0.023060957746386904
231,0.2526535105963638,-0.01777529554152878,0.12229453280879751,-0.35388620529238646,-0.14563759840353688,0.3247102826846298,0.24368908239922957,-0.26044205144661947,0.31037198596349846,0.19044731777207685,0.13269472405426952,0.12635996988915843,-0.11216243263249454,-0.20491548978985644,0.2598505198724407,0.016122840218243496,-0.20706761770500756,-0.06942338429828554,-0.04313252464173928,0.1653532382514228,0.04553706876228867,-0.2168375854155868,-0.2911958460956303,0.09481285286345444,0.02212191346428803,-0.20492140050688407,-0.030933321518833542,-0.17008425992600354,0.20122950801424716,-0.15522784980100318,-0.053464547853606804,0.1606981897022164,0.3959106789565809,0.01776539220042245,-0.1605839309473073,0.146846154042679,0.08572583686793017,0.024458815920682133,-0.12128561324703663,-0.05916317278359196,-0.14355912573942933,-0.04340730418902691,-0.20727518879509133,0.03610699443656542,0.1692410390156212,0.01395307593660791,0.057870621758837365,-0.03323417122998625,-0.037083368452307384,0.002010222865059491,0.005441759589779055,0.0007229321516576976,-0.0075065140123160845,0.003679602063529356,0.001455945596551767,-0.9382724045038235,0.023060957746386796
232,-0.20693670804542538,0.025969614427574148,0.12413873559328978,-0.2096573589074073,0.30211987072233276,-0.11545066691773823,0.6350521091267197,-0.039613467615971294,0.3481259682953627,0.1878938410332049,0.16375470760376495,0.30291507191325034,0.06440491290111071,0.1167839357714787,-0.15668469780232605,0.025554806272727316,0.25839972365701597,-0.04094422162389067,-0.049596716141186215,-0.08041806782679957,0.15896877225013933,0.058650471307155276,-0.06971893728183466,-0.01607134280977503,-0.22311323752821044,-0.2562742738553686,-0.02281979873581102,0.024888204779209864,-0.2893251010744904,0.24832976265054996,-0.1017800271422254,0.11909033356120605,-0.08783878203532827,-0.03812327652979884,-0.018788365788580254,0.007893219260899453,0.12474846874037344,0.07013939732272784,0.02108310447081698,0.038443067487454775,0.24683081683347677,-0.11767101545316769,0.009097145473446984,0.03668745691755274,-0.005266328969040707,-0.11309370477712014,0.09916314144670925,-0.10643669189633713,0.0011967516797929088,-0.0019708726197182045,0.002998419796677877,-0.007224798026164895,-0.0021350614150667025,-0.0007979644536928615,0.0009536461048142414,-0.9382724045038235,0.02306095774638684
233,-0.018494238030049053,-0.1196108163471732,-0.23694819663477512,0.0379168145150096,0.3095959849091522,0.033606621964880026,0.14278833859179946,0.20070984177897472,0.038915879229639,-0.3928200473385355,-0.12786132916645482,0.13473840336642295,0.2432328006859645,-0.24385330127893984,0.06815629234163419,0.16549626642297693,-0.21642541375742078,0.096367964961153,-0.24713843214827516,-0.001415638073261975,0.0970620673976821,0.06281669671472591,-0.1611402729275778,0.08679037990534108,0.015586290950344814,0.1636906022127095,-0.052816147748706306,-0.000561411380198971,0.14010320589769368,0.12189368926604592,0.0558703571370634,0.09028563335239725,0.14803732613524076,-0.19416281807450464,-0.19614206512750748,-0.10735103273635267,-0.04349100380962848,0.1712223738557586,-0.06857198486051488,0.08104256897300942,-0.1623321997894082,0.23206067533807284,-0.13708831688569514,0.059490571556416516,-0.16751286475535715,-0.028024984944625693,0.05021429172479141,0.03682606675385084,0.05661438246595355,0.005409369893150719,-0.009110266722639095,0.0033437123021453127,-0.0016444627649394165,-0.00013385726777740786,-0.0021852703936516547,-0.9382724045038233,0.023060957746386695
234,-0.6581665748312304,0.13515865821227893,0.0003099306385983783,0.08673878184838649,-0.31347653437620077,0.37701879886175726,0.23031112167419848,-0.11169125762818843,-0.36837152455843275,0.46306062754328686,0.15114060130925633,0.18075406409903905,-0.05812552194519952,-0.23189543171625462,-0.10752283410535728,-0.038858222960108504,-0.04250387555725261,-0.17598355997963777,-0.08115817657373094,-0.16814358800628812,-0.15420907227213768,0.10935241922102004,0.010510740632400643,-0.1467637062230823,0.0075793671851096395,0.22212583802372418,0.06873907641368215,0.07693989724290086,-0.14900364740179806,-0.01592665254774453,0.0017046248885188584,0.11944972574403936,-0.28386872209852454,-0.06891650883144489,0.05737018533072531,-0.03933805105192293,0.009995571084014544,-0.07449495724021787,0.006528803425720128,-0.10372216392023673,-0.03058552896182895,0.3222063696880951,0.008131076721209201,0.03212432606906212,0.1897620006795163,0.033640137568546044,-0.05866371080437663,-0.15921043892028167,-0.0793507152627607,-0.0054703861722821875,0.007000394179187197,-0.0021250115917943184,0.0012787910283502482,0.00015225939464340072,7.741524768769936e-05,-0.9382724045038234,0.023060957746387133
235,-0.5333080268216506,0.03408170391489638,-0.028363269240607537,0.07237138363815056,0.31298266869730373,-0.23720437736105418,0.16160528121174048,0.19416524114419256,-0.06907038062860212,-0.21289046925258276,0.07780788999234016,0.3015570683952438,0.1295817896276001,0.003839023343576621,-0.22138661182611627,-0.028785168265190966,0.29115886161364457,0.1954934156046998,-0.13643588437475904,-0.1757661324997344,0.0026748744997237947,-0.15796120252741255,-0.08571376565361671,0.11209266244853777,-0.13824497511983685,-0.07633007467614565,0.018451409896057036,0.28400466603709557,-0.05573585997797454,0.2363019699504676,-0.2164538012212265,0.09230675214053502,0.06750377187947011,0.14007453753687582,-0.16426492761601139,0.0888302777039507,-0.09124504136124112,0.103246437740345,0.05835396667263781,0.1018204537116285,0.14339808495745746,0.11281185074202382,-0.0964703707063917,-0.1036066085221649,0.16025405786021157,0.03748887536230758,-0.01809988251224109,0.13098826711664793,-0.05977833022002054,0.0017392576011110302,-0.006750518888081877,0.0021499053148500576,0.0006297412837892799,-0.0009206084958817158,-0.002259569891156158,-0.9382724045038233,0.02306095774638677
236,0.20963437815078959,-0.14100858731644783,-0.03610600847165352,0.04652307534602114,-0.09058463064268146,-0.039852768997439586,-0.34700746321952664,0.020518207254370917,0.1707765677084291,-0.03898002597236621,-0.3842009591119859,0.15899724880748028,0.27509326840979,-0.07587780472145755,-0.34135026618089165,0.09841756632266391,0.14072142932721926,-0.09348651074798615,0.14353042680747025,0.02213193206608821,-0.18286117915131003,-0.29503598438055745,-0.2250204470629655,-0.11835829454436952,-0.0207397168715652,-0.034226843588340196,-0.13299542785541885,-0.036721493161898947,0.07782376655148118,-0.10681298232872793,0.05064576250386961,-0.06332058100085688,-0.14520538006405428,-0.036599836964678625,-0.013245561044202112,-0.09796748359951844,0.18396729728116906,0.026500297465153196,-0.1026680393752393,-0.07118987026661631,-0.19489641951779635,0.07856624992965985,-0.1254198287351473,-0.02736658038159224,-0.14183406361363804,0.059630629790507546,-0.04933506372548264,0.13710129539234175,-0.011940853807531649,0.007345689303544513,-0.004698602379933317,0.0036872388696471887,-0.010476907788159823,0.0036994125870483023,-0.0009616988476641038,-0.9382724045038233,0.023060957746386616
237,0.16032015415701437,-0.006827188814528494,0.13615361363328093,-0.41193487979282334,-0.014327700565154686,0.21290740486173887,0.23064362525635682,-0.14940587675181866,0.2098406522529465,-0.0712625878919858,0.2294777281334363,0.021463536582908924,-0.04048917484128828,0.01586716025406442,0.20853526984571752,0.002816996575563906,-0.20411314169659076,-0.03198986819267254,-0.17068097774933919,0.1173531323593096,0.01516975701514064,-0.13245827693167286,0.17088527713308466,0.027937803776208834,0.009185631937536966,-0.1280676243179695,0.042126799672212,0.11333068434467737,0.048880839675821776,0.12122188974849585,-0.09917405347379585,-0.08360794904885958,-0.30000245498343614,-0.07659249542066916,-0.08982056115573296,0.3381252253094893,0.3309488443505258,-0.04637084794963627,0.014712368040848444,-0.06511132289484489,-0.07429450996037823,0.308294362635716,0.06279515057962153,0.26143768308277415,0.23852150204702002,0.23450281658150296,-0.0859937368267325,-0.028971801025499865,0.0673821794954869,0.0003449721463745459,0.00012081530871491587,-0.006447713241381771,-0.004961095297741275,-0.00023453891472985025,-0.001262357128261031,-0.9382724045038233,0.023060957746386983
238,0.17181288023661642,0.0869733066015914,0.08002716425307123,-0.01740699033221191,0.24664929878953826,-0.0911908965360891,0.6919250740674421,-0.2320051968862261,0.1219581302781113,-0.12593296394191122,-0.45459131038869927,-0.195642170364786,0.31601997934060266,-0.5097461580016532,0.44694820422638326,0.1495744205903797,0.30978294838977466,0.22729834960205583,-0.15453839932143656,-0.24642785899627095,-0.38181504117626,0.11881883988346068,0.05927665594648831,-0.24494025772260214,-0.22568539200396923,0.08709123183893365,0.2535669138430751,-0.12701100200134183,0.0325143321277067,0.1229152114200961,0.3274229580537218,-0.15792455605163552,0.0001176037480270145,0.12997018323734602,-0.1201178427490882,0.19377183388250552,0.4494069977911404,0.11610447787591816,0.061237007397066494,0.13622622197883777,0.25929175435107665,-0.0510178519391489,-0.19014563273115506,-0.22353879815038985,-0.11385384907703494,-0.09858832855783327,0.136144396087719,-0.021227013282740334,0.020659311861392093,0.005752327495519661,-0.010383474987627091,-0.0031380209147750873,-0.0034014092467601945,-0.001329411385260568,0.0017361868504375188,-0.9382724045038237,0.02306095774638658
239,0.40820678710730957,0.018427625000000405,0.1232019965052536,-0.045999839012634165,-0.21366933416082912,-0.014109143861429172,0.11023706285795302,-0.23920387671688575,0.39407434638531064,0.14762251905200738,-0.0802879363385351,-0.0625423573017607,-0.0935201932795669,-0.20775492858383413,0.05903660994002265,-0.08733975412871942,0.16313404069754736,-0.3065469771692184,-0.11422725188185029,0.07167612381463946,-0.015791478621920554,-0.07576810305177765,-0.20821608644703396,0.15640302380232723,-0.0007963727092710865,0.028096599356683002,0.15381125005328053,0.08204878919747367,-0.03638366608173101,-0.2076993462266376,0.0011653534885629905,0.1535106191003866,-0.01861568892252396,0.12397036791343907,0.11434159762210225,0.06061833078119592,-0.029990266542176316,-0.005669001337881134,0.05774663746862451,-0.03704230760030105,-0.08848138014290546,-0.11272962069993869,0.07056147718176693,0.017964998060858158,-0.002237713745569198,-0.28163816007752207,-0.1297747265755647,-0.08095462617048978,0.02036900786693,-0.001163972645248079,0.006511895389469697,-0.002478218879752239,-0.003621707809958185,0.0017243217871902952,0.0016361278308594466,-0.9382724045038237,0.02306095774638668
240,0.48888528368721973,-0.002801904756944892,-0.33002778630779395,-0.3717061155052513,0.04204261706492029,0.4316775685164767,-0.10578383814647829,0.3567507793466353,-0.14103399192651586,-0.07181539948699701,0.2719422938608376,-0.02812696552281356,-0.16923576981840419,0.12046720509975933,0.05446777268767784,0.183078892221825,0.041508845988843156,-0.11032115737114673,-0.09554681531658143,-0.03975862304718558,0.4586956729839358,0.08997958999328584,-0.04134580553737955,-0.18601163164721896,0.13355694791363643,0.1020106729148709,0.1566849136489118,0.13965711073450052,-0.11962254791482684,0.10068336547978442,0.21864514555186276,0.20453780815552877,0.30269944439445634,0.20514259860549094,0.21802981048780556,0.23331857698448136,0.1294051179999299,-0.05609868947283239,0.03434265174114742,-0.131886296998205,-0.04496807326372015,-0.15770749674585083,-0.2569440986692967,-0.11220024164936326,-0.13688144981356465,-0.023107630975667034,-0.13329580551608416,-0.08157654944777097,0.15961158250485463,0.0022146782171138207,-0.0011260881566380174,0.005938970671384575,0.001990354534346711,0.0006976852947411457,-0.0030923374189061655,-0.9382724045038232,0.023060957746386408
241,0.6183591565811231,0.4735181764263885,-0.09683204345626115,0.49129683377807987,0.02480450125330039,-0.5493845105630187,0.3905798363491859,-0.258525020514481,-0.06175906379132995,-0.35437137803490193,0.22294166881896288,0.33696362415771824,-0.007020847812916444,0.3686846762768702,-0.02034805702603724,-0.012184385824931322,-0.022169634469432646,-0.13363665543914038,-0.0388512614946811,0.05697294584576048,-0.004856107334850274,0.32914134100899645,0.08356125551785375,-0.2365062036860908,-0.13080923664399555,0.6576585376313656,-0.159629323358474,0.07994737840537595,0.3151790759770299,0.07752406360101709,-0.11649942897194288,0.4081707361816246,-0.0178925141331651,-0.004751977259156244,-0.33604177549642583,-0.00868630740170632,0.09206534088438957,0.014507066043041288,-0.00929325232028913,-0.05352017147203384,0.13011500945689933,-0.08618836413702295,-0.01089117466017245,-0.007763898526523153,0.13172336763367823,0.1337756947947244,0.1254057784889526,0.0384292836963833,-0.010244212230052892,-0.0010899761268982503,0.0017710485421198183,0.002252788113296626,0.0022066572213986805,8.934533955038642e-05,-0.00017839167022382186,-0.9382724045038231,0.02306095774638662
242,-0.06418420482061153,0.15840258353609377,0.20818867397630195,-0.4973060812580092,0.011753441238128206,-0.018063333409201566,0.3106919885311248,-0.21500795802261868,0.14385459783057364,0.1968613291421689,0.03887478440790052,0.2235773113443495,0.17985554717144503,0.013419697070410809,-0.14633623404317975,0.03534863881885897,0.15429670799727369,-0.044437538320827016,-0.005728635350606953,0.018256577142209643,0.23254105537059533,0.13603525356549934,-0.15686654645710768,0.10827442548492788,-0.15099211899367548,-0.40955991322087787,-0.06795207571628735,-0.029405956993266678,-0.21964413304363545,0.28501429673328205,0.023492670934633437,-0.020753158110958514,-0.10853885896633325,-0.21009214007244434,0.024901551178602887,0.030687670245035936,0.05812131955228316,0.14271460296541186,0.12888019281693788,-0.14458041908795183,-0.06570593417203646,0.025025861631085146,-0.24486142870555203,0.023159582120350103,-0.04342174593284726,0.10370667143149463,0.1574670822491477,0.08670907158929102,0.0028588399924941695,0.00265150850267328,-0.0018974897338215105,-0.0030139880120958833,-0.007012096812311646,0.0008846687482752108,-0.0038181469808821027,-0.9382724045038235,0.02306095774638679
243,-0.22495956881275658,0.10732684753418932,0.1813080144257104,-0.07303567855031422,-0.2619337712055586,-0.2849018596305638,-0.4633008776864349,0.16561135133397217,-0.256077385920069,0.15236782265184576,-0.1490233698834031,0.30188747571022395,0.2026680965481658,-0.02854187312841936,-0.06772386268089772,0.29859067335785316,-0.3800910791790559,0.1564661243990671,0.05459953879035359,-0.04038360777175112,-0.05153466164556291,-0.09736139825274323,-0.14586474581721848,-0.0017628938013540569,-0.13561304021859233,-0.15572377069950005,0.12401272121615858,-0.09115742848285094,0.029246920997423414,0.08068202584504341,0.07194247941038248,-0.06459789998604008,0.347836754358932,-0.04493605838354813,-0.2108964160231064,0.10510840732556682,-0.1586265932228459,-0.0003645717888624143,-0.19282480400380583,-0.004892124373838902,0.08910690420668417,0.19702074985278034,-0.19621213448280042,0.06510943136945527,-0.15247243322843673,-0.10755014581159027,-0.033509201024849944,0.20349671420620546,-0.06868511997132143,-0.000584389089460981,-0.0005530666846332822,0.005472115211143583,0.0031451725215755947,0.00034186707515360164,-0.00037351312595202486,-0.9382724045038232,0.023060957746386657
244,-0.003580328854318463,0.2894723350765993,-0.1514161594755581,-0.5073822356428499,0.09905720204905437,-0.18875596300859243,-0.06561272360654638,-0.2536133761115057,-0.16688454825163979,0.052035696432011995,0.1364641127407333,-0.052424094622606394,-0.04419235915527381,-0.2198309671769397,-0.13277808400545152,0.08159244962916481,0.1053186396746556,-0.10979638743104202,0.11249492472377906,-0.25807407985706177,0.09903855321258474,0.2172821600739581,0.013675930186762175,0.07314141927243283,-0.1727927923324313,-0.22134440441939485,0.06003633711924371,-0.33268879535711376,-0.05957493764441312,-0.09806815866841959,0.11383196939661691,-0.19691278020513198,-0.09832605508360683,-0.1754971112459826,-0.01970576806807362,-0.00020706354178819358,-0.08409407765666928,-0.0036155239246583883,-0.09158368801082734,0.018921002014698686,0.16678324587771395,-0.07233170742686564,0.10958653944976729,0.060667702337697936,-0.0310792368792896,-0.04978963272330205,-0.028343640675208167,-0.0659116670461573,0.003585043690367,-0.003189664074477862,0.0025240671709996242,-0.0026196927877119355,0.0026201502870214794,-0.001138756101813403,0.00028515648542093344,-0.9382724045038234,0.023060957746386713
245,-0.2629037361803241,0.20074455240662545,-0.12607499756114277,-0.2943026142749664,-0.003428797027258577,-0.07927442178803121,0.011649893787480822,-0.09560083788256946,-0.16937588813836876,-0.05245022623926753,0.15616717582808567,-0.12574089566902077,-0.20544107776366527,-0.05674541332185258,0.007464920514081094,0.020953081833560993,0.06780784571582689,0.11358929358257824,0.21781772945036323,-0.0007349157590548103,0.1400079651015195,0.06737750020212308,-0.10890829103861403,-0.1462186493453759,0.09603675790915671,0.0382123138116621,-0.11723313467594336,0.09539879803594381,0.0716666715985832,0.07216644581128409,0.006311244345423712,0.10022600476151011,-0.0016855320902860896,0.12561135824615813,0.09385941947248132,-0.14235771747098536,-0.08473025598511187,-0.08145438450115253,0.137619737948283,0.027011179492960263,-0.10349479704434231,0.12526000175373736,-0.10686465261087497,0.031231110804355467,-0.04683322519879534,0.01971491641630696,-0.010843557249892666,0.3005820930180276,0.11276629151304887,-0.023989832620462555,0.10711539428288534,-0.1554786878588057,-0.017929825851039596,-0.0074291936330197665,0.16841415217870828,-0.9382724045038233,0.023060957746386845
246,-0.1451562301009868,0.3203103054754244,-0.1765950713193162,-0.4356004304823039,-0.017213179049829025,-0.16938355397115254,0.048127537886561426,-0.16216487245833153,-0.39156886121958107,-0.03697752539603458,0.06362958075813414,-0.28816200621922494,-0.0965047122447974,-0.05923138177733557,0.03195019536739004,-0.10445127392859728,0.08361085004855708,0.19088880678989426,0.09347150585665462,0.3621715601722136,0.19608938258848915,0.2573527767522881,-0.16555746964714532,0.006656695941711013,0.04334484648723111,-0.18146387236361433,0.03502755649569332,0.08367311176953361,0.05227167403994026,-0.12732306557130266,-0.22099285657385728,0.19011444184527557,-0.054672384133314836,0.273917344041497,0.08319546562309613,-0.14766341050255183,0.010794737475905212,-0.16378693959100715,0.06892439334189208,0.1639162026028998,-0.13084199945642955,-0.06721537399200546,0.1370904432995022,0.06191773837893002,-0.09975658694739632,0.07535740999513121,-0.12735211067175442,0.04602661546677791,0.045123719525891004,-0.004458777431910948,0.0026703744175588257,0.012481333619436409,0.012943883091325723,-0.0005023296496748031,-0.005196086536157956,-0.9382724045038234,0.023060957746387035
247,0.3595010778663141,-0.3741316432850457,0.8159125876537596,0.42927995335020785,0.5817353915844317,0.486828701941,-0.33340789934105736,-0.23765731023280112,0.08660286039216374,0.06964040129489824,0.16815848947443868,-0.015461260229546058,0.03101450815086726,-0.4086899014897767,0.27561822223883675,-0.24801525233811697,-0.11520504995009796,-0.15683301180333323,0.24052002741864986,0.11334293644461206,0.07837505938840748,-0.06511226423148413,-0.4055902228710842,0.18261504305722892,-0.08577222704461282,-0.047986790218478716,0.12575588433553844,-0.11133550859164824,0.21055087579967005,-0.08171489996845617,0.06042911928705887,-0.03152991187375522,-0.06229323455205354,-0.06475242280960897,-0.22686842929375817,-0.06332395844134751,-0.06147966227841658,0.08819937479577451,0.00795155015123875,-0.023234460529437485,0.05581370817576257,-0.06014578959765311,-0.22046464514519096,-0.05663748178888652,-0.03779195755581318,0.13735635182815456,-0.13678679285397088,-0.07375023758710453,0.014539371137528519,0.0018022874056213651,-0.0007259517122597072,0.005612101965897303,0.0027024214233277587,0.0008652676241763421,0.003649486217826532,-0.9382724045038234,0.0230609577463868
248,0.5485483632390706,0.09059409545778078,-0.23502732829029602,-0.10876323351361009,-0.018216350867570154,-0.12239823364000298,-0.223131119948892,-0.01439493993839019,-0.019923947221709322,0.0015710423777256215,-0.045214824361960504,0.0018884213326899352,-0.21494596676267513,-0.2112977971938312,-0.009881848205997511,0.06372911699757515,0.1038764026936982,-0.37146417530706843,-0.0645908370330985,-0.19018272111349696,0.19894686289474214,0.0935104400378793,-0.27780322942962177,0.3360993062480691,0.2062375306042015,-0.0074114510056724125,0.19096653576571315,-0.11375973002961096,-0.10493616953237794,0.06444063429742115,0.04030441307640239,0.2712187275649998,0.14040836591023373,0.3101243623820728,0.14630458310170108,0.09839597655064777,0.2017108237480795,0.00116026750156406,-0.07567623810025106,-0.08879943396196693,-0.21980388181976068,-0.06443581357041127,-0.12476514863068792,-0.045052814466553806,-0.01202035894904379,0.12948036853737016,-0.16956606647059955,-0.03061601224271952,0.031181352465251666,0.0012924503508483917,0.0007931476415261615,0.004083035509948938,-0.0007558818315945941,0.0015073458694502258,-0.0008275144129506826,-0.9382724045038233,0.023060957746386408
249,0.32571387088383635,0.06528342762833168,-0.32151017218710537,0.07942350005373047,0.2642609231758019,-0.410093401173488,0.1817412321786557,0.00465961405102123,0.19806518764591086,0.029431361547981476,-0.005503383587452781,0.025261921818940745,-0.0019249188708086856,-0.34979613390336983,-0.05096829174929648,-0.028447891189513737,-0.1689996492446403,-0.16516090977465533,-0.06182083626110529,0.12142092495029873,0.19528571120396793,0.18133352243724182,-0.17610380330629324,0.3209139579455645,-0.024711866742873158,-0.12458404581083965,-0.09469891078182023,-0.056421130265812657,-0.02879641622048373,-0.033130374310670764,0.14456710009272128,0.06998241659264891,-0.00929657464476681,0.044627512462218744,-0.23374826658555298,0.08343828057756632,0.004226895143181693,0.10539547401874093,-0.022019091753281702,-0.06878783276605696,-0.13737332554815515,0.02857368910099993,0.0917141621580793,0.052075199450798915,-0.10122279475772988,0.0016488330130801931,0.03253779623459511,0.07159989168693034,-0.08732677783610066,-0.000913730568107162,0.0011833325108850268,-0.002413288024259468,-0.0027671621528766186,0.0003707072334743091,-8.882581854501168e-05,-0.9382724045038234,0.023060957746386702
250,0.7847436581394065,0.6614632922951051,0.4396576200708383,0.36638723833825104,-0.5122979807581575,-0.24595117865714067,0.5731878727251954,-0.43410748233214547,-0.44683561975783215,-0.3221442673053669,-0.222816253263488,-0.13295629321312571,-0.3221961249402975,0.030151512301667203,0.3081985184349499,-0.6860256084803784,0.2803513135182606,0.22083729204249622,0.16704904181306737,-0.16827247865491818,-0.22559195089496772,0.0679825919249083,0.2670890529676546,-0.30112547949403,0.13688410028357703,-0.004024190292475012,-0.14092412123744708,-0.2387942636815228,-0.07095856870803484,-0.008561013437212042,0.2491308259357517,-0.20894623462051987,-0.03590000950121739,0.2521111923828355,-0.1268404922386795,0.2139693411875144,0.35833562834920474,0.14196450765041085,0.17123458582753953,-0.005155468356705597,0.20414644346552235,-0.10683222101505804,-0.26966917901056126,0.017241984260328223,-0.12898758868246324,-0.1004083069089658,-0.13455951700765806,-0.08126303795288559,0.0468386682758011,0.0002706259894099761,-0.002968500892614431,-0.0017299805182552413,0.0009877977584511074,-0.001343733236816325,-0.000874061784636646,-0.9382724045038235,0.023060957746386605
251,0.0649672035931469,-0.049367101768543586,0.33233759189020207,0.006686298337466813,-0.13130142289515243,-0.03940365019889221,0.10279726949694111,-0.010767126313773722,0.1278676348655317,0.05967106567595012,-0.2665815752826248,-0.002280726345944496,-0.29008924388881774,0.18438539947467375,-0.08646125432129251,0.21094439594661,-0.175021023842583,-0.08473042703193166,0.02995103720725963,-0.0852807630397498,0.12163527413595121,0.22532143527330142,0.09513252618976727,-0.017666707819933614,-0.1032136919664982,-0.14053555906925697,0.005497747985640346,0.006108800021881631,-0.08629514686714185,-0.0013656968429921115,0.10511705603206345,-0.04682610125526263,0.0036317396072522816,-0.21925984402445803,-0.03826546351552987,-0.2630293893139546,0.06404427003909274,-0.16997007028615807,0.12245446979166127,-0.19707726257762667,-0.15672034979842356,0.29224578334744417,-0.029453649728643543,-0.15440084394858505,-0.3904917563420954,-0.07454185204202561,-0.08591465033643625,0.0467468507824386,0.10583691943749586,-0.002901276111259425,-0.00013085222386488758,-0.0003399106304915438,0.0060383145135281474,-0.002402023957374685,-0.004321961016503533,-0.9382724045038234,0.023060957746386605
252,0.5486828928552154,0.07828122373915315,0.07916037645824821,0.16231921962206403,-0.02521688840423223,-0.5607852449680473,-0.3169430221379203,-0.14252179526704872,-0.028267473861434973,-0.15669409766603576,0.6928004100825954,-0.3573392360507974,0.5627781705371452,-0.2945684701106491,0.09528491321626671,-0.3835204033601416,0.2469104361040838,0.5173763252654269,-0.11393046485597824,-0.3968187045272503,-0.46811488056967765,-0.3909434326392447,0.8269172794724365,0.33867274617713705,-0.1432016342651273,-0.42680901327656556,0.3382752442467578,-0.1810525466756967,-0.3670745473253037,-0.21750608247782413,0.3672860307731114,0.8466489024361082,0.1862919787847126,-0.28406616352315534,0.25141059045218395,-0.2735527103726754,-0.07306132811954473,-0.19979458049576249,-0.15805966671370772,0.14486968863259878,-0.4447051776357501,0.2628760427875778,0.1493364459549935,-0.0712545746845451,0.008347663623914883,0.06234299569863595,0.07050318974388442,0.08056458554400006,-0.09112246969470508,0.0016597982311211922,-0.004898523951276259,0.0031987706388515846,0.0007214559587931993,-0.00013026000892186096,0.0005103510583620484,-0.9382724045038238,0.023060957746386845
253,0.7056453563593079,0.5108297596339063,0.020633875074394483,0.2833165771265465,-0.425736465269123,-0.47231924167543815,0.03337423985022198,-0.4450036579998045,-0.2855239783058068,-0.4103704469215764,0.2035948858423565,0.20760143749360635,-0.09479991859185946,0.15684317946884266,-0.1968313077812499,-0.18372574392930924,-0.3746537999038271,0.24264288048550928,0.03309542260422574,0.030050375691909312,0.07988169188859345,0.04311990217591438,-0.04100184066786163,0.17417157448588824,0.08300010277701725,0.06306160506656933,-0.0741371247613068,0.03783551182818809,0.11862619043076283,0.2507002853240169,-0.12271633124061126,-0.2244785901296668,-0.1021030324067728,-0.016865516110699825,0.019935248616229164,0.1801721572310073,-0.01096731517189818,0.1070702885261009,0.12207578847267174,0.1515545053174969,-0.10773553972401745,-0.06909286243578575,-0.046180365381317055,0.2605745729461946,0.07027526815773663,0.12379825204303241,0.11462747266380001,0.016070366692170046,-0.03577974037409744,0.0020389826825814622,-0.0036278732760549755,-0.001624845990561953,-0.004149292462308923,0.00015406701559138775,-0.00215470135806535,-0.9382724045038232,0.023060957746386727
254,0.25241956594327364,-0.5548447560785049,0.16140202559086073,0.682999253293254,0.7620981278280062,0.4309023932069209,-0.5052120637668986,-0.34107271711157006,-0.5675125676361833,0.38177925412302066,0.2182868270005829,-0.06040020297111878,-0.18308820744555612,0.05576064707313061,-0.10108946615950479,-0.019082139555708675,-0.03146165963814072,-0.1986541742064309,0.023190105997986092,-0.2747044936716368,0.19593204609616707,0.32040086325152,0.1098964736502842,-0.033918136973504265,0.11736320111273191,-0.11113024172300959,0.1453484288909999,-0.031020122780990356,-0.18719838351173382,0.4015657798308499,0.07845438907800963,-0.03814734208059131,-0.29166132820881313,0.17503232313208938,0.06951980144062878,0.25448621446130026,0.18889177677207336,0.04557324851088349,-0.17418896123314956,-0.24393306168885798,0.1754692809175382,0.1854609393615979,0.06669673435512581,0.043066261208137065,0.055624090376762234,0.2699087032399836,-0.26197948702726853,0.03608727248303555,0.06965874288322858,-0.0026760209658693197,-0.0005191874323462722,-0.005134326648149508,0.0018536555203449976,-0.002220235200478009,-0.0009827221191657668,-0.938272404503823,0.023060957746386702
255,0.7970979617518902,0.6006989008687464,0.05190129822838909,0.3339904761635983,-0.42601262112772526,-0.3981279517084549,0.20647176964602862,-0.343630704367547,-0.3927593829176127,-0.45115619692543346,0.28693487979484533,-0.02040433343769545,-0.06098257403728398,0.2156113858543784,-0.04900217418192212,-0.5801964380673444,0.06045852716418149,0.11352751551856578,0.13294635552069092,-0.223233887577312,0.10128031878097633,-0.0839555319460097,-0.11063700720879431,-0.07386964431839212,0.20574703731994995,0.11143240093203634,-0.035137319916673536,-0.011234941598042614,0.09134634281683245,-0.15126531375329183,0.001462483366487203,-0.06543674090207595,0.0396420818024222,0.11245453182863713,-0.044424614547605754,-0.030034816677202432,-0.24380830754673014,0.03624126364255283,-0.17889160378274635,-0.25033081203088053,0.19804871961441023,-0.22173406748631522,-0.041019111002956195,-0.08205633137724332,0.019781771931477007,-0.002563063345091531,-0.17995287736828183,0.05467789091399932,-0.01493699727216136,-0.0017941605335360794,0.000941705361410988,0.0008976593556957385,0.0014378705552864901,-0.00024395368120359623,-0.0013113871609851412,-0.9382724045038234,0.023060957746386543
256,0.5662631441047764,0.09097748541688871,-0.3863099181595281,-0.4185356823863914,0.09047638132938661,0.19631582005952844,-0.07698560669931076,0.0008019403585053986,-0.13850924840642345,-0.08733791115086603,0.010530881031644413,0.18479244591439897,-0.07531638146798969,-0.3471858094568723,0.1578663978555711,-0.10614381863529758,-0.006408864678763287,0.0175635142624529,-0.3052642600722409,0.019084313033550765,0.14423059814923983,-0.017573655875713395,-0.10078240667810179,0.09214165990385584,-0.035276645747400796,-0.1285340494677252,0.055782913895245506,-0.10047692911926347,0.04315097111485812,-0.1786834675529696,0.13785856214760006,-0.03912968572555186,-0.034898899106430376,-0.13107912340515196,-0.1364410084562749,-0.025088905778300447,-0.28783287560958454,-0.02857103919850605,0.08292724967312023,-0.012583830210115686,-0.07983744009774642,-0.1145544674373811,-0.24335055256255528,-0.10902406823386854,-0.10773300121094777,-0.05809783755044088,-0.14230789567865057,-0.014368521759027595,0.03808784548839805,0.00300732430599864,-0.0014123127813934046,0.00232684223395413,-0.003434148458577654,0.0015110570128258009,-0.0009372187191285782,-0.9382724045038237,0.023060957746386584
257,0.5866840361321239,0.10752805313651081,-0.1910836622511092,-0.10968652122355854,-0.09346258382966231,-0.1729011853372494,-0.17183609882564016,-0.03462557677497793,-0.08992140785720032,-0.08987749289592539,-0.02623928303222003,-0.029859610993258987,-0.1597511246030469,-0.27903587306387767,0.0848977163501141,-0.1050811302094573,0.006072608739099435,-0.05727292792860302,-0.10227371303254956,-0.22883634868159147,0.01134725173778044,-0.02172075119493063,-0.12885798115456326,0.2527407506647163,-0.16572809097450347,-0.15435630291930857,0.3716869075266187,0.05301005257678775,0.07285997308560006,-0.08159794827612425,-0.11362902914328277,-0.007782043017339665,0.056601673329705386,0.09852212879156673,-0.19097322526214264,-0.07269846638721489,-0.32093289476380565,-0.03218269481548859,-0.054453875651759305,-0.182759074032929,-0.004408577487884267,0.038599103612847956,-0.07450271966876741,-0.17825647565836125,-0.12505733293039348,-0.22653531112587236,-0.06154798855535225,-0.025465387551119004,0.07772928242255499,0.00041705103354321474,0.002262958864732471,0.0001471634352792034,-0.0012406346321833872,0.0007730892814113667,-0.0004022349565492387,-0.9382724045038235,0.02306095774638645
258,0.10511689422067795,0.048073004433361016,-0.13875698918947502,-0.23719040552170187,0.013066763618916448,0.07648726890284772,-0.12327350818725075,0.03603589601760967,-0.13877576234269878,-0.17545841336406737,-0.0971402987718312,0.29991374872370363,0.10623621931187782,-0.014813523489408545,-0.22138531746781565,0.08115626758498767,0.4812037418090194,-0.048493959981122575,0.1715974764370988,0.07082564200839449,0.04258218144816917,-0.19508415577344485,-0.3943621085405227,0.13007120757887958,0.08214044856386941,-0.432066152211259,-0.21266698520494023,-0.12132595099063642,-0.1439578681414642,0.06346908340773381,-0.1614950135366916,-0.14219916763564927,-0.07126013015268148,-0.2841016470131048,-0.08643912486094876,-0.017472293351955326,0.10734196789416053,0.04352114322958079,0.12288998036527393,-0.026131325168603087,-0.23529909047375389,0.1116232019507329,-0.14652069675444404,-0.03890739110267024,0.039783940208451565,-0.046041302031666946,0.05387769803940057,-0.06043172608776678,-0.18761588342180527,0.0002077117318843073,0.006210776650305629,-0.0020967442384340193,-0.010826482199937586,0.003965311299981596,0.0004965148117855744,-0.9382724045038233,0.023060957746386862
259,-0.4655398472696013,-0.08986235230293481,-0.0639240008960484,-0.23713539453873744,0.024166156212290648,-0.023291999288671414,-0.143669011722873,-0.032734722164992396,0.0332141501456956,-0.3700546892984082,0.045019157986915304,0.2464679202630347,0.22238209834381611,0.19117922695778136,0.16451581051532513,0.055010879883855855,-0.06486256322472977,-0.10621491935575578,0.43063461800975034,-0.08326431485934763,-0.11030725529597393,0.13354963176404835,0.09976220127921136,-0.18768823603907467,-0.11979148474576627,0.28474949883004125,0.0682227135447425,-0.19453418353037052,-0.34561651230367346,-0.2341873320848121,-0.12965722071787186,-0.1283228266980339,0.10846295336337289,-0.0825241996555554,0.19454583447028062,-0.0067696460048651845,0.03565894684748474,-0.13415739411214114,0.04451582777595694,0.05707302752054575,0.08103078970123802,-0.009981946932989764,0.0830188041518128,0.06524305716810717,0.09124420506432314,0.028306682214979742,-0.0793666774358783,-0.11762091853314187,0.03541581829730316,-0.003138725761119091,0.004702630417649334,0.004992304047309959,0.007322383576838193,-5.140917211443997e-05,0.0022548713444540806,-0.9382724045038233,0.023060957746386893
260,-0.23011088457987375,-0.13958268100450372,0.10251665419682528,0.025454031210776364,-0.24743596483495606,-0.28781429417906484,-0.15853361253383658,-0.1536094538949377,0.08851061197806527,0.11565720453107699,0.15049100500793733,0.04218605032683825,-0.0853541929864565,0.19505788277526723,-0.01777505135590886,0.5829118559912183,-0.08735921539637852,0.08821141379574308,0.055269787814808936,-0.0315847984228844,-0.21873999138131414,0.0811066627113257,0.04756144209078184,-0.10163278043858848,0.20886483951819992,-0.23542756172458396,-0.5071671961692863,-0.35400069247856364,-0.27939183750128355,0.07922690968176059,-0.07593964392506035,0.029363899387496676,-0.18861457196665496,0.46283006775086316,-0.24466455162810632,-0.12551197642935424,-0.24167110278277332,-0.05513324766975892,-0.25916356463872997,-0.19491673504072238,0.10985711491908054,-0.060049639053693385,-0.07222740672732397,-0.09589877539942455,-0.11073527328267442,0.012274214100031015,-0.03700250761368046,0.07562960375222473,0.08265583006998116,-0.0007060153071374609,-0.0018560971566761154,-0.0026926359896703106,0.0008394717017694106,-0.0017277899120104305,-0.004575069319448681,-0.9382724045038233,0.023060957746386515
261,0.2220018430939676,0.060319383232350386,-0.28259617202868553,-0.31997143794476346,0.060009089500862985,0.045873899491984255,0.010449160186433628,-0.374712850315687,0.16443117685617595,-0.04318323248899431,-0.010285740616018276,-0.004146363050042783,0.028961638312925496,-0.1959430038634949,-0.06268156532125939,0.034589242836573816,0.18509410810260649,-0.07124339625785449,-0.1495454011755965,-0.0464952800847631,0.025663505583186662,-0.13766617491287972,-0.1334089157436315,-2.039062829791092e-05,-0.038313013266102425,0.15393853383221545,-0.053461826400904876,0.12001853691184683,0.14787617846253495,-0.09067864843050669,0.026112691892170366,0.12404057923745926,0.05296529076866126,0.19130469919158608,0.11614804212030469,-0.09090871272723966,0.03918623969629803,0.11489054778047175,-0.026988440262815966,-0.2045861163267587,-0.08474748220023619,0.05215190557846258,-0.10619505167463957,-0.10102914999679805,0.06638160008823851,-0.16252673660588,-0.11734457031617794,0.0194622440042142,0.06868961623684963,0.00328086766676877,-0.0010588775752297917,-0.001086277365231648,-0.008244495866811256,0.001979989651303848,-0.004211432976997819,-0.9382724045038235,0.023060957746386657
262,-0.0239264994263651,-0.03866736804643707,-0.05677832825187892,-0.0963822749661891,0.21214876648477707,-0.08241365093097837,0.6895202145172209,-0.01555467891123093,0.32241800058814096,-0.20990919281900527,0.07496875434819086,-0.015344735973888314,0.18684112280078155,0.0689486037588331,0.39333379030954213,0.1793509372265171,-0.15021698910556827,0.017662610590189774,0.47775715388948364,0.10883733684829056,0.14729618981915377,0.1441789799522699,-0.09107123727211348,-0.05025171995708438,0.0751065128496694,0.15556348294317232,0.3400054406965629,-0.033471563274521485,-0.20277440664907465,-0.23242601493225254,-0.09395982712552174,-0.030708667156466748,0.07333967572299875,-0.059818741692236034,0.2915599792974992,-0.05028520008195862,-0.02146884967713533,0.09485082541682066,0.015193973317733185,0.21395933036058778,0.05025071047729966,-0.032402647474964366,-0.10096619186405288,-0.04292663063364565,-0.0799349772845197,0.0445945132315199,0.11566063531326821,-0.04455589146832332,-0.06260310594076254,0.0010100033676045035,-0.008124439112510899,0.0038803012837485464,0.005783408406313696,-0.002107769001381822,-0.00029728508194350363,-0.9382724045038235,0.023060957746387067
263,-0.27792873362897563,-0.15278281762225407,0.3052567113567245,0.3307814363539424,0.08721718434729318,-0.16527329357269524,0.2845392455626167,0.09969272261977184,0.37965082614704276,0.02089961310434154,-0.18695147376712956,-0.14973527248080898,-0.07096275869241142,-0.07791150935829953,-0.2401999544077133,0.019219403202618755,-0.010545483265735907,-0.02853334400587183,0.017211383344900997,0.03500660278101953,0.06649799722187157,0.03188340148825896,-0.005880326084475315,0.0034645823839788534,0.01204524188745225,-0.0010169876396754086,-0.044159699198917775,0.11776096411294473,-0.06255914872326707,-0.04993880707219149,0.16277194793496338,0.1189055998909552,-0.1514640603277025,0.06172137260341377,0.11373474311108249,0.015160410935894047,-0.06677634457479062,0.12059261163553545,-0.19688074004683762,0.17716210474878988,0.1255495677301449,-0.1413878114296864,-0.06613159838954005,0.2112338272915015,-0.06869775814805153,-0.15744698132256021,0.15197951956570113,0.09612429422292539,0.13548536641595788,0.004452824063159189,-0.011134143677296652,-0.003504426405164546,-0.0005014708719471075,-0.002731400893215582,-0.0032556695204724742,-0.9382724045038233,0.02306095774638675
264,-0.227253807520862,-0.001231063652355465,0.09955108334006431,-0.02852739147055971,-0.0732122877069948,-0.1888198666578198,-0.39490474062546904,-0.006150087018406727,0.02413699949177783,-0.09328459055480938,-0.08978727781564533,-0.1017307458777697,-0.07247556414116638,-0.26824574950123864,-0.2630111783392628,-0.06774739430984374,0.05379797721798006,-0.07759702622421967,0.1250406054128585,-0.27476747227710535,0.12144307532458168,0.3042172980393416,0.1399149465801045,-0.042783244445503084,-0.17224524941078057,-0.05587356603417403,0.018643589278214048,-0.1999773871110932,0.0668432139408567,-0.012443913864434582,0.19328447587338732,-0.052931819766150016,-0.058657932846629804,-0.062054581418552475,-0.1231647529758806,-0.03399310230592891,-0.21775406323509588,0.10077533805913835,-0.19936506808958743,-0.036117625708471386,0.11225186660171833,0.07010176507832325,-0.11600703352747409,0.08476470655036096,-0.0036901138331015626,0.07777884004163108,-0.026576152440613,0.007941863203763968,-0.0021442046534962886,-0.0011870275560344915,-0.004469847914738309,0.0026016541927802303,0.007187932930328783,-0.0023504664535852044,-0.0005431801682814941,-0.9382724045038233,0.02306095774638666
265,0.3365619308023955,-0.018298373103535055,-0.25322711008188836,-0.4255296832517437,0.09871745476558964,0.10168386006730024,-0.09504925954828046,-0.05821076540877195,0.01683859609736089,-0.08167718077866247,0.19400776158537994,-0.049402437845785324,-0.3245574992815951,-0.1715776450381323,0.24395083990696195,-0.031304869665058216,-0.0917741002762864,0.1472640674328836,-0.36296576758696214,-0.0786130574933948,0.051284640484450715,0.048067686898379966,0.31569370445902856,0.0777255049215676,-0.14510409929067158,-0.012212755745971133,0.04713999935512564,0.013180027707392811,0.21179070478907105,0.031105428114604646,-0.116966149913021,-0.29890455930608273,0.02084297907696254,-0.2716891311007566,-0.05227907724358976,-0.2017402234838345,0.04367552698395729,-0.16748370253008593,-0.0026642728124197886,0.14521625428803636,0.06368129949934317,0.02376303262237541,-0.2609418577409578,-0.05865088321837134,-0.07043633979296535,0.16755018089554877,-0.06526468417002733,-0.04471088483235809,0.05628276646833389,0.001612170609132063,-0.004732979743906978,-0.00021980941675003255,0.0007793098087366919,-0.0011833546498064573,-0.001819922848269166,-0.9382724045038234,0.02306095774638678
266,0.177861514434512,-0.12503290354148502,-0.20601300394267863,-0.33264699041873885,0.1748826755740435,0.09241259716250094,-0.05985489320701402,-0.2405860615097721,0.23927816695072746,0.07201450466232084,0.18922390471467843,-0.168257193188094,-0.3638058904859691,-0.11630061635177753,-0.04526240450522628,-0.16106013240388053,-0.006825946246623908,0.06090921074755356,-0.3191075547260396,-0.05397204512297992,-0.004878021541800602,-0.077167025790195,0.31104762487771026,0.0002551791018276947,-0.20246293012262612,-0.07161408363875488,-0.13438331968024042,0.008634788512948771,0.19431807612506832,-0.16390791890833872,0.047491903516704084,-0.2727058702911615,0.009074744081876146,-0.1415651803036116,0.12331394072033725,0.023334192226837278,0.10093772258219255,-0.09199941699046336,0.04003678935106015,-0.007218998012214836,0.14941963132522648,-0.3879485002407006,-0.04151823662651648,-0.10295688052435842,0.019479073271392325,0.1298191051558026,-0.015119437053938131,-0.0014557515171673629,-0.06710893819166129,7.779171497161274e-05,-0.00015555417657578583,-0.005620609701741241,-0.0043551070170382315,-9.837519017622094e-05,0.0011246556460577355,-0.9382724045038234,0.02306095774638671
267,-0.15027795151089698,-0.16758734920561746,0.298870761465014,-0.08137188580840338,-0.15819519561228895,0.37298697574805045,0.16120241426059084,-0.0015210135557389955,0.28162983926953783,-0.35416206855680993,0.17674876123244998,-0.3842146412738305,0.10949642514853486,0.058703015002958915,0.23067245543615145,0.08984466657950145,0.061079995428603276,-0.1407798409089332,-0.043849220005677245,0.12465408633431921,0.0649549940457629,-0.0438590861672106,-0.04328506156689265,-0.09533788147399806,0.03959869956761227,0.16874245392183712,0.012274038593210424,0.19434234336742226,0.1399962585996941,-0.1271439351474914,0.018149716296904664,-0.023057655208721568,0.048497506599469185,-0.1991049939463009,0.0947544852416445,0.31479428295215117,0.14431136366970573,-0.13007155729872394,-0.06957062027874902,-0.00841666820705554,-0.025281796315531617,0.07350486349344967,0.10764672090529075,-0.1164824130876824,0.12986536658020564,0.004290224946345662,-0.0037852828393370027,0.005813019899291846,0.08645122242400283,0.0018558196402091017,-0.004009508650148034,0.000505413744108482,0.0016204385112716336,-0.0009845810236265282,-0.0001605433218395421,-0.9382724045038233,0.023060957746386883
268,-0.12844277393351672,-0.08934618318046005,0.0336425811188349,-0.26552576292825447,0.13043252241752532,-0.10369043109083699,-0.2516015120369653,-0.06660715269269316,-0.29444310984208966,0.1114513036053244,-0.3369290154767353,0.4834412589513371,-0.052145285213611836,0.4017354753927763,0.1856431498498373,0.38371675895499757,-0.22884532600616928,0.11447096761930438,-0.25739883985303286,-0.0002257449670773609,-0.2443295303654594,-0.2567191424501112,0.0817492417787788,-0.17366947065155572,0.006800595427885638,0.032844844185520215,-0.06402979151971631,-0.13668504983398783,0.23796709210234285,-0.065856723234683,-0.09562956746418105,0.3493775145668763,0.09645368718291009,-0.24403823081643675,-0.3549284503026379,0.1038323604088566,0.038966787480262256,0.19128927808442112,0.04803739608966541,-0.002546914104717094,-0.021673758892264444,0.13917743125465692,-0.015752040985953602,-0.0876694705308482,-0.11400132340581352,0.07282519055291738,0.06370082294559233,0.22420719065704353,-0.07668129054889565,0.004308776976665601,-0.006828765185736884,0.0030799255308641077,-0.0033903309451794386,0.0007379427965981223,-0.0006414056100236288,-0.938272404503823,0.02306095774638663
269,0.15502358146778245,0.13524954427100197,0.23489174228863058,-0.3855661413329328,0.0121722639351173,-0.05809430233680701,0.2454313284164578,-0.20580945666590691,-0.060561976477508925,0.16690471743293822,-0.1713158984513061,-0.13988836051220085,-0.0959041809875916,0.40860244170299054,0.16736171515726556,-0.11037369545104532,0.2266745170717115,0.009085643399741623,0.006550442699306202,-0.14889886596933868,-0.044738076578644294,-0.3075935790351345,0.21210421637686577,0.018474526336618387,0.31819374625599167,0.11960230638409944,0.15917420281977798,0.21726555946221843,0.1353606453152814,-0.27597878488034333,0.09430922203007422,0.31014257333306455,-0.14093738954381205,-0.04829558420089647,-0.15360284217872397,-0.16946926973148776,0.028359451772767358,0.544768664747759,0.022293200057043827,-0.046485565516843554,-0.0003051244270981132,0.0451358324708828,-0.2568416903589923,0.23972560382834904,0.09259522986074135,0.12117374928026212,0.024799360898090466,-0.059993966439073565,0.04022129357906261,0.0064137702779289135,-0.013164347811284631,-0.0009686627900171115,-0.00401728502327446,-0.0012088228404626875,-0.0027503748016797273,-0.9382724045038232,0.0230609577463868
270,-0.20566594319932113,0.15261172673673754,-0.05716691775064671,-0.47490937831411795,0.01225895244048237,0.017112563886270207,-0.1731967900495053,0.11545320991914591,-0.17509219264613837,0.004144777254812805,0.15540492115316024,0.24272573606603617,0.22184253058292291,0.015305711516158905,-0.07293766739384015,-0.16859714423509173,-0.35287249452497926,0.05634500270588372,-0.07856394310828531,-0.15701331926971362,-0.12566949816340572,-0.20455983518910595,-0.01274379936955118,-0.044754484243808956,-0.31519808530696186,0.1255465850299884,0.2010232465363916,0.1439850895851073,-0.009195391572135992,0.19159842530105436,0.01104268063296275,0.07260085558089853,0.08219837769999908,0.1866920894693076,-0.12248450358447141,0.1874644686463703,-0.15267617278671014,0.08178820028573712,0.05801289509640202,0.06786482973845502,0.04879383168020702,-0.05903786972303891,-0.0019245630699633316,0.26318601383157053,-0.13282053343311515,-0.16424419565224774,-0.03460316742460273,0.04529343111689629,-0.12187542067865148,-0.00015838628029890854,0.0023867961184228406,0.005241718381248643,-0.0014625836913313595,0.0024054837612148346,0.0014194047339014496,-0.9382724045038233,0.023060957746386675
271,-0.4272020993345173,-0.05318659066199688,0.24112099226315375,0.036202915668809225,0.2484971077700102,-0.04397853479322568,0.4406581871888994,0.08523613925326856,0.2367170787110437,-0.2083116621924722,-0.033147137309773006,0.270603785813306,0.1729986086194042,-0.008559529898402864,-0.04414935745195438,0.014923631026627972,0.36638487853094265,0.031882901507575445,-0.20835033898172894,-0.08861592905235477,0.05475432068286005,0.07311809161093899,-0.030463260192748642,0.017915554350897974,-0.014853110577055424,-0.022234948760619634,-0.021749885085578707,0.14751275394361554,-0.17652817192258252,0.2604457737149381,-0.17397569186240444,0.12150691014591891,-0.09172849606944156,-0.09771848586578365,-0.10201899611687672,0.02685637558848589,-0.030624727484650643,0.04827056755833451,-0.07784318459197323,0.24266702470398166,0.035654132385891074,0.21495242462522277,-0.17353925713791127,0.0812446441800021,0.20173851681254146,0.08479845391035254,0.0017930341476729505,-0.09954490149505724,0.0851558665185097,0.0030237034650906856,-0.008607173208781781,-0.0006879923378255442,0.0019222716641892287,-0.002246158365360062,-0.0009921519051471917,-0.9382724045038234,0.023060957746386897
272,0.5859653691286995,0.20432939217905344,0.4063248614749383,0.4495571091366857,-0.5237929553934741,0.2812139513287377,0.20121790351413205,-0.17755270848959254,0.04539935990092485,-0.45287672913878296,-0.013709459879305023,0.6532867394776932,-0.06617685079274954,0.12202291759108169,-0.20279010122971808,-0.2618513142654169,-0.29367138756087946,-0.09481125069330325,-0.20327215216307087,0.04654958531888248,0.07854223159848477,0.019882086952365187,-0.15683293681037896,-0.131445651908261,-0.11134155480155997,0.25263178885946125,-0.1723029206088183,-0.16174456547383204,0.09709664997420706,0.09550229648257187,-0.021831975961714038,0.2919211571083783,-0.056772431351806395,0.0063069064151679175,-0.09048961286743949,-0.018934066156701165,0.004705535084426335,0.043865829726855446,0.03703096017425622,-0.13794823748554963,0.0324337611553562,-0.07183508650672027,-0.10318941475502282,0.11175715072484113,-0.09741219764799625,-0.23042783483422596,-0.08126481724906241,0.02702384567930034,0.0006098667835350887,-0.0020223269926889996,0.008199693838145889,-0.0009877586828349863,-0.0027492981088714243,0.002011911357880883,0.001328554588838007,-0.9382724045038233,0.023060957746386557
273,-0.024638228991862562,-0.2869900863218379,0.5011558610118516,0.22392460906505066,1.0196159261796247,0.15230031193961863,-0.42266701812417,-0.4977771385145168,-0.2711798786188272,0.1479259275423703,0.046142333212167264,-0.17547509331184236,-0.08519371980026087,0.3650853981411865,0.02835360845790624,0.07547786440750885,0.09140264750830648,-0.08732344449207495,0.14941756662816277,0.08710113175366213,-0.07205100388307424,0.04835226507461084,0.056642648893954345,-0.09415879233547604,-0.08533509760930433,0.39529514697001,-0.20199121885025004,0.2728811242932868,0.18651522348924107,-0.1422862953318757,0.08977933324620659,0.07453581283261485,0.10054936464489612,-0.11011570986001983,-0.14160720409609825,-0.03011358500673002,-0.01698458535630185,0.25639868819076767,0.27128193903663034,-0.04730454773940248,-0.10196441881626153,-0.1527447016444952,0.09706288059767583,-0.12119075109397524,-0.1213582757773392,0.005200855536787534,0.1582625584232573,-0.05746189544037915,0.07162386450283421,0.00494854238465438,-0.00714343501712977,0.002819783042598641,-0.0009599976350141815,-8.443372385775234e-05,-0.0010232672486859599,-0.9382724045038231,0.023060957746386647
274,-0.29609062272573666,-0.22894876677957698,0.06777215238297578,0.1424438431976981,0.34928393947006653,0.1694885142787534,0.591811912683667,0.05354667334695907,0.359993919133725,-0.34762466359396815,-0.09825396072888487,0.2040872530286336,-0.015275307524481694,0.051196548928819294,0.1127659152418215,-0.05909344100469487,-0.1280457894327362,-0.1656465890240231,0.17205906098822163,0.007135957820918423,0.05249571301153502,0.1806932760023473,0.10905647150448965,-0.004702229722741059,-0.06292103536364281,0.188928500511999,0.07120012977891714,-0.040899015660885045,-0.26855796709694235,-0.425938040133616,-0.036612284667693465,0.12149150629652597,0.14260942446567995,0.09996470766454954,0.039362022303697855,0.05355987773554018,-0.08170807329651818,0.016098052488540328,0.00886232214220701,-0.033107329765053824,-0.055173060283171545,-0.011365395900228895,0.1376048101906521,-0.16532773109118185,0.002505230162104918,0.03502205289440709,0.048850421686556525,0.044858017890757884,-0.12206897720773206,-0.0022385126195445955,-0.0015220812821167106,0.0008725733218109664,0.005297807614311174,-0.001631667791638676,0.002183886523839605,-0.9382724045038234,0.023060957746386893
275,0.3447239093248281,-0.2747922747787932,-0.08079633124424145,0.07973509089632302,-0.07783551680491319,0.10957204466284037,-0.42150181120113855,0.18031556160120707,0.23493172578247654,0.028457764656556833,-0.2794533590542693,0.1859580985086084,0.1734193463884727,-0.15732134830438485,-0.28656185364263626,-0.010825475811607815,0.20929086918372486,0.059225875144650726,0.03495463331533779,-0.018282371761434865,-0.15678215474472024,-0.2528152602502226,-0.11319936362521817,-0.3377132385672394,-0.061143269079236284,-0.08549466075865457,-0.03459592552166983,-0.10947244527927666,0.08816173721209243,-0.20828993066438123,0.16164720215776623,-0.17933219914878165,-0.13776870449161896,-0.18073883111408787,0.00811334295282312,-0.08779083698933283,-0.014897121488379308,-0.08698096424154758,0.0065593452869155185,0.02710341506509524,0.019126805932270265,-0.33347585245135397,-0.17051114770764209,-0.05543486741435393,-0.12418184156023226,0.13654617058862362,-0.057721619513047516,0.07888116400743411,-0.06425009894894257,0.005157379969428612,-0.0011417667671784768,0.004499703210004832,-0.006793650997738487,0.0035403624744502387,0.0028995500302823034,-0.9382724045038235,0.02306095774638652
276,0.19185745847215227,-0.08822558443809157,0.2786552598565328,-0.08134589449857345,-0.1726660435073462,0.5171024767653988,0.04899237165267436,0.33263828224129777,-0.007823474053201801,-0.24768673892962953,0.18146907539872445,-0.2663118776574174,0.27432349288064584,0.0487899197825272,-0.10185215867470382,0.5600627357246645,0.24403148639666072,0.18030735623437583,-0.3923407447157423,-0.08007163272913705,-0.37384069458089714,-0.002585809844535168,0.40071619833231903,-0.2175137067166017,0.08350994296825695,-0.005666432617071089,0.08931070970030726,0.2139623742875956,-0.05367960873966826,-0.059427010031651004,-0.10669862045646802,-0.4740882141027062,-0.2507708991994631,0.12466116335142967,-0.14655197245205587,0.07044612703045322,-0.4973936422686825,-0.05315880916035672,-0.10490921680494093,-0.005408967073246512,-0.03970186671661042,-0.018272828050322005,-0.1995215966051965,-0.080317458627907,-0.1725292881727632,0.08897544423388454,0.04165635963697424,0.05894629562732864,-0.05449962094116766,0.004492120704113399,-0.010059541338249697,-0.0010660567131269166,-0.002609916471211693,-0.001112405415102969,-0.00019542986911392333,-0.9382724045038237,0.02306095774638651
277,-0.2143927529176813,-0.25520244149719373,0.3175003119255571,0.1716262000662047,-0.3044360334166863,0.1391135251411012,0.005984465812084574,0.2806390984722387,0.2534278483339355,-0.014592949998963402,0.1148014862795039,0.34549629288505757,0.15776006456738098,0.12824649589319204,0.23550131304619387,-0.11106174636818575,0.09906093031081295,-0.08224404023926264,-0.05579244147764855,0.2341764240062515,0.18186559490944376,-0.05183790807995988,-0.03497034489726141,-0.061072024045345404,0.056357977831134796,0.02861022068269307,0.2964432699812505,-0.14946835857091822,0.38690550113650296,0.11420664852219206,0.3952820076967105,0.059098485849557174,-0.288955476944158,0.2938355444482355,0.0008891400054642766,0.32725771483230154,-0.05812588593991895,0.024236367321426876,0.08686120335511795,-0.22221870717528477,-0.2484508733765259,0.1425366606673444,0.3011057067866222,0.05205627321716551,-0.07254007949251831,0.012528460829491645,-0.021540923149296235,0.12584801368311743,-0.013763122720270908,-9.568459024670623e-05,0.00019459023654005492,0.0027082808208079936,0.0012407886420917182,0.0003409247822465517,-0.0002148936096121732,-0.9382724045038234,0.02306095774638686
278,-0.044156838790915975,-0.3779408888046934,0.02334610200097268,0.3813569142905907,-0.5158179363214392,0.15173701194947345,0.1364495031453722,-0.1407351765289538,-0.008847428933474505,0.1539420742513883,-0.12674665278102287,-0.09275157758091782,0.3749629390384784,0.09836131197574913,0.07540702983555975,0.12345999327658896,-0.33523971426318905,0.08472982928357291,0.18702062909062736,-0.15989286927632135,-0.022530020777397356,0.025502718306849345,-0.36518868683198163,0.14424496087906563,0.07789972997685293,-0.09791288707469088,0.40232024318342174,0.12240283620936869,-0.07611661301363515,0.1981986523341006,0.1745134978065878,0.012728707741517084,-0.14400662971621114,-0.2300283277686597,-0.05607126603428968,-0.03641662904354942,-0.07948622676364893,0.030036215785614686,0.10203303474976341,0.02589248870350197,-0.02347549493951246,-0.027087770255240014,-0.12697939489602225,0.10172267295660518,0.0884740518871857,0.0628299092787826,0.15402325148618443,0.05840523652571868,-0.08017955348144729,0.001138119463185157,-0.0005884722716357632,0.0003813721898442948,-0.0025534730347101147,0.0009117381045753811,0.001170478946450732,-0.9382724045038233,0.023060957746386775
279,0.7532052607913805,0.3303262469020624,0.4211080032876683,0.3059849665084563,-0.38446412089757126,-0.1022327536783606,0.29036418036886263,-0.43154348176582513,0.05652660458170219,-0.06843980620109529,0.034179797679006134,0.2797556510558176,-0.1334709476764757,0.22279697508632115,0.005421967199379934,-0.22234068725175696,-0.39523499254317934,0.09954098350750938,-0.2958306589734529,0.13520811179984785,-0.12954981854826772,0.168197031320181,0.13991628103138418,-0.5873311867206337,-0.100882308586894,0.1207467176012529,-0.1360208193470811,-0.22313576837745175,0.277861242066449,0.20446981825570937,-0.2210457314851963,-0.06641370476089249,0.30665694322356846,-0.2688787970378514,0.17041538589527444,0.29872314090695967,-0.19344193017956693,-0.12305843838537968,-0.15771946067110806,-0.01441042766058001,-0.07382076581036656,-0.12679927395966803,-0.1439541027388712,0.14481573140093337,-0.254296384923753,0.00576582468924114,-0.04445701477101098,0.03208204212563871,0.06265502067856811,0.0018292947641493967,0.0013056800874845739,0.0021522664922044043,-0.0019933418982697472,0.0015251339256360658,0.0005808641509476766,-0.9382724045038237,0.023060957746386508
280,-0.21338419437049844,0.3665936848921379,-0.11263412110685654,-0.44308365080145296,0.09059856638717997,-0.1931731352175732,-0.10165617023539633,-0.0940366070527245,-0.1983760292052359,0.019499878407356615,0.060575092476874794,-0.11035699202475105,0.2288128641481149,-0.10748182087309477,-0.04573752756411318,-0.14695963051269548,-0.032891701093974525,-0.20793904131348698,0.039976792923567636,0.13153923198288728,-0.10555245126987675,-0.053784162133980774,-0.10634698958547606,-0.05379660984796095,-0.08509854861010756,0.12885812748977948,-0.10609610896506995,0.023054692521821078,0.028509564047814333,-0.10155308750982657,0.12969858693801875,-0.037926643612765834,0.012959223524839083,-0.005719238272059575,0.1246428587494301,0.3716264022505965,-0.12172686800918815,-0.05323230680435471,0.059921838314550994,0.14749882547123128,-0.1995387985968707,0.0024473902734493667,-0.00922179939872212,0.11824896412256276,-0.088269525083215,0.020633944287136392,-0.2642585655234644,0.10351004730064418,-0.06524351445112765,0.0022957187444899423,-0.004478472998729344,0.009786876480086554,0.0009151061147494791,0.0016815706816676133,-0.0016795600212432104,-0.9382724045038234,0.023060957746386807
281,-0.8488499247924236,2.1464896529893425,-0.6933161003766342,0.6641874355603807,0.5607531437939877,0.665519882935145,-0.7322996071605844,-0.22407349070789037,0.821651749272631,-0.09631613298810768,-0.35413298538966204,-0.3691480370590471,0.3280166595538519,0.42569204523056536,0.47126369337215435,0.026175383728607414,-0.1382732112935646,-0.3638549091743219,-0.15458827818470244,0.013459354318296327,0.1429033582935394,-0.35750390641953694,0.17232632490785496,-0.25582421867743854,-0.03764320406589292,-0.4574138679356076,0.1941199723850071,0.06491047052085797,-0.061048791612406686,0.08564438410928654,0.10820650658353208,-0.015858865459308775,0.08374038494435163,0.1636860381575891,-0.027069436329237907,-0.03846581835517366,-0.12028454335134564,-0.048574399459935885,0.06760246936338284,0.18921849097867666,0.10171276890345508,0.017562611439850457,-0.0076631561893848454,0.030644112888755595,-0.14203417350002667,0.1670544708888791,0.06436299753615994,0.010739373485432841,-0.001977856979217664,-0.12635439694432482,0.2820395040490098,-0.22468169676158717,-0.08445922742710882,-0.09036665015017525,-0.015627422735572227,-0.9382724045038237,0.023060957746387157
282,-0.719059083266454,-0.22839381742592094,-0.11322082244351403,0.4171468019414311,0.030838951923917206,0.20794578071038505,0.666258899429785,0.12755720218734384,-0.0697032107144574,0.3553153426126564,0.2703541857446357,0.44690095182794565,0.04577359189022151,0.25408537832843237,0.043313982615921516,-0.20053802071472734,0.5266005465726702,-0.1035815322770615,-0.15913691746703496,0.08722680757091128,0.018097788412570388,0.07967705304071777,-0.035045240654352154,0.10930557794407406,-0.10007915315593446,-0.12443399152633317,0.17422374916844777,-0.1101288438764087,0.22388155199984033,0.3507961204728752,0.025986445423049474,0.01175873991790572,-0.09844268032439701,0.0863133413700417,0.09857767895464738,0.0004056126747937111,-0.06743518704929329,-0.07915970825705161,0.12157607228380327,0.00866772246044356,-0.10085153896029395,0.08410753250867464,-0.007325192735373088,0.11810829846014535,0.10879354261428288,-0.13836753954217207,0.0082785431566917,-0.015471283516788007,0.040331755474726935,-0.001469949241034585,0.00626597392289231,-0.0021385853122957437,-0.003342380582264401,0.0014372708525471462,-0.0014490917300678825,-0.9382724045038237,0.023060957746387035
283,-0.11955324021037722,0.29620715374089457,-0.1182572714228489,-0.5349883945367737,0.08362601226018414,-0.21351654637633394,-0.03674778802178731,-0.12387996246142055,-0.17293508541031596,0.016905408096199916,0.057567217098944,-0.0534247251393244,0.24852332060672228,0.026049123475639646,-0.12536942089147446,0.011188247477001203,-0.15305499216214866,-0.18513425841924042,0.29055290487317703,-0.03227713494397007,0.11744228704539313,0.12908255952358919,-0.12892361640176497,0.059317085355495826,-0.1476373990195126,-0.09470490967364792,-0.12419545413298219,-0.19267885279269736,-0.13645075447849467,-0.10631138117278968,0.27212667583833705,-0.12315633844737928,0.0068655681428045215,-0.15249312150984828,-0.08509809543813869,0.20509289512129017,-0.026930398702528724,-0.013499947708007193,0.022180126413326756,0.11285455583835978,-0.16336239862740481,-0.021904932641061147,0.02902581737647561,0.005872111060807004,-0.17010114282858385,0.10591776400040293,-0.07535163101653801,-0.07918344903220763,0.037570909162210286,0.0032945383133606895,-0.006113225960710411,0.007604831467030893,0.0033210789834280034,0.0001605812738834594,0.0001576902913072596,-0.9382724045038234,0.02306095774638671
284,0.09982218054000092,0.20237894954947439,0.23330795291831322,-0.37098583688889786,-0.12494696664105065,-0.10016809845500918,0.20535604640764474,-0.34387216204809734,-0.08272521816394901,0.2291026729428082,-0.19308213155193477,0.11824710784964362,0.2382390589191973,0.06651714877323736,0.015764197439589345,0.1922665291215457,-0.11941708190924315,0.1348505097874831,0.025834881520994987,0.04125362916201384,-0.16401601692328505,-0.4654175025763879,-0.3183719474049931,0.09654720903690187,0.11915644623271864,-0.32992125520242693,0.14242330898964634,0.026637213406471284,-0.10325760633759246,-0.2329349158913494,0.04042884573313636,-0.05454944695139063,0.04113621477836128,0.08774832895768908,0.05882540382451859,0.3473488779946435,-0.18225529384534495,0.01523597411386062,-0.25145422734390366,0.18754190281782937,-0.07613672875190824,-0.12000407923646142,-0.18326621889598282,0.02135994015669737,0.11238463385778626,-0.05652759526250178,0.06341486721092868,0.05720920482584943,0.2313063390808671,0.012916704949464142,-0.014720901774719464,0.00028197305760910887,-0.010152384272311367,0.0010081192234391231,-0.0025167088206355264,-0.9382724045038235,0.023060957746386612
285,0.2024884641042759,0.2294238263728148,-0.03106857090347332,-0.19452003195409895,-0.02123165620375812,-0.7100654121239692,-0.2704701220445077,-0.3203216286420927,-0.10961413924111253,0.34158955709216,-0.12051226894400321,-0.09706395090487842,-0.09728719991863931,0.402370053839483,0.26241886913218054,0.4295903622163956,0.061744483733466686,-0.1944217059256673,0.0672820314141846,0.14938993820235058,-0.2602350037990277,0.0775970837791891,0.10734631692079519,-0.16575046412396516,0.03253923568904103,0.1157096329906916,0.020801865347150866,-0.0045392739624741975,0.08542125943432007,-0.1753232426607222,-0.022798013028042345,0.030539081817801846,0.17579966538613437,-0.29540236414808463,-0.10477018920257948,0.2565570756567066,0.021176007029310377,-0.1356624230152223,-0.0973934013774324,-0.042173385508930177,-0.02045545819486956,0.03894653139550194,0.02375052941386163,0.07790086319756122,0.13677402637281197,-0.07151680821908431,-0.038179571324570526,-0.22146705203203426,-0.09174095428671906,-0.006065902713047316,0.008944371592646886,-0.004079364650849796,0.0022054418900366458,-0.00018574640714756792,0.004139398590604976,-0.9382724045038232,0.023060957746386786
286,0.18926423108714535,-0.318161654096329,-0.25216075716546704,-0.24922133430946766,-0.0060127371952622514,0.5138291463072173,-0.26023968204995895,0.3918641332316981,-0.014890756798629771,-0.3129845469082754,-0.07302276905171126,0.5725255705813197,0.2260721446972439,0.1824665599420378,-0.0026409907801142264,0.0869603211610736,-0.0180110448794264,0.044034666008069746,0.2212147897733946,0.2132324905836253,0.05057822158734864,-0.27179360961433635,0.18343467409512196,-0.20937989358353248,-0.04226964950922348,-0.0242016964841666,0.03705815240858602,-0.05960175650868733,-0.3432431533103563,-0.3831867734635357,-0.09493798155080563,-0.21435482295085276,-0.1491440796886025,-0.035294779604000015,0.04055410221795576,0.11907811137926966,0.11130309143359256,0.0830442647978353,0.010084674537258058,0.05927014865467686,0.09372450551998583,0.0032186473940243377,-0.05744489876901197,-0.028932226904144993,-0.09077948301326003,-0.06972294259771762,0.04827760232264457,0.08532772028784218,-0.04132005557402262,0.004599284068274818,-0.0027552287847823027,0.0001990395061444029,-0.007042336007558304,0.002111921408469065,0.00211953158896372,-0.9382724045038232,0.02306095774638691
287,0.24864731065425064,-0.19997584816470027,-0.6057829185501539,-0.06410934645018661,-0.078144478028242,0.43330441776257594,0.06663650895661447,-0.29309328597392087,-0.04474025061923284,0.3772736710237365,-0.011679516467562776,-0.00042723473233601423,0.2147323074551371,-0.05514162995759254,-0.2896119647055844,-0.18731142642662524,0.09938390294419724,-0.17346308796544027,0.03885878033379839,0.01710232195613713,-0.24780152834354,-0.21127468183761233,-0.15775148877441317,-0.1440295669968636,-0.08977161584749138,-0.005758785363886101,-0.08132486093337299,0.06522828123790667,0.09700512526064697,0.028006018563201913,-0.09379871798563935,-0.0032659088610632403,0.0072849364964724045,0.006263759943483385,0.06677225890771361,-0.004158091801700654,0.1170279293918996,0.08618733016822747,0.023741987829425812,-0.04334441371079972,-0.26158040936387755,-0.05694672481069298,-0.11052705562099581,0.22712549438620017,0.019059371284620607,-0.09041262260747564,0.044471025860458736,0.06582486787375823,-0.062233248290728196,0.006324193005565632,0.005629148777252064,0.0009250784196978885,-0.020176886917940225,0.007839024444812484,-0.000806811850091902,-0.9382724045038235,0.023060957746386765
288,0.25023598354959686,-0.08364197093157531,-0.4906238363921537,-0.3134156747146689,0.06282343380416369,0.3595305504104496,0.07573356791506387,-0.3792450915273494,0.09608630646153173,0.1697490408796996,-0.15073511944882695,-0.27367153363002256,-0.036601203240518576,-0.16293693613409801,-0.7732869315290508,-0.27943521978074665,0.1696777667353055,-0.11634963614697144,0.07833839074875087,0.8408757557013274,-0.19663158726194319,-0.7796439113020313,0.04768165247384914,0.03859171683408236,0.21137990300930848,0.5487344480328756,0.4367981411469434,-0.5943174846773419,-0.30953927812399096,0.4848375578711939,-0.08556361029385795,-0.0520438753656213,0.17230088500753557,-0.11512555064098517,-0.3098326795978799,0.004337693635007799,-0.03789513077031698,-0.12996712665158397,0.08799117189167423,-0.19353609066089825,-0.062113437540202404,-0.06809213680155222,-0.03557408496375083,-0.03222115050366386,0.041664783126407236,-0.02458284403332687,0.11551839859689343,0.07710230695382077,0.010741864138733407,-0.0929782904475601,-0.04040379048382041,-0.06031229932511199,0.2350727216468282,-0.10487358009864478,-0.014088542916215564,-0.9382724045038234,0.023060957746386633
289,0.15211721524970054,-0.23942366043012536,-0.06909961702386369,0.1421759044662357,-0.13681134039405382,-0.063851876476757,-0.277919779351001,-0.06668084789028084,0.26305508286923474,-0.2105572429799651,0.00962391157977534,-0.0720836380742805,-0.12208931610212899,-0.3433603211589373,0.11389684662897101,0.004329839554815184,0.09549868807363243,0.041691758194466196,-0.06179134474625036,-0.20719612484346608,0.0604625399477954,0.2556017788191908,-0.11440537355821916,-0.11591536887441099,0.017864854158804393,0.055139775284015244,0.11879653095759937,-0.13470990885954473,0.15107151239856736,0.11509656874371427,-0.04120243433710967,0.05425458279652226,0.09081221630002215,-0.1430850945474692,-0.06227860129856204,-0.21153848256060884,-0.12527735649628707,-0.0335523072128513,0.06831396689462393,-0.17382082084658732,0.01715401768668373,-0.04064303524413236,0.08418918427823509,0.0382821602969372,0.034847186823635294,0.006846499571125852,0.054256317622568336,0.032652243606158524,-0.010167193384301092,-0.004529763193817012,0.008968445965697213,0.0007312992841416861,0.002325737278914743,0.0007788745329853791,-0.0006755733066801562,-0.9382724045038234,0.023060957746386578
290,0.3684313526950512,-0.0608239206069374,-0.2644710769014148,0.09571125881532934,0.31049446207572784,-0.20617176576810908,0.08284299697236065,0.14645249878059258,0.283235772900394,0.02414446515736628,-0.1067523843139199,0.14330984614517855,0.00047836157165741797,-0.25021085694938894,-0.22929411015845327,-0.1810763793670071,0.252809350100423,-0.06053570294517759,0.11908602210521485,-0.21083262401348798,-0.12423895201302546,-0.13703674524524911,0.04440987205008396,-0.24380508504290968,-0.14472564028128918,-0.0014038407820796631,0.12269064781225703,-0.038774946175883195,0.15599575003201382,-0.05540436491512449,-0.15011886212302072,0.08851910222000044,-0.1914961486546346,0.26752717914565466,-0.2655941135855867,-0.09205591968352642,-0.039032963391814196,0.03919683813530095,-0.3226425727874396,0.14970459119375232,0.03772526392889914,0.11928001198265134,-0.07183089192070247,-0.003308913168650517,-0.07117899863620944,0.1352143855979091,-0.11235809420547509,-0.04368390816568584,-0.04063604780157738,0.004991031993677479,-0.007709951447614353,0.005396839733788934,-0.0018581027399391839,0.0010310334202767884,0.0016090047453191886,-0.9382724045038235,0.02306095774638669
291,0.0028723949518439035,-0.2831704544928573,0.13536224650514228,0.1421533290627634,-0.3992951321777161,0.024829690536072955,-0.2179851469007793,0.27525670382979434,0.2713169637774455,-0.3141015693138363,0.5180230094769771,-0.5160970048064483,0.27790844274166016,0.08230657833082139,0.32513527504759526,0.1320897659381529,0.08308191817668605,-0.11218072842576791,-0.09350180125964538,0.012560893037627715,-0.12720072938861984,-0.05066737096762009,0.1498360109375681,0.13910459940773728,0.34806105756019473,0.11830374466628402,-0.30538825637528944,-0.10014721077103866,-0.04153847480376202,-0.033842521811494115,-0.13113182414335928,-0.11081214557369384,0.006805191064872145,0.18532745991899355,-0.2874114384700624,-0.02529670599118095,0.041861534384012904,0.27805670516623,-0.09793520896142782,-0.2708000187506186,0.15230448830187723,-0.027247403559792074,0.08718679878425285,0.00213259496973935,-0.11590356487877074,0.16026227071816984,-0.21524911334737237,-0.04859238456073653,-0.012662563509316726,-0.0017400739008055196,0.00044303346735750736,0.0008973793723282747,0.004162685158148227,-0.0009020477555555181,0.002972260271152684,-0.9382724045038232,0.023060957746386668
292,-0.09627790199313122,-0.14708083589606483,0.019814925340148618,0.1200114378084189,-0.2581532010316829,0.0709970745458503,-0.29105586368555664,0.2648263315567265,0.10536732980474418,-0.05721703530407382,0.09434769918383314,0.021842988981076443,-0.29024035444967955,-0.12328655131614459,-0.04867510310770883,-0.2473787742456259,0.00964401596201915,-0.06682162180357387,0.31914122195509464,-0.007857204630606199,-0.12960017160065018,-0.4178624741866222,-0.14998195528552064,-0.13139178993362718,0.10111633793920984,0.1371541638804117,-0.170960645738921,0.08453180012107314,0.0019803372957618074,-0.14297009334798516,-0.1986251328097014,0.06896404119626055,-0.35424123188433654,0.14041266452441026,-0.06655035096318446,-0.09141868303872082,0.21817077829100479,-0.04963212977837298,-0.30256171124563036,0.05210286292549921,-0.08771278221154426,-0.0016167160133908785,-0.032787659299113064,-0.2007301963250529,0.0019542792524570324,0.07976081122690448,0.2548433574531479,-0.3517616421160979,-0.09335421368199588,0.004089251202237828,-0.003690765976658907,-7.220915209278037e-05,-0.005397577246179996,0.0014647071970508908,0.003675015585382617,-0.9382724045038232,0.023060957746387084
293,0.010962976311919977,0.007972746109501813,-0.20567778777557527,-0.3912600662164003,0.027389517135760145,0.03659575320073906,0.0974063293496784,-0.18734972722479165,0.06285419041837864,-0.2680841193315037,0.18290543657191335,-0.14693658394389633,-0.092717039851663,0.11656520368329214,0.2336005886146753,-0.2060355006391988,-0.04656232514142845,-0.07697098722694559,0.23237132904813515,-0.033788572372796505,0.08371087969662148,-0.2796368735862609,-0.1650988085209569,0.008142031057697507,-0.013103356074653941,0.12086517713951608,-0.10145859244918816,0.10825312792297342,0.1261097929874094,-0.10270788400216235,0.021066419943021247,0.2029836963389585,-0.1692956022169368,0.2599299484315043,-0.08885553026856786,0.039939475380839105,0.05961027337739928,-0.10810837621150357,-0.2109768643311086,0.05176620478448376,-0.020076310764175646,0.05819086089604106,-0.2045479792295751,-0.2821053825767559,0.1049330261053035,0.0700233334505351,-0.16439034154288065,-0.10543386643530474,0.00925766439899974,0.004542306460313487,-0.010856756593259008,0.0059384659170384,0.0009388973363246541,-0.0005307439869538255,-0.002466927031175904,-0.9382724045038233,0.023060957746386918
294,-0.6521070932986528,0.20082294420614452,0.09590768011620358,-0.2197139989051979,-0.13764623534031942,-0.12496519733871606,-0.23016492476707082,-0.037539107048287404,-0.2415553337548262,0.24528479838463155,0.07823334126261267,0.3993004104447205,0.03325999946924651,-0.16001959963547158,-0.019228330578870512,0.25956525242158335,-0.08697413350123955,0.12205948445336284,0.016779647533672434,-0.1401994264276076,-0.08553351622020217,-0.15199695520960865,-0.08246223795942435,-0.3580077867245257,0.07426794877077378,0.17695972099630528,-0.14386470865129114,-0.18047046377656972,-0.06464476442986383,-0.1183077353157684,-0.0227706142811813,0.07655210380126291,0.07162137730069909,0.011898789378880791,-0.017635608460780872,0.08259786386061777,0.04020505818234874,0.008911704732092088,-0.2722818087487398,0.030480782259946448,0.08827018742617365,0.217147884335674,0.10654344353684314,-0.2665108279694687,0.027442653273580843,0.08869327152429288,-0.0030242764475465886,-0.19422078942083693,-0.04875356612574031,-0.0001503666200550502,-0.0041254153381628635,0.0033676493486247817,0.005288272163425044,-0.0013146728689088273,0.0019858384291054063,-0.9382724045038233,0.023060957746386983
295,-0.3819738389179295,0.09440766450041406,0.3415964300728536,-0.2068772321096452,-0.09351145041629196,0.12513541276894138,0.011241675370580604,-0.1804528955578818,0.11513691769351432,-0.13299467116119867,-0.13050193785457156,-0.059787342525551096,0.20321565853454635,-0.12746699351274546,-0.11402902966003896,0.1547628075132082,0.1352097930853875,-0.08936192704956393,-0.14434326469911216,-0.1039964016683295,-0.09023756771289218,0.09073918511861981,0.05780751978583012,-0.0458493281505598,-0.010616781073782318,0.23831228182559452,0.04955168542572961,0.0847594349751696,-0.002761950983912636,-0.02825455495902803,0.12924528879183367,-0.06794421392226203,-0.027783448343563683,-0.12609871985437998,0.14378967123140066,0.017157290850134916,-0.04877798750613769,0.0010762561077726387,-0.1400796480094337,0.14801660861424754,-0.05454148478898293,0.16388673090779204,-0.12462772433962742,0.27407208042045683,0.17196199867458817,-0.04566704071847823,-0.05875019867443969,-0.056284920765183814,0.06558621379843044,0.0011071532035172595,-0.004573061728511631,-0.00044574087100958805,0.0014183069593895284,-0.0013172030104070692,-0.0013559388794463795,-0.9382724045038234,0.023060957746386834
296,-0.39894818628673273,-0.22418620146053517,0.16725031687842865,0.011924704941264871,-0.08098298135690285,-0.18167497845265076,-0.21012108960065778,0.11236692365359346,0.23713758475551924,-0.1791980359088901,0.14731872134557805,-0.026510504992069566,-0.1277582705689261,0.23671494195313794,-0.03076244969045349,-0.3851260692342835,0.169482253332739,-0.21624883377947268,0.13227364679953227,-0.001440572251736347,0.10343272760104386,0.04595874577343628,-0.01889552009056506,0.0713766414902112,-0.25419346832813183,-0.12788042187950854,-0.32315569317882953,0.06644029243157605,-0.15977725038959598,0.18008295762229196,-0.15527531137360054,0.09548310523878016,0.004972544438834596,-0.03260014440281825,-0.15515929414700658,0.14380742887585538,0.0737434387798477,-0.1774936596417243,-0.06355672445382561,-0.02197643813274714,0.053188488535267586,-0.10219499269648691,-0.08383520386566348,-0.25311390248465004,0.015830759490083134,0.09887044233640871,0.025592782157145538,-0.04895925225740068,0.005777752310831353,0.00048342719045290034,-0.0011659115299874087,0.0033814650814675473,0.0033378052121795483,-0.00025858292342825187,0.0012166622980482418,-0.9382724045038232,0.023060957746386807
297,0.12407701325423635,-0.38984900319791266,-0.14621328711197784,-0.0016264296655152007,-0.10311493327450513,0.007710157992492003,-0.3436768526198887,0.214867701861928,0.08754028397599717,-0.21377104963125323,-0.2765381483265718,0.5234949735915692,-0.09313328833162468,0.2515993599463614,0.17117566891678326,-0.054295222454163704,-0.3585152468921534,0.13393476407856048,0.21695581306258846,0.18152658631702795,0.03099506052193197,-0.2553461138886819,0.15172779569485273,-0.0192549850530038,0.009858828308897557,-0.038052066443652624,0.05879760413483809,-0.08353418311256357,-0.3596473781613148,-0.26932435064553445,0.00033451925798427053,-0.09191360392219618,-0.2554216352643705,-0.016136031982669514,0.18828890391784514,-0.056829132623390885,-0.004963300961168696,0.07994230268731539,0.13939815276756368,0.06672088857106541,0.14181337126272534,-0.12474887989025558,-0.3128036668990328,0.002389612268791328,-0.1442942614096625,-0.05922986481004291,-0.15743069109920377,-0.06281240701121842,-0.0037499798993433026,0.0015740130538507624,-0.0047766267024266194,-0.0006616166877363157,0.00031322189531442256,-0.0009407522141466842,0.001413013266373954,-0.9382724045038232,0.023060957746386848
298,-0.1417715495705233,-0.20837292072213784,-0.03565183757186926,-0.2867207265593172,0.0360074042574693,0.034942295321991536,-0.1328167004927655,-0.014094831083355736,-0.09800716251681799,-0.39569175415640395,-0.08320789173674799,0.12024552326307338,-0.0035098055124749825,0.22846512873215682,0.2301176997551215,0.08272291244211741,-0.4081198159764279,0.1539398357118312,-0.08114270267570962,-0.0329325836673216,-0.0892715357388355,-0.32261345201672803,-0.03253596130079258,0.09769438328351532,0.024734041948810404,-0.051504075300247934,-0.13973082203955461,-0.07507533975246149,0.04306700712524262,0.172225042167838,-0.058464083828184014,-0.08812559883823776,-0.33227506727487915,-0.27608949301387403,-0.04905490076137574,-0.04271567121645918,0.25911153463172065,-0.07685636353289123,-0.1250623363089596,0.14147940679750362,0.01613287368433613,0.16284951327602482,-0.1193818906092488,0.02991834732461624,-0.09986126111776558,0.07530068082891382,-0.05373451393795416,-0.047491168300180124,0.034275347731271215,0.004011825209796405,-0.009831852091452006,-0.0027311593485267616,-0.0029284793373097317,-0.001498264753345981,-0.0012801393200432127,-0.938272404503823,0.023060957746386914
299,-0.1501942159524569,-0.1418085365118436,0.08189165306137809,0.0881392911168166,-0.018786375700517187,-0.37868339166313303,-0.2856903557625057,-0.15190442014986172,0.12027059021487665,-0.13370363476187455,-0.23583554699959403,-0.06730539952153784,-0.12449907966840033,0.10193705657977785,-0.21091846306728593,-0.13809638559751344,0.32357190326402585,-0.11703408571068805,-0.1838294970646653,0.019213423810511058,0.09879687689708906,0.01962690362392059,0.07327712594498977,0.26430586460442235,-0.01631230913439684,-0.2166027310383992,-0.23329254804457192,0.11450275709872094,-0.14089493216986534,0.09492110346984063,-0.07826881436864241,-0.10936416956503246,-0.10376215225924848,-0.15618662719223456,0.10198295768845204,0.23679043596157193,-0.039342713792605045,0.1763526007958149,0.013117608520516777,0.04007118821788375,-0.10674286200504973,0.08723124110009503,-0.027392434508456357,-0.20695805102146267,-0.044434378524286534,-0.05067576401784218,-0.07801655476092159,-0.08626323180424915,-0.1495280846512835,0.00043635589561476327,-0.007858392059619615,-0.005266391057817786,-0.0008702058841786371,-0.002366731811924858,0.0016139530055659893,-0.9382724045038233,0.02306095774638688
300,-0.29754968593106845,-0.2284355625480528,0.5654652025104012,0.16815783936697823,0.8094114480314679,0.2107574052122372,-0.4529618694231978,-0.2266230319263876,-0.3343137545403678,0.05234379180157194,0.3507511307043082,0.3745929477618032,0.31482377638223125,0.013604816680633089,0.00260826280505772,-0.25112630259049473,0.10964546280695883,0.19417482166459069,0.08965439654628275,0.031909034556301195,0.031040299519296193,-0.19138705339075993,-0.3603498862208101,0.08513360746914791,-0.14434787403051916,-0.018299532781374698,-0.05298793048009951,0.30216606440276383,-0.15747458889582092,0.40997790593588945,-0.15643293144264794,-0.05076145537534442,0.03743993243543785,0.16144046647053506,-0.15796288710026107,0.11773486389862688,-0.14331570625779586,0.17242222046196287,0.2901212853644967,0.045460878032555496,0.06825436639321004,-0.06648545118988955,-0.02586428696992871,-0.006298380370950604,0.03820018533584628,0.02456079516297102,0.012925006821626842,0.09020199826674213,-0.09069524869264599,0.0018258629770663182,-0.0003262055954269367,0.005217641131853003,-0.002601456381049391,0.002148840006482793,-0.0004993801196381576,-0.9382724045038233,0.023060957746386834
301,0.048322356301055684,-0.3258276405504067,0.9023022994341443,0.37332575772751847,0.6366910219819814,0.20158488692930115,-0.32431097228591205,-0.3947135165514179,0.09910630481941882,0.3615670179180329,-0.037696400817203046,0.10922892975999035,0.3266961158593284,-0.10122673376087182,-0.0918729558583397,0.013370183503130116,-0.13698389255298815,-0.12741381118371414,0.14803172529162406,0.15246928946115354,0.028710962335690784,0.039055760426476696,-0.2777888452700415,0.05194196486003245,-0.13086963342269095,0.039959914594032246,-0.09520876800201508,0.026688532487643263,-0.1632503848886887,0.03452125582183239,0.21878287166451285,-0.12694840167699897,-0.14106514700750664,-0.04218579501499228,0.02576190555548077,-0.07071937227348359,0.06904985315928473,0.09613125826268032,0.05751176326183524,0.009753327261797798,0.046497870466164305,-0.1445185629639946,0.05671505005584963,0.059695509187796036,-0.2747263117473719,-0.007227577255987271,0.0258941123421887,0.1350748493229466,0.19521068558877783,0.006020576770830536,-0.005841929019553831,0.0016392023791364872,-0.002452327920242679,0.00034213250666108313,-0.0010665667805416076,-0.9382724045038234,0.023060957746386664
302,-0.27116018262019626,-0.300064324545109,-0.1264174845583105,0.30758999421978706,0.2682917846373456,-0.2422659003120137,0.024444100338576982,0.15718089595914198,0.3447419712487821,-0.21485481443931845,-0.11459566238987173,0.31215694914707737,-0.045497491954768376,-0.09051643159082694,-0.08261357819554675,-0.15202344627117,-0.11915289327054489,-0.14501669684619595,0.18807705059391525,0.002619874002106206,0.0020442168279680463,0.15493637670388047,0.2324494566618132,0.1260373840929313,-0.1677730010005744,0.11986149088902452,-0.02888433260894694,-0.12276197663187216,-0.30587765489545365,-0.2861826180934198,-0.18750065392138127,0.05817227110814334,0.05420684789839665,0.21317088708495724,0.00012391195154241606,-0.016827380462269323,0.02040643625982947,0.13745051313463985,-0.08373946743245528,0.055738555207009606,0.13508754053886926,-0.07235851738491744,0.1131088226009009,0.04980151890130904,-0.015085425401048444,0.029725082083248658,0.10449042449098447,0.1366952467533166,0.10237255056642199,0.002647477934058786,-0.004428294788469178,0.0005945453591832902,0.0015843269593131706,-0.0009968228531076451,0.00024827552797044043,-0.9382724045038233,0.02306095774638676
303,-0.39106208775706225,0.3688339485681274,0.5005135956167004,0.10202622700261506,-0.35345795002824465,-0.2812522097034219,-0.11340250739447366,0.119696329691927,-0.16895596333849916,0.2361565622068416,-0.08051193553778964,0.031783575151430606,0.10925678866999158,-0.2523067319538713,-0.16088134329131443,0.1732165436056354,-0.033180775125439106,-0.1291042195340596,0.0010303994074596706,-0.09614595851805478,-0.2235497175004715,-0.14216642777397373,-0.15384002464176338,0.11162516514660088,-0.026270934399695235,0.12480148554051491,0.27198354837723804,0.17845089538579362,-0.1741269848516306,-0.2655891041024389,0.057904943042537085,-0.1654644678368218,-0.19735673977643217,-0.10363272586137297,0.17214478261266072,0.14218344700812935,-0.036948768448269775,-0.0909527407805782,-0.01869525219740514,-0.027183303348199538,0.013446597081536941,0.059885952222173335,0.12658187655575903,-0.19883419251619566,-0.055516326087269516,-0.01653692630586523,0.004397964200274115,-0.15667146235100493,-0.041904065884454125,-0.001621485881447088,-0.0012589819327936767,-0.0012727524593608567,0.004649344955835491,-0.0017856452470763015,0.0038633178184934486,-0.9382724045038234,0.02306095774638685
304,-0.35185839954157494,-0.06443590765266548,0.5153693589234377,0.03600525632563868,-0.3347387455445057,-0.16113175522213646,-0.054545678558051494,-0.12648287633375277,0.11608736665414135,0.3280047947616587,-0.2343428621145337,0.1509951260257294,0.10095654435325335,0.06926292245270382,-0.07729763575390877,0.1590336260553569,0.3347529382821884,0.2040909844218874,-0.22657695094187605,0.4550602360384022,0.06602000570842358,0.16595106339714105,-0.2290016263099092,-0.18263030607173117,-0.07039004305823582,-0.45465455393679516,0.04659266856405807,-0.009641601072446233,-0.054543603767710794,0.07379246111512476,-0.3783871658244421,0.2227688935675684,0.227176967116067,0.00878361108125137,0.19721397646457517,-0.04114085581858696,0.1261743961363818,-0.10796874454485826,-0.1061216546549257,-0.07226790945554877,0.20488922073017482,-0.15189319518158922,-0.0039227247367105925,-0.004627632734769117,0.003141307281961006,-0.0981042434652304,-0.09309845862802144,0.03077693280721716,-0.1325017287089944,-0.011238981221298378,0.016595415779810743,0.0008268421587600718,0.009490151772466296,6.97915797482745e-05,0.003295831570317495,-0.9382724045038235,0.023060957746387046
305,-0.028487039230478187,0.3357052447711422,-0.11085047056617305,0.16286503654662793,0.1445022788689082,-0.6384404811764721,0.08993807310410294,0.2321352322677211,-0.09049056316747607,0.3198971549521681,0.01773840021004926,0.12498434247780038,0.29179050893413105,-0.38006528954422397,-0.14556928190000018,0.035682856924006176,-0.2254195407647832,-0.010091627009019437,-0.07042367599391405,0.06385909141656469,-0.23738997398670755,-0.2903226219769083,-0.2638354978158612,0.1249577780165011,-0.09046578601338222,0.06903951748817962,0.11591680372282434,0.18542324250839645,-0.06479292159940246,-0.1445331175857139,-0.08231035528921882,-0.0949291901335865,-0.13324301349948908,0.014805532937389109,0.061432419554595566,0.21705640268083054,0.07146807232812119,0.05302065165229063,0.022636350426251124,-0.005528260065189854,-0.05728000946705168,-0.09544826120757761,0.13531278246078918,-0.24283215212082965,-0.25436621533553366,0.176128405743337,0.08277552792778281,-0.0010055259927293724,0.16104885713298278,0.00996910387726053,-0.01113193110433284,0.0037207898532370847,-0.005027027332009593,0.0010269728320234071,0.0007514635989205117,-0.9382724045038235,0.023060957746386633
306,-0.13455954195151693,-0.2788732948069134,0.06688426600709495,0.02596516216878079,-0.13607818815898368,-0.06689339907159908,-0.35268315865332617,0.07778174056157479,0.280058303180358,-0.21018626049800415,0.03542087679698075,0.1111898607776614,0.08063314616424218,-0.10854867394231202,0.1114615421315994,-0.2346688540624159,-0.22270722485850294,-0.12104915608420722,-0.050390753739824844,0.006542137646711537,-0.14910068095223913,-0.09801708475945382,-0.08725521258765252,0.11026914027214424,-0.11168706300461798,0.09017318484389701,-0.1640974055778176,-0.07623628212265338,0.018979861369308425,0.10577705512690908,-0.11648374192738775,0.0741147584257152,-0.06821356168703362,-0.05157794285719913,-0.21071352245481847,0.045729935807514076,0.20819820528129318,-0.1556991447933922,-0.03441112567634149,0.09604875878998263,-0.05011150333211655,-0.08738899680254687,0.03350251478172843,0.17214276460354316,0.08711256475222598,0.23169458597854373,0.027039147750907624,0.06314653108344485,0.17973033486985548,0.005373948933073531,-0.0006679134378996582,0.005215645367906807,-0.0025591159987243452,0.0022989257489177766,0.0005505253932814575,-0.9382724045038232,0.02306095774638665
307,-0.4490509467082,-0.37272202698876655,-0.20105349171215278,0.21029925681853376,0.4422729483720364,-0.19549301147102136,0.2432619489041766,0.19019265193247553,0.1838998287781237,-0.4246842642862286,0.11857853881351807,0.5155168968674785,-0.014896297519545293,0.24713059612014504,0.32228216195328413,-0.25859860804805795,0.444696056757781,0.12350177797290071,0.017908478270284564,0.04306765200692194,-0.019994532130454233,0.05222146169113186,0.31278020120515926,0.014304533471119804,-0.0730527800087287,-0.04908171061744974,0.2670851420188827,-0.3540234693361066,0.1965158950307444,0.09418247933767375,-0.22937352522847665,-0.3462137502683114,-0.01305153980753292,-0.007336552094753196,0.3010494298503463,0.11378873294916204,-0.18150127948617722,0.134382029830189,0.019475596619025672,-0.035126887464300045,-0.12002969622715695,-0.004325139665295757,0.0016177071925098671,-0.025358726184993765,0.07907053698872477,0.11228846354642522,0.07117295142958371,-0.31563503868114545,-0.03228748052618184,0.00039964428605855857,-0.0020724838010606414,-0.0037697105120003595,0.0005174309820705522,-0.0012794269676220627,0.004502060721047834,-0.9382724045038235,0.023060957746387025
308,0.3743785165985083,-0.0945597437142309,0.20830634735448808,-0.03610295517571022,0.7581460588812085,0.015282407239191801,-0.3584435474018209,-0.6641548271538854,-0.32336531225589205,0.38488227899588273,0.3633768285570785,0.07789555311621006,-0.21082357964464493,-0.07582128434982187,0.4105684215011182,0.18804100146499328,-0.016531528519595877,0.35784811958108453,0.025453269765876974,0.2676335139911436,0.26322143748132165,0.04193365883333268,-0.049346587538477614,0.0796633325049872,0.3443950125103093,0.014316787803995354,-0.15285373944444555,0.14023763159302777,-0.1236350794028447,0.033468487875257705,0.02674475430210512,-0.3618486367350387,0.12162510674292079,0.09396421947732499,-0.05535049967949451,-0.04242176366002167,-0.13118980069634548,-0.008914769386299879,-0.061357826523750277,0.49447990700363326,-0.010334219769573784,0.09736972601504676,-0.07675094925507399,0.052741930667237626,0.10385727753442879,0.008580333271395844,-0.02505176944425046,-0.1682065495306661,-0.0007339284942088164,0.0010956350984653875,-0.00859878440369242,-0.0007605867179681425,0.0027673574450399353,-0.00267131748579718,-0.002913926755885242,-0.9382724045038234,0.023060957746387178
309,0.12748054100356263,0.053678343643678295,-0.04512025402174297,-0.18649946587660365,0.41102048798796575,0.0621889986458419,0.6305407035383295,0.08356203354018646,0.18572447393197597,0.14247481240101348,-0.007063062339279072,0.185452212176953,-0.2918272834360099,0.15907594940471767,-0.043963446775554436,0.03183211097378889,-0.16364984143599132,0.04703652072124415,-0.3188405160023723,0.00552069903186284,0.1365907060154149,0.1254478536678459,0.35054513762046585,-0.1264001799838531,-0.14377883834119082,0.06099814386616427,-0.05510101174791541,0.26498893152875724,-0.1454653554727197,-0.07772260473304446,0.1782699467493228,-0.007830765796818939,-0.0304180203139702,0.049250037572795245,-0.14053947875071193,-0.0986794048759649,-0.030687875130999666,-0.223047773749535,0.04709907845517674,0.09416852673617673,-0.059007290448705584,0.11997085553322885,-0.09045303290954293,-0.0683300863181944,-0.2078069474453789,-0.010313757691057595,-0.1606038034543265,-0.08493635560386678,0.034539875913956866,-0.0016177104758902509,-0.004663684278604531,-0.002019266178730953,0.00506472967439977,-0.0031417951600265664,-0.00218972264084283,-0.9382724045038235,0.023060957746386744
310,-0.059039506243500364,-0.18626030783061048,-0.13557550050455075,-0.14056739337126514,-0.07357130106280928,0.22873629415946756,-0.13339628584528168,-0.04401282210287744,0.04825130922584822,-0.31947466719791534,-0.06579191687084748,0.023724812959347866,0.04198557808072504,-0.11442039562256258,-0.01308073889614809,-0.025908699849234693,-0.08295433572064252,0.14090832088314123,0.1793847102599222,-0.016768002476102953,0.17677880164153495,-0.205119442452495,-0.358075186692565,-0.018634974955966475,0.1700067213715605,-0.00960139508400484,-0.0843782303105809,-0.056015629653536354,0.13003252331264553,-0.018510492692546787,0.18279541481564643,0.21716298936886905,-0.0033721846529273292,0.023559746600447216,-0.01589578663854791,-0.01117605070651985,-0.10223314791367295,0.30091159072294565,0.09681598576104554,0.0015917900088370514,-0.13956643022552262,-0.08165423599702992,-0.19739393845050898,0.07115617584008409,0.04834815706471664,-0.06833991973552991,0.05683674834701621,-0.046667378619144904,-0.003764664108233032,0.005219315326143422,-0.0063013013064464754,0.004324113790708231,-0.004464471734954595,0.0015305592568374247,-0.002631891815988093,-0.9382724045038233,0.023060957746386723
311,-0.3116361286849122,-0.11626893533886293,0.3619186173307893,-0.18717732064884798,-0.09932841254769828,0.33431722167808803,0.12305613661920037,-0.07524252078379463,0.2502630188268912,-0.09893790842560812,0.04862005614095405,-0.10903673337690606,-0.16058526351463942,-0.11151481418528504,-0.08932202161334135,-0.06597339987828679,-0.052353265201990885,-0.14449448506501505,-0.016373967706361778,-0.1061049957735045,0.08560763490447913,0.03470186491786288,0.020998641688230037,0.27543585014793825,-0.13290590266233362,-0.05244240825336951,-0.08807652662017869,-0.08047134766585452,0.07114132000259664,-0.1608149869889827,0.00039414076636341583,0.015042424029124394,0.1192564666837706,-0.10648205265974521,-0.10517560658044031,-0.06382635945699884,0.1412818223257464,0.03444480942265619,-0.012725823550127047,0.18452822391426743,-0.051118383938950594,-0.09199288917119199,0.001333899174829144,-0.010719787687007938,-0.0015947563052354568,0.11901365076819193,0.20956633338741784,0.1057418153363124,0.14394654609361426,0.006499477397499869,-0.008609544604425165,0.0033797533790981297,-0.00024325218557537815,-0.00034374514129170567,-0.001730236179245671,-0.9382724045038233,0.023060957746386723
312,-0.15550259615203435,-0.07114752697606093,-0.040703817111513864,0.12393581046439962,0.28768523429705983,0.0996874360618075,0.1351926775906093,0.5180792594787874,-0.18219778603797526,-0.3619583244427936,0.2805769803639433,-0.2877170803457419,-0.25234202613576306,0.02327373928088141,0.03301828706425971,0.032845642448362695,-0.18445573089743786,0.21349791203690957,0.03522059302044896,-0.09809047486556403,0.027712223139510155,-0.1932694545063772,0.1595547265368437,-0.07410482917612078,-0.19469709450601086,-0.1547453090029513,0.2308593427799845,0.13725416651235348,0.38088224892854355,-0.059091097288443695,-0.2072966103958463,-0.16404826901461017,0.24815392369551537,-0.18839803584870254,-0.15000293948195148,0.2819770248791003,-0.039319681581567185,0.013579573908768633,0.07159931105526471,0.045851566702531,0.2032168415113379,0.1156086175856259,0.05331027907347952,-0.14997992820315767,-0.1796706671895594,-0.0029738893057480818,-0.08893964176234018,0.06803286679259206,0.0761588501221781,0.0011537191470833894,-0.0073381423881988105,0.004635580592580339,0.007467143489594217,-0.0023670954090888995,-0.000613552587499392,-0.9382724045038232,0.023060957746386647
313,-0.30624144429780703,0.06692287921696224,0.14365224073953073,-0.014604809564497404,-0.1520477268349987,-0.25561372542773475,-0.5046450889663526,0.16041678134430173,-0.08898287281023379,0.0927083069227553,-0.03750050280187784,-0.006255644836281102,-0.09279209579602084,0.052909511589351664,-0.05788572261750722,0.13211894181518294,0.13040540721699836,-0.1896092327202192,0.1837348653884175,-0.03432622843313193,-0.04945813771299267,0.14565904438308738,0.07063260838895544,-0.009922509758787392,-0.1235332672750567,0.2847908881029161,0.1274364298897542,0.016150952083369103,0.24035552645493508,-0.08048153270854905,0.057787306746518205,0.3468436876625826,0.0709979508439198,-0.10687616844091667,-0.24011000574083682,-0.01766410014822011,-0.054608953067824685,0.2788376497595584,0.203575116821637,0.07349401742723327,0.1317804835925069,-0.08861857104861291,-0.07984795784894538,0.2553749117099118,0.07835184021766232,-0.02831984400721223,0.14455048591091607,0.10104880251721746,-0.11465407399980279,-0.0026301821052369927,0.0028924041526693124,0.0068523783835534886,0.005661618654420132,0.0005824270580147709,0.0005323665331490511,-0.9382724045038231,0.02306095774638672
314,-0.26962829156472096,-0.13596664029336067,0.4471101622772239,0.07273780910066865,-0.2890803627317377,-0.073383425178326,0.032140538712720323,-0.07624281062701617,0.22656224972305541,0.17784113950710287,-0.126090532682323,-0.12248805144922927,-0.2408537298849603,0.11952590113125035,0.010218218505527312,0.03654918800957022,-0.11562586021914804,0.05344975075417437,0.26217901750192524,0.02791835154107256,0.18233914945624993,0.17100760785139923,-0.053170836933817904,-0.21357486731655165,0.13530663922770433,-0.1524850810447821,-0.1147932141855839,-0.05243883295725302,-0.09475925429214216,-0.06492193593786239,0.12527681584452321,0.1595998549397411,0.24582351730528723,0.07770480451092132,-0.07158015054607332,0.08530666996532964,-0.2551025392877066,-0.06689641992660145,-0.22885557161456843,0.1581078751939517,-0.11190173298171532,-0.010725518799236555,-0.09867138111350304,-0.0011758197062114483,-0.06557855275427447,0.003056629257432634,0.20796573832736137,0.10275675016880963,0.14174298674450836,0.004564229768341721,-0.010443335073670708,0.006679209089505175,0.00555508391959158,-0.0018625229524081599,-0.0047883709411807715,-0.9382724045038234,0.023060957746386716
315,0.16736950610657833,-0.20609052325644836,0.19708408232647137,0.12389456609328513,-0.31570677071286934,0.14525499471248474,-0.0435959526709161,0.012137189852125405,0.4309878008705317,0.0059297034022048455,-0.01981625799868585,0.0876083527070004,-0.10569932987364754,-0.22184093547569025,0.12331386704889881,0.14654114214467395,0.07077203564911984,0.03621342385186888,-0.1986249510724399,0.018994298528091525,0.19954848054948687,0.27073632620106763,-0.042678133952518287,0.021639377329718653,0.1083821940240189,0.16033866939545463,0.112342316156049,0.13993706532178032,-0.06946661620909686,-0.025941252808802846,0.1957838248398043,0.017156389427604384,0.08525175155772251,-0.10290064504027562,-0.0639621173092561,-0.2615474208570787,-0.036669087200705226,-0.1573274247988345,0.21300958376442342,0.04354347634814882,-0.044558578300301,-0.0617550438072534,-0.05710021727570158,0.06306299364932527,0.11087122515936047,0.026470354799456988,0.04555259836021245,0.0174410061735575,-0.06055724245789234,-0.005551192190776889,0.007764619015246162,3.158565743527638e-05,0.004952915871370999,-0.0004134167803865213,-0.0002239582921728672,-0.9382724045038235,0.023060957746386737
316,-0.13340331547453477,-0.13915884723800542,-0.010562142179817987,-0.1672220606155663,-0.13484720814715184,0.07078787359316427,-0.042361868790150546,0.10124203519329891,-0.11422837049735858,-0.4791119573054573,0.15698577103797456,-0.25279445241324777,0.04816227262485881,0.2507874758327795,0.29490910190447583,0.17569607436667672,-0.29188762736579105,0.17164636439428715,0.19444058177636472,-0.13963499325865075,0.04050484698030763,-0.17189532388631817,-0.2744175832019797,0.13173419620065116,-0.05485246254457549,0.07493697877237314,0.12172152656817113,0.14680528142825156,0.09086799057975146,0.05707939208020042,-0.028089350289952776,-0.10555706622791623,0.16715068837060418,-0.21819339370900162,-0.05622647293339043,-0.14903368693052169,0.029475512410384923,-0.20955486790054925,-0.05666638412730313,0.05795707527197766,0.05450306562235158,-0.07673588370150071,-0.07387904577071938,-0.26698421716248294,-0.139649865673135,-0.12559340917220987,0.18924006733578602,-0.04460128170093264,0.02359291703660351,0.001787893190562472,-0.0043252681620995345,0.002982448925604558,0.0024792238366857736,-0.0007807004141546971,-0.0009631344595900433,-0.9382724045038231,0.02306095774638673
317,0.06898071746518432,-0.10608579544378188,-0.06850117589590009,0.3964868939752714,0.1693561941557295,-0.24194433606067003,0.09439021108810844,0.27793931301892455,0.05551835035202692,-0.24496835076941115,0.12349043642503929,-0.2981330304854572,-0.5117237597637135,-0.03376524074532112,-0.02838059695143507,-0.08457310825961771,-0.11977456936400242,0.18452697995329692,0.3534055506849356,-0.11048398149786792,-0.06425481899072692,-0.22422624441253416,-0.09664444845497532,0.01673635105549097,-0.05558056804702756,-0.2705047930493871,0.13164396524420877,0.08617400825097214,0.27257402517338786,-0.10482442468666502,-0.10702566861297502,-0.09781547934963472,0.10302828585413625,-0.029375475543611418,-0.11843746856634263,-0.04273297568865548,-0.06038400256000551,-0.17007498811831667,0.030261760492903668,-0.1384684305968365,0.13084795467307941,-0.111950054838031,-0.23526914287403844,0.026397158937004065,0.11876539599644903,0.005819370901861324,-0.08340335010397032,-0.18436712970866737,0.11316341277976424,-0.002908830153747622,0.00451589965636748,-0.0013346288247216207,0.0035878326816761123,-0.00087625158661357,-0.0007441251475086165,-0.9382724045038233,0.02306095774638657
318,0.4687548481154709,-0.04008408699565979,-0.012164700768894919,0.4018532889547876,0.08081992002670162,-0.40844497664099855,-0.0029321196646362635,0.24468203357531534,0.2865558754803103,-0.15202956029070644,1.261588313322849,-0.47717660710366205,0.7612803992344934,-0.1473355218854871,-0.031185791410992265,0.5530182822298823,-0.13661319193273336,0.44346640563087397,0.048088433212432224,0.23086469467284382,-0.7200200709179841,-0.49777692171878957,0.7202615346680813,0.3054681669521806,-0.36737979410727417,-0.5674493331791309,-0.048774250797733364,-0.22611106403464576,-0.29291921483839173,0.018232470833108513,0.2220318650991136,0.7355836907806331,-0.029080458938923925,-0.06480297789178092,0.29453911219531653,0.09015203493805621,0.22081154477848902,-0.2417505881766759,0.042925665629997,-0.11172747700547786,-0.2790845602159804,0.046073612944148946,-0.062475089703686884,0.017645540181203456,-0.041633671971587356,-0.08957020453287447,0.09480505176739543,-0.05529999998619286,-0.0394764729443654,-0.0010893074388203096,0.006440017027245166,-0.0059322787392929455,-0.006893242957122681,0.0017019370347257268,0.0017478716822665126,-0.9382724045038237,0.02306095774638681
319,-0.06872231808791009,0.23712259839144115,-0.10568900602483684,-0.3800573930854065,-0.017204926406952318,-0.06416624724068459,-0.03040067288187299,-0.1356672574036186,-0.07991676504142979,0.026702852344740974,0.317269545721511,-0.05872881012209408,-0.12618169066716658,-0.21557114139189448,-0.01671060272049308,-0.025495258375503482,-0.06674764272916812,0.03630200857450449,-0.029311661153678593,-0.11218405383473704,-0.04313397244370223,-0.1422520122606642,-0.037702782535729125,0.3432939088585272,-0.20879816287745812,-0.0292698108295096,0.09573791456898077,0.17579209297564402,0.20682717510929519,0.0004486072157116172,-0.20939636568197065,-0.09154174796567126,0.19184726638552418,0.17223920605780732,-0.10856998876729602,-0.09295852953260357,0.15063967772955936,-0.08018940624065068,0.09579419739405196,-0.006770676648356287,0.011663854293296326,0.02901723916758452,-0.04867804383282612,-0.039379077337514286,0.08956152127117464,0.1339451151860902,0.0882260594984672,0.32404162264397096,0.06885105063705362,0.0036331019769341496,-0.0017916869872142676,0.004719254819650208,-0.004285900391746094,0.0020109232324732208,-0.006469947353255421,-0.9382724045038234,0.02306095774638669
320,0.1973673721738482,0.12650795605737014,-0.19000732112313598,-0.3805270354838223,0.3679713514334991,-0.2533219586401037,0.04007348109978448,-0.3007293888710713,-0.19981275379287033,0.011428978160212015,-0.04016639188561268,-0.07645866234112858,-0.40534407179183185,0.28484215899984716,0.10680021689291153,-0.07182932988520484,0.13935541268325286,-0.1772068009605206,-0.08444947535215198,-0.20073909789445626,-0.17500132314977013,0.1329853802129595,0.28464215558560213,-0.0963352764756701,-0.10656885642894519,0.007756456329224108,0.006413926172108092,-0.027525033499154996,0.12468690794450447,-0.22372253899000702,-0.06161009491338683,0.2068055181836407,-0.18632790360896961,-0.14828192779760763,-0.30914377133707427,0.1354208301806126,-0.14612783504584337,-0.04149274799369501,0.1777153744338716,-0.1644754619559167,-0.12375695598037978,-0.11599469475527546,0.22304177492697208,-0.11820331489793079,0.055185922825910505,0.1821033031577683,0.07982522751955654,-0.033063026770005804,0.0028006470467438664,-0.00016165148414181107,0.0004233814703821571,-0.0011035237176784017,-0.000584233786066915,-0.00013566847037228304,-0.0003492044975755889,-0.9382724045038233,0.023060957746386536
321,0.2978542695636652,0.044571371463766565,-0.06455574806310216,0.1576900922663083,-0.391091992337373,-0.0424917703905521,-0.0029537811249185676,0.05994947563352899,-0.49481707589576,-0.37048600503431195,-0.7746332468182271,-0.16853983514902413,-0.2390451692422649,-0.5878300236933152,0.9085527288751994,0.2552676341858001,0.23498087217941144,0.1802511669687243,0.2994947372035126,0.05662131582440871,0.007110814561806528,-0.07462980063891293,0.19064190912098275,0.33403140083146793,-0.34972535974596763,0.08113669919814903,-0.36418439883982556,0.11631259028545812,-0.2699931998536029,0.652359426120334,0.33911544743973215,-0.019950166891762225,0.05947816273190895,0.1400477941561369,-0.11140815385304252,0.010563987232088009,0.054173208595339195,0.04777829601886646,-0.030525067572258906,-0.02247497099888548,0.014117274791044613,-0.056643720642949535,0.18358047042338577,0.09676809367498147,-0.09145238097578673,-0.15704624170827522,0.10700529043971652,-0.056897508954751416,-0.03531539387468758,-0.003559107339550441,0.0029893641186977153,-0.005229994360747674,0.00044860208681862936,-0.0013251800536763073,-0.0011249592031208437,-0.938272404503823,0.02306095774638664
322,-0.5447818107083253,0.12806641203440303,0.22116491474549085,-0.24118324886206463,-0.15275509829937298,0.08982507373942716,-0.08770932292519955,-0.04362272097113706,-0.10860137698791635,-0.11020599713067078,-0.2069839160334466,-0.5207052436443481,-0.11293692818326867,-0.10649612826646523,-0.6712468835512595,-0.2006457854823372,0.0717908847074006,0.10739157661303862,0.20680996634565005,1.0394995113228016,0.15633986127511323,-0.1487892334882076,0.12978384049014588,0.02014254365836605,0.1265352956436776,0.5629273493307867,0.6983128208804328,-0.6365465288786218,-0.27910213793608757,0.34400860070018147,-0.05214321262594338,0.19651201644542288,0.34670902222258065,-0.03186452958054077,-0.3763268764652834,-0.1261978450878708,-0.14153961713485277,-0.30230069849169616,0.16096060120841485,-0.00990984760575441,0.17834557324249034,-0.03295426871631394,0.11909606344689089,-0.08600910060134982,-0.046007107509774,0.15449131009976216,-0.20305829083382324,-0.1278442908455062,-0.037788615638026074,0.08166228036264804,-0.09755932746877695,-0.09680639380637629,-0.2103154249163985,0.01781462707867223,-0.0378471246409547,-0.9382724045038234,0.023060957746386956
323,-0.54411668030068,0.10283971045484078,0.07259533313238775,-0.23374736621699896,-0.08016128997359559,0.10371002573151204,-0.2033910329124849,0.1342659518709648,-0.08009133138632181,-0.18196446667211855,0.2754333757239186,-0.19293163761715204,-0.11198246204116909,-0.06247313747123086,0.0005104776134072437,-0.07947160597309084,-0.036161508703766256,-0.13064067203524646,0.26622930075853624,-0.01865832782556528,0.025685264701413385,-0.006982369309818842,-0.06458258500053145,0.006364537906722757,-0.15191350019989233,0.15022114245714993,-0.11790269047089218,-0.06774596351449338,0.20544350959014845,-0.10060060323406707,0.008518788944777702,-0.0061724463338689835,0.2696737556976054,-0.08962098874861998,-0.03572938594609948,0.043939599190991725,0.08602336383993196,-0.1090488402244779,0.08251248330100472,0.18293147711413235,0.02187024687827347,-0.0054025459030163986,-0.06088840518958259,0.02785575426468583,0.008047320372618525,0.0458718471473927,-0.12574538526933823,0.03453140523528334,-0.07092407841312393,-0.0023859513284967522,0.0010716049028507786,0.011361132230837753,0.008882543811109823,0.0004693549929182517,-0.0005555710468332375,-0.9382724045038232,0.02306095774638689
324,-0.374965797264938,0.15642957208189165,0.5001377681158022,0.04959199008797284,-0.307359527724205,0.08145885482099895,-0.1578582174481321,0.351797716771093,0.03226080602940789,0.1668732299005388,0.16682245358712242,-0.03218339920448845,-0.13884682486106695,-0.5402675692648372,0.05359884978304299,-0.24219724945895715,-0.2556663850775846,-0.16555823495244695,0.10669550837875828,0.008121449704020694,-0.11170343924158423,-0.009249684001428792,-0.10605214346006911,-0.09190347432706071,-0.10297065743193509,-0.0007755431955278857,0.13630941727956705,-0.19167776828181715,0.15393155510598136,-0.10828062488930086,0.001050792607295347,-0.016659469792366908,-0.16688654538806022,-0.29640765912029593,0.011559937060399246,0.16666018797721258,-0.03392871845917244,0.004509354475903851,-0.022947613843226352,-0.07129853840566483,0.01455472565599566,-0.059650129039443126,-0.14386973572690878,0.043179767329996656,-0.04730199897459828,0.2962925398550227,0.06615468258411594,-0.1725392351624786,-0.12155955066380834,-0.0021789485480525517,0.0027357914520184843,0.004674356320716848,0.005644988069928692,0.00031254279016989037,0.005332944026252864,-0.9382724045038234,0.02306095774638696
325,-0.07301660826630406,-0.08960038032772645,-0.1679017284777416,-0.1449980440831926,-0.04234121019852539,-0.0027691772404304254,-0.0679255467838216,-0.2356465010555961,-0.15734644469667763,-0.47320082836905325,-0.18312318065055588,0.12598532480274272,0.2868682516272775,-0.06165698479077747,0.0989478625321086,0.292825947814933,-0.08112606981694699,0.31521508398962106,0.05441209444228741,0.1649123842641145,0.05291849783875198,0.3047356169870541,-0.0814013296724282,0.25530737492984884,-0.07767349982635677,-0.06244831760787543,0.38592848621785336,0.027068861102256897,-0.11461785945851735,-0.3338031687163032,-0.3668784242556749,-0.11114378480875395,0.21850198268552282,0.09074624244278971,0.12227279588124906,-0.40265501941818566,0.17853969451219415,-0.046738257723760814,0.07304141068180743,-0.30055726203850286,-0.006854210965660175,-0.017823336655273078,0.1468598044811692,-0.11213937376168778,0.16056981935776576,0.14405311293874687,0.10072136022006481,-0.006971438915728166,-0.09322259651712828,-0.009532851311377249,0.014978257310552322,0.00018760006691720033,0.007914283763899174,2.0247591528347075e-05,0.002264300466715837,-0.9382724045038233,0.023060957746386952
326,0.01645113879929662,-0.09773546616276993,0.2302748603291767,0.29630631740621705,-0.06997419463499387,0.16251208834920847,0.25765125035555253,0.4973808358283997,0.23823535580701868,-0.10751757694965568,0.22401451004593004,-0.09400444806571065,-0.23726961622699227,-0.2268322819575556,0.17807425685195136,0.17034945331260515,-0.12074353469063039,-0.13811573541779762,-0.08762940181583934,0.2390047708404034,0.24836757751499186,0.029585542156221094,-0.03656412742420286,0.1707349361156572,-0.06078097845592098,-0.07018388646046664,0.16870040630555547,0.09805099697538008,0.17772481324709072,-0.011080443419871614,-0.08182255263959286,0.12349154543912241,0.033396815594691355,-0.09480725156707884,-0.1293129447114251,0.08991303556803477,0.1854648363620203,0.020217405312411445,-0.05475679722572797,-0.025817435894558323,0.287888264730124,0.2451674955253616,0.036783864549188895,0.062135357339010745,-0.11526433357754062,-0.2895201696092122,-0.03535966231348794,0.1909850345266736,-0.07479953843935132,-0.007398051711359156,0.005835770241893684,-0.004467472382803588,0.005370739214452021,-0.0021588511006944825,-0.0006209774277925333,-0.9382724045038232,0.02306095774638697
327,-0.03951129181617275,-0.020665444239182894,-0.18722995388550487,-0.31418742530926247,0.13684736156378854,-0.10965308983716202,0.10143750287586939,-0.3366284814432693,0.12061596415677679,0.018583020817060945,0.07811711619755507,-0.3111384817340511,-0.2853504158836087,0.21653573684719277,-0.10022535122539894,-0.07403828093236504,-0.06673947764987997,0.08931220987160156,0.09070187078543686,-0.0037277924122150917,0.06935082275776282,-0.039138553006868054,0.08671484694159703,-0.22925685858855255,0.01055230468309302,0.021693938178397626,-0.20386524925848204,0.1758506144399625,0.030752932816540866,0.051122142629947076,0.08885274290112481,-0.02353925480735434,-0.006364734671527879,0.07615979006154577,0.2815461028085509,0.05422608043265637,-0.004435438594040018,0.02916909106579787,0.08722725633405849,-0.0976996536559255,-0.1307075696612144,-0.13802307475979383,0.04573421706313366,0.03813757533016921,-0.12372109272020539,-0.13684198551022853,0.047878585274465126,-0.042258423766101824,-0.00592412479447061,0.0004558055985641441,-0.0024572528153939377,-0.003032326697334554,-0.004468645099710515,-0.0001277039189666087,-0.005253653225247653,-0.9382724045038233,0.02306095774638676
328,0.4012504649201735,-0.18420512986048082,0.5897653499151977,0.029455602670641727,0.7943181993065868,0.3348356921964753,0.006228104644091435,-0.6993524222905791,0.09112052166918903,0.27363337590976744,0.28811851865079724,-0.03870972582530287,0.25892015045278466,-0.25258443761249644,0.31472408633943305,0.1255196427665679,0.1265435146893257,0.013874872834800083,-0.018811988826026083,-0.0454786122263592,-0.004359925517667854,0.09442872875358382,-0.2893326727097519,-0.16271158119559312,-0.06858229751072499,0.18174892660198075,0.24790814704420344,0.02417471768004345,0.04438134943851469,0.11708082953814006,0.0047834848595171816,-0.18445087087769396,-0.0842597548789999,-0.10705509539560744,0.1786230033217884,-0.2096630597902,-0.025140435820785723,-0.004450766005123821,0.03244624261897649,-0.040132234821831723,0.20049553406193596,-0.1351383222510162,0.13530043076863,-0.03212041774675308,-0.1119167793363799,-0.09916311646680781,-0.04192536731059372,-0.048531176205308175,0.01640551031381211,-0.0019540572762653586,0.0044185133775077445,-0.0030087052164200355,-0.0012301890416117265,0.00029527496372087664,0.0007225671856605482,-0.9382724045038237,0.02306095774638684
329,0.3621589637625904,-0.1479946196289658,-0.416705055493812,-0.3982006243370418,-0.020399515677934806,0.2850394358945809,-0.09838131487970249,0.13738331511412943,0.08843495877959326,-0.24278683706909046,0.2604891244973221,0.24736567715601726,0.16083869078601787,-0.1057352526460374,0.3937178129346385,0.06392125766823663,-0.23149909598876542,0.07715180398910053,-0.048412933827569775,0.34614730886757034,0.30826197910192,0.1838374108602247,0.21515102299554936,-0.01062675618719949,-0.0062311323061156965,0.1150353335970611,0.1582061596494258,0.07774839370365401,-0.2531381354519218,-0.11917558150666639,-0.06046283062467805,-0.19538592859666729,0.10162672568759079,-0.08980617185620414,0.16985623828587687,0.1680015211152762,-0.045095414682061116,0.1657074613229766,0.15755449389467743,-0.09457670650826354,0.04031081226794752,-0.005991501912115988,-0.10697778314617366,0.12133113010382934,-0.01051122191974362,-0.08538584655165167,0.16117737960237405,0.11357909436318876,-0.02583117804214992,6.073847648300013e-06,0.0025964933703430436,-0.0026544964549563973,-0.004712501345796822,0.0011101727896033321,-0.0015422673350231324,-0.9382724045038233,0.02306095774638696
330,0.06302078425322413,-0.02600416163274681,-0.08160256789558203,-0.13300610149815517,-0.17167461838798648,-0.24452876182012215,-0.1689254893173251,-0.07318909436503099,0.17745549315262568,0.11503573336421928,0.2547362441650956,-0.2176709794290542,-0.4707534397080382,-0.06956991979721357,0.1410111895466747,-0.12699700514867943,-0.17636138030720536,0.03800022804946688,0.17807795570960852,0.09215397095778521,0.10229833461683896,-0.13713795979853396,0.010918905954918085,0.15131215739694845,-0.0022098975393150476,-0.08679377802720854,0.011046705387367612,0.05170400689260996,0.22760934658116008,0.13087027753313593,-0.15634512395499087,0.0061629949233857105,-0.06860766479876625,0.09362033714062676,0.0947591394832804,-0.05528812002327117,0.22800526724620396,0.058121564747640526,0.12685106377008235,0.11436394367561957,0.09224201532508938,-0.008013094051425362,-0.06629914689610449,0.1223390682585793,-0.06519832978951776,0.009780607979542803,-0.038819304775157625,0.09912376318401799,-0.17412901067969655,-0.0038368239414902335,0.0012682674381172905,0.0007866346478526742,0.0011193575575318875,-0.00017705513481749394,-0.0030842245060093737,-0.9382724045038232,0.023060957746387008
331,-0.009989266473594067,-0.21634101463754907,0.4080037376579705,0.21236210332775432,-0.22096521044227257,-0.0730785140709133,-0.06869337598210098,-0.12634211521561856,0.366270586647953,-0.05200029911628052,-0.24374691607512577,-0.1080210558201808,0.001445263142032196,0.036767216618758626,-0.11095492671283716,0.06761128893781301,-0.06397520364467324,0.0882843747961795,-0.1897228574128839,-0.1803075132500749,-0.20237937312785184,-0.09280347952960435,0.07196465842938642,0.05229728247963475,-0.026129401921520603,0.11452318683332667,0.2738707751032666,0.3158933625293254,0.0479334259815751,0.02602550334162775,-0.04816297188289412,-0.10965611030963388,0.11152355908360717,-0.03655922004940211,0.0879541244652189,0.01773519811964035,-0.019891083216848612,0.008167499983860706,0.1533074920249406,0.031617403670293275,-0.1541765595835799,0.003949458977847279,0.06542006168759805,0.11334877992281935,0.03521667003086058,0.024277961469983178,0.03301557623063799,-0.044225654262863755,0.05671243166388805,0.0019834756870662326,-0.0021780557074827633,-0.0010466015600348413,-0.0006665312604144186,-0.0003176869188884554,0.0010972169469459954,-0.9382724045038234,0.02306095774638655
332,-0.1275503423723972,-0.24515257634644624,-0.06396816379312886,0.11625212418415015,-0.016473458085406855,-0.2874375985826128,-0.13455337503434806,-0.16114006486978308,0.17874831077573378,-0.1690256813516297,-0.17587827229022196,-0.05844868040298036,-0.2641030792947725,0.2856347019119134,0.023734464767976478,0.06214178386956092,-0.1596753656041086,-0.023519127072376245,0.4303567095948887,0.14064102249265403,-0.003431529038923225,0.06146312107385701,0.14899239510241433,-0.0888569310486318,0.019385783187317703,-0.04427552769976096,-0.08574810317992812,-0.048859749272449834,-0.28264181024765944,-0.2634230695157461,-0.06124539387463239,-0.20303962283476354,-0.06022285282749537,-0.05911991372221396,0.478378908393755,-0.0425011632436487,0.07890233993517654,-0.04249745560106081,0.11238622864030651,-0.28111486975835953,0.03635579304676036,-0.11603748960274604,0.029550836346511598,-0.07088831478736174,-0.12615895701731675,-0.1213046286617966,0.028912053986323467,0.10029422357734344,-0.051271912364874786,-0.004704307669441851,0.0040049665091427605,-0.006558809357831359,-0.0007523041682938016,-0.001210707173368072,-0.0031483214036898306,-0.9382724045038232,0.023060957746386865
333,0.029033904067292067,-0.29393402584759787,0.1152988400171921,0.16662403848346835,-0.18247532389171545,-0.21605444490724987,-0.3936670135375533,-0.08922509398658898,0.14034759587613652,-0.004058737553150135,-0.24758981072590147,0.028142786872079266,-0.061274544041576874,0.1352074304179202,0.028701070901146052,0.16315545835700693,-0.23480406945723584,0.23840251639504917,-0.31251041186616413,-0.10317284970438811,-0.20790608628553234,-0.1714171832387912,0.1070499274310603,-0.07386292722499431,-0.02826730311086695,0.06710283829806223,0.07648315512005506,0.18744388678319163,0.08955925595908162,0.09004513119862619,-0.1969096214910707,-0.10246429018738501,0.489810753468905,-0.015484893999053216,-0.016697084939229518,0.08966467195396964,-0.13517878263499644,0.004145111149780562,-0.17886768705885472,0.05872786022845487,-0.08974873902296003,0.06998910347420031,0.014530418791974642,-0.008307462616278929,-0.1168144773649285,-0.20053933961883183,0.09009322726200393,-0.035412892337580576,0.09470692750039135,0.004198444660591356,-0.004030986246336251,-0.0007328193081916335,-0.0027888307704016855,0.00014514388907740732,0.0010192920917886142,-0.9382724045038233,0.0230609577463865
334,-0.7793940548029106,2.199406489812099,-0.7442864029644842,0.6661191932359612,0.5699588928939148,0.6715571058327443,-0.6917738029131852,-0.2582335826527332,0.7997456450317231,-0.04894969553283972,-0.2845468813667004,-0.33246070447126486,0.19531302264229664,0.3862413328170921,0.4806392762408591,0.07895416151348678,-0.11641533641525659,-0.36561810935301453,-0.18714557114354216,0.059910741534935245,0.13217767315123535,-0.30705130345757015,0.15200882045107697,-0.260548967492195,-0.019861872630226964,-0.5217737283116984,0.15523272877067026,0.06430686668645924,-0.09980113085688835,0.12130660668300453,0.08061216445447096,-0.03749454059054917,0.08684926125735845,0.1506164856487144,-0.0034415459471337693,-0.118559075578761,-0.07493421011712964,-0.16811851091481056,0.12588291949192812,-0.009095349495230866,0.12138570848358714,0.01859885441068711,0.027607508673990283,0.13982846427989667,-0.06175678694430625,0.056276496415640136,0.0800360146095196,0.02811482670297592,-0.024118613708957994,0.12898701572028806,-0.28657048615610187,0.2294057252714332,0.08710166153089696,0.09009937106726508,0.014488034094954019,-0.9382724045038238,0.023060957746387143
335,-0.4780498450387853,0.30145170320307385,-0.0826399248928425,0.08194790438787918,0.31437443479311256,-0.22892680596490722,0.1508054006778802,0.14929921947447158,-0.19481770793282321,-0.12404587221758522,0.09903725177157709,-0.07231074053245364,0.038521786921463616,-0.10300277364690115,-0.2888953340598352,0.1939442454877138,0.05257822862121831,0.06462192876163363,0.026209518230321176,-0.0546399709746902,-0.153456670756183,-0.03981207920420968,-0.05779311385187295,-0.09093548007706717,-0.1357025277954606,0.16143065155621167,0.00031523796411775384,0.2823220355183557,0.10055694372706041,-0.07560214283333769,0.09021360942085772,-0.08899092496486757,0.25816526003175844,0.08430749088853455,0.04148714465492516,0.04598239294974802,-0.09349813059776946,-0.18741052492493873,0.034035251121785924,-0.14591489647219122,0.05858220533409937,0.08447749704832139,-0.04800757340813009,0.15173173420057598,0.13560589795748593,-0.1728013892774433,-0.15587140595212923,0.12848493826939347,-0.01863697713746983,-0.005863606952313623,0.007503912086994845,6.742108338074593e-05,0.002343129706529397,0.00012519964525026044,-0.004173319932051368,-0.9382724045038233,0.02306095774638667
336,-0.03342718297994945,0.15876365553868765,0.15292161135305235,-0.3618633712795889,-0.02643493658764353,-0.06199245229337948,0.30070949235130007,-0.3740980117280213,0.09611014514506493,0.21031870880917872,-0.06062052354585792,-0.0490291963216463,-0.1376387642637015,0.057766228682739236,-0.006945513049032295,0.24150313161921627,0.013627334664544122,0.12723325949663292,-0.04970119370324187,-0.004116393485693893,-0.01305092958517416,-0.1948417065576474,-0.009107384131837176,-0.08786590311512422,0.09603495154441478,-0.06389771353408315,0.1256234384388204,0.11977733993592188,0.08427418666649847,0.0421350596324213,0.028257383736289964,-0.036016853199762666,-0.2799161908322118,-0.004910132150869289,0.37746648852862297,-0.06875333496881521,0.1484967708266377,0.06908662372819283,0.12626409425192478,0.041565147016344756,0.055814427872353835,0.10684872006859278,-0.04204262333045831,0.05981175270586766,-0.09494975709767439,-0.06843351078583104,-0.13721141500575473,0.18793714888873989,-0.11530780415474637,-0.0014172862923048425,-0.005326341808282594,-0.004134123914805874,-0.0026667559166024452,-0.0016042236113948,-0.006344201275938162,-0.9382724045038234,0.02306095774638698
337,0.02965979794805191,-0.2177249264902719,0.26595883246808816,0.4579161581641589,-0.14727731617068177,-0.01244424913453743,0.3134807224180978,0.15374491569153595,0.49198213241085187,0.03517699226893284,0.27982751576366877,-0.22705739947510684,0.1314143973743231,-0.08129297615672376,0.15537610166638066,0.7513241083262239,0.06547188152247506,-0.0013460177326951076,-0.25209788250959536,0.2700990077097796,-0.19784901527578735,0.1523203094890403,0.050008472078215516,-0.20749643832618334,0.3057276260060719,-0.020959211970405657,-0.1951207181610069,-0.08138393295587674,-0.03972092336215609,0.014425892786416263,-0.14692818004765687,0.017905283946381998,0.15128356045255784,0.27842589344588214,-0.12829210065413998,0.2578846544088712,-0.24877143445084038,0.10774452945396942,-0.19220046456541015,-0.18972962699573248,0.08325453863677873,0.04898837766993393,0.016751781317923112,0.11579018651939242,0.023202767831523807,-0.16426525243553647,-0.0910936883127395,-0.08100872483408192,0.02057138987572843,-0.004654935294469835,0.0058072335991844444,-0.006794456226082352,0.0016678952992905335,-0.0014685600017491107,0.0014607309839827862,-0.9382724045038235,0.023060957746386626
338,0.029903993013218957,-0.24383701814671768,-0.004311252223607984,0.07384992379729667,-0.22745299389162807,0.07488696145217341,-0.2717790712325189,0.07982972540510083,0.2472999139101243,-0.20767452645146572,0.25903431196039484,-0.23275291834767223,-0.22768791928805573,-0.12956886037323082,0.009956033353370966,0.046860921421233485,-0.04698962443065196,-0.136009305649822,0.08935742523248037,0.08535907364411746,0.3343312657051588,0.11494625059798355,0.0008883815237630468,0.1881867405215858,-0.05245624873316719,-0.11669530419842641,-0.12033838014293115,0.004318590482917852,0.09602591616522956,-0.032372742981523414,0.05639825991406189,0.010503270896745241,0.016935828754121956,-0.026021590883427217,-0.15259059829508845,0.12540539059779815,0.2337840851786866,0.06094378754103117,-0.06681520657808028,-0.25063036704717934,0.1613590365583828,0.05722842364163092,0.17181326490393803,-0.072458949526397,0.08764872815582135,-0.09730549098473441,0.1396361345111294,0.10128581267878117,-0.030715918335170973,-0.004626289027251149,0.00603087997157954,-0.006333672760073004,7.438584298536966e-05,-0.0009114783383302957,-0.0006336757857828874,-0.9382724045038231,0.023060957746386848
339,0.2425239353858551,0.02227933545508034,0.3397085024114449,-0.053411566182767795,-0.2211800193093005,-0.19613110004596004,0.22208809415279193,-0.04009554736585515,0.3007893854837269,0.13558826562898196,0.20332559975095443,-0.33239125583767065,-0.10834650455973845,0.21407457208304737,0.2732062095263598,-0.3488897774768822,-0.13176362193909505,-0.027798422711560942,-0.028393083976664076,-0.15016315461231003,-0.15647334739096364,-0.15577183793251737,0.13098364192045306,0.1332565826730999,0.07237285718767135,0.026116728421968435,0.1876161169509619,0.3204554083179266,-0.03177240141432433,-0.04860436994689649,-0.11563217246721712,-0.19590009162816255,0.31008654011247716,-0.05282971749512232,-0.11033850270491186,-0.16157129283273958,0.2220819602127804,-0.1918662433111776,0.0812263057696177,-0.23619014261551483,-0.08237705842852387,-0.003544882179596808,0.08421510444996598,0.17603872986694677,-0.004698729947389706,0.19890981981460895,-0.10353795916264866,-0.055410573803219516,0.027954858420861504,-0.00438747115140886,0.010448782534448569,-0.0007459607991797009,0.0012986992249096536,0.0010942152556700892,0.0014130155084562841,-0.9382724045038234,0.023060957746386654
340,0.0018921276429700188,0.2624665668522199,0.308289949305888,-0.31641429645888997,-0.17278813680846533,-0.058922408264557885,0.10044705303163431,0.06057075930205078,0.10205596344076018,0.15751519042832007,0.15579154177040522,-0.22078853316641173,-0.24162585482297586,-0.004223770466844622,0.04471317404881392,-0.11053770864923049,-0.23419208798123628,-0.3815894460153303,0.13508181152573606,0.07246529424980652,0.12836161102290317,0.2819677780369168,0.15239096045516146,0.16516706278936216,-0.3354718194746107,-0.038019536336043984,0.014544655974296812,0.05822163753160244,-0.04984038181394168,0.0004220446686328591,0.0903036305780466,-0.05885460849347489,0.02138871579226304,-0.04428110163210693,-0.11303237475739289,-0.04127841731487705,0.02899974180193001,-0.2733861175892349,-0.23947240133005984,-0.07733679637229596,-0.0018357562729419226,0.19430121281118562,-0.2656257963012634,0.093947131844739,-0.18087324113128175,-0.12194691865446232,-0.036475539413946774,-0.03742832252604842,0.017747226392688133,-0.004863962344743859,0.004012201469808623,-7.851368164897999e-05,0.006028833186993178,-0.0014129554832371647,-0.0015881610324663443,-0.9382724045038233,0.023060957746386893
341,-0.2934803520908599,0.0884279227226904,0.5083483108747334,-0.013945431271004102,-0.2711747735438126,-0.050135703213051275,-0.10475511869194053,0.04089801920633942,0.10669159743984481,-0.04994187738523406,0.0013385787228792111,-0.1583173676076631,-0.07402298078833575,-0.09576052462446415,-0.20690519093326976,0.0019412603713938575,-0.17417320692258276,-0.17023164972948732,0.12910508945835497,-0.16532727746163123,0.03241718230835299,0.08339793576573623,0.08141836514029722,0.4261463956720782,-0.2467831599180878,-0.0917189476021324,0.16102516387261753,0.1224924983858917,0.004352743348823744,-0.12175395697814179,0.15465199525884707,-0.1579461311822803,0.03959761821823141,0.01082054390399948,-0.22921777438974322,0.03106591055828881,0.012676356055043964,-0.07918207280777348,-0.19760321918119908,0.004403638667820427,0.057084110161789596,0.0963219170760159,-0.1777380852075003,0.07905935679252357,0.16581498811488796,0.08833533277574351,0.10168679442720163,0.007310089386550151,-0.05603664991686922,-0.0020607545374587686,-0.0015804012825077092,-0.0016616662404976023,0.0050106634345276,-0.0022257245656900513,0.001700250454442588,-0.9382724045038232,0.023060957746386786
342,-0.49168913187966307,-0.17603274679220446,0.42232093955209626,-0.22011979988810781,-0.04779879341523967,0.23799576613128598,0.16026093880705933,-0.043862407426670746,0.26859860070413766,-0.15773005495541456,0.11412814656224579,0.1086396263182646,-0.09264373382690187,0.13810324090590062,-0.04834964971749275,-0.2542157764279356,0.2181847598643329,-0.15690694340263103,-0.10881351673225363,-0.07882391680076795,0.09359721090381636,-0.04372332629042722,0.006992246132193194,0.21405255194203346,-0.19252434480755665,-0.1964476336564698,-0.17558480667658427,0.029253841564102517,-0.15770268456370076,0.12155222303138544,-0.15564408879125033,0.0884941431321704,-0.07362261177235828,-0.10692802376920112,-0.09557936461109874,0.12995353361519138,0.10074620552472693,0.0018311609895120316,-0.0627469882463207,0.119841338697426,0.08677304002885491,-0.09431888235561318,-0.08141269867331459,-0.10383600263561696,0.14500224581257776,0.060636272551079576,0.14247916950700285,-0.046270187625170114,-0.05240550877449677,0.0015499110501285402,-0.0036000281256202754,-0.002729594043883684,-0.0010903540825038987,-0.0008337447247272188,0.0020653819902449726,-0.9382724045038233,0.02306095774638693
343,0.44306068955266115,0.005742405122207248,0.018631736706708635,0.05729976459777171,-0.049003897385292136,-0.13429834853943007,-0.21461480398572358,0.20841926244560963,-0.31765929496661804,-0.23998555123789084,-0.6481567946518793,-0.17808809525927174,-0.20539033197483142,-0.4002192347824831,0.4737203547766662,-0.22518702187817455,-0.07674975745080372,0.21094506284176134,-0.2127178038731841,-0.08341676478826454,-0.5128823948265617,0.31357572742932266,0.1130918647567543,-0.00833099111068137,-0.15066963704559133,-0.2224439896089414,-0.10297054044220189,-0.37970505097397417,-0.06511102986560419,0.35431960520048983,0.20160478645405175,-0.32006158621509456,0.03407843616376213,0.007221620364744929,-0.1922875466187077,0.09029160899041841,0.2478000006813105,0.07257862199019702,0.41659832359272425,0.04221066378147738,-0.03979481871798124,0.2490267481468812,-0.060005235340445835,-0.08552798953679411,0.07061032234092193,-0.21054321518455027,0.15595266703803676,-0.018100728425521025,0.10259911378213483,0.0011094934271101515,0.0022799369299818894,-0.005519810035498274,-0.00432564059612664,0.0001608582344901198,-0.0009481967469741686,-0.9382724045038234,0.023060957746386494
344,0.908453759560135,0.030961442495719457,0.3731482752942694,0.10508768236232952,1.0263799404662415,0.15586297796401996,-0.5709524575181288,0.11160225077692078,-0.4758128424702033,0.47123757345586403,-0.07204477835180607,-0.11930614674779316,-0.0713228622665737,0.3942730516278366,0.01922425648703414,0.058082049487971826,0.13992421914104655,-0.49339340713476526,0.13687699245581014,0.1328334751342828,-0.2533311784934735,0.11544207202309102,-0.1966547006217089,-0.09047323840101433,-0.03444694026522054,0.38386183023989945,0.008951106398897084,0.2022012844914802,0.04681104368687293,0.21304540980001968,-0.034777245138519215,0.20379551612370297,0.07495055888032785,0.31924497362116555,0.1653113761316384,-0.20529035744910662,0.12839017516430112,0.032114727758058105,-0.13114059440305004,-0.1298822578317463,-0.141176004148288,0.050821947428859884,-0.241319823321234,-0.12505849147419532,0.011424312244954465,-0.033957355541415185,0.12431026854590517,0.05578117044601935,0.053387250086950604,0.005218206275832971,-0.00035309153620570184,0.002821473417706959,-0.008656975827624787,0.0033963609353756525,-0.0032703558626367406,-0.938272404503823,0.02306095774638656
345,-0.012263347120641024,-0.11259749121298598,0.1590238431286401,0.009986074099083093,-0.011926210885191097,-0.2877930481693292,-0.29125136287135606,0.20253535154380084,0.06198231369998752,-0.0625712256776439,-0.2477147798641489,0.008355760148659666,0.050019243514850424,0.2091501419817277,-0.32103604842629035,-0.19710629186680262,-0.12156966551610485,0.1469320438447828,-0.04406217843499018,-0.07015433135449309,0.03202779104046614,0.08086900285518236,-0.07787856073204069,0.25323976944718773,-0.14534870689667087,-0.36355761106917706,-0.14765560223039853,0.10961949768516159,-0.040537972388241104,0.3819834848589966,0.04685702685076388,-0.1527901511532634,0.07279756563809571,-0.03699776605246118,-0.009041549178683718,0.05439986741082765,-0.16662454762060688,0.3536664613402368,0.23999919146673426,-0.1321060854248592,-0.13417934879160615,0.23700343939438773,-0.13401891452169287,-0.2416015055071794,0.31582794517099994,0.15976536417408363,0.14179319682748326,-0.008944218276152294,-0.15923391604841433,0.0014984025103016896,-0.006201782768786721,-0.0037042212806372983,-0.002857741838010577,-0.0011906551421344553,-0.00019815927353535674,-0.9382724045038233,0.023060957746386748
346,0.8932917312413914,0.6641391646090189,0.42520667054675837,0.19013421360925734,-0.48503776112339075,-0.09635717940242487,0.37182788783451154,-0.03110575981120245,-0.1854814665609041,-0.1219315771037003,0.20511456010675544,0.030273450707631093,0.05386617873903393,0.4584377162759751,-0.49951704460481294,-0.036746399731349064,-0.08653716897481305,-0.08468398113096487,0.30033840076128215,0.038284845047872336,0.10490901213791091,0.29011007620727713,-0.009756729842459726,-0.06314100751205878,-0.14349103953184322,-0.08273859693796197,-0.07031902649405773,-0.03561916009724539,-0.015866665270041633,0.00644890867118462,-0.014262418427207867,-0.3525864043879533,-0.06287120390503609,0.06295664850484456,0.034997558001846236,0.14024615184548433,0.05665061707238208,-0.03550215972653119,-0.0027662784915543433,0.11243381465544558,0.066092125986022,0.17180651845581088,0.38039152575354773,-0.28292692599994645,0.16926096832241425,0.018590349855004462,0.26067531922159604,0.1978544404574223,-0.06590466651421215,1.6920026315890287e-05,-0.0024218895705058283,-0.002480655972263955,-0.00011088816145029,-0.001109054516103223,-0.0010126723575878429,-0.9382724045038233,0.023060957746386782
347,0.7871149172985171,-0.0735571466991257,0.46212707727482827,0.32160370274187844,0.9582302977449331,0.23414502037010967,-0.7594993562199943,0.16705773258253614,-0.6089650859124578,0.26381467421193167,-0.229102801476132,-0.0023996418557002555,-0.16104276514452442,0.2450191973364928,-0.020445097999212725,0.1513327912318391,0.23309450170092788,-0.513968118989698,-0.04797004209792153,0.11996455781044388,-0.2973947437896156,0.048234977063120806,-0.2650726285204485,0.24898984901730636,0.12506935384673334,0.25712541130313976,-0.033369972321105154,0.0459226765579394,-0.037482608157204264,0.06397610925034844,-0.06929522423386796,0.1367092440459849,-0.023017417067778538,0.16297756960182083,0.11461304382975462,-0.18178603666706478,0.13189393137282548,0.0880686938569171,-0.13007328930584006,0.01239141455004133,-0.09324756529018055,0.03224245191648108,-0.0604278476098382,-0.04652215272137738,0.14114878202354467,-0.16608704397429722,0.16445011589848546,0.060936055346484545,0.013116409146670647,0.0032009115800678794,0.0022720271978014404,-0.003999083672706165,-0.00995131330069884,0.002514160556095238,-0.0004728621777713697,-0.9382724045038228,0.023060957746386584
348,-0.12422448052730128,-0.013206012499813896,0.38824455740327973,-0.32418447368715914,0.08346989289305805,0.29981593172504745,0.09798801070524552,0.12374411166202356,-0.21634726336896903,-0.1454123123465797,-0.5268700610938095,-0.2617069548618038,0.16884836028012032,0.02175970435230993,-0.19283975428764183,-0.21357116918799976,-0.2592596146068276,0.24024439247006057,-0.37755513393238593,0.26025063823059846,-0.07868863981972694,0.27586897111990516,-0.045417065156429945,-0.12753842066771126,-0.14290649144665385,-0.33744210369992167,-0.014956452898409424,-0.13668574989946844,0.10865189829390953,-0.014108807609641739,0.04734095015069727,0.1130760579510871,-0.32176555757732617,0.005164803985145838,0.2837402673634337,-0.1919099420503314,-0.2672684594921635,0.12027455904058836,-0.26994397301425277,0.006493306384600564,0.050028701687021816,-0.06335950421799355,-0.04373760470632454,0.02847406781644206,0.08607484051327936,-0.002352308007482525,0.09973667426216026,0.0760301649499897,0.11802169808757647,0.0019891616298982457,-0.007900561151154816,-0.0010594695340972614,0.004038448269730181,-0.002870910587579864,-0.0024033565928934923,-0.9382724045038234,0.023060957746386904
349,0.06701982104753319,-0.10127268684779182,0.19972718023982086,0.2794608848592628,0.1401402852085712,-0.08489641324032857,0.3600673582929377,0.4312785811603206,0.31992363103267824,0.16548379206239022,-0.11829272105358185,-0.18433252163915584,-0.44302757654978475,0.18139989943067833,-0.14364768577242598,0.021690017875038457,-0.20446372281485045,0.15723789331763519,0.08368320887584137,0.15060976768726725,0.1689521044665012,0.2868306488555129,0.06791548852731807,-0.10850282552893822,0.09722339676564215,-0.10803949418564004,-0.17584251547262666,0.09513107953371466,-0.08080622076484813,-0.024815466240406713,0.36642168926728974,-0.07150006270783871,-0.0014376554061567607,-0.0006095984494219573,0.13075873072560062,-0.24614188157343742,-0.13914083507672098,-0.04818614691386316,0.2449485641160634,0.183813368920814,0.06431392688973604,0.02742256228855978,-0.05361547078615089,-0.03228381711832364,0.2541432804413569,-0.024147390582192375,0.0320009089481413,-0.07364344792831981,-0.020629876608610234,-0.005701888268984807,-0.001148303119247853,-0.00457179210791367,0.009105041332215494,-0.004654458262703042,-0.0031081998731283126,-0.9382724045038234,0.023060957746386855
350,-0.3776823993648714,0.16819516684122104,0.04978888656813091,-0.13108823258325414,0.2859961380021426,0.0007774594114505727,0.11088990018298953,0.7071841658209389,-0.3664706653732665,-0.08352153762016253,-0.13990837354838698,-0.18285530976101766,0.41087469762239914,0.1566028709871135,-0.09344441970772001,-0.39065182026859996,-0.2562588593405757,0.1973529850866321,-0.15655641817674035,0.326395960163612,-0.06606101894328638,0.16335495748224144,-0.1149229805067515,-0.224648877690118,-0.036955958574053906,0.01756958959786246,-0.1613520216694276,-0.09923099184842389,0.08150392984054743,-0.0799142168992984,0.048309331037815866,0.17592758212768494,0.3801904126150525,0.03667669692583056,0.025704971145623503,-0.32871073980489085,0.01239954702946538,0.19687594529512506,-0.043865634060663926,0.010310752814705199,0.15407231748260666,0.029741667559447342,0.16860092379586017,0.2774919777776931,-0.03754304985733452,-0.07549816607695453,-0.321770926651195,-0.096732147144818,-0.06436519540385202,-0.009808007749659134,0.011453690086895821,0.009351969165832716,0.016279429749806004,-0.0004848556486358552,0.003960890066653596,-0.9382724045038232,0.023060957746386983
351,0.38851370757816184,-0.14339978294040076,0.21087498441772645,-0.22746552507321732,-0.20204007488513914,-0.15685968551667415,0.051532406503607166,-0.0031438917555016654,0.3762322845629328,0.5096711196368228,-0.11842020051229547,0.27583759045938794,-0.07035648448120707,0.28457451224169533,0.2602597615643478,0.11350549620751288,-0.41976372200480716,0.29754022593151913,-0.1224557801003084,0.18542605060644904,-0.0811239501218155,-0.023773441637524078,-0.053299593089440885,-0.303493263075889,0.17810057831253695,-0.19450582485990114,-0.05808229760299794,-0.118833817534083,-0.1814099122351678,0.20657050722197534,0.1814175342215603,-0.06471204531099889,-0.08736786972888373,0.0266838441114691,0.1383715434359182,-0.030878545836719923,-0.03024758507444331,-0.11021221928504545,0.0425708715095171,0.25156809763418,0.13303011029690448,-0.00524481685822877,0.0012886691403748145,0.09326904156160232,0.40269579651839427,0.0935683731551045,0.006034274563554357,-0.08587470891616122,-0.07071308902866077,-0.0032267828321181093,0.0026832865940148672,-0.006325682701601757,0.00020849682475605614,-0.0013770654767752133,0.0010243699618814996,-0.9382724045038234,0.023060957746386928
352,0.6771460828702882,0.2269014185107904,0.06114986760287038,0.04733683819624791,0.3114444496730434,-0.17213100745660387,0.4467120564250221,0.33118181691983967,0.2151745247307692,0.2661720109945495,-0.2978108884601923,-0.08357915754283543,0.12921777186835515,-0.10078402946368148,-0.16154802689489084,-0.07977768662730664,0.09240803350064705,-0.25932814516554814,0.1358955712109238,0.142831964662091,-0.3812581946986933,-0.05075615272586822,-0.3098029344178194,-0.2122739641057598,-0.08982009868475781,-0.284044852212483,0.026381241859511472,-0.20921233130896846,0.044691557380558675,-0.17950632116340637,0.023519513101973217,-0.15587229009786474,-0.1941571806896853,-0.09337822329166556,0.12897663633264772,-0.033756202820560355,-0.0875931173775248,-0.20456246971021186,-0.06006878245743565,0.02025404680328935,-0.08827969925811285,0.08623881702924101,0.048103399848894696,-0.09849547839043302,0.11269058187687268,0.018378087176242813,-0.14760682069841227,0.0323490621210341,0.023174137284783406,0.001643742439057344,0.0029413148581784163,-0.0008897723069641691,-0.0056784219625327466,0.0022117767604061646,0.0009107663967773794,-0.9382724045038238,0.023060957746386657
353,0.5574789519613571,0.04093412644953209,-0.2146764127783852,-0.017153025917725592,0.16391872489888729,-0.05993512560136993,0.13057965244335773,0.6444619851030805,0.2445901231104201,0.13990673162858336,0.21774582726787148,-0.17495836996612887,0.09698865316810613,0.0818564168340358,-0.11981315429085358,-0.00638661259361435,-0.11807491143381958,-0.16309146874054897,0.5125102982392099,0.3318797287934132,-0.03193284574834506,-0.14265732922586935,-0.2760965604287599,-0.16287318861890168,-0.159787597594329,-0.2657282089345856,-0.16065982902130377,-0.12011046142719431,0.16196735285337766,0.006063232392334888,-0.046114308929465934,-0.1347667659355426,0.02487727388600043,0.011729081416855901,-0.05850660050997779,0.049944495896176055,0.35604761415098224,-0.010988091584573853,-0.0092376117895557,-0.009380340952279811,0.10562536577446317,0.17516850574746787,0.05850952644279765,-0.05138382668108021,0.1901049302011471,0.011441841827898048,0.022005169651827302,-0.028527441865211743,0.08443201735284718,0.0017430149111438411,0.005022478078384301,0.0007207732572178222,-0.005122011291362067,0.0028094177927411113,0.0003043387528117848,-0.9382724045038233,0.02306095774638686
354,0.0698652620211435,-0.08904251656718044,0.42478549254926884,0.030205255392253636,-0.1154790380976296,-0.05205625974937325,0.15530228382853348,0.22987173724259222,0.17674120077396885,0.13946673620230038,-0.2080383668128008,-0.2793131834371177,-0.16742818751063937,0.35693980023526234,0.01009525605671342,-0.41780444643958686,-0.2889360966052246,0.0480695956247969,0.0656526009511961,0.02750562924143328,-0.03216623812687876,0.046174980140075164,-0.027996601874439444,-0.14311967261832143,0.31858171547927466,-0.18474414592321717,-0.2856769249365556,-0.033122451789905874,-0.1701806811836957,0.044788041189424456,0.3310987915393454,-0.016905002087826086,-0.0036755794865781636,-0.07339469401658133,0.14927515629121885,-0.23117968531709754,-0.056707619765171156,0.14455235152230647,0.16875239178197643,-0.30099804504451694,-0.10128672206878196,0.09476491860985947,0.13340410868895466,0.1982648531494424,0.15685641006596165,0.03222474116691343,-0.03486672144416145,0.07795230949576061,-0.052322572941045066,-0.005760143507887382,0.006258437430227716,-0.00628379051998953,-0.0001202590797607248,-0.0010216924908211524,-0.0034888972108369208,-0.9382724045038233,0.023060957746386775
355,-0.21458140806590206,0.01546473545622587,0.4391218431256435,-0.2013786569615702,-0.27949355777629475,0.37569673459216635,0.12917417574087448,0.3807201187993896,0.11499112859696509,0.05238203109327647,0.29791154565956685,-0.25061491878438275,0.2433685416199532,0.132392863182583,-0.08400358151118696,0.555364246710022,0.031074056658426316,-0.005023435499700909,0.04271705035649442,0.012300642130496966,-0.21198459090268393,0.13390210835908792,-0.014678417495336743,-0.08200941848865087,0.09331620092314608,-0.10501463242638628,-0.16549039886736963,-0.3296346822889999,-0.01581798683295432,0.05504643171636123,-0.08350568052248877,-0.05192300496624245,-0.10926157142821923,0.258663046664405,0.08268074952833414,-0.0658739773007817,-0.18711273118947716,0.3825056445777212,0.39215811044577786,0.13070556992527374,0.1536878517450678,0.10154227833670551,0.1653413491512107,-0.18963807590489712,0.027627804664553925,0.06743204385396755,-0.10465941303765568,0.16213704841142154,0.17402127356333622,0.004275627184460744,-0.01037217403952516,0.007447826631255153,0.006764957061050466,-0.0019898746674761486,-0.0043644270712236135,-0.9382724045038235,0.02306095774638659
356,0.6762048818027908,-0.021754598149221215,-0.3169265978296392,0.007293574439701911,0.31932385347491243,-0.08100259203430393,0.07460798981899643,0.6901164917056218,0.2037407407886427,0.15731612632119793,0.007466990819290464,-0.03072560083325002,0.024916408617321945,-0.1068177988588925,0.009092704399880731,-0.18557844709288657,-0.16319144714979636,0.0770289654341234,-0.048399236466060716,0.15533332907939143,-0.12922966106605002,0.2736214195007107,-0.01383043957036918,-0.40346222963072637,-0.16264304730557677,0.005227716803436654,-0.05662284329341277,-0.047366870689888665,0.07847018062223562,0.19817002994581465,0.0386680518837804,-0.2112818488370448,0.1243477006423703,-0.13615584992470833,-0.05057162428070613,-0.2699893414917316,-0.22809126813217243,-0.2079036952585369,0.043254337852271466,0.18229645144054835,-0.049437203222494265,-0.018247914872335257,-0.0854792423089427,0.043075871526200994,-0.027377621363718223,0.06184667627206355,0.12547842683339203,0.027619334497629298,-0.052842513242182636,-4.492405369918173e-06,0.004484141763568937,0.004445730709901943,-0.001099053763887886,0.0023245723078860374,-8.953274920571598e-05,-0.9382724045038237,0.023060957746386664
357,0.3361159129412278,-0.12362769683126162,0.033535846036810334,-0.093098242001372,-0.1502777675670104,0.1930406673725207,-0.4486901749885253,0.6323696247956139,-0.2326599005542094,-0.07954480783172738,-0.3157596973347073,-0.10444132177009005,0.2827695993798895,0.14832700422725337,-0.4334359051724267,-0.0250918069018121,-0.23403530675160478,0.35210878434459264,-0.17728892917394345,0.40125595112551143,0.1731174027330799,0.2839861581942397,0.11327236765546493,-0.003145546202936517,-0.19215919604090995,-0.3197221569911489,0.030313740579887543,0.2587520734174925,0.0010825697171775624,-0.03461875654425216,0.10063259671638278,-0.1824432295647739,-0.058357944291115474,0.22150997997142244,-0.18997655331180602,-0.13725216608710092,-0.03365763651998491,0.07407093278162154,-0.11968496983281227,0.011025737078651288,-0.024134465308905825,0.13579960620565035,0.11525703843579445,-0.12593293215465937,0.11607648153660859,0.11536824532670112,0.23387973281436447,0.07284818555792953,-0.13465425664079808,-0.0020387297521260823,-0.00043846618677871965,0.001535078890461859,0.0056484187308755126,-0.0012377969421442365,0.002432225245065124,-0.9382724045038232,0.023060957746386952
358,0.005840387054161235,0.3924827530287088,0.5121130844948719,-0.316494473000141,-0.21752217166913776,-0.2809008510672214,0.10055819897385813,0.36277169908417184,-0.02534079322853225,0.32989960978740357,0.07742894600910019,-0.22727521213457288,0.3969069383995733,0.23077217361418031,0.10733429417896766,-0.3576146468434709,-0.35101798657528366,-0.16159900417938133,0.18466951558182892,-0.03841051726875244,-0.2566004024717757,-0.16678000822913092,-0.14063295793209274,0.14484364507311,-0.10600253207335623,-0.06923291233980776,0.11374929118860105,0.02085239335636162,-0.03057359986160289,-0.05733060752934075,0.22656153502090756,-0.20258613785231983,0.11654116347177129,-0.007241209688726454,-0.007662277775362729,-0.08767890135198335,0.10699665022857861,-0.050079776292183374,-0.017812412814580954,-0.11863596775180509,0.19124591219681153,0.14715218482116604,-0.03122164307551654,-0.0029613086822232954,0.20353284283471915,0.2594080301113146,-0.2599070927205712,0.20547914319412713,-0.1110797868107206,-0.0034886257756531146,0.00267060792166666,0.004808986696163146,0.00562689846713518,-1.680309489050861e-05,0.0013627620111680342,-0.9382724045038233,0.02306095774638683
359,0.43133047223952226,-0.08514108509444908,0.32751837225161395,0.020182043057973623,-0.02981354356449093,0.360216864716615,-0.08466959068865963,0.6430271869192355,-0.010283929887087158,-0.035785467783681364,-0.38045863389063145,0.031712355259286805,-0.21099604308234876,0.3185413659489008,-0.11801192591333243,-0.16697040566534807,0.004122415557097969,-0.4839193822953858,-0.019090216793178842,-0.18547928137413217,-0.22377005419730456,0.015973536739432102,-0.22205383975448312,-0.037709260608935785,0.12240819851987089,0.03447944599981855,0.09565724583269157,-0.1564726647158676,-0.26470822290388146,0.0604853830122026,-0.036339855502709247,0.24121127892464259,0.08285468313005948,0.2535141582329697,0.19749519804679183,0.020109617898178105,0.048960909776692665,-0.2493472412651507,-0.12804208550959184,0.26068432130824304,-0.3145807631925655,0.05880783972232888,0.10267959080774074,-0.15128551547308472,0.0010297928087250512,0.0001974381570905593,-0.08053147789015544,-0.08224571435213429,-0.00531076275581738,0.002558067324105444,-0.0007146713322729999,0.007232543722653527,0.002018169549634917,0.0015678214680841182,0.003177982579937293,-0.9382724045038232,0.023060957746386473
360,0.15412105881970906,-0.07974205441196382,0.24753192544153166,0.28058605452764884,0.10331371289021828,0.007461900051111092,0.3265203151420727,0.5641526291359482,0.2597695494306119,-0.08676340798778058,-0.0886868768922321,-0.25561443039965115,0.09880373481513198,0.01058986292429257,-0.04156073987095357,-0.04853073110316908,-0.23750927666584917,-0.1973147581320396,0.11706912754865427,0.2483348251585999,0.194703299076375,0.28159651993382134,-0.2205011552864992,0.04313872830191592,0.05337384170934785,-0.1813607362065991,-0.08404278685703424,-0.08960416480301657,-0.06548996719589287,-0.10256606550995279,0.30759391584928747,0.07478325782770939,0.017538412085686253,-0.0741707107313707,-0.0773378253000735,0.3392181395043081,-0.15731822757023145,0.1693617786756984,0.11992698178493928,0.08224848142346598,-0.059307424141658155,0.18201375539723483,0.32898001670866406,-0.1341170518202405,0.19283408960489865,-0.038595179422412564,0.0467163041621811,0.01263236660760242,0.0397182732712632,-0.00013600598918208387,-0.004482545407818978,-0.00010412474198667335,0.006557984915650465,-0.0027365325073526346,0.0015618380442402053,-0.9382724045038233,0.023060957746386782
361,0.03376395620224382,0.14073105123744536,0.5559716557205823,0.3413786764579828,0.25250729745015266,-0.026726540144742735,0.2363606470325601,1.0718193992740672,-0.20380654654424854,0.5163069927582614,-0.3786000797775725,-0.1825138341558315,0.28666130177212906,-0.2680978683542983,0.01862694193207069,-0.3187337527826279,-0.252476064631754,-0.09138995166605363,-0.3530600945641136,-0.6799799705161734,0.3376865713231503,-0.09978043184681967,0.2841548150044137,-0.06197592923431686,0.4601526681542246,0.30128453428342966,0.011991507720234789,-0.4350936267619938,0.0890899922989609,0.058627088000274476,-0.42891210329789414,0.26093658409248077,0.0771277289671162,0.10303394546277334,0.3554030073253702,-0.0777468159670442,0.03265792634394292,-0.14922821958149984,0.06310899769904213,-0.19433213119519643,0.10391908554254847,-0.1479201523253229,-0.08229207269517637,-0.11286883939246095,-0.00334513621826139,-0.01829491247890441,0.15426685015516198,-0.0419130865991115,0.05556200162783865,-0.0003910718876624769,0.0014155128276665595,-0.000788180404756018,0.0021777353961869635,-0.0006815919216017439,0.001532571367630351,-0.9382724045038237,0.023060957746386654
362,0.6953687935215868,0.5760497289281947,0.45106073512341294,0.4114955342845307,-0.019870011070081774,0.1692794637911752,0.6211987072405109,0.6009434486203338,-0.5946180094852119,-0.5524464975058843,0.06527257808328907,0.0843231121785288,0.3461539711614709,0.6769695681896193,-0.32430129681125425,0.03284552902417529,-0.043350832642207716,-0.0419559675113579,-0.15646892662385523,-0.2551946104778553,-0.031550335502348044,0.04246183922685229,-0.04707947919386418,-0.06354441095159952,0.3628307484496349,0.19088470311696204,0.019408661002502367,-0.10110143811926993,-0.16044009657798602,0.10387430797174693,-0.02724221401950872,-0.25285594876889816,0.299675214140589,-0.12367988038581104,0.22238986270929004,0.11770609385151161,0.2990198896986901,0.04701774592615029,-0.34666095763744825,0.24677794821302604,0.11788971918855806,0.12942668730615509,0.26707555546594636,-0.05238315158900098,0.046072306674975735,0.1655634312767585,0.05783091258415827,0.13754775438123834,0.04540948727578915,0.00428175253303764,-0.01011961018255875,-0.0006219686625906696,0.0016316177285915015,-0.0022030779547037543,0.001804729910030008,-0.9382724045038229,0.023060957746386564
363,0.29018717568244545,-0.01965274818957828,0.14539248512448555,-0.3289794079163949,-0.15055943914869485,0.3486768614618413,0.2908704589507886,0.0641992314538191,0.47222589173932683,0.08751192922009411,0.4242131838779284,-0.37944982926865034,0.1089557321647674,0.018159227404880053,0.26591749113231766,0.2980384705400051,-0.0701399785620894,-0.1287150475923217,-0.45030751655971246,0.19952111836106937,-0.40006475514791656,0.12000652343805462,0.0511572642888381,0.16191571721480003,0.028057858840045642,0.19700880953644231,-0.3125304646625467,-0.06685730054287746,0.015822537015701677,-0.013183339797985959,-0.028435043785117138,-0.2183082042486917,-0.03030037507794439,0.2595221366451051,0.14750689202010298,-0.2228454351434702,-0.1469669785839208,-0.04502534617394327,0.2028769290152842,0.06553652326676011,0.03864252167071836,-0.2679279324817401,-0.10908809889237986,-0.22906326395150436,0.28667942693095283,0.09129635446313708,-0.0734175297857161,-0.09508609330285064,-0.11296381440317506,-0.001886875867233116,0.003406829530742014,-0.003450492170581639,-0.0014996005722738338,0.0001860499394640571,0.0019264191599345345,-0.9382724045038237,0.023060957746386744
364,0.46930198595513256,0.0727297988363527,-0.24302939455872405,-0.4477620516860331,0.04971491561110399,0.15144687042830018,-0.07072056025461093,0.1830990691587905,0.00701194710040139,0.006351860995422858,0.03003885981089812,-0.09147346321274426,-0.04610830888065537,-0.006345070568369873,0.03369677972061477,-0.08649663034516815,0.01858170410559671,-0.0841455111600676,-0.1078846471451533,-0.008408221550340189,-0.1547419001792509,0.11988962070375626,-0.0947958567853141,0.05566884282987423,-0.042944490511564314,0.05838153598951941,-0.07507680279417292,-0.09748098736797979,-0.00964717286811109,0.15678987737480826,-0.2466754024755514,-0.16642191132039855,0.1633279977556225,-0.031311640871480195,0.07719127540152007,-0.29063216158987093,-0.031835103123354865,0.03512306333111705,0.04383018483573158,0.37341026505631447,-0.19304452299222594,0.16737028585853828,0.31581853301454593,0.027269748767502006,0.04048737935076026,-0.2677682480449134,0.2927234453068218,-0.018993430044273334,-0.0593405246496568,0.0019739523540843267,0.0028990056332322007,-0.00030572151395134037,-0.0073370843935677815,0.002809225247263638,-0.0007346788567489668,-0.9382724045038234,0.023060957746386865
365,0.21327597793299596,0.0172168719864737,-0.013498187176201158,-0.3363311961082635,-0.06645479069763784,-0.11953631376700193,-0.20679704123630338,0.32303169870212944,0.11826082006764527,0.24080238852827374,0.09991310070162919,0.1807410020127277,0.01108092991638557,0.0593267332320187,0.15372827409937884,-0.23182256605363682,-0.4639457440578492,-0.1762012323329805,-0.09256635077253719,0.12574865125762402,-0.23202646516243583,-0.11985709269972368,-0.18419100823929527,0.09007387547443614,-0.3491489203567133,-0.07512036234339867,-0.13642758689362183,-0.22785288344310228,0.0357601104482246,0.2508643199085495,-0.14994980471299652,0.07250633090745427,-0.10548804197105534,0.05678512365001684,0.04938936095062789,-0.17533160467600262,0.24441316748153982,-0.1124283640097649,0.10181004922083353,0.03089151745673574,0.2553376223618441,0.014050606058891418,0.14547844154315592,-0.07883448943746907,0.0016184761051013217,-0.08868111499191121,-0.05530126894229124,0.27599163002204485,0.08230369887508836,0.00026494250806279653,0.005917988712088129,0.0012762909207426874,-0.003780186824675782,0.0024238196402046413,-0.0019360705986415248,-0.9382724045038232,0.023060957746386734
366,0.6813337075774594,0.008369023780774507,-0.10739875999176007,-0.1712079163056575,-0.17253573598616476,0.24538826130770505,-0.11350538629677001,0.36092231842766626,0.07682050084468357,0.19182793426196712,-0.37429342832454476,-0.10579654776635943,-0.18593918078952548,-0.17692951261015222,0.19269726213856378,-0.02024222262457639,0.06607102736158527,-0.29112123500568937,0.2738759555845285,0.22922375820987642,-0.13808094769721918,-0.5395009922524625,0.13384567599115496,0.2501398665580657,-0.6717065632139372,0.09510107520249167,-0.4980392468630427,0.1643917118080219,0.1504028621268768,0.4035417872158564,-0.1732984465803641,-0.005261861148751962,0.16358036741699453,0.0748199732505138,0.32332099895918215,-0.31740857626854785,-0.09231083726536077,0.039243279914141796,-0.36456494471870643,-0.047803619723665744,0.010760394182664968,-0.1349739076658722,0.3276530640564095,0.055859816241040645,0.11817885090662712,0.020487624698369157,-0.084375495098906,-0.02696500549871565,-0.03421566537583147,0.0008374896463421832,0.00656810028176088,-0.0023227541386142037,-0.008995869558028865,0.0035432412979643888,0.002048105745782135,-0.9382724045038231,0.023060957746386713
367,-0.06699762118922532,0.32420166900933284,0.010763764843962846,-0.5964190769876172,0.08659571913976355,-0.1297312523934101,-0.15996225656898075,0.3235544545528371,-0.297160373517591,0.24464317473931468,0.03677475549859871,-0.10835470353477579,0.0985022814568075,0.45366131941144844,0.0912259709339154,0.14076185477120445,-0.10959801261554016,-0.18528566513120773,0.21359438362938363,-0.017664115250750043,-0.1600663637767848,0.16035840892926098,-0.018146451847370557,-0.1969378498374168,-0.3268779630966181,0.29444865740354104,0.0891552344166271,-0.09536839236327717,0.22705900466125317,0.02725964184844624,0.06354156447644507,0.2574138080801444,0.17867974747368037,-0.1701066466755094,0.00013578893502010864,-0.15975827429230666,-0.10278689194253852,0.2487678104047541,0.26589958923378243,0.1914591420113078,0.20677352832007698,0.003050428356946391,-0.003382107689698247,-0.1136727198259312,0.013287072117268478,-0.17825003002736467,0.1355489596434483,0.037647337984139294,0.0035780877363655057,0.0011484548999576032,-0.002860904145248016,0.009418099290084761,0.006105698191688244,0.0001761275015347086,-0.0010807316633969963,-0.9382724045038231,0.023060957746386723
368,0.23123606858344348,-0.1005804636650667,0.31950125073464464,-0.13330076568648994,-0.05685600928625612,-0.0823015556014072,0.07309271069818693,-0.07972565971429155,0.513452546522474,0.32715087235398893,-0.2592360663930643,-0.23106441985938048,-0.0850208105022926,0.12257774382274929,-0.19637007905679277,-0.1948567372820154,-0.1783159144402012,-0.1320597269491802,-0.16447123404383365,-0.03676748554436073,-0.1043856591442301,0.10078320085179776,0.13478647709592778,0.0016169704901783347,-0.16481736621897627,0.025944639593129256,-0.019444991026307576,0.028851018329283756,0.05811575781265449,0.05627048643636222,0.10537146919585347,-0.01027787279420323,-0.008299763346359994,0.13433210970315299,0.29701726249361626,-0.0326984135627542,-0.015130500717115046,0.2833392486693416,0.10450391919835475,0.14123764743646366,-0.0433492093599391,0.05911692639077426,0.1667071968262096,-0.11675871276650837,0.09449030868309359,-0.02076360556730432,0.02790483804648995,-0.009638990386993652,-0.005344628708493639,0.003641044566611769,-0.009240921106958152,-0.0023299572983579296,-0.0009449560269540249,-0.0017115144716480118,0.0003052750269112119,-0.9382724045038235,0.023060957746386744
369,0.16544286673679365,-0.20642567975847934,0.02305785976762301,-0.17246430965900336,0.06389530407854056,0.3329659700344988,-0.2291378788186882,0.3491895207076043,-0.12778657279097264,-0.2901927720603113,-0.06980368889472038,-0.00907553947897278,-0.1141981367308874,0.23229425836023934,-0.13617885362184393,-0.11885696627243748,-0.12298389820127771,0.2489117944932519,-0.13703463268670246,-0.32791175819889223,-0.1415789262662672,-0.23836749318215142,0.13524880386419497,-0.2182248924243024,-0.16956000135952387,-0.14913837830639018,0.1871912156967863,0.0072981916018011305,0.14874487060685154,0.05917777699552308,-0.10019187504879536,-0.04317455556651245,-0.008273305378270725,0.10627744668772231,0.00790077639280649,0.10822002590941172,-0.24775272077795454,0.2762147601414474,0.09513962373777013,-0.03855024604160583,0.22782121826220822,0.22013179900483693,0.20256156196853844,-0.19672745556498258,0.2911019944320842,-0.20878366691237848,-0.07258770803576811,-0.15343957462871802,0.24681425555672137,0.004359208097706902,-0.006850802564922925,-0.00322343623699181,-1.9752223694644556e-06,-0.001926533735986719,5.915007222922419e-05,-0.9382724045038233,0.02306095774638649
370,-0.26153456612023734,0.43498126820358257,-0.11855038145054171,-0.17365534960558646,0.3820557036522331,-0.24988384778797268,0.1558291915610775,0.3339449282205735,-0.11406562341554978,0.27346412017249755,0.12664007878484865,-0.13213068975926986,0.09944194991241581,-0.4437848446357812,-0.18024427555685665,-0.13136652623978598,-0.0453845711787371,0.008416379954841232,-0.1265215515974174,-0.08372372945633873,-0.24142941319623828,0.03195393022064257,-0.004064884700002031,-0.32779166140567395,-0.15909334632750788,0.26712158526883706,-0.021275013504881618,-0.0921400009374204,0.2197211191230963,-0.022029806256868317,0.013850911965769127,-0.06051979824086958,-0.09926780999534658,0.03703220407881351,0.36525545021485667,0.023560018582231227,-0.18669990649023327,0.2948112754151072,-0.16984514541675078,0.09960162600767541,0.2196781017306877,0.13971847921299008,0.02505842974058306,-0.22637537530449137,0.20127678153112583,0.06452700534008363,-0.004275768083778906,-0.19941284664647244,-0.0037967380823675824,0.003179796702613478,-0.010970977605419275,0.0005269532442351278,0.0023629830192803225,-0.0022495283500394542,0.0006413262597736435,-0.9382724045038235,0.023060957746386983
371,0.6071249191288351,0.20787767473454904,0.12361892841593111,-0.45403623766763984,0.06153625864650028,0.2511510277853635,0.31126043083077887,0.1343563462888466,-0.07834495134439887,0.05576634336455487,-0.16012209631920873,-0.0402429810961684,0.11355406283376641,-0.1079877855362888,0.270639788694549,-0.4631283908365338,-0.04678140469757327,-0.1358534063465229,-0.39019467068010977,-0.10944364445862834,-0.13963833685793348,-0.09545828288914414,-0.17288466371897332,0.10429077673024797,0.15850724207126926,-0.18465039854807566,0.049390747499542864,-0.24464417768718533,-0.03389593414132397,-0.15405450776593088,0.10530352616071013,0.02391948934003436,0.007557986402483314,-0.11468021673267911,0.02477847545676255,-0.22257735494442593,-0.2627641871522787,0.22912071881314686,-0.051483446399176784,-0.21570481032658043,-0.004149364339087169,0.15851040777263684,0.05004885052365686,-0.014172233510682884,0.11875483230976026,-0.1368940608941884,-0.2022269975283705,0.052240655158794724,0.04457636945640298,0.0004237386710318701,0.0026123521140401077,-0.004528596828877531,-0.0057068976158781105,0.0009931418365355217,-0.00040999231625333925,-0.9382724045038235,0.023060957746386668
372,0.19231730330298197,0.1260734290241587,-0.31913083166035794,-0.1686105626067208,0.5370949840566364,-0.15560316716028708,0.4103627866757564,0.07497829120447222,0.18120057584910498,0.022884067615529715,-0.05946242833620379,-0.1624015510829164,0.17545283522646962,-0.03408477757956826,-0.1368343936525696,-0.07060589924503183,-0.2378581980375951,-0.07886768945907648,-0.14803656456096217,0.15277174195744897,-0.05765298291698497,0.14781165300095167,-0.1967547040301818,-0.09484128108983837,-0.12488784472162777,0.07114272620855121,-0.34984019332398975,0.012339615842556991,0.11068578496614538,0.04917852438226523,0.25688332404199904,0.04306614534310611,0.12226541884469164,0.10047811244611049,0.14454861751604578,-0.0089799939991317,-0.060438782177895466,0.07942613724533432,0.018397483119065892,-0.21807962909340997,-0.12630027096435248,0.09096454939816467,0.08673447171877373,-0.19947046674885882,0.20169282063312882,-0.031004888903965848,0.0202920776882521,0.13047304989257447,-0.007619883706969831,0.0016864132972175972,-0.0015135968330715352,-0.0033411057764575706,-0.006831964214078862,0.000736120716013607,-0.004268032569915799,-0.9382724045038234,0.02306095774638669
373,0.7799263249039663,0.17727126458447387,-0.19827604879901622,-0.2728931538282537,-0.03395695204796085,-0.04443813662078624,-0.15425962327454965,0.5084501067553892,-0.0935298019089512,0.241852005638116,-0.13408338728788974,-0.0024170840021170053,0.08301484344429985,0.16437520578600814,0.0454428217266549,-0.5038230963294223,0.035976755281159754,-0.1453944948499913,-0.09739651147812603,0.18917863598667076,-0.1297205181906358,-0.10834919692048607,-0.0396525236784161,-0.04548698254952665,0.16075048178828627,-0.0317402678686249,-0.30071502291660474,0.052598885796350414,-0.22499165426032808,-0.18749754816325517,0.16304050013157645,-0.2008638913059298,0.09805650011094075,0.046200250732095105,-0.09759586648265209,-0.33886555212565367,-0.08458761609964584,-0.11241596388491666,-0.012603509680413372,-0.01787050205260985,-0.19425340783669548,0.1390086918532766,-0.031084361098804213,-0.05071698573265728,-0.02292523180254469,-0.03632549587746705,-0.18127905925864582,0.08589968572646056,-0.022200554596109673,0.0013483724456177354,0.0038782693423289735,0.003195107430863959,-0.0054885189939379445,0.0032508630746418844,-0.0013421469050286941,-0.9382724045038234,0.02306095774638673
374,0.4084619641683685,0.10287133996882365,-0.08982840244041086,-0.04141174678955553,0.31939000756407837,-0.3894955924960819,-0.012761868275881287,0.5444740905413477,-0.11197598404929199,0.3037015106724798,-0.5894816578259675,-0.21314838419236012,0.8132931346092024,-0.1712789113071328,-0.031296427729871616,-0.1738787746954553,-0.3522484550222933,0.19256159252987165,-0.5030827932438167,0.26320368144708195,0.4286172091471598,0.13982244097865165,0.31760367773096104,0.256868676182421,-0.031214358491348498,0.1300670669039503,-0.23781239123705,-0.120655998716663,0.19711685814875102,-0.1078375326632741,-0.47054945581482094,0.011595136834628898,-0.15403495324809952,0.21904225576488703,0.05804097750512105,-0.03755855630183824,-0.028600317551229784,-0.44608058758523184,0.150437138480471,0.33059158199981015,-0.006224244788679991,-0.21787888561181906,-0.11048691117065727,0.03231428563785261,0.220358231961846,-0.22145440015398649,0.01083260526761655,-0.16699864336653153,0.12402437628935246,-0.0005654498020684563,0.003023513849532328,0.001594236929965063,0.005097742142288816,-0.0003662651942177477,0.0035188257985563406,-0.9382724045038239,0.023060957746387074
375,0.5321989185742035,-0.1611281575797371,-0.05746222632767663,-0.2631269129926089,-0.21301788665695223,0.04552307518232577,-0.26782183049930697,0.5581218895241873,0.1981120808383593,0.02014331465508196,0.23620898614771996,-0.21579529665002053,0.3398964624726936,0.1331830654176884,0.4179795192214959,-0.41344278297924364,-0.3019565619114154,-0.006930732905197665,-0.31325588703731966,0.23008840456317659,0.14151132657217738,-0.07370908011333319,0.09283165646914558,0.07396859471514197,0.08771714354479453,0.1104960292959881,-0.13015172089903118,0.08688573085109434,-0.03481878810304185,0.0748197593526994,0.20312734597965795,-0.15595619043975795,0.07161961474433796,-0.1039888493896492,-0.048191465636716356,-0.016629044679641644,0.1315485777068795,0.22100308845881114,-0.12858280065195174,0.020291264038796178,0.3005502959644188,0.05640106190174849,0.04130425811315165,-0.03660037147653609,0.14674359433736053,0.04388371912150593,-0.054046993251420435,0.0738945780050807,0.00825883756030988,0.001945720651810707,-0.0039006520544957366,-0.002013317380119716,-0.0006701511091774024,-0.0007995008815486678,0.0024725557330480385,-0.9382724045038232,0.02306095774638692
376,-0.1959103247646117,0.18791237704030508,0.4774309833721289,-0.22127079788610043,-0.07667901002725623,0.3711992012394594,-0.0012035072122735162,0.6285229534617638,-0.33659925795313694,-0.08871232319333537,0.16094259037953706,-0.10138641004051031,0.02854562685547671,0.284533957680464,-0.0871764881489006,0.34561675152392524,-0.24447481975540442,-0.3028992335690863,-0.33553988193632805,-0.3294813949272403,-0.5263855224874179,0.08397005454106729,-0.04323606231413053,0.28193168796874474,0.10388991776021966,0.05546122223489699,0.10210405516625025,-0.2726618269182421,-0.33259034246247166,0.21500100122759147,-0.07199863084712983,0.07049581912421388,0.07559783962999815,0.5449663223680281,0.16835973973280147,0.16013426938490577,-0.3282283699093079,0.031120654074560848,0.11835421630913348,0.18129650849154746,-0.030235479965630117,-0.18003387706850366,0.05653054413921894,0.021633341214038926,0.05889525704771678,-0.015232086322719161,-0.21177614517716842,-0.09254800262374478,-0.15388831866726405,-0.004270633719404353,0.0028108699674365177,0.0036815284310374253,0.00809050687387066,-0.0008699795647457117,0.004766026615688413,-0.9382724045038232,0.02306095774638633
377,0.258892162243971,-0.036747992888362904,-0.15832889377104267,-0.4729167703217147,0.09849066655395979,0.17313153522313074,0.03922967628564984,0.08867487251527575,0.023923841925837377,-0.11634199944467917,0.20143805387253289,-0.35731844949952385,-0.3159682939996181,-0.03076863472753149,0.20610399521337686,-0.24084852688265473,-0.30164980383793194,0.01370694982727496,-0.05834038374775321,-0.07942215156045683,0.08696614163494705,0.10692795494776788,-0.07810576012623947,0.10334126447495139,-0.17965087844736102,-0.1571358408002057,-0.0824625152033615,-0.2316083089261824,0.21657247049780068,0.15591611826242224,0.010218361944894618,-0.022821135875570477,-0.049600333194859667,-0.03474973443741878,0.14692838704144384,-0.21617786477740497,-0.15118775228968026,0.13402441459900577,-0.17984961673664393,-0.0032753171262182913,0.27308726188535726,-0.07521758804705625,0.004348806720729369,-0.23065797984104036,0.12886901432980347,-0.2379643523385275,0.26982220878913077,0.047880039257241366,-0.11733228476245718,-0.0015185835358319357,-0.0015528754904398665,-0.007594561194424637,-0.003293768388143023,-0.0014881263534513172,-0.0021288962198225134,-0.9382724045038232,0.023060957746386918
378,0.01218094373375419,-0.03549882000379908,0.09977847679674039,-0.03179194879091784,-0.14723672142463493,-0.13839996903732216,-0.33880798880428,0.25964891295548953,0.11448673249984982,0.021829776132121715,-0.1775834888072183,-0.1311978941152299,-0.05782956174550927,0.2595168271572134,-0.19482595002524028,0.034482971981609364,-0.11973952421356908,-0.05678772496374206,0.4286448468419429,-0.1056589509189053,-0.042536949191974975,0.04197526075186128,-0.1476917252617631,-0.1886614596984632,-0.11489754539068298,0.015819210989538052,-0.06820016075727833,-0.2122190905565291,0.09812933382645282,-0.02090393192159415,0.2008681389195644,-0.04610519999651692,0.18207957778880854,-0.05195584749119537,0.14695625710839763,-0.18844150822692227,0.014569844325345416,0.13725936466031402,0.25013358263133123,0.07362897598046482,0.04883541458527736,0.21332851053681234,-0.010889506261525366,-0.16463095248080506,0.18316801911630942,-0.09345141273652723,-0.303931523849728,-0.3585821512800815,0.03307966299023627,-0.003935916803222127,0.002088287590192155,0.005548003127371485,0.01144852095206145,-0.0015635100800856065,0.0028472051247437863,-0.9382724045038233,0.023060957746386723
379,0.5478130507123504,1.110775132399106,-0.544880489597483,-0.3073579721650434,0.23554734719965087,1.3779764998359791,-0.4194900362038108,0.44224211873822,1.3020353544588021,0.8935185231054074,-0.3747668956872488,0.13291714648655137,-0.2050169265526216,0.5839413604532432,-0.16864991158593606,-0.34049208381147755,0.5659639128860631,2.005316099878812,0.5855738954594252,-0.28917663876602856,-0.715434920972886,0.8500980312789737,-0.5137566112182546,1.3034591400543372,0.122273907647527,0.7412674853458789,-0.3678246819177397,-0.11088860913129152,0.13317624905271677,-0.17024825800605828,-0.07652203070728074,0.2993735992228775,-0.11928039925009815,-0.20272329325561497,0.15047249306729213,0.6462024237257715,-0.10675732638278775,-0.26626160518353853,-0.14045061794384878,-0.2440189425347056,0.3154233131468558,0.23390435215879288,0.026351737136366807,0.11763091261830451,-0.2997322223498098,0.07973232631394728,-0.026439902786667628,-0.04263866425105996,0.00854105672646826,-0.012911778070241112,0.007233101761926867,0.001395319403356674,0.0016445755338660311,0.0006263757106806597,-2.2860521640318392e-05,-0.9382724045038234,0.023060957746386893
380,0.5413054897817324,0.0199164555113408,-0.31473975324408077,-0.44284914698957634,0.05953688205535273,0.3370477822765174,-0.11717648171069213,0.23632822047814295,0.1612480841169474,0.2144676912002036,0.011250938502462492,0.15578663696529907,0.027909160151705498,-0.08116121588512998,-0.2332900691982277,-0.14130208965444616,0.02804204176442662,0.07971450204802867,0.023651537567581357,0.12071964706166279,-0.048823404715858554,-0.07662712339699738,-0.15111635911957685,-0.14781580862568505,-0.03681359702697256,-0.03193748588372218,-0.21477535797565087,-0.04123381579213049,0.06863693343248553,-0.016218962064548093,0.12685366225828693,-0.11817803191988897,0.129185232821296,0.13257609969678746,0.03251557732057328,-0.27132399525362094,-8.73745605870145e-05,0.11544321226313996,0.25615655123881453,0.17094500723447748,-0.17811755531893833,-0.06466988048959747,-0.08410661498778912,0.025034517944570248,0.2950462537336049,0.05073688887501036,0.14788691303856005,0.015896647737203364,-0.08207316010245311,0.004314979432591981,0.0028966672290006113,0.0032400540355343507,-0.010682546259012368,0.0048541077136518606,-0.0015581522314136436,-0.9382724045038235,0.023060957746386758
381,0.6158695402480733,0.2123844648046539,-0.1086803697164634,-0.2528561195878535,0.11806646343562528,-0.4651333768606423,-0.1559342746068896,0.11167669876038187,-0.24546841453873453,0.18759449240111792,-0.23502053892104577,-0.19679661308498456,-0.24432145212232753,0.3423699267041086,0.1741813168586586,-0.00975129179338583,-0.08072140820840756,-0.09619076732391514,0.3397122455786253,0.07733176392294204,-0.22868532367177646,0.012129362622606436,-0.17464297154795613,-0.09616501645738364,0.024551094095915833,-0.26402208965558954,0.054852803729143834,-0.23772445387037242,0.210931528346669,-0.10259668438134877,0.0764856271025521,0.14769147458861867,-0.3257773280709282,-0.24576034589827342,-0.03197576325852979,-0.02746367643956732,-0.1927766185000401,0.14139808678836663,0.3137916336342925,-0.12129229982881204,-0.0028817156704886216,-0.02846387381677974,-0.11384603422373284,-0.1088688907213669,0.2840666123854988,0.1258482814274296,0.01396969038855394,-0.07653239014555378,0.12614834201003222,0.0024186235156013498,-0.0016805482325872134,0.00018143033761031314,-0.0014698621148788807,0.00012088570169825657,-0.002586405390939744,-0.9382724045038233,0.02306095774638658
382,0.7010299666789157,0.13289347547889638,-0.07876864214027565,-0.2736959519539625,0.18325588498048975,-0.4100025858395485,-0.30634527120078914,0.287950773751224,-0.4043798298206552,0.11145134035409716,-0.24831070393705998,-0.20628567891273944,-0.36026659700323993,0.3906515180661498,0.2725261224617223,0.2707142189403866,-0.12149947934842205,-0.1910533638912114,-0.12346891761371463,-0.2325690644723026,-0.1615168616871457,0.25009501697188524,-0.006038689538571682,0.12372400521490308,0.17210227106780993,-0.08646468408292736,0.3496397225710279,-0.2858490240059183,0.040064275990285406,0.3187793492164656,-0.06210825711968542,0.1853258787724938,-0.22569666239564634,-0.22221635849453927,0.2787282778734649,-0.06248342243352289,0.050720109807449856,0.12286881544603862,-0.014880336974312151,0.07187087901368436,0.12221047919904665,-0.08669715932320554,-0.08938781576089662,0.006987078954948012,0.13213134110898514,0.13898930663548198,0.18677671658048292,-0.028817383496363935,0.05363464261676903,0.0010678452635795824,-0.004559136848806427,-0.005219505098437621,-0.00010908281899827114,-0.0022624026150721037,-0.0012771678152890798,-0.9382724045038229,0.023060957746386473
