modalite,Dim1,Dim2,Dim3,Dim4,Dim5,Dim6,Dim7,Dim8,Dim9,Dim10,Dim11,Dim12,Dim13,Dim14,Dim15,Dim16,Dim17,Dim18,Dim19,Dim20,Dim21,Dim22,Dim23,Dim24,Dim25,Dim26,Dim27,Dim28,Dim29,Dim30,Dim31,Dim32,Dim33,Dim34,Dim35,Dim36,Dim37,Dim38,Dim39,Dim40,Dim41,Dim42,Dim43,Dim44,Dim45,Dim46,Dim47,Dim48,Dim49,Dim50,Dim51,Dim52,Dim53,Dim54,Dim55,Dim56,Dim57
school__GP,0.03380715805398698,0.0010995003591228998,0.004360575707900827,0.006160793463694848,0.004136452031907245,0.0006995459471786415,7.445258663899161e-05,0.09699040414276157,1.995371305469335e-06,0.009247715460686621,0.00566474502267731,0.009509815385424288,0.0016576984483776638,0.013594553895688588,0.00044457934268001854,0.014592620317977404,0.01908551054111774,8.706409508397e-06,0.0010676424098763908,0.0009475905696437496,0.00958799116651792,0.004562970756018232,0.002599474897456968,2.965941185481134e-06,0.0004978756183137105,0.00010536171949091099,0.011431437997932977,0.01026685989660178,0.0006413277251606975,0.0060501384027543195,0.002163608763731033,0.0007605192758955391,0.001021595787083468,0.0051813295148667084,0.0297534262983755,0.012485984869473152,0.006925829258105602,0.010567605087047639,0.006792059812730115,0.013637851622728781,0.003382727072342968,0.01470667328221938,0.027522110256765195,0.0365997949743769,0.11700947622539304,0.0014238923047687905,0.0018411683046437519,0.0002462262725726603,0.001107624920669682,1.7648306133596973e-08,5.3925278381772205e-06,2.963892286155772e-05,1.6791248340683107e-07,4.5966656554479246e-06,1.861820526589702e-06,1.162790697674419,1.1627906976744313
school__MS,2.471387771641572,0.0803762250027815,0.3187689856868185,0.45036940417975113,0.3023849846624989,0.05113855760362655,0.005442670214776773,7.0902410188462275,0.0001458666308580785,0.6760311194648455,0.4141070230202687,0.6951912792129805,0.12118190082252764,0.9937958761595749,0.03249986139826565,1.066757026794941,1.3951985343320614,0.0006364603010876104,0.07804732926798948,0.06927123961738132,0.7009061242503796,0.3335645696918236,0.1900281136913481,0.0002168177155116651,0.03639595238777873,0.007702205099084182,0.8356666962438901,0.750533125591332,0.04688266002855954,0.4422802425873499,0.15816520965064748,0.05559586036615352,0.0746812060252664,0.3787681408605472,2.175049845977004,0.9127567089206673,0.5062954333406665,0.7725183508758988,0.4965165524601008,0.9969610482505439,0.2472858058059581,1.0750945836134413,2.0119350650451584,2.6755365121143893,8.553685235766743,0.10409008720935738,0.13459400599021687,0.017999756090743484,0.08097015076325234,1.2901352991438196e-06,0.00039420726629450136,0.0021666793585031837,1.2274822319751014e-05,0.00033602775117807143,0.00013610373502447254,1.1627906976744187,1.1627906976744384
sex__F,0.00846511228849021,0.13716443240053233,0.0066481563912240745,0.036839360105554025,0.05850104703495041,0.13137933696007334,0.009176801713770177,0.14604223602455718,0.16899546581016348,0.0231604770874019,0.10749582995646946,0.008021202894687154,0.028330013109160886,0.031693793945441244,0.004655141567354708,0.14350529937511272,0.025596070569966392,0.00021558879898879633,0.03780964021221435,9.789621649461873e-05,0.0012183519772870622,0.011941333251247419,0.02027420628434165,0.04239707863267603,0.006197071735354766,0.0021559199091833116,0.009998497612038098,0.016871049868543184,0.0007777066780961742,0.003943159612886372,0.023371918245456532,0.017924476669008732,0.5434628473177908,0.012988323244600536,0.03527871468878283,0.012463427100878688,0.0007291797688446912,0.02465294942246316,0.3376560494157077,0.08316538078580508,0.02231248785675379,0.772432991417209,0.48040921265821956,0.16688869467797604,0.0379783203021972,0.23092432176087405,0.113713276033149,0.2552576762148762,0.020108458113360556,5.3344608956291245e-05,0.00269704578858992,1.1758162360991938e-05,2.1981107083270962e-06,0.00018244313079040386,0.0009969972044801805,1.1627906976744182,1.1627906976744322
sex__M,0.009802287989070397,0.1588313565639907,0.0076983200366714365,0.04265862102959996,0.06774205600065528,0.15213242929414897,0.010626398109246406,0.169111525906981,0.19569051989666944,0.02681897872561739,0.12447620857790151,0.00928825727443626,0.032805110879357946,0.03670024509206875,0.005390482337150656,0.16617384678349265,0.029639306197570922,0.0002496438821939061,0.043782169626643865,0.00011336021005007445,0.0014108066788032158,0.013827623723473077,0.02347678352939889,0.049094254215366104,0.00717598063305903,0.0024964757833064112,0.01157789167008324,0.019536053847068954,0.000900555665408854,0.004566033478957826,0.027063819792499885,0.020755883250585302,0.6293099440644715,0.015039999541627038,0.04085145116549603,0.014432189155920736,0.0008443632932947694,0.028547206674097568,0.39099325854481976,0.09630244530738026,0.0258370384551087,0.8944489306332771,0.5562961594120066,0.19325095658540228,0.04397749495295694,0.2674018522658712,0.1316757819471765,0.2955789797474013,0.02328485325721219,6.177109078222939e-05,0.0031230796046775797,1.3615518584887842e-05,2.545331173626803e-06,0.0002112624202532011,0.0011544860114600936,1.162790697674418,1.1627906976744566
address__R,0.6603087156856474,0.0010018628711682708,2.8336927698515183e-05,0.23452524496971777,0.00021824528473980213,0.39544859366000085,0.0382175344612358,2.431337740361756,0.6001276023249743,0.12406548835866583,0.10623337831478867,0.1222566892137217,0.07854987383630103,0.306654964037948,0.3171706373554425,0.0005848964190139944,1.2476732059818958,0.004795648826601074,0.8513436736216325,0.028731307537789047,6.521683895284501e-05,0.00015811759446322007,0.10299313706108515,0.006193742701636553,0.18916198497118777,0.00851822328031611,0.05354121489986793,0.023610323279716454,0.03455834261111347,0.22433237886276214,0.2006485817576673,0.0026351508074231953,0.03709335653844604,0.3109942440459629,0.00541945177524796,0.14462287508171093,0.3339461102595113,0.014864534508736697,0.677117672466517,0.01213842490775583,0.0229848619558075,0.2719694798020992,0.6433416462720376,0.024440507121125048,3.13382807705048,3.0980968033283247,0.011154911455699348,0.0013106318967565334,0.3336180819916235,3.3680403523127946e-05,0.0004007801668685622,0.00033018907370524107,2.2656683757516818e-05,5.069539762946057e-05,6.320874769067283e-05,1.1627906976744184,1.1627906976744786
address__U,0.04781719278610099,7.255132170434024e-05,2.0520588363258942e-06,0.016983478463221395,1.5804542037923524e-05,0.028636971148257345,0.0027675769980482433,0.176068773131792,0.04345909205035445,0.008984378418794575,0.007693040861837371,0.00885339166158464,0.005688300595357345,0.022206854439277477,0.022968361846878643,4.235610429411163e-05,0.09035202596491446,0.0003472837159780728,0.061651260390409884,0.002080618412108426,4.7227699514314285e-06,1.1450310010631819e-05,0.007458394192754824,0.00044852866817625696,0.013698433608855929,0.0006168592282883572,0.0038772630650658426,0.0017097750691296956,0.0025025914269325394,0.01624534759791371,0.0145302518174419,0.00019082818564368313,0.00268616805828579,0.022521089559558657,0.0003924572918334574,0.010473070754308453,0.02418318152572985,0.0010764363628637701,0.0490344372474124,0.0008790212670917671,0.0016644813996760188,0.01969505587114469,0.04658849837408862,0.0017698940102394063,0.226940607868877,0.22435307697086324,0.0008077987446148099,9.4911268911162e-05,0.024159426893158562,2.439014221862941e-06,2.902306458881403e-05,2.3911110391269017e-05,1.6407159097548675e-06,3.6711791671201872e-06,4.5773511732214816e-06,1.162790697674418,1.1627906976744118
famsize__GT3,0.003890173694835592,1.9971015487479516e-05,0.0027249734172745134,0.015061101907082479,0.005994684654621359,0.03425958736849562,0.005541885442503021,0.004995884018691848,0.0007640233923859637,0.028279198078450203,0.004329366092930215,0.0446872903092739,0.15023854857414257,0.06717596002006614,9.061085280998999e-06,0.4154887469895817,0.0018798828355625259,0.0008687567023745895,0.055962112425343116,0.010745776353849391,0.00021658109714311525,0.011196080995245479,0.029998767780891358,0.001529679879506686,0.002878243543319798,0.01754452034819791,0.011355107905532992,0.056051926405942934,0.011385593424897679,0.001160709158317512,0.007558117944351549,0.014031529152517519,0.053081109750848954,0.12534349142076928,0.011627163869527422,0.030948221619028483,0.15887836886411313,0.012442976593369955,0.005944706709178528,0.001958481450328514,0.06093090669895168,0.01134855224681618,0.03608869287958897,0.10647256765748558,0.05361922441106046,7.028226673143103e-06,0.009696690906740588,3.8957344878924904e-05,0.01568671322072824,1.493694852004077e-06,7.487231563618686e-06,1.9489663389647837e-05,2.152207721744488e-05,5.7099160479773875e-06,3.957592192843338e-05,1.162790697674418,1.1627906976744529
famsize__LE3,0.02779661462940748,0.0001426997005301714,0.0194708622023525,0.10761669746551047,0.04283406146891263,0.24479640811638465,0.03959865703942338,0.03569729109657754,0.005459207087385023,0.2020644918911746,0.03093479374316017,0.31930589351534017,1.0735055462281833,0.47999509006941604,6.474453724636091e-05,2.9688084617550703,0.013432402465200983,0.0062075622213681025,0.39986833364277186,0.0767822281555935,0.0015475456279224066,0.0799998080285271,0.2143514024758139,0.010930083192288638,0.020566029401065902,0.1253615671773413,0.08113610940932116,0.40051008509216823,0.08135393881747358,0.008293661852016434,0.05400532426139637,0.10026004983572162,0.37928258931070974,0.8956218926555752,0.08308004183548065,0.22113557318833238,1.1352400017838498,0.08890930131675365,0.04247695204439263,0.01399401630983571,0.4353720592938068,0.08108926699731367,0.25786598932194227,0.7607827217863479,0.3831276016442711,5.021907084018938e-05,0.06928615569864577,0.00027836348387781976,0.11208690315742857,1.0672957927339392e-05,5.3498816952306045e-05,0.00013926027601916335,0.00015378256432094648,4.079929289919886e-05,0.0002827834273707812,1.1627906976744182,1.1627906976744233
Pstatus__A,0.05760368116510668,0.04921799590407927,0.34379622705543555,0.012540732628141964,0.42466923422356434,0.28341207432607557,0.13393858950223303,2.0701848253039024,0.0028892210027300015,4.303781775122792,0.06620981753652089,1.2153455003098264,0.3313538063198778,0.13952973716319117,1.056305290381997,2.634641145219264,0.468804584043703,0.24224157481909908,0.1774708692201404,0.41992926379238094,0.018444133634406598,0.08586938729719754,0.004423845156373729,0.6033512209420755,0.39959503611540936,0.5587630963031267,0.603212353487948,0.8831884933044382,0.021388254063698767,0.17009707007419997,0.39545398272909016,0.026688846627998464,17.854752486625987,0.1865313530333094,0.5570153490514888,1.3113268541428744,0.8783559095359538,0.09353189490413655,8.20702937111687,0.518981118736756,0.001714813140400409,0.13881013092718325,0.08030656321287123,0.2890144723164621,0.5164293746866255,0.03340153120424958,0.26468538819771276,0.024636187909474916,0.10589934691529741,5.1632565877129344e-05,0.00011992896711547385,5.236040016187983e-06,4.741671666657444e-05,2.3119089674951673e-06,0.0005309284445134603,1.1627906976744187,1.1627906976744076
Pstatus__T,0.0007029113338494878,0.000600584657969599,0.00419518787070762,0.00015302881553404547,0.005182044130432191,0.0034583477160530403,0.0016343912523764932,0.025261517101632918,3.5255840386206886e-05,0.05251707750200535,0.0008079280736439942,0.01483030440818848,0.0040433587101634605,0.0017026174660597613,0.012889609580445511,0.032149319004331885,0.0057206075865257194,0.0029559629701762726,0.00216559572027009,0.005124204442572018,0.0002250653137513776,0.001047824797670647,5.3982155944123635e-05,0.00736241856273965,0.004876075177043792,0.006818330102941767,0.007360724026810124,0.010777144607994255,0.00026099106669129866,0.0020756166271223126,0.0048255437995268135,0.00032567176962910305,0.21787336559194126,0.0022761566537663537,0.006797003143847651,0.016001520901351388,0.010718174802003738,0.0011413268679148563,0.10014661989498311,0.006332888854244358,2.0925079221347514e-05,0.0016938364408029204,0.0009799442036183485,0.003526711212352663,0.006301751090517713,0.00040758358452997915,0.0032298345436511753,0.0003006241155800493,0.0012922412194571885,6.300485492702047e-07,1.4634382479664961e-06,6.389299775317479e-08,5.7860447261182e-07,2.821116618582965e-08,6.4786765972779005e-06,1.1627906976744184,1.1627906976744529
Medu__0,10.64656208872764,0.01262913242516608,2.2562808645031236,9.300942438727459,0.7456889357154477,1.3451233877728381,4.78793466818958,0.7147457563382132,0.04285070933964096,2.220329895542341,42.47990362551802,2.520598905200789,22.04964872586855,3.5259019214790146,0.4198487103812207,0.0037275516477390013,1.6357935203639669,5.6840428988301275,0.3280789168953408,3.714243490608831e-06,6.856808750483722,6.055159763039282,30.40234760957826,1.4374717504053454,3.8699302930995447,9.807572761677639,0.3415162731967069,5.714943463404065,8.301589544150755,1.4984244162820686,26.700619266255266,69.35288730173909,2.046302999709321,10.821546085325107,24.627167604708813,2.684523206152649,1.1713268747150762,9.105800017075333,3.470674951104392e-05,7.262480921756373,13.076016394255868,8.140637094341136,0.42638935259342303,2.3704080050599963,0.3723042001750755,3.7904436858740826,3.1122142604222076,0.03193205061321631,8.481200099523816,0.0006221676432624691,2.7552421854207386e-05,1.3566091693710274e-05,3.1953191020242224e-05,5.642431948624154e-06,0.0006054026505527055,1.1627906976744184,1.1627906976740652
Medu__1,3.329594434036415,0.0001658840982503081,0.22944537774475204,0.006151784509701076,0.012804910175883956,1.1688774242581197,0.047698357978726784,2.1304036645481474,9.322679647379221e-05,0.07102604382433424,0.11187231358121837,0.010356986519457878,0.13333670840164188,0.0253273394874952,1.5670193682482934,0.0011649950460216846,2.8716071307665807,0.02600125820066477,1.1839006020698455,0.026996450640602392,0.4120028811250125,0.15703594255046477,0.0027735510048790516,0.44684598185484936,0.02498347856394945,0.006217400777892999,0.04558559972624663,0.04582749199649463,0.003042622385898635,0.011099712011859908,0.6710770078834168,0.6907346288442795,0.30952302079469096,0.058356348405634126,0.4200581870907688,0.26508541331403895,0.32433037858136005,0.46527710522256327,2.2929298538373817,1.1757280579024154,0.581398774453644,0.12765532589589226,0.3915727308022307,0.2573922488617244,0.25526051612891176,0.018916936729112648,2.5357200338493984,0.5094136294947347,14.431118016756827,6.413083864563873e-05,0.0031918156758686997,6.32066436972737e-07,0.007685163728452392,0.0024810542885337385,0.0015001739549696327,1.1627906976744184,1.1627906976744866
Medu__2,0.4117547107511235,0.054526731741370675,0.2915009223499246,0.05929699394736436,0.09862207550543411,0.06135078928364986,0.25219479437785075,0.21429515811441613,0.11758893011614567,0.7728670741587876,0.013528224576544184,0.02492565602546158,0.4972002686457983,0.2007378396938791,1.1017413336571922,0.13100089319650463,0.07712065124003639,0.01566817695222747,0.13523069268960275,0.002915658413744359,0.3260123960891779,0.06676391229233734,0.61430211478198,0.049915888962495644,0.03201632784256962,0.1897200886993475,0.11668837124354607,0.0030888514980208434,0.0502416240778636,0.01042699735286728,0.6347284997918997,0.27346817551485003,0.044074747414821945,0.027466187260194657,0.04467380357419961,0.004789672260772326,0.21874433788203357,0.03679458511518892,0.08190563341591232,1.6649780288090061,0.06845538912224798,0.021597027103433898,0.04585371763092791,1.7151554564812994,0.06502233001724342,0.29330060249764073,0.027200851413342865,0.004680902360011041,3.834365051510252,0.0011604087787596617,0.0025352921270917128,0.0008800858561793486,0.0004869527349894274,5.8619725390835136e-05,0.0013119207068734392,1.1627906976744196,1.1627906976745221
Medu__3,0.040687501601158395,0.082279472578994,0.011221326884671015,0.04202512740642297,0.22754673858414687,0.20259217134904617,0.0001066429606723491,0.4637037323866506,0.0030575911255218287,0.03878306764737625,0.21230161432064554,0.022966680846622657,2.583906020533034,0.8026863477117168,0.009909359206031573,0.018109437606725075,0.8107138568995649,0.09620002831041331,0.09419386447671013,0.024757111382801036,0.009048431114841196,0.1121102967162946,0.5354718778472362,3.4738859126689256e-05,0.025645217789098503,0.08263472151227463,0.004512873560208166,0.009635730147697493,0.16017128620359286,0.020475433699068513,0.05727229803291212,0.22282704715760943,0.00039501602306953146,0.2752286006457821,0.1743711849063892,0.09316923287436922,0.27461541470268086,0.4255865738696088,1.735707973411082,0.007074039902055948,0.05692278222112665,0.28399153476050304,0.007158668771022263,0.04625539099420739,0.04026318642743554,0.1921513730441292,1.1932527501184198,2.079625594229266,0.10371134533618069,0.00019232902472320843,0.000249253162327697,0.001308758926231643,0.0009068308760906644,0.0006035166102623955,0.0005342236025582313,1.162790697674419,1.1627906976743458
Medu__4,1.8758175484823687,0.13967572163645386,0.21619429584091998,0.12900398896964493,0.028780227634679353,0.060381455052506534,0.05114563757232681,0.07987685681696742,0.08230481849291243,0.18665103339500833,0.048985399635403375,0.04756215821478614,0.14213436959313666,0.10472960819811684,0.041863407019627485,0.13815446580330942,0.0277586444278147,0.014270650239211317,0.0034982441321413163,8.858254149177007e-05,0.002196890572370817,0.06372490959677672,0.0023633100237326326,0.00460366968018154,0.06686309746277885,0.00021085204697465196,0.05179053440569621,0.018815554185062172,0.1609263749091638,0.0016349635803866748,0.04635044706030396,0.006637836684029822,0.0015978035049990106,0.05322895193057607,3.4252446518674876e-05,0.001164246573285775,0.07206323269713313,0.07484461274406254,0.021736575282184936,0.16645582844910126,0.11997424124422494,0.21781633629466887,0.19085732405368783,0.4120454266665867,0.0177961626713265,0.005772629502091032,0.06132987569365204,0.625470868819688,9.90944755510735,0.0014491165184535235,0.002199734776388016,0.002228946197239004,1.7789740322650025e-05,1.6655706892405667e-05,0.003208497691470944,1.1627906976744178,1.1627906976744877
Fedu__0,0.2538182473229242,0.06416555896129428,0.039518985981893344,11.43422277377403,0.39792633242223946,2.253971067215982,0.018014315516195343,2.082820333754607,0.3430623538377429,3.2716318460932947,1.4190827941745194,41.111345073736544,14.733695437230566,18.786893568313943,6.226184119186362,4.793250001560885,9.885643473577165,5.803853027540254,39.32047738999245,3.4539162494707907,25.400928420859564,11.49047269389163,32.00233465132816,3.1866363624915017,73.19123193400758,14.633546663408895,0.049996774723924414,38.90103195805982,39.2542632331438,26.076550342663214,2.429723094647047,2.786773555433375,11.19745212536377,3.050930809525126,0.05183791048672334,0.30632197352796187,0.1949038710813845,5.195709330140659,0.02319443752832544,0.572066555768544,13.073607170802278,10.63127357201781,7.997972016730298,33.48330491798323,2.241487452458002,7.966347351112514,1.2592586770120564,11.332138785160591,10.093473586833229,0.00026919619379074655,0.00020430134571713157,0.0028164665594347256,0.013259886921446163,0.003976005856810961,0.0025267546840300717,1.1627906976744227,1.1627906976738998
Fedu__1,2.7313729260400494,0.0014246327631577866,0.14500861565551593,0.004542673831747108,0.07915288732894883,0.661368091217846,0.023048959963172036,0.04192843313863119,0.0001761920504902561,0.011003182498765841,0.15722805900345735,0.26028140525727433,0.0913447332086291,9.585514965033991e-05,0.20549676755124638,0.11766547497612778,0.8131132367936795,0.017004878375143223,0.5672093069953474,8.393373230210976e-05,0.0035034775852056197,1.090948491556942,0.28781493487439536,0.0007006371928949894,0.003552297890213352,0.06699469324756614,0.0127083265021441,0.01917322452190768,0.0236338459810416,0.9445824280040637,0.002642351800741629,0.17621551579745773,0.023218553054119434,0.5550138007141685,0.025639231899562916,0.023731373275768842,0.008123884330091433,0.2021063313189073,0.002247609868774222,0.2865766659712637,0.004165953783743575,0.0013085275553789356,3.8776891790703725,0.021010385519157043,0.3062685071533698,0.4759260038772876,1.10891368210917,3.313776787748889,4.648616489630722,0.000839013750482344,5.760492637033351e-05,0.0004352199504833512,0.0007331165379774203,0.00033314948749874816,4.2872491496685465e-05,1.1627906976744187,1.1627906976744866
Fedu__2,0.2628854494544747,0.061070661015666224,0.0211744995619997,0.010188842540278121,0.05247241190557313,0.1510748368407229,0.020604564584433556,0.0889753725333646,0.12767522305763848,0.6604295474855154,0.029504778953416768,0.10646750448268019,1.0666853672356262,0.0006364528935451697,1.1271251308616455,0.37145826614913036,0.00011305533733008885,0.03230898217339956,0.19371550130927923,0.007471052586942403,0.07771531885934664,0.1992896114479113,5.720544970985439e-07,0.028101163225297997,0.05814359123999877,0.315949203583278,0.10756673232893924,0.023602109263009246,0.05349118076506202,0.6130931813097376,0.2827215184704308,0.18499795303014305,0.0076400836260768915,0.9051916556105677,0.004980029216564391,0.04646057291080566,0.02463549715787808,0.388810169634759,0.08463102954959179,0.5716324079949686,0.07470326120427502,0.08105774767513126,0.026988610898679263,0.9154694219331918,0.31937012431143774,0.229992848965936,0.2399527841697687,0.9143312271606115,0.8148655067277337,2.1390759751058625e-05,0.00016130495220195552,0.00011465743804590442,3.609199898714031e-08,1.3611367131614316e-07,0.0001054579723456816,1.1627906976744173,1.1627906976745432
Fedu__3,0.20716642307898334,0.06427212191198384,0.03620031253288809,0.032397719473741184,0.4570991963211074,0.006087035552898126,0.18071935011299442,0.39108321759104053,0.04136252803409307,0.050746146477717025,0.04063012523777574,0.20642714331308679,0.27962920565073773,0.2652617359717355,0.9937035368101363,0.09686701077169904,0.44902285049747553,0.019502048941097094,0.004566235561115591,0.07982858631490458,0.2994879407501315,0.3513614504628689,0.2288174303704429,0.09295911581374514,0.15206674686292046,0.2064001940496142,0.6949543655284985,0.04575386644713592,0.33680713436324355,0.06312227535530725,0.9607725279724595,0.03736790780011491,0.09272861007045188,0.0022622553979136147,0.14554293629169895,0.04059294379724929,0.01286539345745015,0.09693624520804843,0.6458083538046491,0.8472505904179201,0.0004555328737554924,0.25235963115609655,0.5729280653832896,0.29488545666764915,0.19901281735532872,0.0018068025490010978,1.2986202719693483,0.02102708528987454,0.2962508313927255,7.821447857443741e-07,0.0005404423031025433,0.006143809321323804,0.0003589878501804227,0.00031166513814926463,0.00010240465195702606,1.1627906976744196,1.162790697674333
Fedu__4,1.860188764336101,0.23150289468560548,0.06983528306253751,0.00789019275827831,0.05155731455322019,0.0297888506248836,0.024805827228745164,0.6587371767448009,0.34089094333595366,0.5696902249375363,0.12380506069460025,0.07511707900725789,0.1673410847682288,0.2133000678798512,0.07498352688118157,0.0005832793279439732,0.001895989526585998,0.009821288500310952,0.031708640435129984,0.11819434310892993,0.010760153846798726,0.10389969648663169,0.03103574813623913,0.02032729566408539,5.9876651029826186e-05,0.01870008900821671,0.16210744759465578,0.0010664364253522936,0.3358286392014317,0.005408339216988909,0.16626700771264868,0.08367648783070045,0.0006601089128313599,0.1741911072010052,0.18198314739981586,0.025005533637144257,0.0006748606811582094,0.002151135491267035,1.3273750984054948,0.27004983994012427,0.0831645701572009,0.05670479924255917,0.2951714574120074,0.05862160672414186,0.30631639238358194,0.016244480093176247,0.6681413462080218,5.536645126784144,4.640752185731478,0.0006874031712532286,0.0002550095997123618,0.005562985244991784,0.001434999038231927,1.8838176113920036e-05,0.0007354578342650445,1.1627906976744182,1.1627906976744813
Mjob__at_home,1.4962395886982685,0.06051966526410735,0.0011223997557887806,0.013752240947315244,0.3472365542603228,1.1042205740870912,0.1862454372442209,2.283392910844827,0.01160881729585366,0.1367946296962914,0.9957976755475202,0.42528528351347394,0.5284557875492198,0.02662516392845558,0.006982759793037526,1.4182626079742582,0.2424870149944428,0.0009867771652106521,0.004124997659287854,0.49900585132102093,0.7739348992312525,0.0012802843039947161,0.5170235246548741,0.3139289454856843,0.021762933645707683,0.15904383446812026,0.17451920854694267,0.19854342664248378,0.0045952318159747305,0.06202512331801061,0.0054546075761998155,0.04415687903435448,0.5628999225761229,0.0186143563420247,0.0919184919978061,3.5275569820232993,0.5997240797671408,0.6325820611980242,0.003076364208869952,0.9329131168211655,0.3420396935656301,1.3541158470168084,4.228917753796498,0.005629388541744475,0.11502325016668219,0.003602894109581298,0.0018238704151674208,0.7017938502438695,6.3633123087617385,0.0005472245796422431,0.0032281675639653103,0.000847615246212776,2.696838427014576e-06,0.0003611071645746798,0.00107327748318107,1.162790697674418,1.162790697674491
Mjob__health,1.7482225044502409,0.022256862633135848,0.5135514281765424,0.007819053486984442,0.10455398327098224,0.7103992153722116,0.16758453619145666,0.15194582916620444,0.1005993598373275,0.007104061807968497,0.08799583042338904,1.3839171280848173,0.4761767201643392,1.116573202360171,0.0004654734487385458,2.5262032012512736,11.873426785244034,0.003619629841174288,0.42917368076299117,0.18810570084525344,0.27611878825503605,0.032764882082513165,0.2287733647046449,0.15810927821018325,0.18928809547631234,1.4830524350873886,0.44850508721858806,0.3105066418689754,0.9371365731160227,4.564982741659944,3.3199515018877404,2.6415662952283267e-05,0.46631664715071103,1.8624051735950724,0.09816202942086569,0.32705775198837805,0.21804282573930747,0.381868055277985,0.6806697942947931,0.3413395006657978,0.0040789242382062935,0.005413417090162312,6.187278777027177,2.784010183818268,0.11559633093661757,0.00170784822529861,0.041696531317633144,1.4097711940519404,5.528030152936933,0.00031252127532534636,0.0016633495690841077,0.0018357187424144176,0.0006297823312639235,7.198262560774693e-05,0.002678732165656368,1.1627906976744193,1.1627906976743343
Mjob__other,0.5547701397532125,0.02843450777012086,0.03523682102145494,0.053246115474522175,0.1246646688671743,0.025804708905408928,0.023358901414475806,0.24707864864980744,0.18198642477073962,0.08063989738980971,0.1858463488413583,0.19669188855942382,1.0893819006348972e-05,0.23794256499096228,0.010016430685250002,0.032111361829875,0.049828284050337734,0.016762302130246248,0.4113632758936964,0.11788588940522765,0.17960466713720985,0.0020710165193167747,0.0002216413471895471,0.03750085220498143,0.046031836865769026,0.08829327565380037,0.008462097344498582,0.041107653118776115,0.06336575523364427,0.17334498971749462,0.10800392195051002,0.01271284456479069,1.176366277776995,0.006112185968937741,0.13683314498770321,0.39030295236975093,0.09054123405185069,0.11120179499718037,0.32376002407597415,0.002386916379736713,0.24171129284059645,0.031963150053795505,0.4201176425655026,0.36305426593539797,0.22550142263102257,0.34743969848969136,0.0009224061293775746,0.4565696761319691,0.9254188213546297,0.0005135155857009506,6.788217716773588e-05,0.0031165188623483732,0.0001844655250816183,0.0003868825848142317,5.151711793176092e-05,1.162790697674418,1.1627906976744586
Mjob__services,0.09184684999222677,0.013802769540209887,0.045327738539410606,0.004170950843090121,0.03925172829036909,0.15590262130866078,0.29265669642432157,0.1908113752848808,0.14607190501371412,0.12772933925937371,0.03124365359515259,0.525610333999549,0.9275228735127172,0.21160621664045276,0.30252672104463973,0.011220314865795644,0.5614385734373895,0.20908127542627283,0.5941624230381709,0.026043866931918222,0.015888094777801696,0.1950422873633795,0.14152539960335214,0.0024472567547707256,0.5002034085061222,0.02506687889356667,0.01486417658232116,0.02672307055889059,0.0085007180118626,0.04047398740437758,0.12490748438904477,0.046096671261833894,3.731347718991379,0.270287041959985,0.4724107042717596,0.21736760563574806,0.3241817312564237,0.001321512424395285,0.42603854392769386,0.7465013896448368,0.018468880030051683,0.2757859022932077,0.8029459049154472,0.204487227870003,0.00010862757218738179,0.09200560072266009,0.5705190127087362,0.23244346050766035,0.004231664750106944,0.00018068947188709024,0.006368481282401603,0.0005802936742596057,0.0003820514997979235,0.000297887966893126,0.0038201925161477513,1.162790697674418,1.1627906976744642
Mjob__teacher,2.3423680067340293,0.7173120931856329,0.15577440681375004,0.44460701901547306,0.021754375304593752,0.038354542074740455,1.0543219383547917,0.08039152390703994,0.18875290062539501,0.07971934444715481,0.04941894185482295,0.004455024664965855,0.2599516846511264,0.10787740515201785,0.2980842227340248,0.15273188452330427,0.35754424288839803,0.17194563997689732,0.2786137677186929,0.10263571747764662,0.08042712519489632,0.2075704206179026,0.06530695944428218,0.007588674834119067,0.262233555222715,0.3281777842863844,0.15434798186397272,0.22975411009973312,0.0015821882669115966,0.09555226509930893,1.4815775094637968,0.16524794954347224,0.7305893068687298,0.13635644165682423,0.02204708049589499,0.04101523810013993,0.04064536154967463,0.04421830497743247,0.4193057639026685,0.008543769459300545,0.12245365204972508,0.06527572400912186,0.2393064433661652,2.538227746136362,0.3626718196365908,0.6609715603572508,1.3785499561399064,5.450569921882826,8.675511379643034,0.006697781415446806,0.02848188332459154,0.001541778238694646,0.005663548115806601,2.8380250960321967e-05,0.012574386959842483,1.1627906976744178,1.1627906976744578
Fjob__at_home,0.0036264274511956652,0.03109025994535872,0.37943995280605314,0.15128647147913524,1.7710633916538714,0.436336528889445,0.41262609994505134,0.8081355820568934,0.23754931572143484,0.1801480435493701,5.322998061101359,4.112976925472058,1.9062087600110078,0.2579438844967334,0.0007563362690706387,25.03328842163076,3.7481447006117955e-05,0.04818672945795909,0.5758394764314858,0.04506886551860593,5.346694364264957,0.1968262907444152,0.6317544714941583,0.34484698981991996,0.4421668988529361,0.06795275817968173,5.570500722686314,2.5053827003924876,0.6082169581843163,0.17811780079585576,2.8779251129279086,0.2675004458573435,3.208062908972699,12.575126824336035,2.162947092812414,0.23762762819997418,7.517123971479542,2.4113010248957436,1.8048023077152562,1.4067803507505998,0.030430297289119675,1.7062311378118915,3.4541819029315977,0.02983505653178834,2.7794700446195884,0.6633041077615168,2.7826348164772226,1.1247496409956501,1.2832673598380273,7.78557663478071e-05,2.676089504957087e-06,0.0012943373860364715,0.0005474207481180465,1.2136666883464466e-06,0.0010679155466104496,1.1627906976744187,1.1627906976744213
Fjob__health,3.997544904223686,0.2176059522585768,0.10070972758730963,0.6744873916227834,0.10740932611386395,0.2955059824229377,0.3563281476915657,1.0791801864242931,0.023790019149542308,0.46381468827434563,0.7594200834462214,6.3588608872509695,0.16788406343350026,4.406515467768297,2.2638641726878754,1.1896999894792415,7.107624718281867,0.00022532256327686506,0.13719291164986178,1.4738062858305168,0.16027698763990234,0.027476529722121185,0.2823653878158427,1.026848937982732,0.01508488679199626,0.00015509489896060592,3.0323843888656783,3.9075859276325335,12.646472839826295,0.4489394107990425,8.201140930777452,2.794136494314713,0.892926994065988,5.032992228990564,1.563524134248524,0.09002273931540718,0.22461562773485427,0.46224574195211593,0.6966010990422439,1.8940597385973246,3.2528312147421365,0.012734584089397018,1.7496159764301844,0.07049646583197122,0.37032735939997324,0.28096510539872305,1.5188389661948973,1.150588041640921,4.748981704346351,0.0013255629719978322,0.00026746678691793576,0.0010721433880399227,0.0033735460813645603,0.0001693703871365916,0.00021266919811465372,1.1627906976744187,1.1627906976743676
Fjob__other,0.16012018482371693,0.03547707161840795,0.003173305160728604,0.02925635456078368,0.0011086045749700419,0.010989894392726606,0.17722467984525692,0.24640558349724853,0.03885232303267946,0.009109898892298466,0.1063548692481699,0.09250644380428698,0.002701824782710737,0.14193676992484006,0.06269268721308902,0.004426248467675316,8.875635859439444e-05,0.0043527115572004355,0.121037267054102,0.04124904730146519,0.018767861595284364,0.014928087635886418,0.0005669223889503767,0.10454299674291084,0.002520915965268497,0.0300026434864347,0.05133954336333877,0.00015654935252570494,0.00101123467025226,0.011859927311129486,0.011728537572980254,0.008628196013952733,0.010082544717169748,0.021521401084721756,0.006592133946913874,0.005016204237307427,0.10940436221462063,0.25223313990579677,0.037327296908889494,0.3562531517998274,0.1877382324435349,0.00017335905531872523,3.956935065337194e-05,0.43673267543821065,0.1471255462935041,0.08804830671960394,0.004922959249508904,0.3540926027320466,0.17535492021999255,7.855151322423915e-06,3.20646549857127e-07,0.001232304187421536,0.0003123234027732203,3.373071101033092e-06,1.1100612480156431e-05,1.1627906976744167,1.1627906976744395
Fjob__services,0.0030771926793771304,0.0438799081450416,2.2791578063254445e-05,0.0018699085441247836,0.2043132866514596,0.03410345471957409,0.44231272595009047,0.07510525078878325,0.03811289310637135,0.1632446258553955,0.0014441737485881697,0.8129147797027564,0.02060707309719043,1.025629380246734,0.06362824996038506,0.3255002591130269,0.017928071176521516,0.01953283576450833,0.9684831433651145,0.0345501274484043,0.004932358609630889,0.11384825658695531,0.03100555469803696,0.5032312223323284,0.013966539522779353,0.013466272380403994,0.09418219010318828,0.1743986702437055,0.031694816506219976,0.047193567747632885,0.058040238198321235,0.022768585381530308,1.286727828974738,0.12098362657157823,0.008434033370527162,0.06648348318466082,0.12418112589025225,1.9284828070624371,0.232108775306761,0.0856433204065435,0.16953551943560843,0.01478614136074176,0.02236693412833733,0.4021939438697792,0.07956037807460131,0.0705149071694382,0.5445368024765596,0.09109696013185377,0.25047212791214774,4.50202567725302e-05,0.00018886680835252792,0.008173120451909327,0.0027158251280920385,1.0434653002800072e-05,0.0007652094130052187,1.1627906976744187,1.1627906976744917
Fjob__teacher,2.1514353971195845,0.8204934342076667,0.06553632756136732,0.4386926599721414,0.846757020911885,0.014149680088740907,0.007931066159985362,1.9574259283068527,0.6968079282938587,3.5713926089080257,0.4654129065208584,0.498070031285445,0.6329775864951555,5.496954100764811,3.2815244324595274e-05,0.2188518962112879,1.1387762809876376,0.023984897005581585,0.18836728879054232,0.001190860057711294,0.04038835816438959,0.2219230127917889,0.06549809093039184,0.3733149152033393,0.2244913714139588,0.821085740379501,0.048283993754462205,0.2967110954090217,0.5136746030932239,0.3325557072911384,0.622971757309646,0.000933232970724368,3.2012918154714036,0.7421036868025822,0.889202540861659,6.765650238443875e-05,0.4095898987731647,0.895358869590091,0.3405494167245538,2.8411350849187373,0.20149002246086498,0.05141027692211487,0.5002349649521737,5.595957997358957,0.19622618033781114,0.9475773446267672,5.083226240263878,15.653053608556222,0.26257211725037327,0.0007195315392355229,0.0018632242990413463,0.005434892408871701,0.0015849983189012637,4.037854685675521e-05,0.004087450338346906,1.1627906976744184,1.1627906976745084
reason__course,0.10728936246824516,0.026676719307210887,0.020548253977180905,0.012068401591985925,0.15864497699894609,0.03226592807712055,0.015449871110614436,0.16001464200711013,0.026302472815320933,3.3806890237896e-05,0.05663318008547218,0.04858145525046105,0.27283062057764423,0.3330443735244438,0.004100208135367696,0.5227616633701246,0.05761602138819028,0.009762955655122958,0.6168910515990407,0.0006554311321449854,0.3790362963682815,0.3450077882363334,0.042921909503067845,0.10145150733595419,0.00198080436498458,0.10003760889557758,0.12780826899321127,0.09473262791575131,0.12215577526700075,0.02364384901318032,0.00039258676883454784,0.0069896074984846955,0.7834660308453698,0.1378862924575004,0.14442629391226516,0.085639677646028,0.04301224288032833,0.1677213885241265,0.5281549444433278,0.46447605929133196,0.09459130620518562,0.09840280809852534,0.5092063232265476,0.006289535622261622,0.04181136223806741,0.11930238870649515,0.34421528546145896,0.014065428551277365,0.028713237253081725,5.0236410530331915e-05,0.0007207615370631256,0.003205886587019992,0.0008761881422109792,7.623106691848777e-06,0.00030813679005706483,1.1627906976744184,1.162790697674394
reason__home,0.0032233645084435115,0.0005123876282803138,0.0033272131741430423,0.12226224833621285,0.10338623059684181,0.03448802444667238,0.050161226171408155,0.7145322058556018,0.07865380851917175,0.015982583308838783,0.27933014809193474,0.6803855149780876,0.2788445181261974,0.015166973273841509,0.25089983165936225,0.30582325203737,0.1698101579498977,0.022694129900102528,0.526868715278374,0.44057313323132147,0.33505418000148074,0.12369192020787372,0.000295673092579109,0.028157767618743734,0.041014164442574705,0.07668481498385758,0.08858478950132567,0.23445736142811596,0.12641166185573552,0.062296711488634283,0.005911168714763818,0.10593886032265878,0.038028856892665996,0.07707745806964775,2.3914245075032654,0.3699896449145602,0.001033551370520461,0.030090877820625757,0.20051767034887702,0.1590991896110853,6.524085744769505e-06,0.32725577190794697,0.15220337250878138,0.03175124907858401,0.0036605702710457984,0.6530421317720916,0.001552753882551519,0.1977761950637167,0.04784433139630748,0.00021076536405018498,0.0003303374160178387,0.002818447046664585,0.0035047610981927117,5.3856445627488714e-05,8.834639780660637e-05,1.162790697674418,1.1627906976744595
reason__other,0.1238254245950902,0.06399331693505976,0.7134875106248693,0.004100527302382773,0.24100041247247372,0.29947874597338114,0.5702246827309229,1.2615249249984413,0.35098240641558953,0.369041425484494,0.11927974523016026,0.7512389710054985,2.0359343463866533,0.8886146440466185,1.085977705387461,10.20034995302103,1.0528040192499877,0.033171090969379306,0.2924575502249074,0.7685041661435982,0.013046719670257011,0.5954028928699671,0.22759841970460726,0.018799550610794157,2.3445276450493435,0.002863681316732381,0.31447779992493224,0.00035699086903622147,0.7807294898103713,0.7652132774359505,0.45052366601070315,0.1229256438817939,4.260068988950953,0.417211711572261,0.46513288132318004,2.291411586734285,0.5764303074929139,2.171648782821106,0.9961093737910616,4.895361343160312,0.3534623483102789,0.000671747451379708,0.7845290276147076,1.9714374332251459,0.3661322665912594,0.3324151006104755,1.059762214378099,0.5225332733771931,0.10256692979247492,0.0004514426775446243,0.002897296251337421,0.0008427889156729858,7.795880780202138e-07,1.6811243737594755e-06,0.00015300823513284182,1.1627906976744184,1.1627906976746165
reason__reputation,0.2769773670784531,0.12006307775623115,0.02341423840869423,0.04550620545752344,0.14319639974825854,0.02007895178795766,0.027880575395345112,0.0001518296234322541,0.014989550106115737,0.1302992192744045,0.017807266049770138,2.376030014899518,0.1166650106799812,0.4040081507566663,0.08535941925295136,0.29764178169895966,0.22620971982411772,0.0012425213246964313,0.014321995465694255,0.22797273387134423,0.0725895450578494,0.03120003215162033,0.022425481889464784,0.09874677695267302,0.05775816602191159,0.014992581241906366,0.0003209765619317851,0.009457248590536685,0.3502579260962189,0.13248159437850554,0.08460073711454279,0.3677342486977718,3.1034845264065796,1.1367612562376532,0.9144331856045785,0.06785334233010408,0.004754955517279157,0.8129061008709365,0.03584091481570662,0.058431059182739185,0.053008467690187244,0.0342203753152201,1.322540105317321,0.03021562706940877,0.3248448938474423,0.045625928599955255,0.1907554004954227,0.337027050098365,0.1417352721842488,0.000362877842583768,0.0016063316180761592,0.00012599683473828762,0.0005691758740610151,2.249475235211399e-05,0.000981919245022387,1.1627906976744182,1.1627906976744424
nursery__no,0.845945357845907,0.010473925287560248,0.007930470719298748,0.021187333983674516,0.6700726396373061,0.020744062001946395,0.007806442507086444,0.01037498822976429,0.08755826762398192,0.13998735866353657,0.0007371746566370482,0.2482224261601172,0.30340990759441033,1.0969381421484812,0.08394584872371334,0.9323952605501697,0.3735481623054237,0.03641422419639449,0.048206339792917066,1.0605879036035397,0.14286929614082194,0.08836122314687948,0.07327225847153303,0.624147945394719,0.05652275897489712,0.4343776236241964,0.9418890162055457,1.0418255262095766,0.5167255356708016,0.008454197364151867,0.07884415055559296,0.08396216560411164,0.9227222355033404,0.9963235090728415,0.0020490186807479503,0.03351492515163181,2.527297036277283,0.07224143996096276,0.37882224691636307,0.5712214407157327,0.42341894982602507,0.4849824253264033,0.04291482036823342,0.10170538080547678,0.0001352236448772661,0.5614072635968457,0.07219470964550553,0.024360448710766633,0.0023081304728317974,3.6615360925545284e-05,9.740308945146565e-06,5.43640496843706e-10,0.0004825635876443547,6.626500600130788e-05,0.0003955701843563684,1.1627906976744184,1.162790697674525
nursery__yes,0.04563351441283228,0.0005650034202987733,0.0004277997940566557,0.001142925487735357,0.03614627017564829,0.001119013708825074,0.00042110923992441467,0.0005596663785962367,0.004723226424169852,0.00755145127275522,3.9766008532844494e-05,0.013390063030323045,0.01636708596222086,0.05917302111235928,0.004528358790673553,0.05029695141198843,0.02015061054517501,0.0019643219379199754,0.0026004335638551554,0.05721215080416997,0.007706913956233295,0.004766540903157352,0.003952584681752619,0.03366891726249979,0.0030490528878861904,0.02343198335970691,0.050809080749318745,0.05620003671041048,0.027874143360223067,0.00045605160391013334,0.004253153761500442,0.004529238985345634,0.0497751516009291,0.053745484610131386,0.00011053187139434849,0.0018079227053700436,0.1363320274304,0.0038969784053863566,0.020435114755613097,0.030813860027787607,0.022840830758564933,0.026161799093569957,0.0023149888531625033,0.005486375588923902,7.294478408357975e-06,0.03028444593637903,0.003894457594196596,0.0013140953810261377,0.00012450934829509315,1.9751720191286596e-06,5.254293608067958e-07,2.932603861908688e-11,2.60313177764935e-05,3.574586794824178e-06,2.1338562285122653e-05,1.1627906976744193,1.1627906976744442
internet__no,1.1224247603381152,0.029575016398997036,0.6369484043713413,0.016564171945681275,0.074470690222369,0.33812773258238676,0.447955377369841,1.613371912181609,0.011086240577886639,0.7025531285105107,0.08776704042918923,0.8845464280221883,0.05636935426689834,0.0003296628183976925,0.0049095792797896175,0.12796045197563055,0.1451787807916638,0.20285036769264858,1.0573742045581962,0.5107562540899363,0.40222192633335446,0.028468957764563457,0.4745600287353684,0.012391690630326692,0.02183979647608259,0.07958259676646577,0.09957430866310249,0.5620959338350172,0.383642603082323,0.733966787956078,2.648096036065021,0.5085104196057306,0.037811890339534714,0.050768052627056526,0.030999244869566192,0.09608898499243466,0.18590154730661773,1.1176887398199216,0.7098107472902075,2.3683625338651755,0.24617259118958962,1.5754245157888818,2.534067510296828,0.4661327407148091,0.26793883536293245,0.6771300201753878,0.15729925248924115,0.0008260873320364,0.3272694001923018,3.298055817350577e-05,0.0006191728200893901,0.00016303703682330072,0.0018742121241485036,0.0003572608109481397,0.00027710846187746914,1.1627906976744196,1.1627906976743847
internet__yes,0.0359685727573677,0.0009477438192179728,0.02041127907621921,0.0005308058453863041,0.002386444538828379,0.010835445172297939,0.014354918166744267,0.05170118038960253,0.0003552632344917929,0.022513610009043575,0.0028125316644165613,0.028345661711883147,0.0018063796272847676,1.0564183442785336e-05,0.0001573295295802078,0.00410054641485692,0.00465231499183773,0.006500425210696456,0.03388400038231372,0.016367398631673434,0.012889370524552336,0.0009122997058374386,0.015207475391192042,0.0003970969295879001,0.0006998654487267879,0.002550257730551646,0.0031909005329092415,0.018012600226918498,0.012293988309412945,0.023520273916745247,0.08485934942579956,0.01629542992258879,0.001211697903351148,0.0016268835642186921,0.000993383818598749,0.003079211872376026,0.005957293144523112,0.035816804991180944,0.022746183450353116,0.07589517188616823,0.007888704053895803,0.05048514013787715,0.08120525743635204,0.014937419407908584,0.00858621248819659,0.021698915827141316,0.005040720596839253,2.6472315433726333e-05,0.010487485351384088,1.056875835389374e-06,1.9841653013721874e-05,5.224590305254991e-06,6.0059914509913884e-05,1.1448572700322181e-05,8.880057019551554e-06,1.1627906976744178,1.1627906976744722
guardian.m__father,0.054661783654692334,0.007318227786722901,0.5839229838114137,1.1955301257152071,2.0864813083035614,0.3876155357045456,3.2485492875933275,1.618397288457555,0.07258564702982348,0.008228355409103416,0.0005645676419478415,0.012901441432301423,0.005060768413272283,0.09289017129926705,0.06431428507725061,0.1849946650799313,0.006348752408658264,0.003746162610101923,0.004200929551383896,0.032259158895447455,5.384176754647021e-06,0.0003187835701633999,0.00027966127646043474,0.0010696867698161735,0.0005745518550875961,0.000602089024181922,1.0015433652401289e-05,0.0002605331358155704,0.015902395748692174,0.01038673103049662,0.00027809053267673284,0.007333089576957856,0.08491682532254548,0.0011967310883364446,0.06271920427160042,0.0011950777282498713,0.02536684087963819,0.01448729663358612,0.112097248785935,0.16012495344545458,0.08146096181232144,0.0005688845026454457,0.010541708006088025,0.13137309524032204,0.0004174909558659398,0.0243928964601719,0.007454790851708508,0.0745172066798928,0.007983804338272872,1.1007851793915857,9.49484941535011,1.7570821667430336,1.0826627983108903,2.724952588902705,17.66219199414336,1.162790697674419,1.1627906976744535
guardian.m__mother,5.796753786638232e-06,3.619742400830005e-05,0.0016392838713934184,0.209852566433747,0.5952581107965171,0.0171106851167189,0.2017220647368137,0.06941686587920987,0.00018144066948424771,0.002756522247757995,0.005929589228515768,0.002058074293141566,0.0037118866182688603,0.013150190765437067,0.0011952620250048613,0.01486151684033593,0.0007359050062749996,0.00046140098329438243,0.0010350574599583089,0.009814811564620914,0.0003622745294979855,1.2746112630061481e-05,0.0014448982923050604,0.00048789054322576276,6.581419824296221e-05,0.0003352635502606704,7.644706328556542e-05,0.0010033121428032227,0.000571007827843754,6.184474387371142e-05,4.7019709592827533e-07,6.727034966071593e-05,0.00573282328900863,0.0007015350522861173,0.009085584674585359,0.00025018758262379456,0.0019476367673761747,0.00294242236386063,0.01012221886767889,0.024231334659446546,0.011940090099789724,0.00048038395173578916,0.000626797016621236,0.011637684028070515,0.00029954093732707104,0.0041602019000285505,0.00212959759598867,0.012832144526655353,0.0016545320550726257,0.12047402641371988,1.040527676172194,0.19322470725658586,0.11929402459112573,0.2980740470638977,1.9338778873111726,1.162790697674416,1.1627906976744338
guardian.m__other,1.8799451352485723,0.3480456074809632,13.324004412964547,2.738386463936734,25.454730408123144,1.6710955209581924,6.408459275620746,7.327954159845175,1.6920677661715535,2.011583532555989,1.4122105768094009,0.017880042256636593,0.41286960720321547,0.056422532074410066,0.7193566479496682,0.12317313251550153,0.00017109810393801315,0.0004444995769913198,0.8493363725042214,0.46408591521683196,0.09855913195955705,0.026539611549047482,0.31160468143431264,0.037491008435053985,9.652984701846364e-06,0.2063554788458368,0.02831699216146008,0.2048591363240491,0.09394957038771715,0.19756103600002073,0.006898862054914195,0.39439607108257757,0.12674088109093248,0.42508976526517384,0.045760734675407894,0.21947019038430454,0.021705268776645192,0.06138246220077544,0.030627257382459583,0.15967200873560936,0.06492316850922794,0.05810778555234082,0.023607364890137643,0.042974878283383276,0.17113011906117545,0.04853243004112056,0.09126203119050501,0.15556644760424157,0.03645328455181011,2.4216644483814997e-06,4.93660758087446e-05,0.00025928235225233917,0.000341495198294013,2.3876791890994466e-05,8.221951489323765e-07,1.1627906976744184,1.1627906976743854
schoolsup.m__no,0.007756996926387269,0.01059630401018396,0.10486500845606402,0.05235851442645089,0.02552406749816633,0.024939540713271126,0.016601480933591217,0.024339019727641943,0.022411311918252932,0.06492827396776078,0.0001084670902759588,0.004909067848669686,0.009264424209874996,0.003853097916523843,0.0007960836538844304,0.007271652676720272,0.0014566157775683544,0.0014754044314040594,0.00010378157616083785,0.0005836229237321617,0.001711869612622252,0.0014032182294193896,3.808241485998317e-05,0.000715408644032699,0.00020202664045442211,1.5724448078579148e-05,0.002674353188708734,2.3447229510291364e-05,0.0004182615719435628,0.0021898006676893387,0.0002912863955198122,5.82836612224841e-06,0.002024405894815963,0.006693554332826733,0.00022251644394424245,2.7686703902809557e-05,2.540498078026602e-05,1.5758634967030866e-05,1.899216035628547e-05,0.0018933241943276096,9.436750619629854e-05,0.001623491836652931,0.004799313206660771,5.814793851481793e-06,0.0025603720855986185,4.944687532120515e-05,0.001417031780493297,0.0006676331858536032,9.118347633722632e-06,0.033745244266696374,0.1882506987632497,0.3099304304011477,0.5036098079543414,0.3233918120908303,0.02754533629010772,1.1627906976744182,1.162790697674454
schoolsup.m__yes,0.32674522885502605,0.446344353579302,4.41719153842938,2.2054791230589696,1.075141237664978,1.0505194233320634,0.6992982901058015,1.025223890957393,0.9440237389756662,2.7349506436685322,0.004568920752681334,0.2067829229404461,0.39024205338643375,0.1623026762138676,0.03353314925153067,0.3063012452572667,0.06135650949871882,0.06214793729683235,0.004371554504328052,0.0245837413098887,0.0721084762124205,0.059107263526881615,0.0016041320470875403,0.030134904440164194,0.00850989648397837,0.0006623553463810427,0.11265083033760895,0.0009876593280957384,0.01761828376920763,0.09224019644471858,0.012269753471567328,0.0002455061978930096,0.08527333111954565,0.2819502138634456,0.009372981205295911,0.0011662372034968364,0.001070124990106482,0.0006637953885517478,0.0008000000310631618,0.0797518231659884,0.003975008975922452,0.06838577051731325,0.20215976710302544,0.0002449344979478549,0.10784964477902996,0.00208283318226356,0.059689126836843805,0.028122475769053468,0.00038408892160621483,1.4214389492900765,7.929617380700316,13.055089536786921,21.21337722771609,13.622118540763061,1.1602824257118298,1.162790697674419,1.1627906976744806
famsup.m__no,1.1125779674744918,0.09302251365891273,0.27531840393638823,0.7860987278876748,0.02696487614514268,0.14426865963538824,0.257746229369357,0.2439048930732909,0.04402073951657548,0.5594145129241687,0.12995238283797275,0.02478181006664753,0.056201025288697956,1.8042532796152672e-08,0.03903051936213188,0.1504159547655189,0.023150913273304576,0.0034038044779710363,0.006094859048130763,0.0034253827964722252,0.004708004352169064,0.00013991558495805606,0.009024023094815226,0.0010357655454075276,0.03291142135387114,0.0015904895057308624,0.08726217748382513,0.017380981354231897,0.0007081733154514389,0.03220452711023936,0.015397969538113291,0.0004614775921335129,0.0072637069463568705,0.19086171732975057,0.011140072114799502,0.026328341382152145,0.0011058430140099677,0.039425873057764904,0.01564799590268208,0.09411513942546236,0.00041593041115123156,0.012869355737663471,0.01758632015355899,4.15133988547738e-05,0.0615623965876649,0.01635719094217088,5.302339549949129e-05,0.014712346391305631,0.0003396178240941213,0.044075740735589994,2.5922822925287248,7.691797150962911,0.06662293433548581,0.014880733795901149,10.231185741499392,1.1627906976744173,1.1627906976744047
famsup.m__yes,0.40728791634685196,0.03405329502208913,0.10078741656706708,0.2877717537864347,0.009871189741997055,0.052813271064886064,0.09435466796488587,0.08928768912449261,0.016114929288463174,0.20478813890254136,0.04757242798051349,0.00907202198894855,0.02057383765953038,6.6049353869886925e-09,0.014288130243153086,0.055063647306295545,0.008474990071944797,0.0012460505906222534,0.002231180658534721,0.001253949891738737,0.0017234866578380496,5.121971558665258e-05,0.003303476853578288,0.0003791687442548319,0.012048076286877115,0.0005822397851640883,0.031944575106005665,0.00636275738580171,0.0002592451428077326,0.011789299381362922,0.005636824665318775,0.00016893579815126556,0.002659067637166349,0.06986986389643549,0.0040781112804971435,0.009638169742608439,0.0004048224125858209,0.014432859680209997,0.005728353277275842,0.03445327891968016,0.00015226207551780472,0.004711160238969495,0.006437926959681354,1.5197052444261633e-05,0.022536506172618383,0.0059879724485708795,1.941058415855223e-05,0.005385834594486931,0.0001243258809479341,0.016135063906030773,0.948971923202414,2.8157811193129207,0.02438904679015043,0.005447477155354752,3.745389936016145,1.162790697674418,1.1627906976744642
paid.m__no,0.2554526493807484,0.03984739530750131,0.11892125329108763,2.3411917011487273e-05,0.0035826012442307384,0.0007575475173093296,0.07273435737113737,0.055768870379902524,0.009971293857983102,0.06861679475294344,0.0907482075278105,0.033817340321229926,0.5955034373121424,0.03890992684585919,0.0020864599258392817,0.11373132873851957,0.015826167750226675,1.0750281521446729e-05,0.018320305368329615,0.04163688040423542,0.0010232483317095598,0.03227730144945092,0.005140711617316441,0.00047776649719279943,0.003350930850728152,0.04493932887336674,0.0349837829856243,2.1883953269621135e-05,0.023807697506211273,0.02384057559732641,0.017861449944602776,0.004959302416036931,0.0003470053367906241,0.0031274435373090563,0.014936915313820437,0.10339935878666319,0.05188501928079726,0.3168926498323891,0.11603807737617972,1.5609771008790958,0.0027984199514431768,0.0002381436075816435,0.042082888212297886,0.3195473814274566,0.12618476354529015,0.2767975120666099,0.006130658779552262,0.030513172051980016,0.0026739949012093097,0.0009814015521615504,0.01310106299212706,0.004450985442432982,0.0005844591879811515,0.0001316771829020397,0.0003972389999008059,1.162790697674416,1.162790697674428
paid.m__yes,0.3426664620711154,0.05345165143470095,0.1595220297346854,3.140495427264558e-05,0.00480573325956136,0.0010161809957204072,0.09756651564116468,0.0748088600885889,0.013375582507636432,0.09204318042364726,0.12173045489342908,0.04536288189855063,0.7988136216618085,0.052194122879671755,0.0027987959521017292,0.15256021865480207,0.021229362561948278,1.4420523506615957e-05,0.024575021006225842,0.055852082702543944,0.0013725944377443987,0.04329706002148723,0.006895796409643571,0.0006408802401777185,0.0044949685276214485,0.06028201653111304,0.04692755849120205,2.935533008253713e-05,0.03193585775794078,0.03197996072257783,0.023959508248649185,0.006652452489193822,0.00046547605345295396,0.004195180652284335,0.020036511413173107,0.13870082201824252,0.06959902758707637,0.4250826266145153,0.15565451184953125,2.093908604310516,0.003753825479887445,0.00031944795903535953,0.05645036155389049,0.4286437072517124,0.16926536716750795,0.3712986512368513,0.008223720361667793,0.0409306411147644,0.0035869206078495575,0.0013164607944585694,0.017573882736261433,0.005970591567494961,0.0007839987671166079,0.00017663294749192528,0.000532859937154852,1.1627906976744184,1.1627906976744973
activities.m__no,0.3110133636105,0.013827171395823864,0.09153291296430723,0.6070471426048882,0.32078849320561054,0.43298471129214894,0.39972329081527613,0.13877398830090884,0.1018619231079315,0.11803078191888396,0.026753889035009946,0.002560913479609437,0.01295881193372055,0.004716085935718109,0.0009601084016137992,0.04316464708196004,0.01686781563835902,0.013060739056065557,0.027183346199985733,0.013842384716388989,0.00010052328910024004,0.021743480723439852,0.0002499436358155289,0.0015984712305400612,0.0030017088461948968,0.002379295721449831,0.011044253409418149,0.004538759002371697,0.006445992865024436,0.00943193122178353,0.0004329112780340498,0.001864653210892683,0.08652592311188825,0.026641574221573195,0.008076026344814528,0.00015229598849184883,5.25642806434399e-06,0.0156388181877189,0.022267418728878566,0.03450702732361704,0.005252202250156285,0.0035747572110630186,0.015513441739640671,0.002168328561918354,0.01893326264850785,3.06802832949985e-05,0.015169219230402754,0.0063482958346223195,0.0005659946769044333,0.005880669352562082,1.4317603361979732,5.195929971007502,0.4683774169331785,4.707831893154898,1.5352090134748748,1.1627906976744167,1.1627906976744702
activities.m__yes,0.25219942093620495,0.01121239479464827,0.07422365192999368,0.4922519600722443,0.2601260321751686,0.35110547082107113,0.3241339256552877,0.11253124008628697,0.08259940256278152,0.09571066177680151,0.021694615447042397,0.002076633907712291,0.01050824578007024,0.0038242541357902254,0.0007785478415204869,0.035002029728276374,0.013678040348711121,0.010590898052418586,0.022042860445477493,0.011224731211940881,8.151390990849343e-05,0.01763169654168491,0.0002026782369979074,0.0012961935591624583,0.0024340730058708794,0.0019293608358807634,0.008955738371474599,0.0036804604756491,0.0052270283470969596,0.007648313129795035,0.000351045924102714,0.0015120394010557882,0.07016350503870078,0.02160353983992848,0.006548815600665105,0.00012349617284178584,4.262415282196109e-06,0.012681451514760914,0.018056555653988438,0.027981602488775983,0.004258988587345936,0.002898755500894447,0.012579784283368188,0.0017582884586274854,0.01535290259220686,2.4878511943443693e-05,0.012300655706720521,0.005147806238411421,0.000458962689291462,0.004768609902212646,1.1610084001431547,4.213357634221493,0.37980526611088145,3.8175609675889635,1.2448944949489904,1.1627906976744187,1.1627906976744142
higher.m__no,7.966889268615162,2.7286560508507884,1.5252979619829736,5.833316012469009,4.754153185492733,0.001018043805174922,2.002066555710394,4.100429831179393,1.145469222756224,4.842100386439049,0.8332106187118302,2.896391018230261,0.0034952555239598487,1.2072064406839806,1.9990990198084413,1.2130257835234148,0.39934520907738597,0.02502990047497243,0.01467647459046951,0.018354130724413303,0.12859347872900292,0.16714672762794347,0.04116072022000857,0.12151375817272983,0.03392760043524158,0.8188415791702004,1.399126362207507,0.4848853287335808,0.6244513227774241,0.09990498970483737,0.2215643876070577,0.01926912425345315,0.07666119688680553,0.05765929503043606,0.1407350735421683,0.09074599465672367,0.14138560328146765,0.2994059869170155,0.0393545234188603,0.9234943085831098,0.271502679331881,0.4810159345364253,0.040342493015370205,0.016105553062849207,0.001012638820187054,0.05224807476596672,0.038582289993711466,0.16648897344293742,0.010908554093511496,45.64284936136011,16.907294895489027,9.89123642673713,14.43717637831498,0.6195986897626542,12.143004172557955,1.1627906976744193,1.1627906976742417
higher.m__yes,0.019481887174188733,0.006672537740578258,0.0037298978058393113,0.014264539216579785,0.011625601015122281,2.4894803833827184e-06,0.004895767148066115,0.010027014138556055,0.0028010809999774893,0.0118406633045998,0.0020374972864285255,0.007082709590528071,8.547147006423208e-06,0.002952050528179028,0.0048885104638474956,0.002966280898001363,0.0009765415389224769,6.120703835505397e-05,3.5889217540996835e-05,4.4882399126843793e-05,0.0003144569429129748,0.0004087333938492751,0.00010065264876888867,0.00029714449981859667,8.296508982171275e-05,0.0020023598572873444,0.0034213632211933724,0.0011857176557004032,0.0015270063140010721,0.0002443033500208829,0.0005418039909483022,4.711988481251472e-05,0.00018746398224344423,0.0001409975515476879,0.00034414747484951404,0.00022190633882365908,0.0003457382521977734,0.0007321544783322774,9.62358530650757e-05,0.0022582731250823974,0.0006639209342434828,0.0011762556061300073,9.865179127655471e-05,3.938382435969964e-05,2.476263266364015e-06,0.00012776518705599996,9.43474667760811e-05,0.00040712495015329006,2.6675307377557433e-05,0.11161305392676578,0.04134436923482844,0.024187602661692773,0.03530404802088546,0.001515139894685379,0.02969397832315113,1.162790697674418,1.1627906976744884
romantic.m__no,0.00041180210671374153,0.0023657951929422962,0.6380297873616358,0.00045373549652339193,0.04082071542007215,0.07002665113420824,0.4398712169979231,0.0011615056261401232,0.027557340011166904,0.035493665428393294,0.009887089760844516,0.000502177694022046,0.0004818442241674199,3.67133156774118e-06,0.005273392753265499,0.005764102250286936,0.0002106120265673374,0.004841798625484916,0.006257489714353092,0.00013241848225871845,5.0624485707612275e-05,0.0012179213603061207,0.000265663828542579,9.813253343647278e-07,0.0005053196222590018,0.005809039175022561,0.05381624235756657,0.003627722222637509,0.004913413323706344,0.006712113307514205,0.004964460690229911,0.0004120782308473916,0.03091195532794585,0.004662402346737995,0.002065836270586229,0.00012017885279731927,0.002741638553254855,0.0022461145537033657,0.0004620210151523053,0.011879460241613729,0.00346634609809007,0.0032500806085837912,0.009782627623018224,0.011478049693994156,0.001963725563751645,0.000506920762726231,0.0003353308319470214,0.00014224595523273324,0.001748592458802708,0.1121141566564184,0.5988799737409538,0.15452448865722732,1.1016030153190175,2.377992236631902,0.008141158154187592,1.162790697674418,1.1627906976744455
romantic.m__yes,0.001916014706061468,0.011007467682427547,2.9685968953529063,0.002111120535391713,0.18992882693332017,0.32581691837397697,2.046613426208284,0.005404202223775099,0.12821757795920405,0.16514336333908752,0.04600221580482821,0.0023365102584847405,0.002241903585445595,1.7081809830346907e-05,0.02453580955844551,0.026818961094993286,0.000979926361709827,0.022527707408418737,0.02911457255866736,0.0006161108824496931,0.00023554337756221107,0.005666690867113839,0.00123606896141992,4.565867297471508e-06,0.002351128883812866,0.02702804163934913,0.2503938423358928,0.016878906190034137,0.022860913122341443,0.031229825190982403,0.023098424061140006,0.0019172994442698827,0.14382578436548196,0.021693020303403757,0.009611832018892572,0.0005591628735336181,0.012756175116882467,0.010450622874996809,0.002149671031568155,0.05527222943234652,0.016128062464858033,0.015121831919768841,0.04551617897053721,0.05340456411478527,0.00913673581915967,0.002358578599663673,0.0015602125266758497,0.0006618357158943807,0.008135773983068192,0.521639810504189,2.786442366723984,0.7189647354564233,5.125489994300352,11.064217550134146,0.037878822117324004,1.162790697674418,1.1627906976744342
guardian.p__father,0.058118421166367985,0.006704200958288321,0.5727188583490475,1.195965875697307,2.08241122734295,0.3895374883347584,3.2286411793619685,1.6322948383895843,0.07350135385136693,0.009826186814182737,0.00022523886018028816,0.01168656299238511,0.00971814116472916,0.08907515368939288,0.06420288635225674,0.17527874133402363,0.00741500504932043,0.003494853588834963,0.003652025582862549,0.02814966388649143,2.528127909804073e-05,0.0007681221797711975,0.00016281032921740144,0.000951190757444955,0.0007532119656631218,0.0002792513661121469,0.00012671800926722593,0.000375838080807175,0.018711383754670633,0.012742101320566905,4.858660697461197e-05,0.007825760767381099,0.08214276916053329,0.000778704535397757,0.06584961698320752,0.003133144273561898,0.020277419143062966,0.0302394941285061,0.13257262909442633,0.27587525551018915,0.07480539038732241,0.00044614237531113646,0.017292633701644886,0.0884675015038564,0.00033800532619022294,0.00854478283395089,0.007989679950634513,0.07917441303984109,0.03373499422188032,1.108164909056955,9.389439716323631,1.8514618862420087,1.0432963997497198,2.7901409052624957,17.472709295571484,1.1627906976744193,1.1627906976744342
guardian.p__mother,1.1063160445090483e-12,5.2273246949428455e-05,0.0014478319722209749,0.20991297724125613,0.5945385991795594,0.01724440412823327,0.20008127950379484,0.0703705212986703,0.00019685725729745132,0.0024718182060309074,0.005491919663913065,0.001896827863207695,0.004900828040125699,0.012674598511881813,0.0011902397786268393,0.013952310227780785,0.0008558998557643015,0.00043218684951585684,0.0011304756485491932,0.009054505359960045,0.00039718505421804914,9.439564782820424e-08,0.0013469124302378347,0.00046101255929094896,8.579334579914816e-05,0.00043681523259923036,3.6791759269408977e-05,0.001072501584147484,0.0007524864746650345,0.00013208355105583447,6.380546773265959e-06,5.27863401433561e-05,0.005494852447731564,0.0008236785302964144,0.009479221256675425,7.62887340940116e-05,0.0014860486126746341,0.00517799486237707,0.0121668713853881,0.03883066686174093,0.011094467479166495,0.00044161090138799923,0.0011954702602828032,0.007458496679608757,0.0009091624092535672,0.0018840871026015403,0.0022235761521021665,0.013469703226436145,0.00516772221629022,0.12140806063088085,1.0273225652365592,0.2018938197344913,0.113516161922629,0.30583710330244934,1.9134220573636993,1.162790697674416,1.1627906976744227
guardian.p__other,1.8799451352485723,0.3480456074809632,13.324004412964547,2.738386463936734,25.454730408123144,1.6710955209581924,6.408459275620746,7.327954159845175,1.6920677661715535,2.011583532555989,1.4122105768094009,0.017880042256636593,0.41286960720321547,0.056422532074410066,0.7193566479496682,0.12317313251550153,0.00017109810393801315,0.0004444995769913198,0.8493363725042214,0.46408591521683196,0.09855913195955705,0.026539611549047482,0.31160468143431264,0.037491008435053985,9.652984701846364e-06,0.2063554788458368,0.02831699216146008,0.2048591363240491,0.09394957038771715,0.19756103600002073,0.006898862054914195,0.39439607108257757,0.12674088109093248,0.42508976526517384,0.045760734675407894,0.21947019038430454,0.021705268776645192,0.06138246220077544,0.030627257382459583,0.15967200873560936,0.06492316850922794,0.05810778555234082,0.023607364890137643,0.042974878283383276,0.17113011906117545,0.04853243004112056,0.09126203119050501,0.15556644760424157,0.03645328455181011,2.4216644483814997e-06,4.93660758087446e-05,0.00025928235225233917,0.000341495198294013,2.3876791890994466e-05,8.221951489323765e-07,1.1627906976744184,1.1627906976743854
schoolsup.p__no,0.008359680566505531,0.010388578643778157,0.09841027188992837,0.05454848584205764,0.025775406566962568,0.023106797628503196,0.01610481176014405,0.021503583066376154,0.022728665582819517,0.06268865962518262,0.0001742495808371949,0.004005574453692634,0.009412217452127761,0.004341696623688,7.946642021224644e-05,0.0057215824681790635,0.001876378685786871,0.0013502516237655037,6.527693405889237e-05,0.002236078602676463,0.0013572730970585242,0.003071931237553591,2.5586590907618997e-05,0.0006691127517302278,0.0003562836212028936,0.00030434373687191835,0.0012821646319946785,0.00017899655506462854,9.222779922956007e-05,0.0008169175810238197,0.00017540193495826467,1.6276685592382458e-05,0.003220307624340785,0.005706494935703104,8.223084411833604e-07,2.6718383793320415e-05,7.243238891943228e-06,1.098002423119257e-05,0.00010738276910734402,0.0035259958879214877,0.00015720104454639618,0.0019836188177026954,0.0043381840205444335,2.2770862894301998e-07,0.002245099441612434,7.624832681624183e-05,0.0022930441621189716,0.00025814634188852536,2.555104102027147e-05,0.03310079706061181,0.1812815158632178,0.2992794347030607,0.49314034353024405,0.31483848931888936,0.027325157115226855,1.162790697674418,1.162790697674471
schoolsup.p__yes,0.36857497230500424,0.45802827697272225,4.338869523518179,2.4050209213819866,1.1364273653747534,1.0187694647216519,0.7100547085800474,0.9480843759633005,1.0020977740802774,2.7639179274104535,0.007682594319279492,0.17660417543352758,0.414980902577332,0.19142366745975506,0.0035036426805897655,0.2522622823890278,0.08272878570486931,0.05953205399117142,0.0028780339118828434,0.09858781116056459,0.059841627940071515,0.13544021949124296,0.0011281025584805725,0.029500913578685325,0.015708402345387684,0.013418393621187978,0.056530125758793646,0.007891886514177458,0.004066286776911717,0.036017569380308034,0.007733401151536062,0.0007176325570939301,0.1419820750341384,0.2515970791171729,3.6255250248417364e-05,0.0011780028540938497,0.00031935150545029273,0.0004841048763435112,0.004734463336835411,0.1554597483001072,0.006930931173633576,0.08745696022498449,0.19126879819220047,1.003958236663887e-05,0.09898553634091012,0.0033617582299978635,0.101099399890163,0.01138156895532885,0.0011265351781675186,1.459400902083562,7.99262952180243,13.195110564283041,21.742360490109412,13.88110305865769,1.204755247149074,1.16279069767442,1.1627906976743896
famsup.p__no,1.1570008952361057,0.09323758767794998,0.27823568112578934,0.7765289482787749,0.02768825227649871,0.1436656370641787,0.2645911433854424,0.2457420507625849,0.04665034115617784,0.5789359815006174,0.13114187578284192,0.02187147740114158,0.05508580900730843,7.773992760850557e-07,0.039653392816884056,0.14780582278192841,0.023858022002896235,0.0038012060832404125,0.0038862724822123886,0.0042611221384322995,0.003653190447321731,9.423078820071197e-05,0.00977395073867868,0.0006252846913931027,0.034426471146478545,0.0010161295014114399,0.09054034157858099,0.01573429803807765,0.00022498383286992835,0.03273558485434765,0.017238309169931687,0.00013659333237271741,0.007054676525396319,0.17768273858674008,0.010128954410950488,0.026399018442009127,0.00311471838362085,0.03208398773731123,0.016599872865759407,0.052326916150848446,0.001348693900044145,0.01702506394138664,0.009016572646426293,0.0016328642543000271,0.04692669207824159,0.0071718411519094685,6.938459582592496e-08,0.03936174228375757,0.020277567866554345,0.05148280966435631,2.737584054823655,7.905702484304395,0.05911207684823537,0.01704976515002936,10.27807468572327,1.1627906976744173,1.1627906976744047
famsup.p__yes,0.41419987932079544,0.03337853732298806,0.09960682486898438,0.2779930404466425,0.009912240170902538,0.05143149826378026,0.09472215631884781,0.08797428609520315,0.01670056242542457,0.2072558583656822,0.04694806144646172,0.0078298671482632,0.01972041295478807,2.78304612956146e-07,0.014195693872874438,0.05291366170178484,0.008541039056340483,0.0013608106159938176,0.0013912639132501539,0.0015254580033403316,0.0013078218423571437,3.373409758086204e-05,0.003499019951598182,0.00022384843847792862,0.012324485013818673,0.0003637687045808403,0.03241293823533199,0.005632791102758166,8.054295965332087e-05,0.0117191571346187,0.006171218714937261,4.8899652556670863e-05,0.0025255349217945095,0.06360943123125008,0.0036261092899200708,0.00945070163548693,0.0011150518412959018,0.01148588899424513,0.005942662072301083,0.018732744671288683,0.00048282490786225735,0.006094878110281917,0.003227882810993613,0.0005845563126727868,0.01679949451704174,0.0025674792058155804,2.4839299032381488e-08,0.01409128460567159,0.007259256408381481,0.018430559248374584,0.9800398511420819,2.8301974773121334,0.021161794427075182,0.0061037210055333935,3.679493518117468,1.1627906976744171,1.1627906976744706
paid.p__no,0.0029446941178127703,2.83167934995897e-06,0.0007808517326164909,0.0010605141749773501,0.0008411050472710999,0.0003900014843650128,0.00024919411837994414,0.0002630650255664437,0.010224020092603765,0.0013380015070036315,0.009216877472272442,0.007473424239610754,0.01216731055300525,0.00025424326519914696,0.0027868835333094925,0.0017984170570809217,4.687248289976643e-05,0.004697965612011867,0.005158431729685372,0.04401529623054085,0.0014942513662106033,0.01263512339223916,0.00014865227650418195,8.956832037200367e-05,0.0012997440935590483,0.006123859689613662,0.0059905825760371845,0.0002577258027048685,0.0020699310015244218,0.004949606073548792,0.016906557455855155,0.005757417193390881,6.507202992637002e-05,0.015223393964538447,5.393615731503467e-06,0.008677476359303367,0.011377365992030698,0.0012800014893806781,0.004475149053903498,0.0007980381885101021,4.455155233499644e-05,0.007425147974417258,0.01248472158588637,0.0014484953910386333,0.00023198633171637867,0.006112601161659501,0.004833189691873012,0.03762969952419345,0.004380433369889861,4.1836709877515213e-05,0.00021107940372497785,4.791008349446756e-05,0.00022956149514684505,1.3130099531020192e-06,8.328656970591949e-05,1.1627906976744173,1.1627906976744802
paid.p__yes,0.5520691623004738,0.0005308812338704152,0.14639352838000588,0.198824444496936,0.15768977702803366,0.07311720136462209,0.046718736371302375,0.04931924420146355,1.9167920273021117,0.2508475724727991,1.72797364397326,1.4011122698688006,2.2811187429669753,0.04766534683177399,0.5224829459726481,0.3371659528790059,0.00878761981181222,0.880771257106412,0.967099117889657,8.251956483837002,0.28014118513027547,2.368823961891755,0.02786922324709142,0.01679220510453568,0.24367509976523724,1.1480968663060265,1.1231101676873574,0.0483182504905387,0.3880691943923054,0.9279486321557362,3.169629387167553,1.079396487310043,0.012199657965606334,2.854071090961184,0.0010111912475557062,1.6268471063205312,2.1330204975828413,0.23997377035229486,0.8389977670052049,0.14961563292753002,0.008352493397528481,1.3920614699493326,2.3406267380308843,0.2715628873944808,0.04349263274617056,1.1459861254794221,0.9061229715816963,7.054789347482508,0.8212405378200826,0.007843516661295432,0.03957301673142754,0.008982148434495263,0.04303802610802137,0.00024616217382436345,0.015614506950422312,1.162790697674419,1.1627906976744862
activities.p__no,0.29188958373029505,0.013184380073842322,0.09501816092963282,0.5883798355469717,0.3234183752659445,0.42463588724005524,0.3997313061864055,0.13582717911324202,0.09898719475652758,0.11389198095779388,0.028833762388927413,0.005341055709299301,0.014232946512985989,0.005333319506664371,9.79981748299869e-08,0.048101369829295505,0.015506516946532902,0.012213218636811124,0.030344042686300407,0.028889634286560252,0.00025600791822861304,0.019620346711198448,0.0004322837973540443,0.0016972217484635,0.002403785151599406,0.0004991676832628229,0.022601356829614203,0.0009317672922601187,0.009626266516298604,0.014622815685342206,0.00025743287220397564,0.0030153190907998948,0.06205468269909863,0.025129700599760378,0.015559792728074727,0.00045225821733394097,0.00016935558243650722,0.024559747334803532,0.016394565452867008,0.03638177581500874,0.007790203845102013,0.003125635500169742,0.010425347276304241,0.0012270285822113451,0.020529182813288995,0.0008044474440871445,0.024367758101585073,0.0024347435022842507,0.003054610155497844,0.004008011030094669,1.3577496813050316,5.127985420262481,0.42878196525522494,4.639887022135297,1.4883854798267355,1.162790697674419,1.162790697674513
activities.p__yes,0.24171376428705799,0.010917985139148817,0.07868453906582888,0.48723734181644746,0.2678227565577282,0.351640978223491,0.3310174946529621,0.11247848702367574,0.08197129597788026,0.09431394943114903,0.02387723863427076,0.004422928232870728,0.011786303007403678,0.004416521883468746,8.115228857685353e-08,0.0398327443556396,0.01284094668342384,0.010113766353143261,0.025127901748525434,0.023923506152700606,0.00021200015708511903,0.016247609111543403,0.0003579742125888808,0.0014054693299026134,0.0019905744840394285,0.000413360758509952,0.018716183590603386,0.0007715964947206049,0.007971511302146855,0.012109153669031838,0.0002131801614721149,0.002496985739091385,0.05138748274312295,0.020809905066661347,0.012885064358118732,0.0003745150297742134,0.00014024335781566972,0.020337926767950692,0.01357633965151904,0.030127748552409177,0.006451067804128793,0.0025883387576905764,0.00863323007950732,0.0010161023689292392,0.017000216287684115,0.0006661629284485151,0.020178940483922363,0.002016211094241551,0.0025295226697676426,0.0033190339340212604,1.1243525110886543,4.246484726519226,0.3550743454279028,3.842290443032377,1.2325320158449176,1.1627906976744184,1.1627906976744262
higher.p__no,7.9644338722533545,2.7313212254760586,1.5234296833989647,5.837317953640412,4.75590930706123,0.0009130113643526337,1.998547810206711,4.091159494541953,1.1431238450398835,4.829496388169374,0.8331757231753892,2.8984003979711686,0.0031740969601015178,1.21414850468478,1.9914256324356863,1.2121194528597496,0.3965762064933294,0.02710387261605223,0.01391281011792743,0.017229086300271305,0.12751455559411046,0.17801344518645215,0.03998856661043252,0.11669548122264768,0.03416916667878072,0.8198903662580954,1.4138100349311842,0.4808275948261245,0.6294422295654131,0.09578311268041584,0.22278405011563399,0.01761209712562196,0.07555537731592697,0.05871756315287355,0.14687269479064197,0.09319955939903764,0.1409186399723797,0.28012560169203243,0.038736800090180434,0.8780291366575608,0.29109576770935186,0.4636555436829977,0.03335713845874582,0.010857804073168295,0.0015424268027547326,0.0498145787680169,0.027522819370459632,0.14307885777327906,0.1318693433207115,45.88945601394695,16.29948205201001,9.668037955492826,14.534515986189398,0.6325078001415044,12.011972107544072,1.162790697674419,1.1627906976743567
higher.p__yes,0.019475882853898115,0.006679055043580517,0.0037253291980230852,0.014274325390800405,0.011629895359013365,2.2326385856951147e-06,0.004887162559677085,0.010004344857441673,0.0027953457145341977,0.011809842031207583,0.0020374119543897706,0.007087623241023588,7.761799715258978e-06,0.0029690263518737732,0.004869746293542184,0.002964064596112796,0.0009697703395109169,6.627864031820623e-05,3.4021785398867075e-05,4.2131264047882667e-05,0.0003118185908441952,0.00043530639596976766,9.778631492105445e-05,0.00028536209331706794,8.355580548789654e-05,0.0020049245159674393,0.0034572700407386543,0.001175795048331005,0.0015392108620576816,0.00023422388984161308,0.0005447865010073136,4.306786218981439e-05,0.0001847598587909273,0.00014358539474046235,0.0003591561489567006,0.0002279061801510177,0.000344596360275416,0.0006850070564259987,9.472529909746764e-05,0.002147094555888775,0.0007118330269428874,0.0011338032555948186,8.157010672497443e-05,2.6551205468136426e-05,3.7717839337942925e-06,0.00012181442096996164,6.73031146301021e-05,0.00034987886365279725,0.00032246760080234646,0.11221609519169447,0.03985804994001214,0.02364180275313109,0.03554207809687977,0.0015467072760135072,0.029373558166652613,1.162790697674418,1.1627906976744822
romantic.p__no,0.00047427430740202143,0.004007581628483632,0.6333621817615974,8.909621150996334e-05,0.040500570903064866,0.08724011877081875,0.4300308306910563,0.0005459169406744824,0.03629446561321142,0.0455110847239839,0.012621274776233914,0.00013930046320974272,0.0014599401667875149,0.0001365987061620356,0.002181918356302785,0.0030826597689331734,0.00013373474387336912,0.0011380745629840513,0.002945841910386646,0.0015866731593593205,0.0005631595961291977,0.0033025771942843825,2.4034586637743724e-05,0.0013818315223975929,0.0009152854743062983,0.0014419837103700618,0.06113976350398839,0.0009835312503423332,0.006239851984857011,0.005235535403458711,0.0038535229721120405,0.0016316495710760296,0.024614224795644367,0.007326896044621483,0.0010597464953192638,0.0011406870675851862,0.004613129773082733,0.009353013568552756,0.0008332388495016772,0.0036258388033369097,0.0007769397215577204,0.005409994460347334,0.005877005473649166,0.015175825418497168,0.0003692170554745858,0.0012679223388433528,5.7980209103032534e-05,0.00020152923943596152,0.006125382337081404,0.11271531123582759,0.6161492015596469,0.16858485913769675,1.1181101576808947,2.477265845598674,0.009491142464829332,1.162790697674418,1.1627906976744797
romantic.p__yes,0.002102901369213723,0.017769355755192708,2.808286635914451,0.0003950467951814401,0.179576891846685,0.386817000942911,1.9067286769506773,0.0024205601359895373,0.16092729511533024,0.20179318357919024,0.05596190979341322,0.0006176491752642356,0.006473279551078967,0.0006056697605959151,0.009674483790015695,0.013668312509736711,0.0005929711384605423,0.005046148440712114,0.013061671041750798,0.007035205380592296,0.0024970129465227762,0.014643412041099316,0.00010656779074932391,0.006126950912416789,0.004058316141313975,0.006393661793597277,0.27108972672424214,0.004360913464486354,0.027667097031938297,0.02321402276418879,0.017086269713282247,0.007234627858903532,0.10913786856478526,0.032486979547177476,0.004698846893549671,0.005057732115849032,0.020454316763048742,0.041470652600442234,0.003694526754142409,0.01607673294775941,0.0034449000900131995,0.023987562852439543,0.0260582592489833,0.06728862085387012,0.001637084361047486,0.005621885016323266,0.00025708046842760034,0.0008935675134247531,0.027159546074014555,0.4997723440419459,2.731965403518034,0.747494278261442,4.957627568734713,10.98403530892287,0.04208310712439925,1.1627906976744196,1.1627906976744384
Dalc__1.0,0.01155929916869559,0.03298160379804699,0.025833015470411187,0.02466264824256033,0.001612420884012877,0.02053327560703906,0.002327254145683547,0.013110953881560026,0.07708813882969698,0.0019252358968284285,0.024337842409096363,0.01150054053595528,0.0367358865862431,0.06467711752430172,0.0029858042980350358,0.03390194244494359,0.00709162743243338,0.015939625264402717,0.0020460698449624223,0.07584909381817428,0.03140718653593949,0.0183581281682775,0.010197686689375752,0.025041015797067866,0.009374685546297902,0.0003190077062609752,0.134639948421865,0.08264218548978805,0.0046792512783470205,0.0015224545089832404,0.006380785558390048,0.0011539410243919068,0.0429355213674912,0.029425390213896542,0.15601979674677735,0.023033048189987755,0.002513704793504792,0.0036608524944626184,0.10212078417463578,0.13701059333397014,0.00033110902939396383,0.06527507657848942,0.01186462983616692,0.00748681674853777,0.08006289852879041,0.012571716732731584,0.22130651297621293,0.0033252742487582484,0.00799120219433595,1.1893191108541108e-06,0.00031585993375592034,0.00018728574782038947,9.43983556057859e-05,0.00012154830522726962,3.5445725471232056e-05,1.1627906976744184,1.1627906976744902
Dalc__1.5,5.033378166311298,28.425489273623928,7.6845691075253155,9.071772860313578,3.514584580109719,13.432757839210641,13.196013952222845,0.009177478729164062,15.04776802994901,1.7087789921879242,1.195607840171098,0.2614805173996946,0.0004212505169564315,4.42560698609972,3.3266758695086684,0.054907259219181964,0.14968127820507524,1.8130130640713387,0.44122114668337237,0.2957261029925415,0.011241004096144985,0.5601363141051033,0.10647629504581091,0.4914623384530996,0.07679445194549223,0.1634155095464003,1.0789267570261432,0.04587957415960379,0.4215610562022476,0.9159125389100634,0.6481641771730081,1.6620463259176075e-06,3.143377875300589,1.565011572292814,1.7452168884139128,0.07482505785362988,0.7184695547270565,1.0412665868826367,3.9497575882476132,0.2650307774221383,1.8854182010539593,3.1440053374426133,0.3200390945975777,1.433015738526296,0.10494244353508803,1.7376831173076952,2.809941471880795,1.818672864196031,0.8292983472223859,0.00749143038087109,0.045491498854648864,0.0077314971562667464,0.08645423114059088,0.23490024586620617,0.0004240125372471126,1.1627906976744184,1.1627906976743507
Dalc__2.0,0.032226552788390796,0.024449829298411815,0.18602215821580653,0.1727757986535637,0.13706757234224354,0.16743806064879038,0.007028122380203276,0.058882964505938246,0.34466266908549925,0.16912384027773647,0.13590757446167168,0.000959511994438311,0.25366551857965464,0.1599631869967267,0.5973967624389421,0.057417356685143306,0.8734128085506567,0.23371425209420651,0.00011606852426055943,0.7569946002963549,0.26251960709947353,0.43426888378176676,0.07696869440742704,0.3517914295852935,0.1343704000601331,0.12627078937909902,2.1907783990874528,1.7644269310870997,0.04206491385769742,0.0008324224047592998,0.01192212265049522,0.5291193767366809,1.7660551730756695,0.6989783344633097,0.16846447586712196,0.030156978664372645,0.8651942873058032,0.20522390018626607,0.03687952359629087,0.9715613480235545,3.7371258873032947e-06,0.10329121931462883,0.13269770391761831,0.08853555257513475,0.3427703715153119,0.00900684466526991,0.4058414656305252,0.023293788662466428,0.005971468588432687,7.773947777031876e-08,0.000742711323257955,0.0008072812451574189,0.0006319842560169409,7.030938683585733e-07,0.00017271136411636185,1.1627906976744196,1.1627906976744107
Dalc__3.0,0.7127479438201766,0.08165023481425059,0.12884719562973526,0.21748315823205425,1.515426730505634,1.1221661888999703,0.8009728924331802,0.08968100322548589,1.522778759054552,0.9505617645355879,0.3771564230448528,0.0020293541948382854,0.8137939609295135,6.81065526234139,1.1371499304411674,3.8792909166120624,2.0394602635467205,0.5545293805997603,0.0006537401236504654,0.59954359364296,0.8799044153015526,0.139164605157231,0.43028793862937104,0.0007442822184597993,0.008140212578466255,1.0577589829440295,0.2761969485775637,0.15172474888114398,1.8333454704153114,1.428562729041465,0.008647849917705824,4.3523320947290705,1.4455863525875896,4.298925628633254,4.207163710097403,0.0010785127937146693,0.015912697017743015,2.6644496247606884,1.1592801831709056,0.8978856778697244,0.10153145434300605,1.258827224080819,0.6656182679254279,0.45001982206135555,1.219019838429745,0.3936263721199309,6.08931230175628,0.1596873672849318,0.07657408990794497,0.00021752289988868494,8.920057441047504e-05,0.000934678476457038,0.0023096032484040485,5.957526099311517e-05,0.00043238881931598476,1.1627906976744184,1.1627906976743967
Dalc__4.0,0.26456929628816694,0.0012730020659929243,2.401082297395128,0.02551661185133482,1.089938227560074,0.18625735083193842,0.26483192527803545,2.2479151576015632,0.2870936634297986,6.940533843538724,5.1423963897613,2.187454495615561,24.736897777525364,0.7546430727631679,0.004211008141829303,0.024735815353310504,1.7889800012361396,0.05528813186365414,0.23439621451400447,9.511360703387062,17.89473288789223,1.4343919042178628,6.234148066629382,0.3789534868812144,1.5908464931010768,1.1369226366059817,5.043643459507223,4.663322210291917,4.235875506893733,0.18698777235250819,21.354295843799868,0.06934511501553171,3.2340673763345302,1.248455819264072,0.00025083315278120273,0.9312161951436779,0.0010132063340021946,18.565429264573748,11.978845615827284,1.5734372075842766,0.1917932971322472,0.7338461233843814,3.8714307494838285,0.00044342206787206654,2.3403171820200903,9.813301588927093,1.566956933071455,0.7591812549832558,3.514318010594044,0.0028885073859197157,0.0353224200332153,0.009527981027117969,0.003298490713477918,0.0005156715913166376,5.602993050728517e-05,1.1627906976744187,1.1627906976743727
Dalc__5.0,0.08258261136182367,0.12826371064615913,0.2867415080255367,0.5979162309368168,1.3207434718995426,0.03282639054122755,3.479998172394535,0.5290260474638769,3.732169142110479,1.2806932195406293,10.503622058527634,2.058211781455455,0.12711995862665057,9.13721402499135,14.377182820643938,2.105808224192715,6.19366125075513,0.8692726669168254,0.4701472030602267,0.07116150641126558,5.64553521075383,0.7451434303366139,1.024384890872041,0.7807071614381451,0.9872536486581899,0.01866547262558243,0.7304508093729599,1.0293685402563475,2.094651350125154,2.767116387600342,10.9708749828033,1.1232842694419534,1.9798756019148163,13.587965496885463,4.8526166791625585,4.0055845214194,33.12510943029299,0.493549862119273,9.307442916641111,0.6478790371594503,0.6772366500356544,0.06194079448409238,6.104244693287359,1.7043736100409348,0.5949099402267944,4.867655701199376,4.260564914520972,0.2986020362139416,0.015418271303508342,0.0004936391218159599,5.9173717347824565e-06,0.0035244031994488144,0.005169828720483346,6.369182010003599e-05,0.0004393807234521065,1.1627906976744171,1.1627906976743643
studytime__1.0,0.7253295850392693,0.12997340019681047,0.04093987699291038,0.00349695652814094,0.004878830161732084,0.35620811588179707,0.0009716169298796063,0.0022759522102417567,0.6326167015131015,0.008052216445775582,0.03641589723582725,0.022837871950888218,0.051941361415765795,0.03777760858940522,0.04537449666957736,0.026892385148964963,0.4449306931467783,0.06192281318479483,0.14446351368932714,0.00033537768061307695,0.006708986156358193,0.004343468692383952,0.18362271309154612,0.39187415594153063,0.16490106333919463,0.14245576929263357,0.008242761716113252,0.050097820423227246,0.33451641754538247,0.4186201723607247,0.0002328444128808548,0.014206046153761176,0.22164836472985092,0.14462969516196733,0.04157870115838613,0.5141600253261913,0.47583778083419204,0.11042304824019536,0.18377662753656726,2.422691113669792,0.14010836302723437,0.06009388707193301,3.4490836221315413,0.0006127981462198314,0.0384562964247604,0.39116824549079304,0.08618365906214828,0.4349046838512599,0.0057922001288908545,2.305172246551815e-05,0.0002318605167972805,0.0007993341182833257,0.0005032247365549082,0.00016645182216842828,0.0005467126056542045,1.1627906976744187,1.1627906976744762
studytime__1.5,11.977343247794384,34.52645909204671,6.882366059124033,17.616396952205843,3.8343660817150877,8.196044524397177,14.59598163647297,0.5378850821919504,10.217863372341423,0.00042325192153441467,0.6397380469285088,0.8042373619712405,0.23779942740044172,2.163646622634964,6.860380219268292,0.40376896124381545,3.6382134481994206,0.25618134320590735,0.16786890162330292,0.001534797813663044,1.4068763375883009,0.43217886411869855,1.780991082224942,1.9058672144605986,0.01632307981120623,3.85591243031589,5.529652640076606,1.0980646796745213e-05,1.3967412720096626,2.900902196063731,0.541605479723132,0.6121579135828162,2.4831030900460314,0.5015496604794114,5.078041353906469,3.122490814801911,2.4205873660748023,5.919048717761645,3.0301998402813233,0.9367643375348705,8.35945349583287,11.31459989231389,0.2577359096605224,5.0372605999967535,4.775335711244847,4.736006677097101,3.632320598718439,4.4705744525193225,0.8206612025256613,0.034076661050412634,0.09953800523522909,0.03165074478992397,0.18292212464379326,0.22018053266509005,0.0011755137984193866,1.1627906976744184,1.1627906976745876
studytime__2.0,0.01863905883038192,0.024730259490754355,0.012866541574148314,0.0002243491940026376,0.0009103839261942982,0.003813221466327617,0.0004818817064640204,0.005147808635526299,0.03504178173422551,0.15644148286314355,0.020220339673856554,0.0415531969291823,0.13418341911685228,0.004349954272794848,0.2541282573893305,0.14671434739900377,0.014162654869072406,0.06574468706348134,0.009938938835214435,0.19332609774201304,0.017452030918054535,0.03218971143384199,0.0003586594685379094,0.38550022961597424,0.0027240038421605457,0.02739320902768744,0.004727145680465762,0.10001067075561389,0.0883324275292688,0.31433336074622065,0.2165919113610768,0.0909491734237607,0.012977564419448443,0.10490374366624002,0.001741099317890307,0.11832340055849522,0.03675400286693668,0.11321109214066198,0.021414281285729246,0.31007422814147956,5.156282618656075e-07,0.050515772459501423,0.1624433609575757,0.07079169241506701,0.037004685605378757,0.00011135329913728848,0.00298334320881101,0.00444968040311712,0.04224691662350134,2.5825968299157917e-07,0.0008316515517563455,0.00010962312436983753,2.2065752276885692e-05,5.1409085748489765e-05,0.001216093075610969,1.1627906976744173,1.1627906976744595
studytime__2.5,0.6549472196945726,0.00034668185767146856,0.33356547559194494,2.0424264304549813,0.6189740978208874,0.1810216998599117,1.2666375420115938,6.224419989893261,0.14509618817416703,0.08187798829779235,1.8611588536677464,11.636906420170508,4.520308871850198,0.38601626218185325,32.533915153348474,2.267550337084292,0.4626312096484124,0.07486189799560276,0.12563781721378803,55.836621846211564,0.0684938122523452,15.61910187874535,2.5013636268882746,0.7265689607387682,3.6354681005721154,17.440704101160303,31.76472691139378,29.324661556451936,13.071241215866024,27.556285575167887,0.2091538012237485,0.0029552907449894063,5.2373005202764045,2.9312563892229075,17.224729529657402,0.051882286713563784,4.371206882116816,4.090056957772514,0.8371101615087491,5.604543276274007,2.810944301244483,0.2046930951259336,0.06048164648006514,8.776682112161469,0.1719818975907685,0.7122950991615634,0.27481419062862594,0.13100235682826114,2.5637452308549755,0.0032258558491082574,4.659500139663861,6.250074609705784,0.025791979182530025,1.5648323174050776,0.723767802470085,1.1627906976744162,1.1627906976739628
studytime__3.0,0.2462437362111255,0.05560526813872211,0.4799870781473082,0.10099660207789167,0.08895060337161961,0.2898915851098892,0.00037006508925384194,0.34601252176631614,0.12982700355545795,0.17105526362256276,1.3028756457792656,1.0563795090872503,0.7051153505274912,1.5679829005082734e-05,0.6274648590125114,0.4237983324922809,0.9848196670714886,0.07669148863133754,0.0029148999078522325,0.14124795897157358,0.06922266898234306,0.5157056980968286,0.0004141518546154084,0.6580999839001085,0.321748087667194,0.047737957549077184,0.5295344321613155,5.45708320545205e-05,1.4308371320937527,0.01658529079690695,0.2955378251541102,0.10005224209508053,0.00011288939065740738,0.3096681238836943,0.27465812770482667,1.7161912729664296e-05,3.999410221756606,1.0325798024253234,1.5824747031014421,0.0027636999745979398,0.3794814723962456,0.040016284150440055,1.7220285734123701,0.28597581091031704,0.3169188256387453,0.7962884094517583,0.008123424537210185,0.0020720287668353453,0.13772232549323854,1.2021724580895125e-05,7.155462699081522e-05,0.0025449560965792994,5.298589839859044e-05,3.514002026773533e-05,0.00027420418440026985,1.162790697674419,1.1627906976744828
studytime__4.0,0.22411026277742752,0.3544294583963268,1.2134817458468694,0.03270998612867941,0.523868968930435,0.009833103234651462,0.10235118761530629,0.024116286109958557,0.10152738338999673,2.0984771173238257,0.2748791987500259,4.285441276251349,0.17290450637872273,0.021316970045179358,1.9577604211051658,0.22078757703910679,0.8237657609838445,0.041764054467033775,3.9457912942790045,1.0837430736056195,0.05828132785333595,0.6272944329967647,1.7727735492381689,0.06615372135622538,0.0336411686191601,0.16756334458741834,1.553006255910989,0.3317244678950668,3.4736663230049545,4.975365389765808,4.122736909802795,0.6730346039107221,0.7616282116612543,0.5783285640758503,6.654027358381359,0.00016841954472236086,0.23254132737691502,1.2049388501007923,0.1002089406558061,2.5090499017699726,0.0409362321938014,0.051580522841390114,1.6447484530905414,0.0006412645962543673,0.17844528377765756,0.20949920241378292,0.508942901768566,2.287584534374664,1.5679168724212464,0.00019029367791057096,3.5187097743169546e-06,0.002990146830598745,0.00015098495777225948,2.6949846560217495e-05,0.00016870910107457518,1.162790697674418,1.1627906976743658
traveltime__1.0,0.12017656381376535,0.0024341912572043,0.00944195915127344,0.000533305757468277,0.04669728674624257,0.040050909768600734,0.012906912409949513,0.13743584685370575,0.02210626403964979,1.5499286185137713e-05,0.052059701180078834,0.07111040998337631,0.14062683631704304,0.005266456868292289,0.00261159768853676,0.004952522538102565,0.29625098704353325,0.0015217406657034652,0.001632266351640968,0.03657573160707654,0.0019257053763160224,0.022103753207942445,0.03936830701073648,0.0025871973815414966,0.0014290305405729687,0.026571104124049692,0.029197331511959957,0.020148997451557113,0.005219916475564487,0.08554859941788497,0.07863514041551832,0.009944865741025561,0.0007899453552613087,0.018271815155652925,0.015065793454352659,0.14100858012242973,0.0001993766021042911,1.9842702365208123e-05,0.014841373548978805,0.1887506814643075,0.040614831133871765,0.03862094249299559,0.045669848763498784,0.25209223105840306,0.006833670671398908,0.33946060331294825,0.0009462535229455868,0.013622017392405275,0.022207601598345856,4.7125566903954083e-07,0.0002717179857856137,7.275913314913458e-05,0.00011571974323940898,0.0005371609055411658,2.1670076967700162e-05,1.162790697674419,1.162790697674464
traveltime__1.5,2.0970351202097994,15.230313089778832,13.797583100572272,13.466095506716947,1.4491343971396413,6.30407515588685,10.967540702708277,11.49025810675141,4.475780310065155,2.77628910694522,3.2076662136105987,1.6362242481023557,3.230988130662583,3.8346151596920066,3.193622840298818,0.03732028902005416,9.654276369756672e-05,4.525969715750025,6.613958144611004,0.1529218886447426,0.6504802817032035,6.633169207779992,0.13778877620700966,0.2417220195995355,0.04300857239373501,7.905064378454553,0.4353571799200063,0.006289624225882399,0.05934816938642697,0.7223263842525312,2.9365805894290338,0.5276565319808768,6.796214715588861,11.41272502801388,4.273711082056138,0.5632818539795589,10.385179435408032,11.512968241424137,23.894037878989227,0.7364640217141256,27.933468612872026,23.250650391963763,0.06229720028696837,9.478764564181548,15.018670003747001,29.312606202838804,47.34833108253421,24.75863908894149,1.3545507294858379,0.0025594900431620423,1.6343776422865382e-08,0.00011288049295580334,0.010752546642967493,0.0035178944861187014,0.0025889644654963923,1.1627906976744167,1.162790697674575
traveltime__2.0,0.20411102834379616,0.0076040945351298515,0.009556918246029823,0.07240368828508495,0.0780506825146539,0.003427953233165872,0.005513583800815032,0.19054657392326224,0.00939550824049502,0.0005017216945686002,0.037576386640578004,0.5049225808969747,1.5434363939904021,0.10069565081354474,0.00038115405793603973,0.5723022486618531,2.4548470040783186,0.006368788946305406,0.007126335395027527,0.7376269352206797,0.07634832840149823,0.06955159685815177,0.2570752338717796,0.018334880552957046,0.0014295864325029675,0.20202964690400926,0.18888289101840103,0.08847942851581243,0.0020503807710355684,0.02990245033174025,0.2765934439799836,0.00671676848112346,0.47269989001524737,0.5445355280509108,0.27210527827404174,0.4640473968447645,0.011072132250940033,0.057713789142565586,0.4638317244485154,0.7879919707799009,0.4290970799138631,0.05167590631028099,0.46426670776928475,0.8780558915001109,4.29899526025971e-05,0.2083303331637672,0.0038993101386856264,0.29469134969821714,0.07455671079996984,0.00023229453402565524,0.0004534586051637289,3.922978841533911e-07,0.004879879214605717,0.0004582055310885161,1.773915674907838e-05,1.162790697674419,1.162790697674414
traveltime__2.5,6.894424736634913,9.948296580488583,11.335491035291533,2.989664893054914,2.3746739062560516,47.25008283345334,8.301797611648727,11.645987267210193,43.68640541073545,41.650518994827806,5.143132956186699,1.0617509372645384,3.4149759876255916,21.481627077389266,1.842378358446474,13.788801784319615,32.43538650413218,76.68475257823498,24.602555050955992,6.565531164738654,27.821307359652764,40.59888251376451,13.739000926427778,81.49295296340391,0.764826088594135,34.02805075664952,17.74528619606682,1.1755562373122053,2.1932593829257083,4.111356646222066,1.1700277139268265,9.834915357949676,6.562004152473704,11.71155066087925,5.800732988054001,71.16503118172302,3.9408824764056645,21.432404714258027,8.844740506853237,41.54473412162259,22.08587583891145,21.060766094725892,0.6366316434635647,8.952693383714044,50.71256551945324,4.4685174290504674,0.5745349815338421,2.939799026479873,0.8642990630304189,1.3716153751216018,5.42155171479146,1.3254247080960748,10.11832116315402,18.492247862174487,0.057648437555211866,1.1627906976744187,1.1627906976734543
traveltime__3.0,2.2092587800924814,0.0002755141377643068,0.023964597870713845,0.029726103895238755,2.4714016162146484,0.591315234205838,0.9274608245300014,5.744468128142234,1.9461076206268322,0.01642796340449698,0.03489706185267043,0.04461107564616565,2.0285208517232927,0.7871810296120372,0.49448546145974887,2.8083537578867355,0.010467187904033178,0.7107441728589795,0.9842816100693439,4.00970149243057,0.1647194113830064,0.3943860169796908,0.13659419420088587,0.1673915997272595,1.5662489963886497,0.05229897866255505,2.6021364466290295,0.6085519879865586,1.195997539930611,2.6057053018083645,0.12723879732178267,1.121905870115698,3.800873492830386,3.0556589339668703,7.809903191117684,1.532129748328822,7.024398920481283,0.39341540761564225,2.8662389791943106,0.08784924295374773,0.24196686436814274,2.6165311619501233,2.486241587490621,0.03333454078610663,0.007127866448086435,5.000190171150843,0.15251127218055663,0.025979444450446074,0.06690922354581683,0.00010338359601566583,0.0007311427318272618,0.0011261809004891226,4.6319983582629326e-05,0.00011342192028384145,0.0002814971007725687,1.1627906976744184,1.1627906976744353
traveltime__4.0,2.5390333448657443,0.10079968699752853,0.006638345180127905,0.3321642591983526,2.93929892830734,1.792676597368383,3.803775490364019,1.0256763180624335,2.6229403574977934,0.2712225693148094,8.884674167239531,0.20213668970767112,0.694520370965281,4.711311498028483,8.704155325036782,11.809389128297427,2.981117248028813,0.0006118879742390618,9.442936985704119,0.32965870829406174,1.6492223705652151,6.098508837780118,3.2618728076241505,1.7234625860610155,7.834064126296554,0.411625797835374,10.513218667157783,2.3739491899891783,0.05852384040275695,11.199946616470344,0.21254235674794064,0.3367264014672741,2.6306706068971075,0.6662903363795128,2.7387115232631998,0.644360272304202,11.187135810137866,0.609414804851129,5.592167505056066,1.4819123476232159,3.646629468627226e-06,3.956599457569158,33.71895748606948,2.128638033018176,0.32351953316239807,12.356088055926568,4.612112165902127,0.7893350458881719,0.003823216205301399,0.0005872851728169009,0.0006154405266497134,0.0008945842769929335,0.005241177145128918,0.0008417878269473767,0.0027238910355000296,1.1627906976744182,1.162790697674581
