modalite,Dim1,Dim2,Dim3,Dim4,Dim5,Dim6,Dim7,Dim8,Dim9,Dim10,Dim11,Dim12,Dim13,Dim14,Dim15,Dim16,Dim17,Dim18,Dim19,Dim20,Dim21,Dim22,Dim23,Dim24,Dim25,Dim26,Dim27,Dim28,Dim29,Dim30,Dim31,Dim32,Dim33,Dim34,Dim35,Dim36,Dim37,Dim38,Dim39,Dim40,Dim41,Dim42,Dim43,Dim44,Dim45,Dim46,Dim47,Dim48,Dim49,Dim50,Dim51,Dim52,Dim53,Dim54,Dim55,Dim56,Dim57,Dim58,Dim59,Dim60,Dim61,Dim62,Dim63,Dim64,Dim65,Dim66,Dim67,Dim68,Dim69,Dim70,Dim71,Dim72,Dim73,Dim74,Dim75,Dim76,Dim77,Dim78,Dim79,Dim80,Dim81,Dim82,Dim83,Dim84,Dim85,Dim86,Dim87,Dim88,Dim89,Dim90,Dim91,Dim92,Dim93,Dim94,Dim95,Dim96,Dim97,Dim98,Dim99,Dim100,Dim101,Dim102,Dim103,Dim104,Dim105,Dim106,Dim107,Dim108
school__GP,0.0023383128789274833,0.004967879464822868,0.026902514587832205,0.003648581060178134,0.0005758913998896748,0.009816564649686542,0.014565749949585306,0.0015039095850329035,0.00011373768722690209,0.006859049630437005,0.003983117247132715,0.012615053700016124,0.00010390578580730516,4.846098249276162e-05,0.004181813901901225,0.006044188238135122,0.0005134603449139371,0.0046558951571999225,0.0022131014029497216,0.00885962641093206,0.0008084316893592653,0.010255591341950558,0.0005892137366926669,0.0005421686289528776,0.0027218838907392857,1.0510311860045201e-07,0.011855018324361609,0.000817521510260807,0.0004340475314323772,0.0016259634225790824,0.013409044516727794,0.0013784452407916035,0.011265417679073747,0.01045306142943862,0.00037663239454295734,0.0010675497480863694,0.02635740747690594,0.026916245187642455,0.0005145244956801711,0.004109188937797241,0.0031725363309652367,0.022403503867331725,1.33207099111866e-05,0.00010164960553200346,0.004687700208004734,0.0003068995702420864,0.014663559941639455,0.01943053376675452,9.612400602698162e-05,0.014528749103904977,0.000574462361646676,0.0065479114073463485,0.018277862812991652,0.0185004771935965,0.018167754539944646,0.003081940170101544,0.007619759606286086,0.002947257039141984,0.014296178186967028,0.03078727162356502,0.026363980250109248,0.022955713928264242,0.008117770988283987,0.04332212641632481,0.0002034523928659281,0.07211451080946191,0.08636218813545045,0.018163315534648786,0.024559777142872056,0.03279637463171063,0.0005599829117656902,0.0029014703323080684,0.0018011883238391005,0.00010571636672446861,0.0005787761324650359,0.002189606548149386,8.641988804719954e-05,8.250163852540455e-07,6.294316670012824e-09,0.6578947368421058,0.6578947368421123,0.6578947368421039,0.6578947368421072,0.6578947368421048,0.6578947368421048,0.6578947368421336,0.6578947368420984,0.6578947368421004,0.6578947368421091,0.6578947368421743,0.6578947368418393,0.6578947368420053,0.6578947368421075,0.6578947368421153,0.6578947368421121,0.6578947368421048,0.657894736842108,0.6578947368420766,0.6578947368421052,0.6578947368421191,0.6578947368420954,0.6578947368421091,0.6578947368421422,0.6578947368421107,0.657894736842105,0.6578947368419724,0.6578947368420954,0.6578947368421111
school__MS,0.17093651723179643,0.3631644085772131,1.9666410726570067,0.2667203969516708,0.042099101060435025,0.7176154173037116,1.064792735689557,0.10993955043986764,0.008314509280504723,0.5014136756090231,0.29117582855851887,0.9221919631054337,0.00759577270697836,0.0035426189726769646,0.3057010507637354,0.441845270678271,0.037535234864070566,0.3403575757292098,0.16178324530913255,0.6476608397051611,0.05909837757138512,0.7497093660749377,0.0430729971865757,0.039633882198027666,0.19897651712276787,7.68330072748901e-06,0.8666314770566471,0.05976286620384013,0.031729959666535024,0.11886199109908525,0.9802346767840854,0.10076779321496726,0.8235301958844872,0.7641449231455325,0.02753276962207737,0.07804055545948418,1.9267923800805102,1.967644813829622,0.0376130269454608,0.3003919843253216,0.23192033713438567,1.6377521414616032,0.0009737771962825581,0.007430840288403244,0.34268260445566545,0.02243512583362219,1.071942890633701,1.4204205946841681,0.007026905150588012,1.0620878813682069,0.041994634792276775,0.4786686936555324,1.3361574662867126,1.3524311340448816,1.3281082762563141,0.22529753128484575,0.5570234766185248,0.2154518577038725,1.0450863659127416,2.250626523861658,1.9272728662336127,1.6781200774409362,0.5934293536710357,3.166955746349373,0.014872878549482526,5.271751026448636,6.313291858171735,1.327783773871649,1.7953811085868303,2.397496976514648,0.040936150807355236,0.21210473496754031,0.13167136944345428,0.0077281306984738835,0.0423099822235281,0.16006571268609282,0.006317509865973691,6.0310760303105586e-05,4.601302840868219e-07,0.6578947368421069,0.6578947368420838,0.6578947368420878,0.6578947368421428,0.6578947368420968,0.6578947368421368,0.657894736842084,0.6578947368421323,0.6578947368421103,0.6578947368420958,0.6578947368415972,0.6578947368428125,0.657894736842668,0.6578947368421003,0.6578947368420852,0.6578947368420665,0.6578947368420959,0.6578947368420691,0.6578947368418585,0.657894736842125,0.6578947368420751,0.657894736842177,0.6578947368421572,0.6578947368420625,0.6578947368420971,0.6578947368420949,0.6578947368428179,0.6578947368421194,0.6578947368420949
sex__F,0.1749773630899334,0.014850986317528861,0.031594953757376476,0.04846775402898717,0.2074443512850232,0.018837233177205707,0.003147461751351346,0.025089721975979962,0.03454832944567477,0.0980004190523849,0.021476443584274887,0.07555062859677844,0.019677306033826163,0.00011140510274466451,0.00428350904963479,0.1152872668069222,0.0008308967926745226,0.07505535935647713,0.09728330515066656,2.6591616242533585e-05,0.041670826381956835,3.6876370098537046e-05,0.05568309264992751,0.004991799018883342,0.09785479552791654,0.02744518405839441,0.008974207806697292,0.04220202313634693,1.0288516630437822e-07,0.0009099691026553747,0.00037777809659993356,0.007907679283712108,0.11107287777636458,0.0041766460031985265,0.22239407061549918,0.08256562624952857,0.05630284325610446,1.605007770888277e-05,0.015337183985135897,0.017353317720821684,0.00953257802937836,0.017166667120064833,0.0063836514092859,0.02301568494464216,0.022568567929656527,0.004488488855362832,0.05562537013284721,0.0007988530149582668,0.0020770192615542147,0.07397606430067859,0.002778805754735129,0.06908701995173852,0.06406731574490417,0.06992138653826914,0.04913155523999762,0.3969336350640004,0.07638254199766112,0.2462839579612358,0.1329205889376896,0.012459164020669924,0.032651457667529464,2.0348155872969027,0.0582511869707611,0.0562666782825624,0.0006629247421415021,0.015793321295886734,1.40480943065278,0.013121141482838985,0.0254141507913385,0.15221781861246766,0.0035746686692967326,0.003471651862737026,1.5920947019318606e-05,0.00470605565489399,0.013874747966168197,0.002198213192234579,1.0379243788150827e-05,0.003954280804892646,0.0019421511613525217,0.6578947368421051,0.6578947368421008,0.6578947368421015,0.6578947368421214,0.6578947368421049,0.6578947368421033,0.6578947368421704,0.657894736842112,0.657894736842101,0.6578947368420912,0.6578947368423115,0.65789473684154,0.6578947368416971,0.6578947368421099,0.6578947368420967,0.657894736842118,0.6578947368421008,0.6578947368420983,0.6578947368423503,0.6578947368421046,0.6578947368421055,0.6578947368421287,0.6578947368420975,0.6578947368421154,0.6578947368421116,0.6578947368420999,0.6578947368420647,0.6578947368421031,0.6578947368421141
sex__M,0.20261733644192306,0.017196894718584696,0.036585791797737056,0.05612387254703485,0.24021291197359537,0.021812821641043586,0.0036446446863178505,0.029052973190758405,0.0400056919774407,0.1134808727708437,0.02486893000584577,0.08748484296751238,0.022785595042241185,0.00012900300236299797,0.004960145580750355,0.13349840524275086,0.0009621478573963646,0.08691133944385993,0.11265048130690979,3.079211138859509e-05,0.0482532808801464,4.270147723720735e-05,0.06447896869824427,0.005780319256152596,0.11331224609748462,0.031780511455142206,0.010391801832873417,0.048868387140753484,1.1913723002708186e-07,0.001053710677590388,0.0004374531102051409,0.009156801117634988,0.12861829809619002,0.004836402112163062,0.25752413588167655,0.09560795166252695,0.06519661705494806,1.8585398348867597e-05,0.017759893695453475,0.02009450224264798,0.011038373968092723,0.019878367727286468,0.007392033017770651,0.026651314761630292,0.026133569739905927,0.005197504639817006,0.06441212815123301,0.0009250423439988514,0.0024051117417878305,0.0856615555542234,0.0032177546316349698,0.08000022241812296,0.07418758998296332,0.08096638816890099,0.05689252988034148,0.45963451763495644,0.0884481680197402,0.2851877447989202,0.15391714227059386,0.014427252666184689,0.03780918438084313,2.3562414427099414,0.06745272725666648,0.06515473934869981,0.000767642414665562,0.018288083887168197,1.6267175366053717,0.015193798165560228,0.02942864979984673,0.17626262289943323,0.004139334549595348,0.004020044885005049,1.8435869770378095e-05,0.005449438973726131,0.016066446693811017,0.002545449846064756,1.2018781706985305e-05,0.004578911409351527,0.0022489394532668686,0.6578947368421055,0.6578947368421185,0.6578947368421013,0.6578947368420911,0.6578947368421115,0.6578947368421051,0.657894736842026,0.657894736842098,0.657894736842104,0.6578947368421111,0.6578947368420477,0.6578947368427542,0.6578947368425186,0.6578947368421061,0.6578947368421265,0.6578947368420991,0.6578947368421107,0.6578947368421155,0.6578947368417742,0.6578947368421038,0.6578947368421068,0.6578947368420255,0.65789473684209,0.6578947368420996,0.6578947368420998,0.6578947368421151,0.6578947368422773,0.6578947368420998,0.6578947368421011
address__R,0.12333955253191907,0.0013604845249306963,0.5738492530615835,0.04462099664343552,0.002837157301756031,0.16910769201142978,0.25961877620775925,0.10165286385854626,0.09752167840563924,1.1052965582078669,0.08749608441606588,0.002807299171606818,0.8413628470818832,0.00013946093588808843,0.4289448038188053,0.5683350578500734,0.17844968674394723,0.009260776312938205,0.32394824333083644,0.02871049385262312,0.12477740007286059,0.0794164489182075,0.10346522118425228,0.12000741272144677,0.021729978122999344,0.012281837034020367,0.03995890244911381,0.00016754754671893858,0.12818748454494988,0.2417605053454306,0.0054995169406562815,0.02304932195993431,0.053673085514936464,0.6647628741027712,0.10285512036121817,0.20652849085291003,0.16358802299053968,0.28795146357801366,0.17660293461173712,0.43811286828380325,1.256365318430637,0.7919713769531915,0.025914422972279878,0.021051864068279042,0.011863227972770484,0.16990740790616035,0.5856710778506022,0.01665158494005977,0.002611325959548792,0.055361270044276045,0.0012973176245948794,0.252318571074127,0.0068397708528271615,0.056848561909421585,0.002221907385143614,0.19554718990303288,0.21668408907566805,1.1684814659405824,1.144248147286567,0.1336205863210864,0.77538712790313,2.973344930998966,2.4125688106575134,0.10912517260484378,2.147182134644912,0.0399169476638226,3.064849848726401,0.48119047531726755,0.10640628073302603,0.6799138930050765,0.0005584521989180441,0.012105274989293235,0.11574737223181739,0.09384167623572902,0.0004901463123316215,0.002344130314994734,2.870012064309389e-05,0.014077264294686082,0.00367522681828391,0.6578947368421051,0.6578947368421142,0.6578947368421324,0.6578947368421048,0.6578947368421055,0.6578947368420907,0.6578947368419495,0.6578947368420809,0.6578947368421224,0.6578947368421116,0.6578947368426074,0.6578947368422904,0.6578947368415572,0.6578947368421095,0.6578947368421102,0.6578947368421273,0.6578947368420847,0.6578947368421126,0.6578947368420605,0.6578947368421093,0.6578947368421132,0.6578947368421291,0.6578947368421332,0.6578947368421509,0.6578947368421019,0.657894736842105,0.657894736841952,0.6578947368420878,0.6578947368421416
address__U,0.008931808745620065,9.852141773347349e-05,0.041556108093034734,0.0032312928000527664,0.00020545677262746935,0.012246173522223703,0.018800662141688414,0.007361336406617163,0.007062170748881345,0.0800416189490381,0.006336153131354065,0.00020329455375671948,0.060928484671297724,1.009926160154762e-05,0.031062646746229907,0.0411567898208005,0.012922687329356562,0.0006706322600102447,0.02345917180266907,0.0020791111595574044,0.00903593251595504,0.005751054859795835,0.007492580834536924,0.0086905071121225,0.00157360720593591,0.0008894066597521834,0.002893680632317899,1.2133193386638507e-05,0.009282878622746092,0.017507430111934508,0.0003982553244185352,0.001669149362359454,0.003886812662812737,0.04813974698941835,0.007448399517554555,0.014956053779604449,0.01184645885631423,0.02085241390862509,0.012788952152709164,0.03172656514619084,0.09098147762412576,0.05735173126334048,0.0018766297184482287,0.0015245006142534734,0.0008590924904730318,0.012304086083733264,0.04241220231319514,0.0012058481561101383,0.00018910287547155668,0.004009064941452077,9.394709699636126e-05,0.018272007426158143,0.0004953117136168121,0.004116769292697831,0.00016090257672574584,0.014160827286164641,0.015691485838185536,0.08461724371735628,0.08286235355401413,0.009676324398766619,0.056150759331270554,0.21531899308268374,0.17470959444955242,0.007902454249515715,0.15549124165743575,0.0028906424169967727,0.2219454515677955,0.03484609119718939,0.007705561835845127,0.049236929526234145,4.0441108565055974e-05,0.0008766206686984091,0.008382010234025393,0.006795678168923096,3.549464084509883e-05,0.000169753523655172,2.0783599688746893e-06,0.0010194250729841827,0.0002661467660935482,0.6578947368421058,0.6578947368421068,0.6578947368420909,0.6578947368421042,0.6578947368420985,0.6578947368421068,0.6578947368421186,0.6578947368421055,0.6578947368421095,0.6578947368421123,0.6578947368421341,0.6578947368419236,0.6578947368423222,0.6578947368421039,0.6578947368421112,0.657894736842106,0.6578947368421074,0.6578947368421002,0.6578947368422332,0.6578947368421152,0.6578947368421055,0.6578947368421143,0.6578947368420986,0.657894736842103,0.6578947368421112,0.657894736842105,0.6578947368423106,0.6578947368421106,0.657894736842097
famsize__GT3,0.0025235664672442915,0.007301617086816858,0.00038302218224007146,0.0037460813152710147,0.004258406535965979,0.010854461867903073,0.0012034226520073663,0.027861529773440637,0.0006297039541164133,0.015950088886382316,0.004732549856311175,0.007418019552175253,0.004612460337387584,0.0012711859941833899,0.00044709200927817465,0.0037935525702082243,0.011675646820919587,0.006323643702183662,0.010249995438411165,0.001616155871867282,0.013780755601269979,0.00025012945375548065,0.0012168053142820902,0.010576622461537163,0.009285857956029795,0.00319838125064294,0.0015783353746178564,0.0151624592539014,0.009251919794057642,0.048187268049985264,0.02692803565180152,0.052634713139808734,0.36574279946310545,0.004440465204986092,0.02006461342570495,0.025508870955020385,0.03078691185486455,0.04861075471039915,0.07253056385601785,0.0001933783648012816,0.26777182109463366,0.03998735958102778,0.06320368759127888,0.020383936652078254,0.018651262539126644,0.023957631989356732,0.00995376304044236,0.001257088989002494,0.0031153697755805783,0.022829788697231776,0.025564397006172745,0.02085791602602626,0.00334904560235152,0.1600007756385693,0.19243783348639681,0.07545521428028348,0.03380915528841953,0.08861896018843014,0.02485993746038889,0.0460367845646299,0.11937136403702635,0.012448601119891557,0.04534687002918273,0.0031802938426279586,0.0008310951821652486,0.11096045699837902,0.01363187999780793,0.020832130628963944,0.030412487565547278,0.0010871850708696817,0.0005662434211882661,0.0005216789042289396,0.0040307857094748056,0.004032122694580441,0.0006266997623722323,4.737908481209284e-05,0.0008822861740639456,0.0005357699927239066,0.00018366573569572194,0.6578947368421051,0.6578947368421086,0.6578947368421048,0.6578947368421103,0.6578947368420873,0.6578947368421026,0.6578947368421325,0.657894736842106,0.6578947368420972,0.6578947368421139,0.6578947368421462,0.6578947368419092,0.6578947368426641,0.6578947368421061,0.6578947368421131,0.6578947368421121,0.6578947368421001,0.6578947368421111,0.657894736842124,0.6578947368421026,0.6578947368421026,0.6578947368421557,0.6578947368421221,0.6578947368421282,0.6578947368421083,0.6578947368421225,0.6578947368422184,0.6578947368420954,0.6578947368421123
famsize__LE3,0.01803174101835316,0.05217253836330909,0.002736823810303379,0.026767025551905077,0.03042776356560602,0.07755882313230611,0.008598864297128141,0.19908010974580148,0.004499449000548563,0.11396881189859173,0.03381567891042479,0.05300427358268434,0.03295759843885549,0.009083056432550687,0.0031946245233963754,0.02710622381989362,0.08342646901885656,0.04518458578768169,0.07323970483193133,0.011547983580010229,0.09846818748969592,0.0017872600502993714,0.008694487972353594,0.07557356604266274,0.06635061448537419,0.022853522242482344,0.011277743259242547,0.10834093019401994,0.06610811477107548,0.3443144252935502,0.19240997663774473,0.37609293364432095,2.613356741282051,0.03172863469879339,0.14336848964424848,0.182269562027348,0.21998296003988152,0.3473403815679064,0.5182555563099539,0.0013817542109192409,1.9133207675182722,0.28572328937316727,0.45161185205292254,0.14565016274216155,0.13326961668582346,0.171185431829276,0.07112302355931421,0.008982328534214708,0.022260377009612944,0.1631266077733778,0.18266631455483182,0.14903690663419045,0.023930070296979522,1.1432599800713021,1.3750337946711007,0.5391531786647024,0.2415779176507215,0.6332126219676966,0.17763271141722595,0.32894848911731156,0.852949010561904,0.08894949047242037,0.3240188150273101,0.022724281558215976,0.005938457845641849,0.7928502180716365,0.09740442065001904,0.1488526611990449,0.21730757109982654,0.007768307231609527,0.004046001901175066,0.0037275732650169655,0.028801335315371726,0.028810888528843386,0.004477983028400347,0.0003385396810851695,0.0063042348998123545,0.003828258886619161,0.0013123541713616637,0.6578947368421058,0.6578947368421142,0.6578947368421274,0.6578947368421018,0.6578947368421441,0.6578947368421092,0.6578947368418742,0.6578947368420951,0.6578947368421186,0.6578947368421103,0.6578947368420933,0.6578947368426317,0.6578947368410101,0.6578947368421131,0.6578947368421135,0.6578947368420879,0.65789473684211,0.6578947368421176,0.6578947368420919,0.6578947368421084,0.6578947368421066,0.6578947368420391,0.657894736842098,0.6578947368420803,0.6578947368421125,0.6578947368420798,0.6578947368420339,0.6578947368420992,0.6578947368420702
Pstatus__A,0.003046195458035069,0.03821772747563614,0.0881827015222865,0.8275387205251761,0.1114963659034341,0.0679916547334743,0.1861953437728885,0.6309583314914738,0.48351692466794244,0.367234573392006,0.04398138972971407,0.0710067434155838,0.7062420668609409,0.5889913163070178,0.11361643723889543,0.04055795485099809,0.3449756368564405,0.014078816777653779,0.08253496490813597,0.08493680685950503,0.0646945125845539,2.760848696587975,0.4097104959671618,0.0020369892884560905,0.3425847660069656,0.5419772543762217,0.14142369783520203,1.0549102613870562,3.3431942081138164,1.8209670346882645,0.03804637857514775,0.021642096279453828,3.721539089670291e-05,2.2723342209181725,0.004454200731154543,0.17029919314240965,1.4866266770094334,0.4498800576297655,0.03933568626890103,0.09905702955197183,2.5017546070877557,0.17745944403010008,0.15152014135954062,0.09270336089492551,0.37005916255341614,0.1482281393629119,0.7042300483380731,0.16675592984308005,1.104940500004348,0.037076926952327956,0.09729143645743657,4.319936535468308,5.689108620145889,6.311100491706833,3.304875102107129,2.0381611818238428,0.04505268727779026,4.611877421030706,1.0982466968631701,1.906787700342996,0.12732900862388907,0.7056588982912182,0.9883231597754742,0.03749863050569508,1.1318478279823325,1.1184707656316362,1.5093091531172718,0.21629220164999285,0.0009286883486850138,0.0630940394769524,0.18875827943893356,0.07577879052380411,0.027860903924159675,0.014305983360191423,0.005089585153289338,0.0040796434268392185,0.0019880741439340143,0.0008663482533013765,0.002164880645693346,0.6578947368421053,0.6578947368421092,0.6578947368421337,0.6578947368421025,0.6578947368421811,0.6578947368421253,0.6578947368420268,0.6578947368420928,0.6578947368421622,0.657894736842106,0.6578947368423668,0.6578947368427736,0.6578947368428276,0.6578947368421068,0.6578947368420465,0.6578947368420536,0.6578947368421056,0.6578947368421103,0.6578947368429698,0.6578947368420937,0.657894736842102,0.6578947368417892,0.6578947368420781,0.6578947368421151,0.657894736842105,0.657894736842196,0.6578947368425463,0.6578947368421106,0.6578947368420811
Pstatus__T,3.7171327756579324e-05,0.00046635342140023873,0.001076053111463811,0.010098075923120226,0.0013605390782564712,0.0008296710167247155,0.002272056486682407,0.007699295486358228,0.005900135539654118,0.004481195274287276,0.0005366847516369294,0.0008664627627442645,0.008617948422687956,0.007187191224541441,0.0013864093375892926,0.0004949101440376775,0.004209579668238726,0.00017179735183657217,0.001007136368707315,0.0010364449457910126,0.0007894375014543085,0.033689371939841006,0.004999509499869699,2.4856447171872062e-05,0.004180404966485744,0.006613500163257713,0.0017257286005444633,0.01287258668066274,0.04079546745298436,0.022220426565794562,0.00046426252925999364,0.0002640885869687272,4.54122367283589e-07,0.02772825357461671,5.435257111773142e-05,0.0020780830423340296,0.018140624337493357,0.005489680259746624,0.0004799953604338029,0.00120874755503861,0.030527765452902915,0.0021654563039097013,0.001848930875838095,0.001131216646939842,0.004515662441920726,0.0018087600834914518,0.008593396682329833,0.0020348462234096565,0.013483082764385207,0.00045243275519841764,0.0011872028312984795,0.0527142066422414,0.06942158639374864,0.07701146827697997,0.04032787695580941,0.02487074724981092,0.0005497573048702642,0.056276627534886874,0.013401401350987325,0.023267656835580658,0.0015537375646709078,0.008610832283772652,0.012060054782279254,0.0004575786104839214,0.013811420561845181,0.013648186397817463,0.018417408202925294,0.0026393146564240738,1.1332358500375564e-05,0.0007699076612757154,0.002303330816571515,0.000924693867600422,0.00033997384791179425,0.00017456936158153513,6.210587616068727e-05,4.978201991240937e-05,2.4259558070605687e-05,1.0571650873507945e-05,2.6417046819309044e-05,0.6578947368421051,0.6578947368421092,0.6578947368421039,0.6578947368421063,0.6578947368420951,0.6578947368421008,0.657894736842094,0.6578947368421051,0.6578947368421044,0.6578947368421075,0.6578947368421635,0.6578947368419275,0.6578947368417991,0.6578947368421031,0.6578947368421298,0.6578947368421099,0.6578947368421056,0.6578947368421045,0.6578947368421525,0.6578947368421046,0.6578947368421114,0.6578947368421437,0.6578947368421235,0.657894736842113,0.6578947368421093,0.6578947368420911,0.6578947368420545,0.6578947368420984,0.6578947368421182
Medu__0,0.4091931409215346,0.9145427529332837,6.084936551363449,6.908291586079325,0.6112503446396869,4.226671264344092,5.523206080026204,0.4726218535293779,1.7694376015039426,1.6683323186109682,3.2663231224589917,2.4109933099983154,0.26300781887943725,6.095540666438102,10.274232632416602,0.28284301764668307,0.3986963789293164,8.61264739766846,3.627814948057518,1.4615923419675978,2.6036160245354103,0.6391770242159133,19.83446994699767,1.2521070064773634,0.2865700116872836,4.349221199531223,19.24869786874702,8.439499102382799,11.654373484211796,10.495951775347605,1.1644773533374517,9.111174835346915,0.7602695427485957,10.459368166591101,23.095026053509603,18.75863829939213,16.234320301369184,1.2045651523947805,2.306865423768708,2.672182617294847,2.1418970065709146,7.716843597585786,0.9641926405339023,19.31378387963513,17.326407912475922,13.70406778275962,3.4744213289241856,44.86970274246879,40.57234566970341,23.108394516992586,1.5173038742935117,10.473220594712416,12.2720370026097,0.05943338047114271,2.5750085359119925,38.779843887786505,21.529703083380568,23.160327684764045,22.499983940720476,12.237388256897837,18.97208236292667,14.207211408440209,10.474706032736428,2.0149391889745236,22.24417059599704,7.179613928163811,5.900207320570332,5.216128155604722,9.140350166108028,3.257201704416602,5.121833429238288,0.5120209999980818,10.709724244405946,0.040852560586271396,0.3237692904670305,0.5800975380121376,0.04889109147978156,0.00966939731495801,0.0005562032048964063,0.657894736842105,0.6578947368421206,0.657894736841974,0.6578947368420086,0.6578947368419124,0.6578947368421186,0.6578947368433616,0.6578947368421421,0.6578947368419715,0.657894736841966,0.6578947368406252,0.6578947368433241,0.6578947368423305,0.6578947368421327,0.6578947368418974,0.6578947368423805,0.6578947368420247,0.6578947368420318,0.6578947368418633,0.6578947368420647,0.6578947368420105,0.6578947368425748,0.6578947368421147,0.6578947368419821,0.657894736841915,0.6578947368419339,0.6578947368422184,0.6578947368421951,0.6578947368420263
Medu__1,0.20023636976524983,0.036029340780010743,2.5054206702968607,0.16197849284384255,0.47547058000834846,0.12747599075538307,0.5391758980288118,0.12356700301061395,0.003489880024743103,0.5944635899839855,0.11032591058750772,0.057440644164829344,0.020260111466584105,0.22867228547059315,0.049191637125219574,0.17325760407731916,0.173004850175323,0.06801230651641003,0.01864213709749082,0.4282312657781192,0.010675300853223985,1.6529980568530112,0.3725257980551566,0.15814870484121563,0.037887421068369107,0.044871924898458405,0.04723638038889282,0.0020661901814098193,0.340042675797142,0.05071228543095393,0.001992723645042259,0.1974740873337354,0.8297678124024569,0.5870882950272273,0.016802936444215877,0.013166543032643814,1.5932145197677854,0.6039703561818975,0.604572081192197,0.8168821438855917,0.7166862578098332,1.2950897459737676,0.08125509852480947,0.04756573367100142,0.13029249229959616,3.1742395995853463,0.5613577769247886,0.02562976330545787,1.1754785772906071,0.5014833035229125,2.307984468797272,0.12777501749243253,0.10657949312442143,1.8575449198503335,0.20692998501136012,0.2877191682035982,0.061633032266563886,0.5993628797913323,0.005037613817925037,0.2803324257635245,0.8998536840383504,0.14020154941603621,3.540902608670927,0.026553502833337208,0.6354550773435,2.373340856199422,1.525177729763723,0.4313407754667582,0.3717645455363717,0.16327878562039594,0.0026030155427333077,0.31281919050327767,10.192290948598822,1.9397941752134156,0.3328772133226372,0.04443911991793278,0.159956669293205,0.03839534857277496,0.017945680835456626,0.6578947368421049,0.6578947368421065,0.6578947368421048,0.6578947368421126,0.6578947368420717,0.6578947368421011,0.6578947368422488,0.6578947368421031,0.6578947368421169,0.657894736842098,0.657894736842165,0.6578947368425238,0.657894736843007,0.657894736842125,0.6578947368420808,0.6578947368421035,0.6578947368421159,0.6578947368420986,0.6578947368423181,0.6578947368421234,0.6578947368420943,0.6578947368419661,0.6578947368421308,0.6578947368421418,0.6578947368420965,0.6578947368421539,0.6578947368421364,0.6578947368421031,0.6578947368421031
Medu__2,1.575928215687412e-05,0.17680212905031312,0.2991099670277837,0.002954556767159808,0.0662724709312772,0.0587376607875306,0.006554855960206798,0.08018559092037732,0.029514697432784516,0.006793915597972736,0.06235349883370565,0.15057893191799443,0.03642208084116402,0.019567697213165033,0.029564436967979585,0.08648646769886444,0.0735761101073229,0.4320974676919345,0.005085846422098367,0.3021952138534297,0.007625455405686705,0.07208285753989582,0.10484631522038698,0.0561572049673141,0.07862204609682372,0.0003822082998119635,0.5199758341707197,0.1848503083448305,0.07429487924511834,0.011505866652355095,0.04341074376262463,0.2723083377810775,3.1961347104744298,0.00033598180546212485,0.11712331160827333,0.006095953216528306,0.09840558455763959,0.37775998550136186,1.0606641646105204,0.0009370536429594948,0.5349428224640795,0.013782909632196078,0.08971033312763853,0.0017336861506312166,0.27855461012836025,0.004195508812766221,0.21399563883886297,0.1581764696077241,0.628809678587791,0.3890485269811739,1.056850766710864,0.00019454238659128838,0.02575988042098429,0.7242935577097148,0.19263567437214812,0.486407431367365,0.10651606655686313,0.14951342470944795,0.3346559688291654,0.5950386620934494,1.1551399152690383,0.10543371352251811,0.7416350365886578,0.31951530395479755,0.10996785120111274,0.020613121821842644,0.004695041793632082,0.12338282481772912,0.0028139933313125224,0.0042145809905908705,0.0028983751409699375,0.002989249588640961,3.4700144501499683,0.4251379337668248,0.014555373110108008,0.0072932389602911275,0.021946223336835165,2.0729536557240006e-08,0.00929192929919616,0.6578947368421055,0.6578947368421145,0.6578947368421045,0.6578947368421071,0.6578947368421325,0.657894736842092,0.6578947368421483,0.6578947368421129,0.6578947368420849,0.6578947368420917,0.6578947368421747,0.6578947368425675,0.6578947368418688,0.6578947368421183,0.6578947368421807,0.6578947368421142,0.6578947368420957,0.6578947368420915,0.6578947368422332,0.6578947368421122,0.6578947368421202,0.6578947368421737,0.6578947368421105,0.6578947368420679,0.6578947368421211,0.6578947368420937,0.6578947368415764,0.6578947368421165,0.657894736842074
Medu__3,0.004545108538355303,0.034554848079228345,0.005908802261476714,0.0002921293595020684,0.19113684142227563,0.0003159891699733667,0.01149875931159922,0.07372677708878166,0.09940958859099835,0.8501257294997973,0.012242768031800674,0.672363176598494,0.00010319861737749423,0.00013697198171640066,0.06530211585147475,0.024730255532948955,0.0499494256600765,0.2233428105881116,0.18176536963986523,0.4973697648163773,0.006260364463427021,1.1426375127919532,0.03778840140939809,0.01512526625884998,0.0006683741560358915,0.025311087398438216,0.09819363108008909,0.02478417241817707,0.006093659915811126,0.03730221582233133,0.09227934328606915,0.2299920231860582,0.934253364713572,0.4322251095998434,0.010562202600459439,0.09606887001990735,1.166879772101622,0.0036327078916990625,0.38160334677350294,0.037834611164663925,0.2621412324198052,0.9327044901897791,0.04592347336472531,0.1766832312333451,0.03604517937095895,0.5191498619786873,0.7616713405587741,0.010701536570386642,0.14305521021485595,0.32056142240700997,0.2041023048789117,0.4815336175270746,1.229308509701987,0.3752517217123672,0.007661923624760788,0.44708647603389506,0.48636134046938395,0.7383574135840223,0.5046493410449268,0.013247229126871901,0.1409202227476413,0.2947817030828695,0.12111716691704812,0.6808123217605313,0.4587579281464853,2.091477240163717,0.19005518288689635,0.14773519802418833,1.0765149615557177,0.03235944029068711,0.06303419853115166,0.00171518506412061,0.018561568245643357,0.006657442188980716,0.006437661378809227,0.001955830774029074,0.013689614543205438,0.0018851352107491547,0.00707179890208277,0.6578947368421051,0.6578947368421216,0.6578947368421375,0.6578947368421063,0.65789473684213,0.6578947368421063,0.6578947368420249,0.6578947368420937,0.6578947368421119,0.6578947368421131,0.6578947368423362,0.6578947368419092,0.657894736842027,0.6578947368421116,0.6578947368421172,0.6578947368421012,0.6578947368421051,0.6578947368421055,0.6578947368419696,0.6578947368420954,0.6578947368421258,0.6578947368420053,0.6578947368420752,0.6578947368421202,0.6578947368421244,0.6578947368420857,0.6578947368422847,0.6578947368420859,0.6578947368421234
Medu__4,0.054562413385992985,0.05057155073759676,0.991431071952687,0.06861070940353904,0.5966019557406905,0.00985033873545929,0.0584956050467569,0.06178268279372047,0.010899897229950519,0.19900185035980847,0.07238697419076243,0.17671576000981926,0.044460752300540266,0.10812718939482403,0.10061745301028002,0.24325951993353095,0.017300273617778736,0.41732623766753735,0.06650186685184492,0.015159645717672634,0.014943782475121355,0.22961190614572266,0.0011120587633238433,0.1474095151301056,0.08030248140332923,0.0637643425946357,0.01521437508487553,0.08011820525532151,2.241235523200208e-06,0.0462734529690163,0.003069494338579057,0.0035363668038307533,0.0857707443023701,0.013137599212524569,0.0004141388334377482,0.0004769622253002415,0.17766095372239596,0.018104726708846587,0.00021245518866220073,0.036274400829183165,0.03301234696515855,0.15733148893754184,0.0003702113719348312,0.09656508080974974,0.0860787939335926,0.0013502824240600106,0.001347934552713947,4.328645221100855e-05,0.0017176726190822054,0.011307561538415766,0.2679548684495912,0.17228364563531914,0.21394000816651643,0.10415686643979812,0.014598494998744499,0.010001249947800129,0.20316628990011304,0.005689953508841177,0.0027316142067220434,0.1272307239361478,0.0037070149955236685,0.1380639124665174,0.16204192213111238,1.0424118701647047,0.028917822774011774,0.23076493853628108,0.0031412882654020535,0.05134824930417871,0.36660801570114915,0.08194470705817815,0.060898165364947805,0.04693623635393893,7.436089558167601,1.1075543486670587,0.14036032212146188,0.03597800502987008,0.001147274612366176,0.010505714009372166,0.03250246185891628,0.6578947368421055,0.6578947368420929,0.6578947368420697,0.6578947368420905,0.6578947368420802,0.657894736842114,0.6578947368420274,0.6578947368421095,0.6578947368421243,0.6578947368421043,0.6578947368420952,0.6578947368416634,0.657894736842017,0.6578947368421014,0.6578947368420651,0.6578947368421031,0.6578947368421119,0.6578947368421169,0.6578947368420293,0.6578947368420974,0.657894736842104,0.6578947368421697,0.6578947368421224,0.657894736842188,0.6578947368421043,0.6578947368421056,0.6578947368422348,0.6578947368421105,0.6578947368421307
Fedu__0,0.9829584162774971,0.9411228113383541,0.2955836938144379,1.4246427244811228,0.0207183323543026,1.6936628184056552,0.09512761574929195,0.6286346649363659,0.4768397923201114,3.8855178066601463,1.452147490544747,24.834109445056928,12.984822894309586,0.3409938247300451,0.14461148429822582,2.353353681845323,2.231314953650062,25.369544849465687,2.5712946367015195,0.005430019582039982,12.796129392527519,4.316701023251675,2.0480127396597667,0.4697934686407353,9.244491213367006,1.1641859122627223,0.5917512871368434,5.775646764727519,0.02188714450419122,0.03167483703508664,3.174617839799289,21.331339595389878,5.24507799143251,2.6869284219402703,0.08420078156409089,5.975895038759436,9.013319288163542,27.966773858384652,36.41232891146759,0.5666255499795484,17.196610112338252,25.917408353988687,89.22030526656245,32.40367695195274,52.24964146214053,22.157152296765158,8.09148425598565,36.27687110506626,1.2590847247231225,52.21808037205615,2.960821415611981,28.70696838998679,0.03815817584002115,13.724362479491258,9.607749642229512,9.701059156606897,9.730164446558181,22.540188549123332,1.4377938728974282,10.276933542295975,11.523668027393523,19.545669736516878,19.467075975155286,0.7697669373260602,2.8552568657009094,12.827306725220595,3.39288253820944,8.8934653362446,0.9185804144569112,3.8180993890430197,0.1752754750785771,0.00025310739390174225,6.7294571524811095,1.7939415154315304,0.04097950173641149,0.006963745530895567,0.2443176378288045,0.01438410167914154,0.00012498477199350934,0.6578947368421055,0.65789473684213,0.6578947368421918,0.6578947368421247,0.6578947368421919,0.6578947368421519,0.6578947368423377,0.6578947368421175,0.6578947368421558,0.657894736842129,0.6578947368416894,0.6578947368425748,0.657894736842988,0.6578947368420976,0.6578947368419394,0.6578947368418061,0.6578947368421381,0.6578947368421416,0.6578947368423774,0.6578947368420733,0.6578947368420991,0.6578947368419494,0.6578947368420849,0.6578947368419361,0.657894736842048,0.6578947368419742,0.6578947368421428,0.657894736842261,0.6578947368420002
Fedu__1,0.3166265183182124,0.09013534266317619,1.5070856482891535,0.03447868983056258,0.32083638936912884,0.01661634094725654,0.328294683330737,0.0859204842616474,0.05186698610404326,0.21733485549992243,0.03372109197642492,0.0018421340541656783,0.3161404380593684,0.11544114411290701,0.007331829985012934,0.2965757004415016,0.1189233330755737,0.05676855832420684,0.3025841964775281,0.2618526075066376,0.00039434186800979526,0.17259142804623337,0.03492297941037177,0.003680096400828198,0.003520094787180017,0.008663292341682038,0.20622672499430544,0.0014412587940460485,0.34245013933461393,0.013388034980161147,0.02117322302642314,0.01780058393038449,0.046304283025044086,0.30659561524165857,0.15302423548995225,0.020266083449517427,0.1433806226387446,0.061655374153090595,0.8318575730315297,0.5268325144152769,1.7011925013491282,0.009792284782983812,0.1995694242557155,0.004217052409244872,0.020221305428054434,0.6123700504001431,0.6123819414215057,0.04647248888483117,1.0283483741504587,0.33388057242652175,0.35066798320911713,0.2728813744898359,0.023273426753023223,0.5177757967223048,0.002514024979879023,1.027461744558222,0.10141423955712249,0.3520322607013011,0.05097231790786105,0.2390043311470301,0.017673697829694374,0.47915958342396625,1.2559864361178148,0.7597815564788932,0.0825596362627914,0.6991277889359605,1.4698514997836587,0.42853763642904047,4.824451400816107,0.16789313978878648,0.1890791757980179,0.00815711172438079,3.327205125648016,0.5402242021616932,0.0005336352804008789,0.0006165432431201044,0.004891870338694017,0.00021655321344543464,0.0001139752420031255,0.657894736842105,0.657894736842126,0.6578947368420897,0.65789473684211,0.6578947368420985,0.6578947368421055,0.6578947368421628,0.6578947368421109,0.6578947368421134,0.657894736842087,0.6578947368415448,0.6578947368416818,0.6578947368427821,0.6578947368421362,0.6578947368421082,0.65789473684212,0.6578947368421165,0.6578947368421042,0.65789473684221,0.6578947368421084,0.6578947368421001,0.6578947368420328,0.6578947368421273,0.6578947368420235,0.6578947368421333,0.6578947368420999,0.6578947368421774,0.6578947368420878,0.6578947368420894
Fedu__2,2.0739311220654966e-06,0.014465105741417777,0.09995141008225504,0.0008575114852737831,0.03953443362045191,0.002126119794926554,0.07662242061465062,0.015166270288042693,0.018248470999280578,0.5717093545605751,0.05634139283908862,0.015829232231840226,0.07523671190379903,0.0165357903217505,2.4041584667712698e-05,0.0005134716433608805,0.1908412968822359,0.13010458252855195,0.15292012379313694,0.08602810882930005,0.005586419065802804,0.07322584261330334,0.09015489235615576,0.04960248338825234,0.001843249090202515,0.13194484803788997,0.05179813653451913,0.5320557190778565,0.20003835707907247,0.20561436787661308,0.2690274742544909,0.2994276691409657,2.866512529186656,0.11859215489339923,0.12186231950583037,0.008894291506077633,0.026569327270258777,0.43373775782865764,0.6960810977626654,0.025330134532111588,0.38963334346742756,1.2680936335950545e-06,0.23570284015754026,0.3512655346252519,0.020572316027299087,0.6217467484756638,0.0014227220946674993,0.00018355378511736984,0.8257033101373523,0.04100491048207612,0.0009913497465739432,0.22490073465648658,6.094585750726169e-05,0.5392019450704084,0.08865860737106762,1.0725225512526173,0.08561953252767704,0.008581070927948565,0.21481261943824462,0.6605824738668657,0.14278682383506897,0.02256987829351586,0.890704752339738,0.0014483841241863641,0.3834054959374098,1.393263986180932,0.28657673634632547,0.0945816167120648,0.7588043289620552,0.05556873538735974,0.023225338993731068,0.005454415114196552,0.6718154263452121,0.03922364394838446,0.004312754855999014,0.0018067607000605652,0.0017694980065059195,0.0005962752068965482,6.628814818045422e-05,0.6578947368421058,0.6578947368421032,0.6578947368421083,0.657894736842107,0.6578947368421052,0.6578947368421092,0.6578947368420544,0.6578947368421078,0.657894736842077,0.6578947368421081,0.6578947368422139,0.6578947368420645,0.6578947368417857,0.6578947368421176,0.6578947368421177,0.6578947368421,0.657894736842097,0.6578947368421209,0.6578947368422351,0.6578947368421066,0.6578947368420989,0.6578947368420637,0.6578947368420975,0.6578947368421711,0.6578947368421165,0.657894736842105,0.6578947368422184,0.6578947368420913,0.6578947368421196
Fedu__3,0.10710803450158435,0.006914771466237167,0.07107617736230921,0.0319276898890526,0.049772475603401214,0.0012520358315164263,0.0021840047327712987,0.1902868630895832,0.0011740788467907999,0.526538807603555,0.004022747165595347,0.026058001846095066,0.1385589050909075,0.07150165485661174,0.09427443078222085,0.09533928631008065,0.0024534456234059274,0.006710926770316141,0.8976216926374314,0.10821242434541052,0.014059699701887064,0.20666664922606415,0.2457410178660692,0.000757604551638312,2.670560710092284e-07,0.01834492914158253,0.012649125403169,0.3274644111405489,0.03437889181841564,0.2207267478436374,0.17706445059244233,0.2117665624199858,0.8413758497440376,0.10561436834956868,0.15587201545618706,0.1011538012865398,0.00040575433459139407,0.9558481187686892,0.004938368779667467,0.4243548040068128,0.07184644670411547,0.35197866974507785,0.09360402968508527,1.4170758657467963,0.08994134325624162,1.8548731987081353,0.5738097409521921,0.0026658712989920483,0.1998655680824473,0.0051459687210033975,0.0023954437887213085,0.00911976751816015,0.028394049647708634,1.4169566266486608,1.4120829377965758,0.28758226182846974,0.0007035198104926807,0.2908701655713472,0.3468008803703065,0.001623791155618967,0.15494958068568745,0.7929067185289329,0.43365498402006475,0.20428548968270074,0.6254177229657735,0.406499537266675,0.9435321024744718,0.3004243566321058,0.7795175062436741,0.06955369657580938,0.08937783499098854,0.0052690121403390485,0.2048206993114142,0.06486668961159159,4.0623411103784357e-05,0.00732364460695538,0.0007819686624712287,0.001844627831770475,0.012936874345952743,0.6578947368421055,0.6578947368421237,0.6578947368420917,0.6578947368421171,0.657894736842092,0.6578947368421166,0.6578947368421764,0.6578947368421086,0.6578947368421053,0.6578947368420988,0.6578947368425759,0.657894736841912,0.6578947368424485,0.6578947368420881,0.6578947368421075,0.6578947368421043,0.6578947368421105,0.6578947368421039,0.6578947368417928,0.6578947368421004,0.6578947368421303,0.6578947368422009,0.6578947368421172,0.6578947368420944,0.657894736842076,0.6578947368421301,0.6578947368423004,0.6578947368421232,0.6578947368420811
Fedu__4,0.008441359345138887,0.08851339252195796,1.0702323828140972,0.07178838570153062,0.7699020373857081,0.00010651531544258777,0.04203476140529901,0.0037948644801151007,0.0002060776368833804,1.4515374718193625,0.1263760598518151,0.009077829757425061,0.18386515498767608,0.0210385297966196,0.1301454136404129,0.4587547012593757,0.013317606391069155,0.14761048839732768,0.813508850476795,0.14336611578113742,0.002343503559923896,0.14176346967296677,0.12357108977385385,0.04109093765053336,0.003761337890101208,0.024218461382174594,0.0002620630951209354,0.01520428363676408,0.040658689381648766,0.006802343420074707,0.0003938674659295661,0.01203782757125792,0.4419466462697761,0.17936857581119234,0.21777112106839736,0.14298257965481548,0.0065809553085241414,0.3353967216116552,0.015342970232855949,0.05783167241869446,0.028274554376059927,0.1719426971509092,0.0027385787717474513,0.15705936155818678,0.16354608738821588,0.00014618150649415158,0.002640198627212151,0.00040037785618804087,0.359308562153401,0.025728434506139368,0.19480400804058357,0.011973918208385404,0.00141558247548757,1.0942349964060352,1.9669949708920675,0.026679242296706693,0.0006844148068968595,0.07398982230982869,0.0882997252315841,0.1419185567438242,0.0017604089462746537,0.07954720359341429,0.48817965331226815,0.04134484710663647,0.1534490586199717,1.3614047413382675,0.2521677889303771,2.0842442920723085,3.1283243853515232,0.7602349418245137,0.012981288257738434,0.0064561590969156,3.5640516424990594,0.3070131287533874,0.00962007475454406,0.01202578456194445,0.0007707613262911842,0.00684198409458285,0.01701804130797347,0.6578947368421065,0.6578947368420829,0.657894736842123,0.6578947368420941,0.6578947368421165,0.6578947368420941,0.6578947368420215,0.6578947368420953,0.6578947368421171,0.6578947368421,0.6578947368421786,0.6578947368425102,0.657894736840867,0.6578947368420962,0.6578947368421127,0.6578947368421099,0.6578947368421082,0.6578947368420968,0.6578947368422132,0.6578947368421029,0.6578947368421075,0.6578947368420878,0.657894736842075,0.6578947368421748,0.6578947368421126,0.6578947368421256,0.6578947368419314,0.6578947368421012,0.6578947368421512
Mjob__at_home,0.0005218586472841712,0.045322205698653355,1.338936143106801,0.7075099849877108,0.838964540188312,0.011289558067635473,0.17980720033167233,0.1904595676246576,0.15778757589179712,0.6001940884276897,0.056156584579799274,0.24924641638284328,0.02513645466274572,0.005901912171964238,0.05488333843090714,0.1836964998617662,0.4703929515073373,0.33116525287842674,0.24481288413861607,0.3536308263438559,0.02462016886715119,0.580092330520737,0.055329905156604534,0.011423598651677112,0.4765631512661084,0.2648973336666598,0.0055482729818531595,2.13743371592558,0.0012988336153168265,0.42532248126537436,0.06667616860950776,0.3641194459686164,5.415315485364166e-05,9.502881826838373e-07,0.02159895697466252,0.2020427607036509,0.6138236790548898,1.0393617442109526,0.19829134538919083,0.3415820279157201,1.220045683907119,0.302022164199313,0.45123467573908665,0.03745198718105875,0.4512550177589549,1.3302871340866356,0.5534301070680872,0.8396755541856654,0.0429364290211207,0.27401956903812363,0.00013142284473158708,2.1801932952870042,2.682609828785477,1.2844699831072848,0.0015727759462598886,0.6720701554057245,0.004605900742702075,0.41697409536587493,0.6812123719930948,0.12175880947867838,0.14178138927430597,1.2355656700499542,0.389185611846556,3.660092302681169,0.10151867658575134,0.012144834489430456,1.8309963993500389,0.0025719846257989095,2.8232851855077676,0.012314188356817485,0.0978208391437742,0.07824211140771546,5.369827263865237,0.7497563453477393,0.11481010001408846,0.05756658516512943,7.184076064674469e-06,0.026181213885793753,0.0009064461503109667,0.6578947368421045,0.6578947368420945,0.6578947368421127,0.6578947368420973,0.6578947368421434,0.6578947368421341,0.6578947368422604,0.6578947368420889,0.6578947368420682,0.6578947368420864,0.6578947368412014,0.6578947368427948,0.657894736840144,0.657894736842135,0.6578947368421126,0.6578947368420781,0.6578947368420991,0.6578947368421199,0.6578947368420515,0.6578947368421236,0.6578947368421182,0.6578947368420859,0.6578947368420996,0.6578947368420471,0.6578947368421362,0.6578947368420849,0.6578947368421774,0.6578947368421376,0.6578947368420788
Mjob__health,0.0661765451182406,0.3177723883468452,0.8471961645753877,0.157106150542906,0.13416242530074032,0.006297295898655822,0.413905953614831,0.12770470723549468,0.005605965483192954,0.018019422021603258,0.012390477086762284,0.022573943802416258,0.04592351605416811,0.3034305839323813,1.9612176985785026,0.2741449429753181,0.019437920183466444,0.936765484218283,0.8830782429543133,0.04498367853555997,0.03414043350869608,1.6822298619891436,2.1653488342958127,0.13232189875198497,0.3986211407690725,0.0484200003624324,0.11705602137147164,0.06629637900121096,0.30899586318604877,0.5522211254462056,0.009593001257408102,0.0016867222086913655,0.05781487733821733,4.418012581321403,0.0011258264976707743,1.869991803887925,2.3779047474353563,3.4487050050723105,0.039615989149449575,4.263405041425451,0.017915683340727722,1.408216828098167,0.0039634918551178224,0.2510959546043612,1.1399916928747063,0.6182656625754184,0.1612930201531654,0.03050485269968386,0.14148484506781336,0.3872920541663003,5.638351646178401,0.8357908462040419,4.301959453817307,0.21683623139584016,0.5126964383225592,0.9421134406311898,0.6056335116546409,3.5556280478901603,0.061184694962340365,0.005284066222625728,3.9765853934293984,1.4600815802402385,0.7608790957089853,0.10200773539221097,4.252462756193473,0.010835396080559192,0.7063072384174843,1.2172402512107834,1.8541809870161137,0.7656053520609697,0.011830392696805437,0.03715130873500684,4.59261654573946,0.9445823647712499,0.019428405926093986,0.0035975615806318217,0.0044535947543241925,0.0046961614827562125,0.024560664429592937,0.6578947368421055,0.6578947368420891,0.6578947368420762,0.6578947368420958,0.6578947368420455,0.6578947368421231,0.6578947368418802,0.6578947368421292,0.6578947368421312,0.6578947368421352,0.6578947368422744,0.6578947368404715,0.6578947368422543,0.6578947368421343,0.657894736842063,0.6578947368420998,0.657894736842131,0.6578947368420797,0.6578947368418085,0.6578947368420833,0.6578947368420757,0.6578947368421257,0.6578947368420444,0.6578947368422264,0.6578947368421132,0.6578947368421151,0.6578947368422594,0.6578947368421069,0.6578947368422176
Mjob__other,0.007764034525228901,0.03826012525734539,0.3036665748565575,8.318920919303958e-07,0.15005652782232937,0.015033862584513252,0.020794132182654853,0.029708594460530986,0.05816122170729613,0.2465743586185245,0.01849367462032502,0.048862263950004856,0.00010347793385803777,0.011503772274898507,0.009625785398886212,0.24397177490724634,0.03179065392285869,0.10284559951566237,0.01864646292982057,0.002034050774120689,4.674303476040287e-05,0.24902484785046647,0.00024869069027062693,0.04254015241304563,0.07041246033140423,0.025725798841595097,0.06637017076636122,0.4184611016715388,0.003254681559998651,0.2866741775253939,0.00011680732467416038,0.0014836024633580467,0.008786672645693562,0.004566624082508499,0.05918606242973375,0.0003903193368483594,0.1631348230511698,0.161443582546482,0.5007487926037477,0.16626937127774327,0.1419646835739929,0.08198207454440296,0.12352646441365117,0.4866136793286149,0.08381453405037977,0.5438083879780762,0.09769977452287856,0.3151651040617333,0.07470508029924017,0.04199129686813866,0.008730706788869745,0.36983072507235365,0.05936703687023522,0.21685034281986407,0.12087426590300827,0.07793050830613174,0.3292973042987637,0.014038515982067026,0.4242634370089239,0.013028715934055267,0.02302191551650523,0.19682140974719525,1.0777757280519564,0.09262991244183504,0.04966468361938432,0.4864826161784877,0.7523096884259101,0.032349965654459197,0.42172206041986066,0.08574206222729755,0.06500394121106391,0.003714856132579404,0.8897907480789644,0.03637317228562756,0.014347490118818458,0.009577250946832467,0.0021634258650000487,0.0011822204300761718,0.0028869374605818027,0.6578947368421048,0.657894736842112,0.6578947368420986,0.6578947368421105,0.6578947368420944,0.6578947368420971,0.6578947368420961,0.6578947368420933,0.6578947368421073,0.6578947368421081,0.6578947368421963,0.6578947368417308,0.6578947368418311,0.6578947368420924,0.6578947368420971,0.6578947368421,0.6578947368421144,0.6578947368421,0.6578947368421704,0.6578947368421055,0.6578947368421236,0.6578947368422277,0.6578947368421165,0.6578947368421066,0.6578947368421172,0.6578947368420949,0.6578947368421313,0.6578947368420917,0.6578947368420867
Mjob__services,0.0042109280461194104,0.00369928987706223,0.16021104341319917,0.030758924900918642,0.03496172865713833,0.09038205590695433,0.053039152992660245,0.07102432071391818,0.01945669686305573,0.004550187147839386,0.04046326135653663,0.09521468401822966,0.0005028027259777276,0.032570384655912984,0.09354124875972948,0.011727400430412862,0.00030102297211059256,0.22950975544882504,0.012430374935143177,0.4508819393453896,0.0024576684505837948,0.2668314828764276,0.1007465363360817,0.06847772984846529,0.11641738841016518,0.09035613461697303,0.5602499283268862,0.45232172854342745,0.004771117696317384,0.3375842747173177,0.023972232745927052,0.00039218782210040083,0.19528545487930485,0.08133455611866364,4.4239676758602555e-05,0.05100002875285274,0.34153870386410573,0.7244103902443126,0.4308335128007794,0.08460671937008801,1.7140548517244825,1.2348062494935177,0.05088676445998494,1.7116413886559105,0.17269007875974018,0.007873260915961248,0.5573506659959726,0.20308096435070522,0.10539398195184926,0.00972352291247218,0.007102223065202778,1.0187591976130806e-08,1.493318959478393,0.6961275431803208,0.005119380710374599,0.22373725934133315,0.41086390523389665,0.0847101505413376,0.004570175515233894,0.0773051801412303,4.49840273778862e-05,0.04474256512600378,0.002967327983229638,2.1706803152358383,0.15695774821657363,1.046560957567349,0.29413897327508787,0.3671375676580826,0.028337980392328453,0.019241663350066968,0.006771215993109158,0.01813365757650735,0.04298696807308346,0.03383558359818781,0.0041644125655603,0.002520213266680649,0.009748847335124131,0.013114047461562292,0.009488145364300723,0.657894736842105,0.6578947368421206,0.6578947368421226,0.6578947368421066,0.6578947368421284,0.6578947368421081,0.6578947368421789,0.6578947368421132,0.6578947368421105,0.6578947368421119,0.6578947368423703,0.6578947368421654,0.6578947368420601,0.6578947368421089,0.6578947368420865,0.6578947368421247,0.6578947368420883,0.6578947368421141,0.657894736842023,0.6578947368420884,0.6578947368420958,0.6578947368420927,0.6578947368420758,0.6578947368420834,0.6578947368421066,0.6578947368421068,0.6578947368424234,0.6578947368421106,0.6578947368421305
Mjob__teacher,0.03211528582570591,0.16932704692711933,1.2233143179962365,0.05497943266732494,1.3472903180245954,0.0035429624503387014,0.00024273576620634221,0.3763036581525781,0.13939397936957543,0.2265645233858016,0.01810437985467355,0.11060844975479418,0.0012883194050434346,0.025379016524905314,0.021554627747262738,1.3909493612521402,0.020189614065205346,2.186895817665757,0.626995555247831,0.2692131672726454,0.029218318750089876,0.3239211920572726,0.01582063010016113,0.3355693075065157,0.10010426294291563,0.20129540696015308,0.2181957437393443,0.5101506129901273,0.12020497797138921,0.43682964233184884,0.002216302928226674,0.17748749130475433,0.11651154831001963,0.27659486033173375,0.1792900046976454,0.421601492212209,0.09821582911587348,2.063251576541309,0.005203260325077409,0.020215598903932368,0.029954571411522097,0.0003283195934560519,0.011603105356406943,0.3298870283443922,2.508546681980648e-05,0.009905362966392228,1.0039663840513637,0.10529923618426333,1.2862094401929838,0.22590663143036488,0.8383105089945511,0.33424631281798617,0.004844301368499669,0.9532924643168388,0.22054225479613254,0.08715268452172327,0.005102280361780735,0.40778610062416326,0.961530840766155,0.8914533329659546,1.138173280892296,0.12453198291819971,1.9530601277980397,0.040631707008414994,0.8885549088410511,0.03282352966523516,1.3602372017286557,0.5011884688928978,3.596239090714315,1.5311523640512321,0.4219095701921712,0.0722851594941804,6.858120385770672,0.8690150016529394,0.3387141055429596,0.1422193351773582,0.08389087824561443,0.041058259633326114,0.0452579657649132,0.6578947368421055,0.6578947368420955,0.6578947368421093,0.6578947368420945,0.6578947368421344,0.6578947368420965,0.6578947368418595,0.6578947368420991,0.6578947368421217,0.657894736842117,0.6578947368424413,0.657894736842293,0.6578947368436026,0.657894736842093,0.657894736842191,0.6578947368421301,0.6578947368420961,0.6578947368421203,0.6578947368421688,0.6578947368421135,0.6578947368421328,0.6578947368420599,0.6578947368421214,0.6578947368421797,0.6578947368420861,0.6578947368421213,0.6578947368419724,0.6578947368420917,0.6578947368420647
Fjob__at_home,0.15543572029112734,0.02857234285145245,0.020390591727292365,0.5783713676244645,0.2578180734801603,0.44631664619890393,0.24113409385278045,1.3156911572943137,0.09214267300555795,0.6532471279316195,0.13641028339572406,0.022287515329633297,0.9670793301234335,0.12058243345888586,0.7964512331065848,0.7705628321668476,0.2733078905701383,0.21941167977575513,3.2010642162137124,0.2267761223880136,0.5424340888554885,2.052512665055178,2.8266425802712316,0.10270151222501608,5.936346571870063,5.199005015549716,3.771541008786425,2.7497728873609604,0.1869883406509971,0.06847318214410236,0.5212561636607936,1.1842460257315417,11.398278722202294,0.2291537160857806,0.8738948574007067,0.25543904193896344,0.5702310347860203,1.057142419389213,0.7669560328691579,0.9098823858240906,0.021117945487569418,0.8959677879206016,0.0013835313692472948,1.2570515793916415,3.4103497911564316,0.322925628090095,16.49969835300964,2.611168641548409,4.282774716621416,1.469624101766779,3.2932284558795017,2.2879498646993737,7.609153467639445,10.140437440278856,2.299712798532807,12.959502855524452,0.013482442861658225,6.73860694760728,2.372202232548402,0.7036304184470473,0.4994639784235891,0.6690446597730705,0.4052515298588812,0.04922273590496326,0.26682360442495473,10.998848003722129,5.295028184988379,0.0037843791282745026,2.0714720599512995,0.10919743580871812,0.36110568102728313,0.07715275786833854,0.4361515493602105,0.014587771223662276,0.026897352626100976,0.011927864477343057,0.03373338106090704,0.005538304805093701,0.0006678026137687699,0.6578947368421048,0.6578947368420776,0.6578947368420657,0.6578947368421352,0.6578947368421341,0.6578947368421134,0.657894736842165,0.6578947368420889,0.6578947368420843,0.6578947368420751,0.6578947368420058,0.6578947368416705,0.6578947368393423,0.6578947368421095,0.6578947368421615,0.6578947368420716,0.6578947368421103,0.6578947368421151,0.6578947368424326,0.6578947368420776,0.6578947368421091,0.6578947368425639,0.6578947368421634,0.6578947368418764,0.6578947368421659,0.6578947368420999,0.6578947368414806,0.6578947368421262,0.6578947368421745
Fjob__health,0.33728158060425373,0.0035546091549184737,1.4419691039201503,1.189803659833001,0.11448704996957265,0.0010278601244804208,0.7328463318139165,1.1851774788200498,0.12011152604351617,2.4213397894578206,0.2119075891169469,1.6818543973503366,0.15117684273713702,0.01654849850624224,1.887575013777026,0.041456381340461465,0.7592554935207596,0.9447611383921126,0.8714295822224716,0.1728900903694403,0.808292340060702,0.00024393180415792004,0.007667995263487108,1.0758165042234336,0.009031084016194261,0.0004498259350896572,3.1810421268281868,0.0012792229937328814,4.051052335682572,0.37833500967694655,0.0016579137273591922,0.1666632028681106,0.01908059648463384,1.546401661355838,1.4236594084776577,4.508227292616927,0.0051986045745196175,3.1631825091416266,3.2853503042499215e-05,10.940912798680476,1.1717014989215508,4.249596339181411,0.006274066481361911,1.9265828542019112,0.004849170308868112,2.8757494390042755,3.571608856469228,4.037385321790698,0.231699312006877,1.863683115291694,13.422337977383464,10.61186400830769,8.951473751553007,0.010838859374966037,5.225039723143078,1.8550983049474168,3.1261972795489825,0.040783757976843235,7.071912584357004,1.224486863057587,1.8151365518147333,0.8475826494578901,1.597014328980516,0.4722275237858638,1.241090980551136,2.348173505195543,3.0995923247416743,1.171628934923922,0.7925698676777702,1.8292139039527402,0.09637186373029395,0.007636765321659002,3.8235111599406757,0.17340099786028362,0.000437691076278129,0.027413054298337895,0.02842040798764442,0.0009993218872055242,3.653690009138727e-05,0.657894736842105,0.6578947368420651,0.657894736842018,0.6578947368420937,0.6578947368420227,0.6578947368421638,0.6578947368423634,0.6578947368421368,0.6578947368421565,0.657894736842086,0.6578947368425009,0.6578947368423826,0.6578947368410314,0.6578947368420529,0.6578947368420482,0.657894736842047,0.6578947368420881,0.6578947368420769,0.6578947368429147,0.6578947368421152,0.6578947368421539,0.6578947368426235,0.657894736842126,0.6578947368421321,0.6578947368420551,0.6578947368421452,0.6578947368426283,0.6578947368420762,0.6578947368421745
Fjob__other,0.0010400916289132764,0.0011733903232865979,0.0693971647045416,0.00012078221182323626,0.14559248761099464,0.0027998551408192,0.04472411001490499,0.013351164264277968,0.00999303496641576,0.11157470636272092,0.048974897787422346,0.0005479715183672991,0.10865193324013599,0.0009772679781194418,0.003902784308644,0.039612593099681535,0.0802562865061792,0.0069433025068903545,0.04954875359140655,0.07485463416791208,0.06133958933168703,0.17743593236439145,0.051746481931308326,0.00023811726458682135,0.00905426957949539,0.13023155201873948,0.05190320394322481,0.12829544430415096,0.004745921629165143,0.028094903697694656,0.006469481831428078,0.03488734720664511,0.016779785109384524,0.02056944900874819,2.2836398044363647e-05,0.10645047007687833,0.14973750515815706,0.11927621357337417,0.0762206909853904,0.014310340274975483,0.002343451853325,0.0028440105898151625,0.0009494113690034869,0.17062895079601564,0.003282359368895378,0.008727454134432914,0.007898439371214773,0.007308536589204935,0.5160808412326452,0.03753711829392245,0.02780278143604803,0.001832014492824438,5.8610471620348606e-05,0.15347803614838398,0.36093064183854556,0.013689997544884898,4.621629265127678e-05,0.008198956198926686,0.5157039534172009,0.01145776241555121,0.2076925333017845,0.17051273610832668,0.5219328823815279,0.1332854408397263,0.06830531206924029,0.3816471222170713,0.14023379075529863,0.16325691341217793,0.11226051838971018,0.027378553416791414,0.004028906433339251,0.0025788913039929947,0.20513189721669767,0.027062068847504304,0.0005458930529785389,0.0008609517014775041,0.0024315016582459417,0.0002803336739260681,0.002037081805827493,0.6578947368421055,0.6578947368421132,0.6578947368421146,0.6578947368421051,0.6578947368420965,0.6578947368421056,0.6578947368421129,0.6578947368421038,0.6578947368421099,0.6578947368421028,0.657894736842226,0.6578947368419468,0.6578947368422303,0.6578947368421071,0.6578947368421068,0.6578947368421182,0.657894736842103,0.6578947368421165,0.6578947368421317,0.6578947368421026,0.6578947368420974,0.657894736842078,0.6578947368421082,0.657894736842111,0.6578947368421171,0.6578947368420999,0.6578947368420135,0.6578947368420992,0.6578947368421196
Fjob__services,0.015254357894005867,0.009947849808357282,0.01119020874390712,0.034819389153400215,0.22014174475824003,0.0019548457191034324,0.003296350291623685,0.11184912250320639,0.04091959610786787,0.13266107109289538,0.08750762430459874,0.0005617080197760688,0.0491252993035462,0.008583401409192823,0.016105207272469,2.2737636929031994e-05,0.14127080427239816,0.05258008666166194,0.4060619695762733,0.2282558985897589,0.06293750890062252,0.11378872331155249,0.0026723039486790646,0.06493341470992531,0.0003410995068210565,1.0119740882136656,0.02577627429776934,0.6243980919664669,0.05046983478891924,0.1419135783561374,0.15399645674626117,0.3637273137811498,0.06295530309675601,0.004522898565719522,0.021199287547907942,0.01080763458329621,0.9645169849459477,1.324997609136526,0.32555050323850154,0.0296451641878695,0.0014755898375197855,0.06130928385160609,0.0012833695843249217,0.2438779656451302,0.04282686088532482,0.026203123415718222,0.5472311628290519,0.0006021692230526996,1.207727258999275,0.3066800658577908,0.044444473874213644,0.08736296366911843,0.873943903650406,0.8661991384481159,1.1461214987125987,0.45132206219749965,0.0697616543519803,0.22572782431080426,1.7387796058332163,0.11308118088971697,0.027164097937228432,0.6125541572938282,0.49724669639529556,6.731482669372596e-06,0.0009228956864045541,1.4305478814007357,0.07436293115979459,0.029689707398236245,0.18420321972692125,0.00011102395170478832,0.029052154846245782,0.011437214201431149,0.23337911296836952,0.06602688857037735,0.0006987810153757261,0.0002357156209857091,0.004995246172296835,0.0018394561310811765,0.021544466320602855,0.657894736842105,0.6578947368421065,0.6578947368421086,0.6578947368421039,0.6578947368421304,0.6578947368420849,0.6578947368421103,0.6578947368421043,0.6578947368421082,0.6578947368421023,0.6578947368420552,0.6578947368428586,0.6578947368420082,0.6578947368421083,0.6578947368421202,0.6578947368421106,0.6578947368421069,0.6578947368421026,0.6578947368419799,0.6578947368421012,0.6578947368421099,0.6578947368419978,0.6578947368421035,0.6578947368421232,0.6578947368420862,0.6578947368420985,0.6578947368421139,0.6578947368421014,0.6578947368421024
Fjob__teacher,0.015338368659167987,7.799890338597308e-05,0.7108324608646246,0.13221615049716015,1.1112420839002148,0.03442288674401613,0.836679686096079,0.1390346069941642,0.002620285148409994,5.108658136863632,0.2992707478419948,0.505108348121235,1.4023406021663039,0.4111880423407887,0.32539821296562277,0.993635729645663,0.01363102541267205,0.2658154501375564,4.493298769900537,0.47193405553426554,0.0028444495693421283,0.9445916786771692,0.8226904793479909,0.13772937383168785,0.24404229929173982,0.02977099755456518,0.01547537115408223,1.2672466720332278,0.006825021327919852,0.39913380442666924,0.16979924967507973,0.0006149593359954793,3.3632484847083375,2.7991624930195873,0.08892149672075476,0.19068123889295754,0.16466944222043134,1.3870815899520101,0.29064858708020797,2.3762701118161296,0.7491130945011234,0.1611164947334574,0.0005493294101122995,0.8547373918123145,0.035834045695708576,1.6910241515253597,0.7890694277594247,0.8732006592754421,0.05551912409101799,0.610884497698649,0.6242845311425568,0.09351876981122365,0.0459679643998194,4.546990773505466,2.6970539987914433,0.2603569930975101,0.005127868968017711,0.0422241715417483,0.1068622559294183,0.3692328066378477,8.45127943007504,0.6689112529762182,4.489894164753348,3.9386711599687785,1.7681233449802922,0.6317693433281927,1.7874995379508567,7.395969650673284,6.405266804531999,0.031548256894466366,0.08773366460924514,0.046124704685671994,0.4676478932433198,0.004457507660019273,0.01987007339655827,0.012610189987948594,0.007980113549679865,0.0030413928113923972,0.033406227352542915,0.6578947368421049,0.65789473684213,0.6578947368421082,0.657894736842117,0.6578947368421293,0.6578947368421281,0.6578947368421044,0.6578947368420933,0.6578947368420591,0.6578947368421051,0.6578947368418704,0.6578947368404368,0.6578947368429204,0.6578947368421083,0.6578947368421296,0.6578947368420804,0.6578947368421367,0.6578947368420722,0.6578947368422027,0.6578947368421029,0.6578947368421132,0.6578947368423003,0.657894736842112,0.6578947368421324,0.6578947368421151,0.6578947368420898,0.657894736842774,0.6578947368421034,0.6578947368419624
reason__course,0.03034060097508473,0.006770553856999332,0.03681166885845663,9.747504455941708e-06,0.08492017547660745,0.08297244222404863,0.0723882640335085,0.03105593997978448,0.0007473906587366205,0.19353282480003658,0.02769023430333518,0.008008823648567207,0.003809134927771576,0.004848752171274481,0.02116547708531667,0.004348031764033957,0.08827211107524714,0.013232183314025725,0.11541713459429766,0.022235706925213854,0.004156629523417879,0.15321102920586177,6.947159165568771e-05,0.014803500241654104,0.004882128859049087,0.4003643452832493,0.21643224634520453,0.009169667546291728,0.07072727031719792,0.0027085872712308582,0.002324244771936359,0.31209030150773936,0.29600356544902745,0.23500455669169681,0.018076283731986005,0.0004431619186771761,0.023013201726714005,0.9363956697793114,0.49144331396233853,0.10318846397547163,0.23292259829992248,0.022480845208682383,0.010239715101335076,0.14230154685971397,0.015132640260945103,0.3785340663682626,1.723740470956115,0.02740827985528518,0.2924700396036046,0.08708558879930196,0.6409889880095416,0.47398466543210943,0.01389997026901358,0.0579905295743059,0.08621004569190177,0.03141578131349496,0.12348914746479327,0.6912019023412714,0.42769350712653026,0.008235935757106298,0.007521982074076395,1.1658587991822706,0.599765134711596,0.06508554298508959,0.17096764101665893,0.06339078643168031,0.05926302914435154,0.003231125254840939,0.04726590451883256,0.2305123681020143,0.004970990669329509,0.0006626276308104794,0.012696495152751732,0.0007499327647078,0.007112963685882359,0.0016157174947157324,0.0028520147611505206,0.0016263594201466486,0.00898841326127487,0.6578947368421053,0.6578947368421134,0.6578947368421058,0.6578947368421051,0.6578947368421053,0.6578947368421145,0.6578947368421271,0.657894736842102,0.6578947368421116,0.6578947368421111,0.6578947368421697,0.6578947368414383,0.6578947368421445,0.6578947368421134,0.6578947368421177,0.6578947368421063,0.6578947368421207,0.6578947368421203,0.6578947368421852,0.6578947368421174,0.657894736842105,0.6578947368421245,0.6578947368420951,0.6578947368421124,0.6578947368421194,0.6578947368421135,0.6578947368422678,0.657894736842079,0.6578947368421222
reason__home,3.6455374416925496e-06,0.0012109407908196036,0.00028544638683183167,0.0002913387804915801,0.020862444919642384,0.001633210569145483,0.08293882038318488,0.030042515649438065,0.006443414234764035,0.25190786653504155,0.027862011860574923,0.02557728040399817,0.3138971532045419,0.03382900394526938,0.014002116364051074,0.08517044760223727,0.41886234587152377,0.022861477249779768,0.005714290620973455,0.24990688573469536,0.24121500376150146,0.3776997204366677,0.0005061132932986067,0.016107635093347183,0.1106576304583146,0.028117923350657173,0.038337785398027846,0.10033645358313054,0.46595802317798074,0.011338074935255503,0.043240841720195655,0.531717093530189,0.7256616273052652,0.03400165845147925,0.5801874759000226,0.9378805791871078,0.23392430056330218,0.025740062810104738,0.07803179556050424,0.5185989178340455,0.028090423957853963,0.0491238607259169,0.007471214770168121,0.017937788124879638,0.02965703046519483,0.17134755507417704,3.154705278702207,0.009133179821285722,0.15190161925287243,0.0011200272372421788,0.2029955689904387,1.366984804292624,0.43993552516179996,0.4102752710880721,1.1641324792231464,0.03862517971181337,0.03497040338296486,0.1681372698208795,0.9123649323406372,0.20092785469250607,0.13598066496084588,0.3528277039237577,1.4327854393262796,0.0644305457318278,0.647818689334331,0.15527243368102056,0.16089989917414485,0.01717061244465149,0.0003101202946200995,0.06409182118487418,0.005340258091544142,0.004662579869487925,0.07293739112338377,0.007768659092352737,0.004765451964268586,0.00015865718722784814,0.03967896127843652,0.0006690443467205355,0.0022696593892170018,0.6578947368421051,0.6578947368420944,0.6578947368421343,0.6578947368420823,0.6578947368421146,0.657894736842092,0.6578947368420801,0.6578947368420991,0.657894736842109,0.6578947368421162,0.657894736842203,0.65789473684232,0.6578947368421043,0.657894736842096,0.6578947368421413,0.6578947368421102,0.6578947368420878,0.6578947368420978,0.6578947368421673,0.6578947368421174,0.657894736842122,0.657894736842123,0.657894736842117,0.6578947368421706,0.6578947368421201,0.6578947368420968,0.6578947368421341,0.6578947368421009,0.6578947368421131
reason__other,0.19574343244040376,0.06105895212565168,0.01470356930520926,0.15954340334179082,0.18132511156636674,0.005928669250495292,0.007225934120760148,0.5160281389767831,0.00739443404216555,0.22522494407562185,0.036790229064107935,0.05401922928132169,0.1416061327455412,0.45755034431517966,0.03944881100436715,0.024325066261594447,0.004713914163659011,0.09159356782736885,1.6146487326211907,2.661173901946823,0.15163258565859505,0.21964903698776803,0.21576807442018575,0.3925834280654696,1.1685147612789695,0.923630946669911,0.9031355738531388,1.0503710683598557,0.31843586387840916,0.004406542669398598,0.23488574751837804,0.23636965815072142,0.045862267873443475,0.4636596861389083,1.6214556572827863,1.6677158904912213,5.271201611125662,3.360353949226754,0.20796456703427638,0.9366202500223167,1.8453919242730388,0.351085881955217,0.24831954713615956,1.899801368808803,0.3402104741918077,0.26195936788355945,5.364968560882284,0.011760138492701742,0.47111226592670896,0.36340467771127466,1.1890146030510365,2.020183665705302,0.4676710924091227,1.2298408717428166,17.579621232971512,1.4652502964890919,0.9184770349501066,0.11456403156894139,0.2859664689573882,0.5830582013813684,0.5155663660726413,0.002941926049551699,0.3709245243337595,0.3314882500990972,2.2830193125862692,1.577458124235667,0.07199533077449713,0.8622622579238463,0.7422821983914492,0.11330795053969163,0.04833674306697625,0.0002961686473423779,0.06402447939884329,0.00038219494546507963,0.012788191758698188,0.005692366062006408,0.00017263483449862942,0.0023155542142053688,0.008764816367648677,0.6578947368421055,0.6578947368421276,0.657894736842154,0.657894736842121,0.6578947368420967,0.6578947368420809,0.6578947368418269,0.6578947368420884,0.6578947368420845,0.6578947368420625,0.6578947368424313,0.6578947368433732,0.657894736842977,0.6578947368421048,0.6578947368420869,0.6578947368420849,0.6578947368421217,0.6578947368420619,0.6578947368421569,0.6578947368420811,0.6578947368421356,0.6578947368421032,0.6578947368420168,0.6578947368419231,0.6578947368420963,0.6578947368421114,0.6578947368413228,0.6578947368421105,0.657894736842074
reason__reputation,0.16360033700456156,5.243059593635725e-05,0.06299383010761157,0.026307602279583335,0.16153221320368644,0.11520867582295703,0.008207380177744474,0.09389629757001923,0.009864723716368354,0.05278516340928863,0.24169374125671841,0.05140297692569763,0.4505838495958401,0.016308664982015643,3.727949306204493e-05,0.2264665073357626,0.10616313691952142,0.0524619367121494,0.0016297595793205604,0.04746662081578152,0.25834885520621975,0.0010205634514922554,0.02184820404196993,0.03460434418133064,0.009637239825966636,0.1461338340484048,0.01325265818123241,0.01871993199131449,0.036288499095631845,0.0004901660849962973,0.11067517397113694,0.02198352681891664,0.010948839017743588,0.06215971325022113,0.36633866879178095,0.4476460670711939,1.2604663203748978,0.8583894721183366,0.28059259002707154,0.8676053912358791,0.000902015689904344,0.0662563495179818,0.015711707248667044,0.00803366654395988,0.034149927495740764,0.05604205393255645,0.8494206711178854,0.14546572943860697,0.3286035719208624,0.062497370028911425,4.111844439215306,0.026991472991453692,1.3229117327321955,9.617798849637764e-05,0.43961092139444496,0.0028992260514438158,0.3901362442288043,0.37211108093489254,0.10459129626778271,0.8058646795215101,0.001672641613295281,0.7343710398370081,0.2011598052159491,0.20215667835456144,0.9407134137320465,0.13412544016433142,0.7940632632693506,0.1505738006807083,6.549191440699954e-05,0.08118756157003562,0.00331547123660031,0.0021014240251961466,0.14161856434722017,0.02097761810716354,1.417294354611094e-05,0.0002927112678074118,0.023059564010316128,0.00014122302222495408,0.0024486440198023406,0.6578947368421051,0.6578947368421059,0.6578947368420774,0.6578947368421156,0.6578947368420984,0.6578947368421122,0.6578947368421664,0.6578947368421187,0.657894736842096,0.6578947368421162,0.6578947368415963,0.6578947368418764,0.6578947368421709,0.6578947368421019,0.6578947368420556,0.6578947368421033,0.6578947368421038,0.6578947368421141,0.6578947368419081,0.6578947368420986,0.6578947368420948,0.657894736842125,0.6578947368421403,0.6578947368421305,0.6578947368420827,0.6578947368420939,0.6578947368423624,0.6578947368421308,0.6578947368421099
nursery__no,0.13460458528787891,0.011648722147211982,0.27124031999487547,0.22744717803239636,0.011936291045238929,0.002574302423688272,0.15528705267815995,0.27761995293669406,0.0218687238596862,0.09660113039928146,0.08459327074117456,0.04889559081601674,0.08950642824030602,0.10735986035317878,0.2561681647134377,0.35098193534551486,0.05778237651035136,0.31261907710773384,0.00905781707770697,0.020215490101264326,0.24733256707580392,0.08514823905960753,0.009415260770986523,0.7057876993993311,0.09808031145916644,0.08479525291618771,0.0603372694790956,0.005270082047349399,1.1110293920891525,0.06701727721667393,0.011954583678040191,7.758836616972332e-05,0.8565399825443595,0.06665249378164806,0.7548958131167094,0.11067979633976369,0.13824102713333483,0.06178576156925864,0.008254814492043782,0.011359981100051635,0.13651655694160258,0.44604703513422983,0.07349637499347621,0.08115133925613402,0.6956540098647185,1.5352196987430233,1.3758768568041801,0.3474883839444537,0.23603450620545713,1.575662051709506,1.284006402527164,1.5290214823742563,0.20715127759075216,4.3859266745440735,0.2819862156926818,0.10686952108624732,0.46459359846418025,0.0005938620076169372,0.5882841097187498,0.6694179227512109,1.0819924009990989,0.37144281167820936,0.0003205591917235499,0.613214110032338,0.008710748058555646,0.43169964138264133,0.18895318927921537,0.10453680450195756,0.5700433423578941,0.019462390422096836,0.004854204628097523,5.079990184784388e-05,0.09133845363482884,5.550341156082447e-05,0.000762934919740633,0.000983254477753522,0.01142290060385946,0.001856891275306796,0.00476705609202982,0.657894736842106,0.6578947368420811,0.6578947368420859,0.6578947368421081,0.6578947368421181,0.6578947368421186,0.6578947368421647,0.6578947368421058,0.6578947368420801,0.6578947368420988,0.6578947368418872,0.6578947368423321,0.6578947368429112,0.6578947368421039,0.6578947368421223,0.6578947368421368,0.6578947368421053,0.6578947368420884,0.6578947368417993,0.6578947368420983,0.6578947368421179,0.6578947368422455,0.6578947368421111,0.6578947368421314,0.6578947368421139,0.6578947368420781,0.65789473684168,0.6578947368421103,0.6578947368421119
nursery__yes,0.0072610839764033755,0.0006283764371607442,0.014631735888173108,0.012269367023100296,0.0006438889987358848,0.0001388676770489035,0.008376775037290148,0.01497587758609593,0.001179682252743113,0.005211032882308802,0.0045632832000233915,0.002637614389076299,0.004828317627447914,0.005791399750997673,0.013818686429494938,0.01893330231874239,0.0031170014550433315,0.016863863639193503,0.0004886131501647498,0.0010905005274188721,0.013342060642257765,0.004593220304734677,0.0005078950243162787,0.03807287652118768,0.005290825542188528,0.004574178887799357,0.0032548221121709736,0.0002842882969142436,0.059933156801146394,0.0036151671705643425,0.0006448757730172506,4.18541196903058e-06,0.04620502881904219,0.0035954893627894564,0.04072195520496396,0.005970489742199096,0.0074572474990553,0.0033329592921439504,0.0004452961324324268,0.0006128006453971637,0.00736422300921197,0.024061475859894585,0.0039646743805013505,0.00437761230701144,0.03752622671320189,0.08281559748474324,0.07422003772812573,0.018744846850864097,0.01273260020987617,0.08499721202978266,0.06926419553278673,0.08248124208770165,0.011174528855676057,0.2365935887704108,0.015211410428208946,0.005764948983466291,0.025061948121106178,3.203517843378702e-05,0.03173428537754389,0.036110952253301395,0.05836679091341646,0.020037039914046182,1.729218366175225e-05,0.03307910454118237,0.00046989092544797307,0.023287522798413788,0.010192854664135971,0.005639113366681954,0.030750308915539686,0.0010498754625198176,0.0002618542850370572,2.740340178769588e-06,0.0049271440545573695,2.994065406156379e-06,4.1155615233450124e-05,5.304049128694236e-05,0.0006161947630634366,0.00010016778742134826,0.0002571531610943108,0.6578947368421051,0.6578947368421125,0.6578947368421035,0.6578947368421013,0.6578947368421004,0.6578947368421029,0.6578947368420779,0.6578947368421013,0.6578947368421111,0.6578947368421141,0.6578947368421567,0.6578947368421217,0.6578947368418875,0.6578947368421039,0.6578947368421075,0.6578947368421046,0.6578947368421065,0.6578947368421123,0.6578947368421931,0.6578947368421004,0.6578947368421093,0.6578947368420666,0.6578947368420968,0.6578947368420949,0.6578947368421086,0.6578947368420964,0.6578947368422852,0.6578947368420971,0.6578947368421069
internet__no,0.006495319559301632,0.046956756133705854,1.571994454986271,0.21842228251520826,0.2050752792246882,0.04984160888343108,0.03689887834952338,0.0387674126580598,0.003328956828425061,0.5522889507316765,0.01995104469395903,0.12914753529981218,0.00915237256898231,0.032057873865702954,0.03807482975430287,0.19093173890399337,0.07503273772326102,0.0030621109959316434,0.06873393268819375,0.1373877846879407,0.14362980630629496,0.033239014375238525,0.20413958259973128,0.013396045366425639,0.5705001331426243,0.8698072821696052,0.0725835233326292,0.00037618134531654907,0.0004828062088529867,0.6757712500399271,0.5059317860197448,0.013435477170569787,1.003260539367432,0.01574918619655451,0.010826255486573483,2.8950587992636745,0.14344658130551863,2.2505355831004556,0.5555234350225432,0.0014745679157327164,0.3648819642407932,0.012227581638337082,0.1628085824104113,0.42554974348986574,1.1778058148738633,0.7763391244560645,1.855667450236576,0.006305695597115143,2.628384717021126,0.007623610869599513,0.3139042185939964,0.3977061117673881,0.06626295571428384,0.0035724933016858997,0.3841991345560298,0.11517575305047864,0.032463036032180516,0.01379412423207698,1.0699905897175996,0.20585122408025325,3.338247740683551,0.019911708631751956,0.09015754337460931,7.490759953683443,0.19119705727450056,0.11470462760614865,1.0496151924676722,0.017200341574412845,0.2735351757484707,0.26690131861441163,0.005582251542041824,0.0031247884202086286,0.6460003051961283,0.029802684035011816,0.0038517210078115307,0.014882252553472544,0.021534366579096523,0.0001877509292474365,0.00016602874443197212,0.6578947368421055,0.6578947368421276,0.6578947368421028,0.6578947368420958,0.6578947368421507,0.6578947368421051,0.657894736842052,0.6578947368421022,0.6578947368421066,0.6578947368421046,0.6578947368420157,0.6578947368423804,0.6578947368417747,0.6578947368421068,0.6578947368420893,0.6578947368420949,0.6578947368421147,0.6578947368421035,0.6578947368425779,0.6578947368421196,0.6578947368420941,0.6578947368422788,0.6578947368420742,0.6578947368420537,0.6578947368421227,0.6578947368421539,0.6578947368417517,0.6578947368420882,0.6578947368420818
internet__yes,0.00020814524269824314,0.0015047489677048752,0.05037522239915609,0.0069994337599180905,0.00657172343499324,0.0015971952854353523,0.0011824400507525268,0.0012423180172774165,0.00010667781941416896,0.017698331335365716,0.0006393396047713561,0.004138586998443179,0.0002932916221046414,0.0010273080293040665,0.0012201239073071574,0.006118487746466206,0.0024044555870012994,9.812663266188191e-05,0.0022026077347496852,0.004402649250211789,0.004602677454031195,0.0010651581728995578,0.006541738643742346,0.0004292818988402667,0.01828191632270029,0.027873339593988623,0.002325969483414933,1.2054889171286717e-05,1.5471727695678117e-05,0.021655373467595704,0.01621279652654357,0.00043054550756169645,0.03214990525864997,0.0005046892848385406,0.0003469319030714827,0.09277337487352344,0.004596805931944077,0.07211935777272828,0.017801981742644243,4.725314803883944e-05,0.011692795760040668,0.00039183798802929415,0.005217269387561181,0.013636920220811468,0.037743281904775154,0.0248781132322646,0.05946564264780345,0.0002020686632058391,0.08422769193014626,0.00024430181151245727,0.010059192494953139,0.012744659350570614,0.0021234242400438703,0.00011448204796211423,0.012311822594178354,0.0036908553694350384,0.001040291621058691,0.0004420385032455942,0.03428829774243611,0.006596588913713278,0.10697555059879821,0.0006380790641405141,0.0028891363350879405,0.24004454812710596,0.0061269899850576156,0.0036757579567431083,0.03363535958182148,0.0005511921682701687,0.008765549565784861,0.008552964828330938,0.00017888559468289637,0.00010013515704140317,0.02070135103909273,0.000955039524213045,0.00012343001705415047,0.0004769080322157795,0.0006900778194260242,6.016557365384882e-06,5.320460831588625e-06,0.6578947368421055,0.6578947368420993,0.6578947368421053,0.6578947368421089,0.657894736842097,0.6578947368421061,0.6578947368421177,0.6578947368421024,0.6578947368421079,0.6578947368421161,0.6578947368421711,0.6578947368422042,0.6578947368422298,0.6578947368421039,0.6578947368421153,0.6578947368421142,0.6578947368420928,0.6578947368421063,0.6578947368419902,0.6578947368421119,0.6578947368421137,0.657894736842064,0.6578947368421174,0.6578947368421441,0.6578947368421076,0.6578947368421019,0.6578947368421065,0.6578947368420988,0.6578947368421203
guardian.m__father,0.002622790657955252,0.03411912885243007,0.01878561501229214,0.004146184360782422,0.33568635880949765,0.019620648946784752,0.6584298471369456,2.381933522000434,0.439579730694683,0.04731734736956274,0.05135320824862484,0.09024992312849363,1.0274543164513843,0.33541451038840997,0.0016283167194226678,0.3100560252125873,0.0001463558622560458,0.7857373422002489,0.11346683016133115,0.7246702473469904,1.4217671058953658,0.14994709909070084,0.005412239990285301,0.015243060241191788,0.3669365059280323,0.051322983077360836,0.3034215334874091,0.017607194653069154,0.1417504880675091,0.18449477280445375,0.014932697986987622,0.6404836138611152,0.08085611378039415,0.0463741310569364,0.10487032255063797,0.0075183171635616755,0.0007583842601948296,0.09021533546790228,0.007414454650794915,0.2480736071125605,0.007036099613923058,0.02585672351276002,0.00330801932670597,0.07520190398069988,0.026943509347237278,0.02351359893299511,0.004893113433885505,0.0008768758570480156,0.2677432576071503,0.00947950993071954,0.005212868129157379,0.13599357323385985,0.00135843979944083,0.027095995986101302,0.0001484442902413918,0.0028525188184384026,0.031451406832376204,0.06547916295139838,0.24278381311573866,0.04889811785354881,0.08308074140426144,0.03411531755788386,0.14220342078011636,0.03712257874084785,0.004942614442273685,0.0010175213005148918,0.08591039248622385,1.014765210370951e-06,0.15377933614604455,0.08689740118427945,0.3868654689799938,1.2666194654288672,0.1484791402470155,0.8072426464128429,0.025746863064219815,0.10912134261653432,0.13550710701476396,0.5209226446302219,1.3568950093512135,0.6578947368421055,0.6578947368420976,0.6578947368421328,0.6578947368421156,0.657894736842144,0.6578947368421026,0.6578947368421068,0.6578947368421004,0.6578947368420929,0.6578947368421176,0.6578947368424327,0.6578947368416184,0.657894736841849,0.6578947368421015,0.6578947368421384,0.6578947368421092,0.6578947368421119,0.6578947368421109,0.6578947368419679,0.6578947368420831,0.6578947368421015,0.6578947368420988,0.657894736842104,0.6578947368420972,0.6578947368421066,0.6578947368421151,0.6578947368420032,0.6578947368420753,0.6578947368421018
guardian.m__mother,6.529091185742323e-05,0.015005170837420215,0.009935552609703094,0.0171463151134145,0.0009791289773478417,0.0014513136420348537,0.03865200236814661,0.46221754865250914,0.0027136992855420804,4.672985959139788e-06,1.2650107450823774e-05,0.024970148919330012,0.09700672767303735,0.021160852533858486,0.02534357812702412,0.04437295829058009,2.687658660535745e-05,0.017748376891437583,0.02515023732398086,0.08448554088910086,0.13096124359062344,0.0017877114927768371,0.02204677175676541,0.0030910505379926783,0.012192710463461945,0.02657473523238412,0.03973376137717603,0.001737149798712317,0.001726903729530893,0.01751938972618416,0.02386937042203729,0.10425811417952244,0.0022119611841465506,0.002320202179676456,0.014884251556149967,0.0020988311348718635,0.010897155065639775,0.009938623555021309,0.002191098094621671,0.01606673207522558,0.006846138506725731,0.005631064048560023,7.037117144860426e-05,0.0058749760629459675,0.004368607604907931,0.002191608109040368,0.001414157779389747,0.0011752917280138443,0.011215767714897767,0.002873309467253664,0.0053137092190327475,0.031220580423345693,0.000582498590163798,0.017806411326484434,0.0008028024328843917,0.0012251819437911812,0.008276261542577571,0.004079246032683713,0.03826030240844374,0.00016226647753742442,0.013710579506117654,0.004854193596149178,0.015587623761528658,0.00849654326228731,0.0005113840753670244,0.001993388807120516,0.00804610670239812,0.00014963914900615488,0.02813330349957694,0.005208173927577827,0.0348694276645375,0.1368603398269283,0.017097848677414478,0.10316571955972567,0.003293822020019944,0.00982417593575461,0.01652328530590011,0.054261172472318535,0.14661258693915,0.6578947368421055,0.6578947368421132,0.6578947368421024,0.6578947368420988,0.6578947368421036,0.6578947368421023,0.6578947368420712,0.6578947368421022,0.6578947368420992,0.6578947368421006,0.6578947368420924,0.6578947368420441,0.6578947368421739,0.6578947368421099,0.657894736842094,0.6578947368421048,0.6578947368421014,0.6578947368421028,0.6578947368421734,0.6578947368421133,0.6578947368421105,0.657894736842154,0.6578947368420972,0.6578947368420682,0.6578947368421062,0.6578947368420923,0.6578947368420442,0.6578947368421126,0.6578947368421072
guardian.m__other,0.18503315817849195,1.1126752186129718,0.8717402170996027,3.550872402653265,7.603444768669722,0.020133459014030384,1.5276108350734483,8.452875497816411,8.268540587732964,1.623918759665513,1.5073151047405327,1.0147379122129019,0.1696142416992748,0.6299413446033959,6.283486564208758,0.2057310229043887,0.02493574239112096,7.572034415361359,0.6559552219006862,0.02376425694736813,0.31555644720923093,2.1775734115637895,4.552287848727581,0.06420271934862912,2.3943387731727124,2.290336662804005,0.0859397578069239,0.0014689064164926306,2.0365748953040965,0.028221251494743353,3.8432098367904497,0.9959190066421751,0.6543172366361623,0.15751987098888084,0.06506095224670311,0.08658771761889607,2.68162467691966,2.6805079572708308e-05,0.09909758994868238,0.42794824181417657,0.8931042296048196,0.14077929840743617,0.03346596661632331,0.05870295205418749,0.04098275664059907,0.0045566940280987196,0.06175014972412252,0.17708289946819453,1.260457780609003,0.13509685937843616,0.7093808991404171,0.8827018083397675,0.04210546031497605,1.8422631557734999,0.17446614220941095,0.8196961558824805,0.30798363523098815,0.12789240620734707,0.3130503076180611,2.1803867395867664,0.13925753738995003,0.021605499054270942,1.2489289658268045e-06,0.2385968761146134,0.00012494162582157357,0.3433415655176508,0.015703321947287966,0.041828568183939784,0.4257827405132854,0.19027046688320903,0.10762137739386703,0.001805996865513763,0.003119447496367525,0.16850643802250692,0.005448732471985821,0.030697956419497022,0.013384065482478745,0.010259760150612758,0.001939013139866369,0.6578947368421055,0.6578947368420679,0.6578947368420881,0.6578947368420893,0.657894736842065,0.6578947368421117,0.6578947368421186,0.6578947368421272,0.6578947368422104,0.6578947368421127,0.6578947368410409,0.6578947368448176,0.657894736842016,0.6578947368421052,0.6578947368422841,0.6578947368421303,0.6578947368420938,0.6578947368421559,0.6578947368418988,0.6578947368420999,0.6578947368420729,0.6578947368417489,0.6578947368420685,0.6578947368418601,0.6578947368420747,0.6578947368421401,0.6578947368435301,0.6578947368421031,0.6578947368420921
traveltime.m__1,0.019659649363251944,0.00015337065383356707,0.17992518719307493,0.004972635507198501,0.019851794445612674,0.05931110549783408,0.013821102745431985,0.034272511253264665,0.04693996990814369,0.13810689509987806,0.005345690542732675,0.29397684640183014,0.1401883088426406,0.032342624772622966,0.04000824665538748,0.03173990786399051,0.001267145191827926,0.001259661097498709,0.21978150999681778,0.021425292559418278,0.00029997564370427783,0.0645073049447429,0.005108915443348225,0.007006806051342062,0.04267106350912164,0.02278545703029796,0.0006841446447560704,0.03945137525255536,0.01723190103735192,0.09259094458079084,0.0008491841654091903,3.3672521227790163e-06,0.0011387536934450793,0.0008804766525697958,0.0038356098648879536,9.804968084735294e-05,0.0008721337264545715,0.0037792835264462902,0.05419436199904364,6.534077843121537e-06,0.08141920073492175,0.0033922569901704428,0.011877681763051503,0.0029139993698840435,0.0069344631976459075,0.029950696684011197,0.0004449429633649889,0.00034990321496251154,0.00023680496871018755,0.006950794797783109,0.005797411145796542,0.03234107712803311,0.008929060907841225,1.712252706415155e-05,0.00022133753257401798,0.0004185893160045262,0.01341078814362793,0.040271500165627215,0.03623198949242561,0.03995380219238809,9.352180919668244e-05,0.00018017676424627644,0.018831313704244262,1.9886757054024856e-05,0.020817631601930266,0.0002237315793858986,0.021195534215276608,0.011533244749559475,0.015390930197669964,0.002409213725365415,0.012718155457935315,0.09706453049185575,0.01789463568917393,0.012191717385589143,0.004693375443804017,0.01684592829964494,0.07089440762448634,0.0477603878105098,0.013417827560118457,0.6578947368421051,0.657894736842102,0.6578947368421082,0.657894736842107,0.6578947368421051,0.6578947368421015,0.6578947368420942,0.657894736842106,0.6578947368421222,0.6578947368421073,0.6578947368421181,0.6578947368422529,0.6578947368420263,0.6578947368421051,0.6578947368421202,0.6578947368421121,0.6578947368421103,0.6578947368421018,0.657894736841986,0.6578947368421079,0.6578947368421131,0.657894736842073,0.6578947368420968,0.6578947368420889,0.6578947368421062,0.6578947368421162,0.6578947368420339,0.6578947368421051,0.6578947368421127
traveltime.m__2,0.0004950974784201276,0.012767693170799238,0.5609960673882394,0.008749207449248656,0.059138412923279884,0.14152420132973131,0.11875178359463968,0.008953021482836283,0.07776053350341892,0.10091334932812947,0.02008288578307389,3.3134338282293423,1.1642606281101793,0.10733862582819972,0.03377903739722251,0.35365354889951933,0.007069976661119702,0.014680703969835215,1.1957228890288492,0.22613019963036154,0.10000092875084743,0.49239569418818824,0.013311044576570572,0.0040793676066738435,0.19848417806794375,0.3114571299214984,0.06082228202542102,2.6281186729917032e-08,0.45954444990702814,0.4043606209557943,0.022827803252098898,0.06421421861285367,0.0586360883722717,0.026687992445389074,0.04464858838549008,0.08727330250785457,0.001493101198596612,3.232570552267178e-06,0.13825495405777738,0.015311599820987969,0.22709553345188668,0.0001114211169261729,0.013064806023611495,0.10351676292558196,0.0018190408744531712,0.05510471708591771,0.00038368348881808004,0.011375071928073842,0.011824608279533457,0.005360138186550924,0.0010462247863922685,0.13698071474408136,0.07158137794370843,0.017981470615414944,0.002337929946560354,0.00033247572426165775,0.07485195661333333,0.29775437237935776,0.025661560450131182,0.04860442193560936,0.00018027817793594197,0.12835654885087977,0.03303532009051801,0.010757988003210484,0.11031542337779478,0.10752249834213234,0.1615972078767743,0.05300657089616596,0.07968934064837487,0.0010848408106292724,0.08052805857898583,0.45768298536009155,0.1920406037102403,0.3455238425859158,0.017139335003669615,0.010991413543046558,0.4092015058976564,0.016362094830842215,0.09526784275965494,0.657894736842105,0.6578947368421075,0.6578947368421072,0.657894736842096,0.6578947368420985,0.6578947368421102,0.657894736842084,0.657894736842106,0.657894736842104,0.6578947368421092,0.6578947368422328,0.657894736841686,0.6578947368423049,0.6578947368421167,0.657894736842077,0.6578947368421277,0.657894736842094,0.6578947368421215,0.6578947368422354,0.6578947368421066,0.6578947368421035,0.6578947368421724,0.6578947368420996,0.6578947368421658,0.6578947368421177,0.657894736842105,0.6578947368421364,0.6578947368420878,0.6578947368420949
traveltime.m__3,0.5490395110533358,0.8006952307676714,3.4730129431632193,0.3701010743430142,0.13863632040013238,0.13462611734539603,6.616134692977342,2.414614703072591,1.9505647848372438,4.958123147559266,3.9182426227046285,4.449288865878083,0.20908271161773428,0.6886568813351176,0.6613536634288788,1.136735837451039,0.03638840360506649,2.12912376398809,0.5406863279148287,0.8284142042719753,2.919278491422527,0.05948159222456233,0.4556227236201733,0.20316104619248124,0.0373575740918288,0.08156121307821337,0.33643371002279365,1.506697535623122,4.192445208041217,0.4492852284541598,0.005143607923326324,2.6575204576793876,0.0521363038756871,0.9703019074853624,0.5839061512569749,0.17891324592717847,0.0029413399622165255,0.37115732974242704,1.4583374006703322,0.04183078845452741,2.375751585882057,0.0005073117349797976,0.26493826708900065,0.4015200625190195,0.339680246723118,1.131396725717773,0.04235812691717969,0.11952531864833958,0.3339886507987261,0.23742147835500846,1.0994220368647194,0.15549391653895867,0.10323866965603104,0.7880502851130569,0.0205926327395051,0.03720396677956487,0.05782098964177741,0.2755824010919684,1.969943851400651,0.6108694646562887,0.035153263814168084,0.6068379454892273,0.14256389087987084,0.47335222788936404,0.0021850537936383414,0.6707672041657852,0.0439222234581385,0.014375437122511594,0.16194430670567547,0.3938603595252942,0.055033667912508515,0.18580900863299485,0.2761179343430438,2.502465360028685,0.04296781836877888,3.8342581208717164,0.006758050367755779,3.7472844686150037,0.026676310748336683,0.6578947368421053,0.6578947368421288,0.6578947368420994,0.6578947368420971,0.6578947368421669,0.6578947368421131,0.6578947368422466,0.6578947368420968,0.6578947368420535,0.6578947368420984,0.6578947368431094,0.6578947368430157,0.6578947368406184,0.6578947368421104,0.6578947368421898,0.6578947368420889,0.6578947368420872,0.6578947368421024,0.657894736842258,0.6578947368420932,0.6578947368421479,0.6578947368422233,0.6578947368420643,0.6578947368421504,0.657894736842147,0.6578947368420949,0.6578947368421364,0.6578947368421529,0.6578947368421251
traveltime.m__4,7.4151624887720935,11.67372147834618,1.637866561065181,3.2797276110743026,0.0868066783593118,3.2540481810609228,1.8458984519947812,0.23817144634965065,0.23609983051378847,2.816775477164716,1.1808756675797514,0.913019332658046,0.9828852359788668,0.6029982514753698,3.061073941406045,0.503415816121176,7.266877271415602,1.3483194745247138,6.258848491836138,0.7071410229827395,0.9117199309649998,3.0197651084730732,6.350817987307324,5.0849445756397005,0.04491358319808032,2.9532807299012007,15.057901550817714,8.921889512230242,0.5611234271070085,9.494794486810054,0.7163188352684869,0.9202815308112197,2.1425535760748087,1.9872092431003283,7.0227028469879675,5.6823873905017175,2.4421418150376004,0.0892529567303387,0.4656132723100552,4.883720000774291,1.599386042441666,3.5981371343599537,0.33988894444986767,0.6274808856471044,0.2738094230048667,0.1650441411461708,0.017760848927973534,0.014139468202262409,0.3574635454777232,0.14721410264425405,0.623229673854553,0.03253698064756346,1.7826832512200703,0.2251373492182733,0.04799447257777602,0.010347437705946464,0.2859947153216645,0.3890123774845048,0.04062585715746294,1.8394500048595275,0.00029201895559725856,4.6155051379736545,0.9160441598018049,0.3720627218961943,0.1262246069404849,2.5743591509600017,1.3834219456634307,0.005939321409568344,1.686670837543947,0.2890150233021175,0.23660362495017245,0.011184561354872368,0.006796936081184633,0.0012214712805233157,0.007886536607402593,0.07061181569539665,0.017202652982330875,0.01021598669210435,0.00557427308569288,0.657894736842105,0.6578947368421513,0.6578947368421112,0.6578947368421177,0.6578947368420492,0.6578947368421533,0.6578947368418504,0.6578947368421236,0.6578947368420694,0.6578947368420346,0.6578947368407291,0.6578947368407909,0.6578947368425748,0.6578947368421106,0.6578947368419953,0.6578947368420852,0.6578947368420826,0.657894736842092,0.6578947368418628,0.657894736842094,0.6578947368420377,0.6578947368422321,0.6578947368421146,0.657894736842357,0.6578947368421076,0.6578947368420044,0.6578947368422184,0.6578947368421376,0.6578947368421141
studytime.m__1,0.7536638161072781,0.03703339862321981,0.25345039166617306,0.13878803635054274,1.2367833747641586,0.20666272532748683,0.007372876569034501,0.0023239155287261347,0.15706156726115683,0.027629574390096504,0.04263251755267881,0.04821984365049127,0.0214896956151388,0.039103947706571024,0.05734764676699801,0.20084457127414446,0.17560971741918147,0.05172550293224544,0.0007963227852183264,0.1617580622563009,0.04068123528673098,0.06856652058814203,0.30714982552170983,0.21438025936105115,0.19484364073515584,0.0015223044122914737,0.006711491861714449,0.2983581138188235,0.2984392303227181,0.044562639662242456,0.0057711512903529825,0.4520280840133526,0.0010070630481117922,0.4378502338543244,0.5966359195120349,0.8019161750741818,0.04315206932659444,0.3751996438041731,0.13036935265130817,0.0005368752318491278,0.0059985289469408455,0.027599533355921753,0.06728814798792701,0.09756641487396968,0.11779506247463582,0.004818985840467511,0.05596244456624274,0.013917831512234304,0.06564255648289405,0.010281625359179107,0.006885798143759167,0.0028102344795361434,0.015323713574999322,0.06652156369183246,0.4238119086641069,0.1226820934545247,0.024702967736691974,0.00011434491023978799,0.18443741038104297,0.0458515074005075,0.07563756604700717,0.03229682746132247,0.08887304120408676,0.0006778190319278657,0.011683860615116321,0.001838916303843622,0.029693632918452152,0.0641847961806754,0.00545716136536583,0.04929220295986956,0.2623311855589716,0.32238256920338476,0.10241521272507555,0.2609664171757575,0.9041836324682407,0.17079967643354546,0.0006070264395467074,0.0035435845171777765,5.709301380001533,0.6578947368421051,0.6578947368421008,0.6578947368421058,0.6578947368421091,0.6578947368421292,0.6578947368421012,0.6578947368420933,0.6578947368421046,0.6578947368421098,0.6578947368421166,0.6578947368419864,0.657894736842159,0.6578947368423158,0.6578947368421215,0.6578947368420958,0.6578947368421147,0.657894736842121,0.6578947368421073,0.6578947368423272,0.6578947368421004,0.6578947368421068,0.6578947368420714,0.6578947368420758,0.6578947368421241,0.6578947368420949,0.6578947368420772,0.6578947368422184,0.6578947368420954,0.6578947368421274
studytime.m__2,0.021264620094705308,0.018153597674150028,0.027142502035929664,0.005202266431418403,0.45571548884360225,0.08942685313498878,0.018974147411569105,0.07707888746244315,0.13118367591658264,0.005984040496822477,0.019848736340273322,0.008483296961992941,0.47652941625917133,0.004388291416337424,0.0032718997466420936,0.2923102635257452,0.00043117245740665635,0.004414053177175173,0.3453942708433339,0.2910607368797628,0.026666340486121584,0.017495163078331263,0.5451376463836716,0.022389129230823483,0.03761905736128903,0.002021150813078989,0.0021743593622506156,0.008126787915657985,0.09893324714794773,0.1816505577177083,4.424328318618048e-05,0.06762204569321552,0.010130764677126512,0.022684062445800592,0.05102363627314634,0.28740763731899516,0.0012827682127662385,0.0553364172892275,0.0013301165752686757,0.011398917716274623,0.03237063725182881,0.00020043640730492483,0.01383893390664721,0.0731753054406734,0.00254251496498637,9.404098044984539e-05,0.0008062186961591658,0.00056375245808748,0.00039981174791938335,0.00800941527186029,0.00014744854483831864,0.007358613574404169,0.0013292726008601288,0.0034620091089375563,0.036023809831676815,0.017645871467260026,4.493242389214364e-05,0.03255757724326288,0.0005009359442308791,0.00564237396368565,0.004695563969854678,0.012848885484032107,0.01476597644728413,0.0019987332295108994,0.016032030458678195,0.0011265690578478621,0.0007047227131838744,0.0287956414063396,8.414502044303145e-05,0.0031353904932061648,0.02880280889260379,0.00022827208997467188,0.009964607067402827,0.03978549052131321,1.518131762052146,0.020106912127515055,1.406804349481391,0.00011170725001027036,0.7517163001982307,0.6578947368421055,0.657894736842121,0.6578947368421086,0.6578947368421115,0.6578947368421064,0.6578947368420993,0.6578947368420347,0.6578947368420971,0.6578947368421155,0.6578947368421107,0.6578947368422974,0.6578947368417939,0.6578947368422713,0.6578947368421028,0.6578947368421231,0.6578947368421086,0.6578947368421056,0.6578947368421004,0.6578947368422544,0.6578947368421187,0.6578947368421012,0.6578947368421343,0.6578947368421141,0.6578947368421079,0.6578947368421136,0.6578947368421169,0.6578947368422184,0.6578947368420907,0.6578947368421141
studytime.m__3,0.539022778932466,0.04461782453171846,0.15327265566279105,1.6021193208973037,0.11107706076950395,0.416494996067634,1.011296447765013,0.00047841083552207093,0.004247451375115502,0.9017450714011555,0.005124893249206988,0.0122636968276455,0.716830062106128,0.08108570220872499,0.13547733811876855,1.0599952954051681,0.040648762931949134,0.3758595208493398,3.392077839201336,0.5499014777882373,1.066964236737146,0.038388470509248256,1.620291069845677,0.19296198757596625,0.2921513034506165,0.0011886000397212685,0.002558436893000292,0.5014237311646584,0.028492839529128445,0.2657402228816735,0.0005121336243095351,0.9154347649093225,0.13167598198244576,0.0016884343179441957,0.815008911514444,0.017805266860686703,0.3941857670298202,0.028304920469413696,0.07387767995954841,0.020336442069855642,0.2761144552332357,0.07487709776769161,0.02819055989671973,0.09788776750173742,0.012003397749790815,0.0006071905728619375,0.4269557451189534,0.08436200193863078,0.15849368125391697,0.036682167289989895,0.07160520261246177,0.05674840945907546,0.018898193784845876,0.302224956423307,0.14080334249627086,0.0008375787948059837,0.035357058911881574,0.3077894928404324,0.4623265724664973,0.113496731980224,0.20948920804718602,0.00030951043575347696,0.001023133048485707,0.02974649126083752,0.07341810220224348,0.027364448540490863,0.17473227323843438,0.0951511810619085,0.05330381847355913,0.0005496465016708028,0.12478207560721194,1.0428427982737491,0.44506543292296724,0.08328781697845727,4.845325687100566,0.06157673124303386,12.836280335124284,0.016124469287919295,1.7025746739912841,0.6578947368421053,0.6578947368420933,0.6578947368421207,0.6578947368421022,0.6578947368420714,0.6578947368421142,0.6578947368421603,0.6578947368421083,0.6578947368421083,0.6578947368421206,0.6578947368420087,0.6578947368425013,0.6578947368420746,0.657894736842093,0.6578947368420878,0.6578947368420991,0.6578947368420917,0.6578947368421173,0.6578947368419261,0.657894736842106,0.6578947368421081,0.657894736842152,0.6578947368421205,0.6578947368420885,0.6578947368420992,0.6578947368420949,0.657894736842244,0.6578947368421265,0.6578947368420867
studytime.m__4,0.35966292576268305,1.4333297424150337,0.01899623864621453,0.9560807909266417,0.06621759517678978,1.2360783464028295,1.024833442883506,3.3124863874459605,0.7872308645729699,4.3715530516028425,0.0015491580020586238,0.0041918666244016205,5.542912900379891,0.32109063211755673,0.22171528788998632,0.07246154206302262,0.9791866372230164,0.005279120315509765,0.00019909549091011225,0.3128969281425784,7.571518328663853,0.14575548089771131,0.02512333948423479,3.278102766124453,0.8503576778965957,0.1490267467617715,0.5727612207706367,1.192633191581961,0.26728733073148,1.020456045230064,0.08102304231284037,2.1379432586131943,0.060531679118539045,1.8770430852993594,0.5125907009720176,0.0025017168945159563,0.8123308837167785,1.139916163930535,1.0199102825409287,0.2623901421831581,0.0556917424881723,0.011032426738832288,0.05009438825243952,4.146847567022176e-05,0.494040543927767,0.0195986699885973,0.6364926034292426,0.002483058945585427,0.006007182740863342,0.03874367293588147,0.1469671166114465,0.02119875583837998,0.17067084413062328,0.018379460331408727,0.08190704519255787,0.1121820639078176,0.04621132656151403,0.0020255986667247206,0.05497137659216509,0.3270142420711959,0.23073982071803753,0.005140558891153912,0.04355500727877622,0.03267363988866232,0.020602802937434262,0.20472259101420162,0.013387013864871124,0.2310409281880301,0.0337819620540581,0.25680488811108654,0.0026580161980088615,0.005277453869095763,0.15315905199478128,0.013815150307138199,0.00013397699540952684,7.959677087133641e-05,0.0006472361862284313,9.752137443059192e-05,0.0003126274302462835,0.6578947368421045,0.6578947368420972,0.6578947368420989,0.657894736842093,0.6578947368421242,0.6578947368421012,0.6578947368421783,0.6578947368420984,0.6578947368420925,0.6578947368421179,0.6578947368423114,0.6578947368420334,0.6578947368414678,0.6578947368420937,0.6578947368421245,0.6578947368421237,0.6578947368420874,0.6578947368421035,0.6578947368420728,0.6578947368421049,0.6578947368421081,0.6578947368421993,0.6578947368421032,0.6578947368420069,0.6578947368421254,0.6578947368421351,0.6578947368417266,0.6578947368420878,0.6578947368420921
failures.m__0,0.040497438471117315,0.004428511523303652,0.03471841206939199,0.0008380653217812759,0.006115606725355839,0.0033904211713442728,0.007732720229502232,0.005604319463611979,0.01613915122640654,0.017513386124227294,0.0017278637343737617,0.0005862395424889203,0.0013833210822402288,0.0039050642075409477,0.0006622639619360766,0.007332916676642024,0.0026736963809331988,0.0016699425818697414,0.005451552849912269,9.663510479981612e-05,0.0056032676407365475,0.0048551567578431565,0.007620053040310217,1.541226559286647e-05,0.004649364096161689,0.008335946939086158,2.1158197862701348e-05,0.024330494228343314,0.08122532452984328,0.016145541332396648,0.006399000888297044,0.014725305609609494,0.01011931407435502,0.005233409545247656,0.02128875991776871,0.01986584485416762,0.030500981922948818,0.0073145475232836024,0.0011398675353644734,0.015428874967933054,0.0035025917753175036,0.03598780667300895,0.003038561444657693,0.025224605611552653,0.00011024069786746282,0.005212426504212341,0.004173511856000078,0.010650092679613275,0.010522206463589345,0.02656412240654746,0.027703558340190698,3.23799258926834e-05,0.021672676062646206,0.029076257827659477,0.006238378311400606,0.0064987816647351666,0.004969737974896383,0.020505676138471186,0.04942848480462383,0.03334732844273409,0.007185702117895005,0.0008524083503360373,0.03880301956174155,0.0006962952619120952,0.002841334073869942,0.0032385228258373475,0.005316139809679046,0.06474503250830352,0.0018759616097870405,0.36585351790570847,0.03384502864347679,0.08618727900827712,0.0025616610550770356,0.004721339886500757,0.018338539536635196,6.125987816748458e-05,0.0005673374398036666,5.2799447534547406e-05,0.00013295958188131146,0.6578947368421041,0.6578947368421106,0.6578947368421072,0.6578947368421078,0.6578947368421045,0.6578947368421056,0.6578947368420636,0.6578947368420962,0.6578947368421103,0.6578947368421091,0.65789473684219,0.6578947368421023,0.6578947368420891,0.657894736842113,0.6578947368421036,0.657894736842106,0.6578947368421038,0.6578947368421081,0.657894736842229,0.6578947368421049,0.6578947368421084,0.6578947368421031,0.6578947368421043,0.6578947368421282,0.6578947368421095,0.6578947368421099,0.6578947368421159,0.6578947368420984,0.6578947368421106
failures.m__1,0.42921513042366194,0.4386540220143165,0.7919253626085997,0.1850185744471886,0.12913128381090766,0.06736896209291611,0.008532079974045875,0.31307310314235237,0.04753886180275085,1.185812866972202,0.022154004148322554,0.17764150043841018,0.8499192231269082,0.4544526853430856,0.002063869967181263,0.35652052067658,0.017044984855630427,0.9372298478782928,0.36326261034807145,0.20166097398780597,0.37337168084634775,0.0012633580893100284,0.7057110751811134,0.040417020721833584,0.029938716474345633,0.008198274626572095,0.16860879620977073,2.3825077196057136,3.154108736464341,1.2279219889954218,0.9856753857837013,0.001800519442435677,1.1387454363576945,0.0461884669575971,0.8376287479153586,0.8544284652432536,1.3218383668597837,0.4039289021582711,0.02983341693557724,3.661308836625257,0.004595776701975926,0.721442574940272,0.010080977617681538,0.2383964392214238,0.08173220044827191,2.5953903061564265,0.3522995960515222,0.41581687148950697,0.5112557067937,0.5459488415987511,3.6429624261661435,0.003093559043800204,0.11345926935045746,0.004173076899827595,0.41585311190267016,0.019646296394688175,0.26818825728535894,0.0006506731639835742,0.35595505128973715,0.15739966088800794,2.8809946356967,2.7946097221392527,0.11151504395133201,0.005623540018999144,1.1647114286884033,3.346699765605543,0.013485107612067022,1.366694323017427,8.917204383867888e-05,12.180677077520507,0.023991345064815595,2.6200522384070117,0.026240969309011406,0.0048677823373494584,0.4488006048552765,0.01450345948737576,0.0015060931671005452,0.01943010166247557,0.0023471747236259296,0.6578947368421051,0.6578947368420685,0.6578947368420965,0.657894736842106,0.6578947368420857,0.6578947368421382,0.6578947368421042,0.6578947368420855,0.6578947368421111,0.6578947368421099,0.6578947368420495,0.6578947368419904,0.6578947368421553,0.6578947368420957,0.6578947368421176,0.6578947368421245,0.6578947368420933,0.6578947368421086,0.6578947368418464,0.6578947368420965,0.6578947368421203,0.6578947368422295,0.6578947368421102,0.6578947368423093,0.6578947368421019,0.6578947368421083,0.6578947368414725,0.6578947368420806,0.6578947368421257
failures.m__2,0.25699430814889723,1.7408542078624634,0.2712155870946648,3.4246553971332783,0.2823651596030171,0.08016438235630326,3.323214924553202,1.9885344540184233,3.5756280369283244,0.43881713602623745,1.2912612304350117,0.18813934480010772,3.368849840397728,0.4048023816579689,0.0011816651026034983,1.6162458381747604,1.440184171375061,0.7439938727120876,0.2147756836294976,5.3217764075203995,0.3936655987298732,8.820252103772058,0.653138557837605,0.8132268947199317,1.8279658722422427,0.15482981179301114,1.6643532343379046,1.0513578605366356,0.039647787377790664,0.0020067122374167966,2.4850351976874676,0.27415185512560936,0.21534714277836056,0.0037999551075678572,4.3464839120361916,0.5528501546452792,3.283092483602808,0.11562524169496376,2.9235490472714676,0.6261401284780015,11.711645796222795,6.819719287435603,0.9829101700945669,7.016793977441528,0.9056125771500891,0.10588732452210707,0.0012736298052108087,0.32786979515220127,0.8371041747165957,1.985487948242727,17.496880517678715,0.5370333584617816,7.807676161989835,1.8622175500294662,2.202639166542011,1.1230049439822076,22.246327942569945,3.5028415500889727,0.04698341042823788,16.968974590286013,5.407252180553618,2.6577537427674094,13.572601630555928,2.007352310993856,0.7132063542764695,0.9586551849040581,1.183330287424557,3.534591645805952,0.6014866232622821,5.072485411857273,0.11733280759386444,0.11154011454326002,0.06342219721614482,0.00447862587480367,0.01483402010202026,0.01990165772020543,0.022961186464559864,8.920134180108945e-05,0.00040432733524184156,0.657894736842105,0.6578947368421028,0.6578947368420429,0.6578947368421472,0.6578947368420662,0.6578947368420306,0.65789473684237,0.6578947368421596,0.6578947368420336,0.6578947368420776,0.6578947368412027,0.6578947368422237,0.657894736840571,0.6578947368420359,0.657894736842119,0.6578947368421245,0.6578947368421061,0.6578947368420841,0.6578947368430672,0.6578947368421285,0.6578947368421014,0.6578947368424699,0.6578947368421453,0.6578947368419814,0.6578947368420432,0.6578947368420782,0.657894736842761,0.6578947368421214,0.6578947368421159
failures.m__3,3.795584291191287,1.2038544596278675,1.293571865090091,0.091304528247705,0.9884904693810969,3.4067172431098247,0.06176840761434872,0.5953862884003209,0.42319369414515107,0.16226764288504159,0.13697205490511252,0.5970930034435269,0.03303282563322398,0.5730157990082133,0.15924296433003857,4.426053927335008,0.011490890901936501,0.716180206986988,0.07543643694380217,0.45108727846229224,0.18623298132577548,0.49834570897353797,0.07169534137021327,0.9214472274997758,3.428094813878465e-05,1.5379259451240115,0.028422370032733513,0.012688481039181746,1.4375455334297047,0.02074633234437012,0.08279396627652424,3.3196721135884344,0.6653967211009694,3.187035377231721,4.061688677439972,0.005274793354410344,0.2460386443757527,0.002592129374819613,1.8167078516319008,2.1205820200385985,0.926879118080693,0.0038569687595619204,0.3691397759574084,5.427145809151256,1.1228400951083886,4.196493404489785,0.022199995016744307,0.01131739779022327,0.08040569650990959,0.21736935021389542,2.353441923215618,0.24278729863451667,0.03081341422893873,5.9098761193403435,0.8716529017462208,0.24947999592709963,0.3409695457082867,2.2734298636355836,7.0689940675586485,0.024911642890184185,0.509424095370516,4.576101323383252,0.28229970488421074,0.06689422136714784,15.599744063782836,5.749843870966634,5.3766212834323195,11.10956996481412,1.6533398262099663,3.9385140209962692,15.900568015622932,2.6334631003499194,0.550060565584297,1.3562522326041442,0.8853427228098362,0.2560031382192602,0.20616193748151979,0.03335189654856012,0.008654892895154028,0.6578947368421055,0.6578947368421106,0.6578947368421142,0.657894736842093,0.6578947368421078,0.6578947368420945,0.6578947368420058,0.657894736842164,0.6578947368421385,0.6578947368420998,0.6578947368419951,0.6578947368433531,0.6578947368412771,0.657894736842121,0.6578947368420638,0.6578947368420609,0.657894736842103,0.6578947368420984,0.6578947368418319,0.6578947368421242,0.6578947368420864,0.6578947368415677,0.6578947368421332,0.6578947368420418,0.6578947368421107,0.6578947368421063,0.6578947368425199,0.6578947368421186,0.6578947368420401
schoolsup.m__no,0.0013837230234082386,0.009588059002747205,0.00011764197438289609,0.026025294391515245,0.09142692542095845,0.001037082338416254,0.0349783803911555,0.015024490820877106,0.0022466525859980756,0.04514009918881007,0.001252130784474405,0.02469438981193413,0.007487134866471863,0.0001307490075189913,0.012153221827633648,0.007236466352907361,0.0006482948375157846,8.484164945143464e-05,0.004798354940814373,0.019294468370171923,0.011493330263441055,0.0007107280064468336,0.009644695594360535,0.012956810736909524,4.4112884085245855e-05,0.01772202516476118,0.008231879655453337,0.0069217760481745435,0.06844094766702391,0.05411662507007442,0.0051296929579310886,0.02441130580509592,5.312529949568799e-05,0.0007657080434847501,0.007176441711930506,0.04612954637451721,0.0035682174532902927,0.000499472487077821,0.001388430270496886,4.416584050771079e-06,0.0001457423659523372,0.006127797344370927,0.002852196515948408,0.002832276238821298,0.00036589226410245224,0.0001645334605375143,5.960227088294597e-05,1.1937898707979371e-05,0.0002047087570467149,0.003222995697007959,0.008714800851993278,0.0012850082099482968,0.0035505916743725466,0.0003329387975177776,0.0002185597056922908,0.001577330432687081,0.0005694786499510619,0.00033658887889479605,0.00040137564442051856,0.0001160270170112315,4.069986928766507e-05,0.006329943790284867,0.0035643396658028292,0.0002438061901706709,0.0020770589415289916,0.003890427586998383,0.00033233530827947975,0.001200763886302771,0.0003088409532044574,0.0035496045628794423,0.004819355013206256,3.671217566195665e-05,0.009602459232456013,0.018299826950425972,0.0011630093657447138,0.03698276391197289,0.09445715317218323,0.0006681260705903809,0.0005517371123689807,0.6578947368421045,0.6578947368421102,0.6578947368421109,0.657894736842105,0.6578947368421001,0.6578947368421065,0.6578947368421028,0.657894736842106,0.657894736842102,0.6578947368421002,0.6578947368420611,0.657894736842177,0.657894736842025,0.6578947368421023,0.6578947368421096,0.6578947368421033,0.6578947368421012,0.6578947368421068,0.6578947368420346,0.6578947368421091,0.6578947368421163,0.6578947368421327,0.6578947368421174,0.6578947368421126,0.6578947368421076,0.6578947368420928,0.6578947368421122,0.6578947368420971,0.6578947368421094
schoolsup.m__yes,0.05828607388221087,0.4038744069204093,0.004955391140086204,1.0962542402263744,3.851143935427001,0.043684651318424784,1.4733819046656649,0.6328712952041983,0.09463494962496558,1.9014203795560267,0.05274306069888542,1.0401930189101547,0.3153779250694046,0.005507494045670361,0.5119258503104102,0.30481910422563824,0.02730789338449354,0.003573754692636792,0.2021194024108277,0.8127340442539078,0.4841294721233606,0.02993774360412163,0.40626008997067914,0.5457751407714512,0.0018581513622697291,0.7464985771151103,0.34674854553291795,0.2915635161914858,2.882913751382852,2.2795353938110097,0.21607623612606525,1.0282687717462964,0.002237778138426338,0.03225364819386218,0.3022907075743277,1.9430985122408595,0.15030275755476158,0.021039102328616534,0.058484355580894716,0.0001860382026861214,0.006139053962362238,0.258119033005233,0.12014206170081577,0.11930296693637124,0.01541234999897297,0.006930584571299688,0.002510605305730897,0.0005028558709514312,0.00862287432941044,0.13576110402148642,0.36709046372365606,0.054127944825124445,0.14956031312415893,0.014024262820010059,0.009206312924010208,0.0664413300790568,0.02398794708469431,0.014178013902572223,0.016907003836352387,0.004887364863809399,0.0017143861511057506,0.2666339760120719,0.15013941488851656,0.010269761630638382,0.08749121672159312,0.16387510067631905,0.013998842256980422,0.05057935107544196,0.013009197875447262,0.14951873337702554,0.2030039810080383,0.001546413947597712,0.404480982686311,0.7708371166919054,0.04898903080367188,1.5578118404304824,3.9787851436746395,0.02814323737791266,0.023240626592899057,0.657894736842105,0.6578947368421,0.6578947368421053,0.6578947368421121,0.6578947368420929,0.6578947368421068,0.6578947368420515,0.6578947368420984,0.6578947368421258,0.6578947368420934,0.6578947368423926,0.6578947368407733,0.6578947368424932,0.6578947368421117,0.657894736842109,0.6578947368421328,0.6578947368421129,0.6578947368421107,0.6578947368422884,0.6578947368420954,0.6578947368420924,0.6578947368421926,0.6578947368421201,0.6578947368420556,0.6578947368421126,0.6578947368421603,0.6578947368418085,0.6578947368421069,0.6578947368420909
famsup.m__no,0.08439163378290322,0.01961671420027601,0.3656374991051732,0.18142646269516433,0.04174355399575079,0.0033427886350714713,0.21549190886172584,0.3473802587212807,0.14588621452099498,0.405547749566992,0.064980591626864,0.795159656037532,0.24553092458505982,0.279826183722624,0.00022258557896021055,0.014631624971227247,0.18178161679634214,0.21428686814458503,0.044187596033331104,0.010411649839572774,0.15955311150368684,0.021445058689998266,0.09683545868941705,0.016387529727952543,0.250746172332005,0.042082933069169985,0.0027197883718315286,0.02691897564211998,0.09794798422140352,0.11785449448368697,0.14084986157464605,0.09436176521171087,0.010059538844606156,0.04450514255461691,0.005634639751040763,0.07050113406467241,0.07281684896983677,0.013387912100106722,0.003137107706517832,0.004781041910306448,0.077158542000022,0.15553293758152922,0.0013564176178826,0.12226194513718829,0.04943492244434382,0.18861371774499636,0.012434076025558547,0.013575457166542154,0.01416040745951899,0.0014926141536504235,0.08942554010022227,0.05774103958322285,0.006310739341926884,0.08668347136339677,0.03360818098361176,0.010813160776012787,0.0157923427969907,0.0014026052010810016,0.2844029230752554,0.013848077727133095,0.0002129844759438108,0.032685393339921834,0.017874119448025118,0.05644746795784063,0.00794387963135492,0.03791403084751424,0.024286061602803718,0.033499671344449165,0.010560990642764206,0.001437288457915406,0.04878948832433077,0.8473313603227367,0.008752665562437919,0.034283534631305825,0.3991874309289685,0.031055783247362627,0.0015875199534819897,0.01476678588736635,1.4015346962562214,0.6578947368421055,0.6578947368420924,0.6578947368420869,0.6578947368421035,0.657894736842128,0.6578947368421,0.6578947368421696,0.6578947368421184,0.6578947368421035,0.6578947368420973,0.6578947368420535,0.6578947368419598,0.6578947368421749,0.6578947368421136,0.6578947368421296,0.6578947368421081,0.6578947368420919,0.6578947368421083,0.6578947368423536,0.6578947368421093,0.6578947368421019,0.6578947368420573,0.6578947368421341,0.6578947368420734,0.6578947368421015,0.6578947368420949,0.6578947368424336,0.6578947368420945,0.6578947368420881
famsup.m__yes,0.030893738403401615,0.007181205170131391,0.13385105538882963,0.06641584511063718,0.01528130668130585,0.0012237141645512733,0.07888638200262614,0.1271675207408459,0.05340541883177997,0.14846123393512412,0.023787824800060895,0.2910887406891151,0.0898829399794471,0.10243760584832129,8.148320325752388e-05,0.005356284432656088,0.06654585844730146,0.07844524570733194,0.016176011428344624,0.0038114534826880226,0.05840853965363423,0.007850517918858166,0.03544912208501786,0.005999078745124373,0.09179211619017819,0.01540554516139942,0.000995648818556206,0.009854386676700052,0.03585639080599927,0.04314368331356758,0.05156173168582444,0.03454356266206553,0.0036825541536924414,0.016292257538530853,0.002062705491801047,0.025808762021838957,0.02665648930581425,0.004900991196028105,0.0011484193454267425,0.0017502239434382392,0.02824587823798568,0.05693685109968529,0.0004965517217077536,0.04475714452306932,0.01809693086303778,0.06904692555540305,0.004551814851810966,0.004969646914155467,0.005183783085244541,0.0005464099832302457,0.03273652989757463,0.021137599689246875,0.0023102092188793076,0.03173272477564059,0.012303143155076659,0.003958436936858237,0.005781195188164618,0.0005134598801217719,0.10411303956091636,0.005069446715447841,7.796847138568599e-05,0.01196533289133218,0.006543283328759559,0.020664054367166392,0.0029080624256016744,0.013879410769967234,0.008890540452576206,0.012263420397544036,0.0038661235429766497,0.000526156582574259,0.017860653024032558,0.310187541269197,0.003204139416402519,0.012550373810373211,0.14613287493367563,0.011368772004401518,0.0005811527038240898,0.005405763578850906,0.5130679941665842,0.6578947368421045,0.6578947368421125,0.6578947368421251,0.6578947368421119,0.6578947368421003,0.6578947368421051,0.657894736842071,0.6578947368421035,0.6578947368421119,0.6578947368421136,0.6578947368421291,0.6578947368422277,0.6578947368425107,0.6578947368421045,0.6578947368421143,0.6578947368421031,0.6578947368421161,0.6578947368421023,0.6578947368418986,0.6578947368421075,0.6578947368421079,0.6578947368421175,0.6578947368420995,0.6578947368421002,0.6578947368421091,0.6578947368421151,0.6578947368420135,0.6578947368421051,0.6578947368421172
paid.m__no,0.0447396156278701,0.007176575702725614,0.13139508206287942,0.044060466115351145,5.000984592046987e-06,0.15620197728684668,0.029657896103418367,0.00021011830713058065,0.01555373806137384,0.0015868166816412582,0.023636340271149404,0.01721606702975105,0.1292966032617044,0.048005636427801444,0.02030307098820413,0.007910264153106892,0.15770861412494622,0.012911434188222406,0.04519618528971109,0.032138901927101456,0.00255328839153092,0.005798496742237667,0.0024433144691081055,0.020083024340482914,0.0035661636186019837,0.03145338373509965,0.003641385509704385,0.07630168868044886,0.009050754752018926,0.00849447871949829,0.0019348665646034275,0.014658674919458705,0.1132629652771906,0.06205296879157197,0.01163993256854935,0.008954909105862826,0.15759942450921977,0.004867181356964815,0.007830980990432012,0.004330353028767808,0.052681966122684554,0.03220180245028241,0.008634209494183259,0.010190533341456445,0.05585011756250745,0.0027971533520529373,0.03319315516485139,0.033824196022600395,0.11218024150359832,3.151870395043672e-05,0.037096074472431226,0.23307577685799646,0.005006190359484022,0.0010654015738404492,0.050073006906376526,0.0001554871477767297,0.023118260428764026,0.09671484092795249,2.628957543693816,0.05205539797089177,0.17310016706679449,0.004580653615710323,0.5556787526243426,0.14960450283954915,0.12501631849078623,0.4553421899215317,0.0072137705153558435,0.04810783342582261,0.017534084443509776,0.09800906495518427,0.0023868235666579195,0.03976044372368281,0.0023546046659442526,0.005373567999942646,0.013704447760081223,0.00010317349546418542,0.011306976597771095,0.00037878327099072654,0.0013355193149210659,0.6578947368421055,0.6578947368421049,0.6578947368420991,0.6578947368420964,0.6578947368421287,0.6578947368421156,0.657894736842115,0.6578947368420937,0.6578947368421233,0.6578947368421099,0.6578947368421435,0.6578947368421091,0.657894736842362,0.6578947368420996,0.6578947368420928,0.657894736842117,0.657894736842108,0.6578947368421129,0.657894736842095,0.6578947368421104,0.6578947368421134,0.6578947368421004,0.6578947368421063,0.6578947368421365,0.657894736842104,0.6578947368421229,0.6578947368420545,0.6578947368421184,0.6578947368421111
paid.m__yes,0.060014119402510176,0.009626722650165821,0.17625453489394802,0.0591031021895889,6.7083653318258975e-06,0.20953072538158704,0.03978336632979539,0.00028185457107352907,0.020863922947723677,0.002128570048388861,0.03170599763462149,0.023093785850977898,0.17343961671528402,0.06439518883074316,0.027234720491534407,0.010610898880727727,0.2115517414727838,0.017319512967539447,0.06062656601870816,0.04311140966792554,0.003425003819275589,0.007778155242508225,0.00327748381896227,0.026939547955849096,0.004783683681947985,0.04219184945154847,0.004884586997520762,0.10235176567384387,0.012140763141293897,0.01139456951025924,0.0025954472653918824,0.01966327726675764,0.15193195173079074,0.08323840574119269,0.015613909355334708,0.012012194936764234,0.21140527354846844,0.006528880478995254,0.010504547739248056,0.005808774171980241,0.07066805918815847,0.043195784990682835,0.01158200561757636,0.013669672306001066,0.0749178457839183,0.0037521264521697306,0.04452559436314233,0.04537207819750946,0.15047957640488696,4.227947057093669e-05,0.049761005129557806,0.31264992570644845,0.006715348394692169,0.001429139172672147,0.06716837802804107,0.0002085718467016985,0.03101104071367753,0.12973415014833503,3.5265070948237236,0.06982757508144977,0.23219810785476813,0.0061445296115492445,0.745392434454913,0.20068081432002544,0.1676980045509042,0.6108000744183519,0.009676616103540437,0.06453227679530837,0.0235203772459536,0.13147023380068448,0.0032017064186150796,0.053335013804711444,0.0031584876978614585,0.007208152037971263,0.018383268445128307,0.00013839784694318877,0.015167279246748063,0.0005081032577926611,0.0017914775195325982,0.6578947368421053,0.6578947368421132,0.6578947368421262,0.6578947368421134,0.6578947368420816,0.6578947368420968,0.6578947368420607,0.6578947368421106,0.6578947368420981,0.6578947368421125,0.6578947368420944,0.6578947368420365,0.6578947368418403,0.6578947368421134,0.6578947368421277,0.6578947368421111,0.6578947368421008,0.6578947368421103,0.6578947368420897,0.6578947368421075,0.657894736842104,0.65789473684219,0.6578947368421049,0.6578947368420816,0.6578947368421145,0.6578947368421151,0.6578947368423415,0.6578947368420801,0.6578947368421079
activities.m__no,0.009022651748054701,0.004925192140130212,0.22967143503827314,0.07261651343755464,0.00047839292029895836,0.007990584148079042,0.1101177438045869,0.1411022636585471,0.050734168182115916,0.08305727434775198,0.036583369852272965,0.7130877919237649,0.002596819656962058,0.25440134501623124,0.1271988806071124,0.0006798596526457391,0.32330884651501784,0.4407831403999671,0.10791831555152151,0.042046652267288036,1.0536737750597707e-05,0.009370576001868842,0.19368896453568993,0.04513183087532615,0.03853568642246338,0.0008057039833798061,0.022669079806406083,0.07596746539243313,0.008166685343882724,0.0180058209789177,0.03901011658366544,0.04360919758411997,0.0849678492045129,0.1611575559623093,0.00011241475692145618,0.001352778897819989,0.007681385792771111,0.09399303050664365,0.0021314967313795915,0.0024952307001408188,0.006025936514347829,0.030982410875210937,0.001623073143960133,0.0015189471781537507,0.009618993725603436,0.029134455901262266,0.024052023859090818,0.0013612744807019002,0.008444511693018561,2.5928397186625677e-05,0.12612978059352872,0.02205571378387299,0.0347032028428758,0.005535624175764962,0.047632357578949354,0.0007185484185968598,0.08131459938622704,0.022728322184407238,0.014421545912864604,0.0023860781286513906,0.0017838579432371557,0.013603168329673329,0.02797477355405148,5.312107572776619e-05,0.0015690738320050988,0.05205221345024305,0.0011887246642012122,0.00037753546086656054,0.017516518575335236,0.0002131966857196935,0.014485336818122134,0.01784274079395741,0.07313675047701572,0.23636311048316813,0.15022282522150326,0.27716093185106316,0.2301109664255604,0.0026862627157360286,0.3767891770421,0.6578947368421051,0.6578947368421123,0.6578947368421015,0.6578947368421003,0.657894736842104,0.6578947368421134,0.657894736842079,0.6578947368420991,0.6578947368421099,0.6578947368421046,0.657894736842367,0.6578947368424611,0.657894736842199,0.6578947368421063,0.657894736842108,0.6578947368421081,0.6578947368421069,0.6578947368421035,0.6578947368422352,0.6578947368421046,0.6578947368421031,0.6578947368421107,0.6578947368421049,0.6578947368421115,0.6578947368421088,0.6578947368421151,0.6578947368422594,0.6578947368420801,0.6578947368421031
activities.m__yes,0.007316430135838747,0.003993817472409212,0.18623959514093366,0.05888442357188501,0.00038792679542373125,0.006479530884760703,0.08929401264280783,0.11441922872497405,0.04114012236861213,0.06735079242857121,0.02966529986213983,0.5782398740430803,0.0021057500750410714,0.2062929745322331,0.10314503422117313,0.000551295316460678,0.2621697760124386,0.3574291839965175,0.08751050557618367,0.03409545246228118,8.544196070577476e-06,0.007598560441504616,0.1570615620195967,0.03659721074494588,0.031248425110426133,0.0006533419519196545,0.01838226092269169,0.06160169633725646,0.006622330599513443,0.014600844065501566,0.03163313852126127,0.03536251384998769,0.0689000694980088,0.13068198041833695,9.115665086270937e-05,0.0010969626858612653,0.006228803246379457,0.07621855083854759,0.001728421683045596,0.0020233720196855074,0.004886406429210922,0.025123505920219186,0.0013161431466864257,0.0012317078414765701,0.0078000013228507695,0.023625007048866456,0.01950368440503154,0.0011038517180831312,0.00684761881079617,2.1025227599100936e-05,0.10227810554255101,0.017884885009614996,0.028140680387501928,0.004488814227921037,0.03862487727145314,0.0005826678731133146,0.06593766467394793,0.018430300316412334,0.011694370576256679,0.001934860661190324,0.0014465228602854644,0.01103075165586071,0.022684625539077435,4.3075655600531643e-05,0.0012723553330442723,0.042208919701080934,0.0009639318017844487,0.00030614190820651125,0.014204070816231632,0.0001728802906081952,0.011746098351488392,0.01446860303336105,0.05930628158653222,0.19166584645278925,0.1218150535155476,0.22474862722142333,0.18659600928362297,0.0021782790730483195,0.30553674981001466,0.6578947368421048,0.6578947368421049,0.6578947368421106,0.6578947368421079,0.6578947368421186,0.6578947368421015,0.6578947368421161,0.6578947368421126,0.6578947368420985,0.6578947368421061,0.657894736842042,0.6578947368418911,0.6578947368421147,0.6578947368421045,0.6578947368421071,0.6578947368420998,0.6578947368420984,0.6578947368421147,0.6578947368420982,0.6578947368421063,0.6578947368421072,0.6578947368420978,0.6578947368420898,0.6578947368421149,0.6578947368421116,0.6578947368420949,0.6578947368423004,0.6578947368420935,0.6578947368421127
higher.m__no,3.898857306911411,0.42701147574364123,2.3411505371701504,0.8449249028881498,0.0009774948591659046,3.8180798217812417,3.0716482010745065,2.7357793162665778,1.4568819959147095,0.005327470965203489,0.020965903923122264,0.33928418164929575,0.2383846763340628,0.045726920474766834,0.5726318096032866,0.5480893423595155,0.27169056017854754,0.584119214840619,0.008528039869356463,0.027050827596335494,5.803484266683996,0.004627349519700024,0.04716918681425974,3.0709522189204095,0.15219545975846502,9.848612761779867,0.5603883404820407,0.2771171909523146,0.0424855998758546,9.054407065236696e-06,0.010899170558545081,0.6991547015700363,0.002900863665864296,0.21310105350679812,0.053526223573580244,0.010224149722709571,0.3648571575266793,0.13033911163737652,0.7111890857931461,0.7816946758610537,1.7390695442799864,4.322718728963728,0.2965081458019796,0.6434893533921245,0.23380531833492404,0.3197511881125073,0.5951353928040635,0.10167659889653616,0.008283559621831775,0.7246255869679376,1.7065120482630567,0.013239312615803847,2.058254460259226,1.3585659565068842,0.15745865423891622,1.200294323057985,2.5901165700638615,0.060424924955898476,0.1745664373000238,0.03545899541897149,0.39141098897247095,1.0862376313073243,0.015208637302568944,2.974472917859292,0.3060268338766315,1.275605287611422,1.141347705795806,1.5290796480991424,1.4776375187134878,0.7459783166041034,8.767761662655547,11.382860070067458,0.030685183318995498,0.47434259236687987,0.7453409025137027,1.4414371075826373,0.10696234695684828,1.0921035444440805,1.8505616442093111,0.6578947368421051,0.6578947368420687,0.657894736842073,0.657894736842109,0.6578947368420662,0.657894736842095,0.6578947368422562,0.6578947368420835,0.6578947368421033,0.6578947368421111,0.6578947368426619,0.6578947368424287,0.6578947368413453,0.6578947368420734,0.6578947368420112,0.6578947368421303,0.6578947368421028,0.6578947368421181,0.6578947368422698,0.6578947368420793,0.6578947368421398,0.6578947368420757,0.6578947368421051,0.6578947368420952,0.6578947368421086,0.6578947368420973,0.6578947368417266,0.6578947368420762,0.6578947368421769
higher.m__yes,0.009534097387387514,0.0010441954333786695,0.0057249484817890805,0.0020661428913760363,2.390323740865743e-06,0.00933656761152882,0.00751127594152378,0.006689956666392748,0.0035625963551833006,1.3027567569781457e-05,5.126911658534228e-05,0.0008296708946260277,0.0005829355990538393,0.00011181863779905988,0.0014002891129654203,0.0013402740227967753,0.000664380369957192,0.0014283799179474295,2.0854100634520296e-05,6.614892631636315e-05,0.014191589952946575,1.131552080351595e-05,0.00011534549365883038,0.007509574016802115,0.00037217220868360375,0.02408337259099651,0.001370349461992665,0.0006776504186432125,0.00010389245229876242,2.2141256257729258e-08,2.665236128614688e-05,0.001709682732374501,7.093646810018208e-06,0.000521108119008906,0.000130890716986484,2.5001694467440504e-05,0.0008922059461315277,0.000318725638287262,0.001739111096161255,0.0019115224231598224,0.00425264560701242,0.010570589815422832,0.0007250682227376076,0.0015735610924031522,0.0005717374346434313,0.0007819057552564015,0.001455318404091581,0.0002486355666773259,2.0256259188752628e-05,0.0017719681362276206,0.004173030911402846,3.237484367467698e-05,0.0050331666248338135,0.0033221785556411336,0.0003850425973116662,0.002935147934056749,0.006333759273492761,0.00014776050360546398,0.00042687723165380306,8.670989702138654e-05,0.0009571395395112339,0.002656238622626889,3.719054526952698e-05,0.007273647697941092,0.0007483448117378967,0.003119310116427084,0.0027910024202831138,0.0037391453778537623,0.00361335101484713,0.0018241831797165449,0.021440305961692104,0.027835154742043528,7.50362229452371e-05,0.00115993690320371,0.0018226244748100564,0.003524828091842496,0.0002615611068562634,0.0026705828734444087,0.0045252835762907735,0.6578947368421042,0.6578947368421102,0.6578947368421039,0.657894736842106,0.6578947368421042,0.657894736842104,0.6578947368420931,0.6578947368421,0.6578947368420992,0.657894736842113,0.6578947368421348,0.657894736841927,0.6578947368418969,0.6578947368421058,0.6578947368421257,0.6578947368421055,0.6578947368421061,0.6578947368421079,0.6578947368421356,0.6578947368421091,0.6578947368420953,0.6578947368421035,0.6578947368420951,0.6578947368421658,0.6578947368421095,0.6578947368421124,0.6578947368421159,0.6578947368421031,0.6578947368421084
romantic.m__no,0.0011631307666798178,0.008449490080513123,0.011613659932353183,0.19255784197104944,0.01920364192176037,0.004599169216035586,8.893074731123238e-06,0.012318201406761093,0.2709071500485996,0.029421834421770363,0.0037454408117462553,0.1884869971700786,0.05865951064505775,0.00033195374840377077,0.013989784320222924,0.005090400781646896,0.01532279147626124,0.011211843818762408,0.39252121351381986,0.006798513135283453,0.029742093765307634,0.001046601510851492,0.04145517151703262,0.001066866900728136,0.06685671598790993,0.0014743928114846583,0.005937580959462676,0.06768305958508,0.031739467284740794,0.00031407894557928536,3.212659851792871e-05,0.09960655717160453,0.0634144552407398,0.041243432371735014,0.06263111660840992,0.0006609032433978173,0.020705748291650863,0.010947598240278583,0.00760470723631046,0.01454052923435554,0.00925427889381891,0.002130152312565664,0.0006977364512493989,0.004563329650188064,0.00530718927165056,0.0062715781813047645,9.853468346824587e-05,0.004032194367013638,0.00024791678847900696,0.00014189328003811756,0.009530346556279396,0.021232220532758063,0.0038691518735065053,0.0017336880907543337,7.3923199174446504e-06,0.014407707752429878,0.02547125885692228,7.146525580647741e-05,0.0009159306842498042,0.00020533077955947124,0.004485761468579889,0.02360435629996699,0.0076614623077688225,0.012625677029842547,0.004356077383946416,0.011145147218467922,0.003571451622426995,0.00046137604034162863,0.0004229296585718971,0.0020457098852713178,0.02763022305675564,0.0002822537653585531,0.037469893176306134,0.19602413429354199,0.13474948370670534,0.0009529276772761756,0.10018600978040498,0.005247284095099618,0.40036364352982606,0.6578947368421061,0.6578947368420993,0.6578947368421083,0.6578947368421004,0.6578947368421119,0.6578947368421,0.6578947368421035,0.6578947368421024,0.6578947368420891,0.6578947368421114,0.6578947368421922,0.6578947368418265,0.6578947368419626,0.6578947368421065,0.6578947368420967,0.6578947368421013,0.6578947368421154,0.6578947368421059,0.6578947368423185,0.6578947368421055,0.6578947368421024,0.6578947368421266,0.6578947368421043,0.6578947368420929,0.6578947368421073,0.657894736842098,0.6578947368421364,0.6578947368420964,0.6578947368421062
romantic.m__yes,0.005411763606105845,0.03931341532508941,0.054035525459451644,0.8959246467392847,0.08934985939158789,0.021398811977703724,4.137730645167555e-05,0.0573135850030716,1.2604648568035413,0.13689261543920633,0.017426622057029266,0.8769839993322129,0.2729283877229682,0.0015444997810951167,0.06509105236513225,0.02368439257199445,0.07129320935416959,0.05216597314240266,1.8263054153251075,0.031631822504517765,0.13838270400836872,0.004869581416618796,0.19288079631936192,0.00496387133013463,0.31106798373146743,0.006859989939973124,0.027626115192920846,0.314912758827624,0.14767599555384367,0.0014613326857323596,0.0001494772227061266,0.4634450024647815,0.29505198452663367,0.19189562574926253,0.2914073010369156,0.0030750215042348508,0.09633879375558675,0.05093650295239558,0.035382846912417706,0.06765353404641333,0.043057901272169824,0.009911078866490038,0.00324639743156619,0.02123205922412828,0.02469305651076482,0.029180122757233935,0.00045845783570389715,0.018760816370148144,0.0011534963150044055,0.0006601948042809342,0.04434237673385094,0.09878834061280103,0.018002219436864437,0.008066427595811568,3.439466054890835e-05,0.06703554810486094,0.11851155143722499,0.0003325103948359913,0.004261601949441589,0.0009553540082214003,0.020871153404899177,0.10982530943993264,0.03564691440936491,0.05874419404070149,0.020267765007295973,0.05185565013791572,0.016617092819571206,0.002146670121174438,0.0019677884892816224,0.009518188859679871,0.12855668498390033,0.0013132578888044718,0.1743382687701095,0.9120524589994053,0.6269564633279444,0.0044337399292211635,0.4661410540435151,0.024414332343575235,1.8627943283176005,0.6578947368421051,0.657894736842126,0.6578947368421048,0.6578947368421048,0.6578947368420938,0.6578947368421113,0.6578947368420909,0.6578947368421091,0.6578947368420996,0.6578947368421023,0.657894736842119,0.6578947368425891,0.6578947368416599,0.6578947368421064,0.6578947368421172,0.6578947368421157,0.6578947368420988,0.6578947368421204,0.6578947368419572,0.6578947368421084,0.657894736842112,0.6578947368420098,0.657894736842106,0.6578947368421504,0.6578947368421055,0.65789473684212,0.6578947368422594,0.6578947368421051,0.6578947368421234
famrel.m__1,0.12745593620163911,1.573353104528406,0.21573468399622325,0.47890537482529133,6.589929753042638,13.667114471167825,0.025831991548885564,5.070436483773974,9.698969009313602,0.04115575959212068,5.239434776834261,0.5694680103342733,0.07161412801953758,7.157467853087335,0.8822961415408636,0.10078730907193457,1.139403372992224,0.2709327273865603,1.4223567028438246,3.4767046030950732,0.7886219585244535,6.233626104471502,0.17657238067601008,1.2487143874616757,2.7382270008237017,0.3918684359542753,0.039167796346831776,0.4161621639275126,0.040261951994778535,11.131115251290494,25.710772309216157,3.1095585712585083,0.004891140692592846,5.878887068121292,3.660095808270686,0.6169315754296428,0.0025636057445019953,0.013097258289228732,2.8391126618213876,0.1861650086897062,0.004726909697904732,0.26849357511489114,0.009413217982967667,0.13459165374023843,0.0680358874730643,1.0350644905332633,1.3520881797457516,0.039576660125334735,0.22250186489896523,0.5662060895281302,0.8945930564246196,0.22329926724446156,0.04147656994035618,0.0882703094645999,0.0016344363786683664,0.014614739636057252,0.04238690519182296,0.034331139094630835,0.15996161432255995,0.12924998807659308,0.08641467609234889,0.6125870383413798,1.5610943454224815e-06,0.6842804803465209,0.3150081770202831,0.4375094903210083,0.14469244533652692,1.2663875462032808,0.7002381162215775,0.5890157171530196,0.0628803158837693,0.5578217728466287,0.816303691247823,10.167465366891518,0.19739525697496305,19.626401167320672,0.006833574216973905,20.299650048518934,0.18275811534458455,0.6578947368421055,0.6578947368420504,0.6578947368422137,0.6578947368421022,0.6578947368420967,0.6578947368420993,0.6578947368421498,0.6578947368420711,0.6578947368421761,0.6578947368421401,0.6578947368419298,0.6578947368419378,0.657894736843168,0.6578947368421335,0.6578947368419341,0.6578947368421086,0.6578947368421154,0.657894736842071,0.6578947368414839,0.6578947368421428,0.6578947368420391,0.6578947368417996,0.6578947368421313,0.6578947368422223,0.6578947368420777,0.6578947368421753,0.6578947368417061,0.6578947368420418,0.6578947368420263
famrel.m__2,0.4066411478643305,0.13905082092077617,0.00020438866152221982,0.5316768278262113,1.1405160827880778,0.013599781039473745,2.329593671290979,1.5037260348258277,1.6538339319855984,0.3068772721024764,3.419308401604869,0.3003358218298074,0.383346086599701,9.063587467032546,4.329270931343345,0.5712857844823196,10.528931742850183,2.2394416633782477,0.5073996228482898,6.577787861943333,2.2638828279931564,1.563008819325342,3.373959558428849,0.8925364750239735,0.03802546110852361,3.3923396089664286,0.25169515106786045,1.1001377831205095,0.19376713364906464,0.19998715250582041,0.27240395255782884,0.13370225936571456,2.810897716197828,0.30802281914816065,0.22834928025798115,1.4202353349412375,0.19918260601304244,0.4488703178672052,0.1369393003808255,0.7389189909510543,0.5498421561317356,1.0940677697956478,0.1283383676099454,0.08014516539151922,0.022947666839773135,0.09764879601571406,0.002087126107698425,0.09796462390317065,0.09303050280567723,0.0005680709599502338,0.011378729102525997,0.8912554959743451,0.020654633109910534,0.09207262424494438,0.17484293229322573,0.03421279319414751,0.015482243150853165,0.6035732765146808,0.0213156679389198,0.1433453240781388,0.18208947682847912,0.7168498377062169,0.0503083218837548,0.47918421657220506,0.07262211356362591,0.03922018342920882,0.0076500546244139276,0.010835746076618373,0.010718130123279806,0.01366302986443346,0.007505528853399686,0.022167075636473067,0.0911815965844199,0.0030842234876749764,0.0011549801024200467,0.02793849741434221,0.0032851255166017157,0.0004587982644863615,0.0002137400865778488,0.6578947368421055,0.6578947368420607,0.6578947368420782,0.657894736842079,0.6578947368420481,0.6578947368421285,0.6578947368422677,0.6578947368420924,0.6578947368420915,0.6578947368421156,0.6578947368422006,0.657894736842454,0.6578947368404482,0.657894736842106,0.6578947368421348,0.6578947368421368,0.6578947368421203,0.6578947368420794,0.6578947368421055,0.6578947368421032,0.6578947368420972,0.6578947368418956,0.6578947368420707,0.6578947368421539,0.6578947368420699,0.657894736842185,0.6578947368426604,0.6578947368420821,0.6578947368421523
famrel.m__3,0.0002257753308037899,0.06430465223298162,0.6017941812710815,0.0578771014016507,0.6564246651024084,0.01982443824983108,2.2366630360631294,0.030895295994757193,1.6201226746501214,0.03242358324153464,0.26953885143839423,0.003811225700923682,0.051558425715568554,0.8963302994890522,0.44101051165935806,0.011613653619142085,0.1950742333924015,2.042602034195324,1.7092267843732405,0.02832169333719575,0.42761157307279185,0.05049918066482927,0.02878703784490152,0.05572998488880119,0.6366194693391204,0.9401736867633687,0.06171780888082723,0.22292248627215522,0.2177143897475419,0.39997416613892794,0.00814800512419874,0.0008678890589011677,0.001601940274255488,0.16736730928897234,0.9323321833131221,0.01730042630010828,0.4226060091788801,0.6038599508276036,0.004159362098878021,0.02943065642238423,0.01730194297626357,0.2327331330388008,0.01306886693573356,0.2605458090669955,0.04601550183537859,0.009310539301060081,0.02551454456221553,0.14594842655994006,0.021305538814559575,0.08924699613437398,0.016898355104569142,0.000471369311210608,0.16565441363289238,0.10144070417035167,0.20679300755292704,0.0509709506955908,0.022187749922222035,0.004937544207598022,0.0008018517868940134,0.18405139805442491,2.5996200193117166e-05,0.014019437254360364,0.13942022472628776,0.02084124386746922,0.04604954862901279,0.004492970213026136,0.03945811411571163,0.05215437776073112,0.20090708370619992,0.02770980436354581,0.4251460542825837,0.9266916161901952,0.33312237857632515,1.3593025260828895,3.2808005872562265,0.0402908476478522,0.3710294057936957,0.16038047090441965,0.08715420026224119,0.6578947368421061,0.6578947368421212,0.6578947368421082,0.657894736842107,0.6578947368421003,0.6578947368421,0.6578947368420611,0.6578947368421106,0.6578947368420878,0.6578947368420809,0.6578947368420028,0.6578947368417143,0.657894736841135,0.6578947368421033,0.6578947368421048,0.6578947368421187,0.6578947368421004,0.6578947368421286,0.6578947368416735,0.6578947368420995,0.6578947368420833,0.6578947368422011,0.6578947368421137,0.657894736842119,0.6578947368421247,0.6578947368420771,0.6578947368417727,0.6578947368421341,0.6578947368421615
famrel.m__4,0.007022630579936169,0.0013930977343651924,0.039663690536368236,0.11336516575245104,0.24061153269382754,0.0015484122007219459,0.0401486198487256,0.01509546513134822,0.3383760178062122,0.02749555120916393,0.01691403662377125,0.047934695436560225,0.036254643946234205,0.05821205824689888,0.1625175750047307,0.36845107460457954,0.00016204756458837926,0.1966825113486888,0.018319672010606892,1.1434155955549339,0.3534105446093045,7.014296475912358e-05,0.10353229554239736,0.04941891960010262,0.054223849411080285,0.08768328791519592,0.035032886943938114,0.0001794492138872678,0.12227912761504864,0.03457690822050621,0.10651999828905172,0.09740438487656695,0.29317306991889436,0.013424142872609556,0.10417383188666093,0.01457226296332803,0.006513502284199427,0.010007799300747432,0.0004736788989646816,8.801703086117234e-06,0.019111389022890238,0.00011645930195765324,0.017240030972977518,0.003967476583159203,0.001699246516674214,1.2252166254874599e-05,0.007917306246924641,0.0002826860527587981,0.017679859144424055,0.0038635741833384636,0.02211349848243607,0.028008649945432965,7.467355745907533e-05,0.004297380601985128,0.02551076001531093,0.006473936262743517,1.68813438206921e-06,0.0017673928264011493,0.016390282674655247,0.01498913179824706,0.00097277818313177,0.00217107346944364,0.006132565433006349,0.00040329680987906684,0.014583663380298702,0.01066034635251942,0.00013878958017263774,0.005975391568752457,1.8222304934743196e-05,0.007935950770596018,0.003805564448434131,0.1861537886962639,0.0040796523121260884,1.6742088133140183e-06,1.9637862110043651,0.039134535877461456,0.15879377508938397,0.029090089496232367,0.004861144128137859,0.6578947368421045,0.6578947368421028,0.6578947368420821,0.6578947368421082,0.6578947368421065,0.6578947368421033,0.6578947368420703,0.6578947368421046,0.6578947368421066,0.6578947368421028,0.6578947368420718,0.6578947368417968,0.6578947368426332,0.6578947368421124,0.657894736842109,0.6578947368420894,0.657894736842103,0.6578947368420988,0.6578947368422506,0.657894736842106,0.6578947368421126,0.6578947368420588,0.6578947368421038,0.6578947368420635,0.6578947368421149,0.6578947368421099,0.6578947368423428,0.6578947368421022,0.6578947368421172
famrel.m__5,0.0002381807488301547,0.032094931405071636,0.0327799058475741,0.3008471476379283,0.09349496143229652,0.20221827569256798,2.4023246182269125,0.08806032032071383,0.06644915099257673,0.22584495405885086,0.0015549510766618862,0.1358154260378775,0.09935152026234347,0.01234979460315495,0.022676436768944135,0.6815041504519938,0.11879021544331507,0.007343363429952279,0.12825999598248033,1.841497811584079,0.1927786775727479,0.01581908957587652,0.14815061491215079,0.24216887391228067,0.006214035468533336,0.21015637097265877,0.05609347339477269,0.02176029311266657,0.13755874805023988,0.0820577601053308,0.07715517059769356,0.22045039922168452,0.4636698042774421,0.5698192985440889,0.039837443279026774,0.06874345749005284,0.1193845962205531,0.1723819397457482,6.2196649263104985e-06,0.004993726159040381,0.0766437242296669,0.2533715583004421,0.01058935678492938,0.1678033963503389,0.024605057015671734,0.009888270459588004,0.02627688128631364,0.07777576614706351,0.053136978352756103,0.00035562873375709933,0.012904203311641518,0.024093272610975908,0.05354018576265476,0.026207750447437162,0.004494267553610838,0.0018781269017342048,0.008343035138909466,0.0540679632618429,0.08844989982922889,0.0004834757011276175,0.0021855407720373175,0.005905119775157254,0.01829884588416515,0.0295398530549742,0.115741621297749,0.002183236956646751,0.009384060832923112,0.12497560133369129,0.10574449997008985,0.029732276735979613,0.30083691310898314,0.05484160995616218,0.11672454872925153,0.20070527443986547,1.7822759484220605,0.0038411890639678684,1.1034891583282695,0.18600461113767666,0.07043956016459406,0.657894736842105,0.6578947368421142,0.657894736842128,0.6578947368421001,0.6578947368421041,0.6578947368421015,0.6578947368420929,0.6578947368420962,0.6578947368421049,0.6578947368421096,0.6578947368420512,0.6578947368426253,0.657894736842116,0.6578947368420984,0.6578947368421227,0.657894736842114,0.6578947368420978,0.6578947368421131,0.657894736842035,0.6578947368421099,0.6578947368421278,0.6578947368421214,0.6578947368421139,0.6578947368420535,0.6578947368421111,0.6578947368420782,0.6578947368422184,0.657894736842092,0.6578947368421064
freetime.m__1,0.110641953152363,0.6005912142188388,4.263866207252817,5.246687043540898,2.8389093686554014,1.8697244693839796,3.9839651721155533,0.0635465692794136,0.07941261404738055,1.9321012429409261,0.32072740015595297,0.8076960136435767,1.3412553119493538,1.7994047362710486,0.5381504378524683,7.67803434356831,1.6347876774034467,0.12198678758804198,0.39140050365921164,0.000987949236976085,4.0921232549167765,1.9181503616964306,3.6441033447026774,4.4825345008964135,0.33993068410470845,0.15535366813810633,0.5036307856441081,0.6707663437624395,0.5617111144293422,1.5967706759463278,3.088030744893315,0.9186234457198836,0.12340578132087811,0.5343737678859347,0.03988549491780095,3.9617635012072028,1.3499516456426903,1.4342890972590383,0.4298311964185072,0.5449265935718742,0.47668283520677796,0.1441592539951394,0.007966474481934929,0.0040810712750248505,0.07569794056872453,0.08504781925637475,0.6029747027030689,0.20998578087053407,0.037127151830737275,0.013147149531051394,0.1431339646603525,1.3028568656798016,2.315764928921962,0.25334671884879567,0.057451852026222806,0.0028851877604783235,0.1994081780827168,0.2858939944986325,0.07211215271277266,0.01224576055318801,0.00015635904646300975,0.29164378279733255,0.1422159732186379,0.45423471675760646,0.4099896625525668,0.0028918865116390993,0.5822461066435719,0.08773315079526292,0.31739671351337323,0.2735896191675568,0.008468294096996955,0.14041656094144409,0.6423999496249018,1.9839479497187724,0.05058343839446247,4.472934582810368,0.021597062099350774,4.798474907308755,0.02791904514307932,0.6578947368421053,0.6578947368421357,0.6578947368421133,0.6578947368421074,0.657894736842132,0.6578947368421267,0.657894736841883,0.6578947368420928,0.6578947368421436,0.6578947368421267,0.6578947368418994,0.6578947368421154,0.6578947368411993,0.6578947368420791,0.6578947368421082,0.6578947368421412,0.6578947368421144,0.657894736842089,0.6578947368423854,0.6578947368421227,0.6578947368420898,0.657894736842052,0.6578947368420839,0.6578947368421245,0.6578947368420932,0.6578947368420636,0.6578947368420552,0.6578947368420878,0.6578947368420952
freetime.m__2,0.11878119325899192,0.007866432920564596,0.21397786230207363,0.01754286877082853,5.467485050065755,0.24229499017739006,0.02587161384451768,0.0931579569784686,0.057492127203341334,0.07395415606388756,0.3309923106571311,0.002155100931363448,0.021076005824149306,0.2540747118599259,0.18558712778689704,2.9014529973838425,0.021120311937109514,0.20430360642052608,1.5116318395360893,1.7500117795602694,0.2098723503890061,0.13934653478372344,0.1889855568264176,0.0035613428451396517,0.8464727760707426,0.47277567189463926,0.539140447523051,0.009397339986747416,0.21392303203343815,1.2757653843642807,0.0847855906014814,0.24376691534210246,0.9181976250461404,0.006770368858529274,1.1419496326934282,0.03330247168753288,0.0371870386550822,0.011717997101923344,0.022954044735607682,0.29110496640277606,0.055110022125829675,0.02893396048877976,0.09260658134050725,0.21121794682416284,0.024282559022032614,0.2566275868482393,0.18163597172946766,0.010572715046234875,0.026311785888542567,0.061129303769597555,0.04435800090926258,0.07889263077743346,0.010043309081637657,0.0850189332990029,0.03708177176225768,0.05201524798809165,0.1535180832519342,0.0409843449983471,0.10460755047719299,0.10698145216122064,0.03512762514995759,0.022389989905173838,0.055863396619106616,0.0017463930833727529,0.04051200517847685,0.018558325110854767,0.0038829543991557094,0.028696335333060517,0.053782171399309193,0.09843366850919921,0.12979749161989662,4.871137343167659,0.0052341827011219465,0.12970903148263827,1.3260801896957823,0.09293021346719672,0.3103306038065707,0.24327651217498406,2.0534601331344984,0.6578947368421051,0.6578947368421096,0.6578947368420907,0.6578947368421095,0.6578947368420873,0.657894736842099,0.6578947368419904,0.6578947368421058,0.6578947368421136,0.6578947368420928,0.6578947368420378,0.6578947368415734,0.6578947368421575,0.6578947368420849,0.6578947368421219,0.6578947368420942,0.6578947368421061,0.6578947368421021,0.6578947368421106,0.6578947368421247,0.657894736842106,0.6578947368420374,0.6578947368421325,0.6578947368421889,0.6578947368421254,0.6578947368420822,0.6578947368423117,0.6578947368421159,0.6578947368420833
freetime.m__3,0.06057401644432238,0.0731511436629233,0.00010872910838070531,0.7559939752447955,0.19472693405245758,0.02377857893335075,0.0027609791542478465,0.030619108865129984,0.032236623438820514,0.13296314819224506,0.03322729979725293,0.3732543674414302,0.10795407463526321,0.008462347640715958,0.24288646741329004,0.10516495044816403,0.7585826136364762,0.14225126714296077,0.20618134059430296,0.09815777328410355,0.029988689664495125,0.0815857296921246,0.0006141244812161008,0.1366872254900163,0.002735680836479335,0.028688970241680867,0.07678498228679992,0.003153471713342697,3.969744165934447e-06,0.011214510195320316,0.08762369274173253,0.023076067860287427,0.014177618391742815,0.013819967234722036,0.7730067004019647,0.07312094089573862,0.005021635786410432,0.023469819829499552,0.0003229342505126709,0.0311513589186271,0.002313445459264989,0.1224556748226338,0.008654083918934047,0.016735410288891684,0.01743911437831242,0.013311838092096335,0.0029056341223368306,0.011062954793709863,0.0017136815154317414,0.013069409634920568,0.021454894049377504,0.016971470752055434,0.0201601359865808,0.1574718936896971,0.00022094574931014695,0.0069629925045433015,0.08644914822989734,0.0030740543391000984,0.004537371040412069,0.0008778915971971996,0.030985839484948714,0.006454478321020226,0.01889065315963327,0.004849135376065909,0.002686893458188825,0.013182037789075018,0.049379487423851925,0.08238475496795357,0.001012518375810871,0.020154091982644135,0.00019870624571355643,1.2134153264361667,0.014906630779775196,0.05595113593203443,0.49750151504745477,0.02806305121626909,0.4752319338234851,0.15771489941198175,0.0029761262269296556,0.6578947368421053,0.6578947368420969,0.6578947368421131,0.6578947368421086,0.6578947368421146,0.6578947368421106,0.6578947368421647,0.6578947368420982,0.6578947368421119,0.6578947368421202,0.6578947368422614,0.6578947368421211,0.6578947368418103,0.6578947368421155,0.6578947368421048,0.6578947368420887,0.6578947368421116,0.657894736842108,0.6578947368420904,0.6578947368421102,0.657894736842111,0.6578947368421202,0.6578947368420897,0.6578947368421277,0.6578947368420998,0.6578947368421036,0.6578947368421487,0.6578947368420902,0.657894736842116
freetime.m__4,0.04875650959066754,0.3667602701092122,0.1729374201461596,0.1803149480189659,0.2048363787138061,0.003623984875407834,0.737103525365838,0.023685670736217145,0.008419714457123702,0.20469587341144466,0.08381608282972976,0.16962886350903236,0.25731887272718595,0.0952282292662028,0.9102746200484825,0.00026387956678567814,0.7438476338713055,0.05571340539904495,0.3135490278681115,0.27069408795667094,0.20713962850561038,0.14526945459285692,0.0019787428441551064,0.006285356760825979,0.8570342466658183,0.005439023990758925,0.24650955821092363,0.04287047964932401,0.1541846632330221,0.2938634951715753,0.030844589537549188,0.14847930492366673,0.3109636489759471,0.17123620067392356,0.24861617086154608,0.15720494936961424,0.06652498332742447,0.009428914915608192,0.03565182887527897,0.02247517174134956,0.025239768814370414,0.13077001914586667,0.08714744186782103,0.08651644840713411,0.009121046396723476,0.0019048965789505335,0.05507761109059073,0.00043828320073345875,0.02028748241308771,0.0011931536927752406,3.750048591788406e-05,0.0056822713890816575,0.20103595334993998,0.06506568899596038,0.02603763427610982,0.006291273354261704,1.591336290676301e-07,0.022062521327945152,0.0002194659294952078,0.020021676410442283,0.0531706204142698,0.05129658697688835,0.1363651143353332,0.009920422442827011,0.07545138321067625,0.034234822609818444,0.03249054006227429,0.4412472193884673,0.16938127678186773,0.014258793906382869,0.1544551601210371,0.479813712698665,4.70925826764538e-05,0.0002272428472967685,0.09011359534446683,0.3457608215216993,0.2683907221663809,0.16995285151359213,0.018966106928778818,0.657894736842105,0.6578947368421154,0.6578947368421144,0.6578947368421015,0.657894736842116,0.6578947368421012,0.6578947368421001,0.6578947368421038,0.6578947368420889,0.6578947368420912,0.6578947368423069,0.657894736841594,0.6578947368415573,0.657894736842107,0.6578947368421278,0.6578947368421157,0.6578947368420978,0.6578947368421052,0.6578947368420546,0.6578947368420965,0.657894736842104,0.6578947368420642,0.6578947368421205,0.6578947368420457,0.657894736842105,0.6578947368421112,0.6578947368422767,0.6578947368421051,0.6578947368421068
freetime.m__5,1.2690714711981603,0.17251819567288432,0.3582648932230691,1.1635696490162217,0.009089274520771918,0.43895789392176254,1.1387992666763718,0.6437524468825951,0.5645694191853255,0.8599714486913199,0.14582353352695554,2.965231881790075,0.044547162095432184,0.10836051395395928,3.2816639105241947,0.008304918726752882,0.5668764127773318,0.0010544767823739956,1.4387724280930352,0.42542256701634484,0.10184894835489568,1.90646630225044,0.03015852091433042,0.038120066329999425,0.46429559539526927,5.177075022061166,1.3911645651636786,0.035221940210875276,0.5445608028285503,0.016243374308955068,0.3747227975704653,0.732289964293321,0.0864484902727583,1.4913298089450613,0.2965205952729867,0.4026913298346744,0.047941572887598156,0.028210947617474925,0.003503304353014472,0.005993405984903466,0.10415017465243519,0.2605215751324731,0.0001195281541815342,0.2305098942944071,0.16216865527971172,0.008457880352473081,1.5751055619152081,0.00018057150614356738,0.17904551467519378,0.008070434362491283,1.374949732663601,0.7326707222531086,0.03460273951511453,0.03541880122716715,0.11019871778589775,0.08418407804395586,0.1330006243496856,0.005181980727791635,0.5460801921795589,0.0022584536612414207,0.06618838175573226,0.03421332977611588,0.08748947116361515,0.06639461003335448,0.14362635721252823,0.019912756714734314,0.7770887841063221,0.10160903705775312,0.4677333545144779,0.28452605942150144,0.20238833079874458,0.8322275342639008,0.07091490673289935,0.7589236343821332,3.309307384821832,0.2639386595162761,12.750221436088863,2.0513111968250186,2.8365974217616046,0.6578947368421053,0.6578947368421183,0.6578947368420621,0.6578947368420922,0.6578947368421099,0.6578947368420988,0.6578947368422073,0.6578947368421134,0.657894736842102,0.6578947368421023,0.6578947368419291,0.6578947368424365,0.6578947368430373,0.6578947368421134,0.657894736842082,0.6578947368421472,0.6578947368421061,0.6578947368421221,0.6578947368422564,0.6578947368420826,0.6578947368421186,0.6578947368423308,0.6578947368421179,0.6578947368421273,0.6578947368421079,0.6578947368421084,0.6578947368414888,0.6578947368421052,0.6578947368420797
goout.m__1,0.012109090281787398,0.10478448559258617,2.9594817751504134,5.651387610507662,0.011196365301611512,0.10429303288663094,1.0895525151616334,0.09118878300608518,0.9579438021316331,1.716146757158192,3.3288727936502,0.2173849409435501,1.7027979255822279,0.7168271235943358,0.5524447168156023,1.3101655758802182,0.8925168437563888,0.012321542135853392,1.317649878148717,0.567409767229479,2.2139624268029805,1.8219038475203093,1.7229440766842181,0.11552409445881079,0.02901126089098291,0.21401402736586878,3.929044602258897,0.1921595948054226,6.734444629764452,0.6030504110632325,3.272184936428456e-05,1.0742883652242223,1.5067178561570405,0.931296105011078,0.7090017125055511,0.3507309000746146,0.004454167653312833,2.304255743497924,2.344724493658426,1.590334275942194,0.035520679271782735,1.278390631450309,0.004953028507911569,0.4430821878970256,0.004232428216189363,0.3356407391243678,0.011030490509877295,0.006104349580729589,0.1091474987439716,0.10461549568998856,0.0023929493918694866,0.672300754669322,0.45570106563233526,0.01671869597025734,0.007716372101781285,0.011423318349914145,0.00033301631266528586,0.2040423347887262,0.0026887547613944473,0.05933598400677905,0.24494033832913406,0.2930656562387439,0.00022226391743795747,0.2054211794051065,0.1676227380321213,1.839043766367316,0.0174784086172567,1.320928805493869,0.8046337707405369,0.2134372249521112,0.8986334141976184,1.2962271655546882,0.6388225711780189,6.779500403148679,7.066180303725732,1.0694983934432554,4.966773747487039,6.11199610749841,1.7654550438770327,0.6578947368421051,0.6578947368421137,0.6578947368421328,0.657894736842126,0.6578947368421159,0.6578947368420646,0.6578947368419806,0.6578947368420643,0.6578947368420751,0.6578947368421094,0.657894736841679,0.6578947368420393,0.657894736842556,0.6578947368421426,0.6578947368421709,0.6578947368421008,0.6578947368421352,0.6578947368420515,0.6578947368427326,0.657894736842079,0.6578947368420868,0.6578947368418468,0.6578947368421068,0.6578947368419519,0.6578947368421599,0.6578947368421397,0.6578947368414729,0.6578947368420935,0.6578947368421466
goout.m__2,0.1130579016547037,0.12639118197859336,0.2819926621955984,0.003013370903731039,1.3240565226021426,0.006819212013301999,0.01974916807450262,0.52313535673313,0.6864811588777208,0.19142428801446207,0.463638216886051,0.31190288471062805,0.5599678498086089,0.028768381226484393,0.002954612650800067,0.1299331771214774,0.18026334979708508,0.02530887744376547,5.152591958396928e-05,0.0381847279451651,0.6791168458802417,0.36384807527354324,0.0140878000217697,0.1097665924211553,0.14247945442106327,0.41888943079995505,1.2102554394630392,0.3072408786536891,0.3915721119992855,0.0001635114060018507,0.0077196269397481355,0.022040923291963072,1.0210949147829,0.04066050674012358,0.07000905413607537,0.01779877396532905,0.039282877125500236,0.13283489233354367,0.044403336976056765,0.05113118423916241,4.6017398852148076e-05,0.005366737177829856,0.025480038273264793,0.0037535210115503146,0.03877827369909049,0.0067381245578599855,0.03271046631576793,0.01007429796968876,1.0684454202842365e-05,0.028112150776854913,0.01776520183135535,0.027913664944669923,0.07841393218471038,0.0689108710746177,0.06800818773510735,0.0541322892750175,0.02436075090926769,0.11356033018945244,0.0013897010895194376,0.0087983552780719,0.03110888888906733,0.10072862816925258,0.0010335378884407896,0.02476797402452523,0.06708069544675169,0.029775904603254924,0.13730165263592026,0.041992646142511705,0.0004901625855226543,0.18877773439613174,0.12860488128945904,0.04301719080786082,0.29581778047349594,0.28083258232425695,0.1871854796458636,0.07352940493401336,0.167873274496718,0.11045721881936589,6.2325631088928874,0.6578947368421055,0.6578947368421065,0.6578947368421029,0.6578947368421022,0.6578947368421209,0.6578947368421024,0.6578947368420305,0.6578947368421071,0.657894736842127,0.657894736842097,0.6578947368422041,0.6578947368422237,0.6578947368423712,0.6578947368421055,0.6578947368420642,0.6578947368420797,0.6578947368421065,0.6578947368421093,0.6578947368419544,0.6578947368421176,0.6578947368421031,0.6578947368420321,0.6578947368421022,0.6578947368421236,0.6578947368421115,0.6578947368421099,0.6578947368418419,0.6578947368421146,0.6578947368420879
goout.m__3,0.22555702814357953,0.005348378097515256,0.0037154655138177395,0.9622036527342236,0.0003578953450351542,0.0010487158039912874,0.050172948055574595,0.08370812540460615,0.6680460161457051,0.573734900121627,0.15351542124028209,0.0022101408483897306,0.4513745114958551,0.006076261546610004,3.925157072939905e-06,0.8563240990856292,0.05910211871757863,0.005124912604303452,0.11970796100392517,0.07299460109500878,0.2704092916613579,0.2782826171119824,0.144565915170127,0.006235228126529565,0.0036145811647401416,0.1054670931731308,0.0018402091261509612,0.04773672067655219,0.6573923582055964,0.013800426524260235,0.04674440763447902,0.45648570316376486,0.11349010710560613,0.05259982788728289,0.5776636205114977,0.03948866976912187,0.00010421362034120153,0.256953197203901,0.013167876630842948,0.021118017931223938,0.013127661540289647,0.14825961767625803,0.0002562448852179271,0.04367414423042373,0.006243123570686422,0.07367355088918384,0.26861803219522795,0.023263394437266924,0.003412953813767594,0.0038313056774480804,0.07248440624306325,0.06929685566812024,0.007837087320764933,0.23274749446535384,0.03480001933474478,0.002004085258459569,0.021415173970353533,0.018973814464626707,0.032716808923611305,0.007018248686752589,0.0036424212127389617,0.0024908627910856006,0.027966376838238802,0.012570742606826736,0.012926671405407689,0.0009939599886661457,0.16151060460074554,0.007885034040266558,0.0036386975766254173,0.012876528163952735,0.05182860012186727,0.6565919274078554,0.020016679708109403,2.8559308641448786e-05,0.09040858181155953,0.030088725419344143,0.008265248673743035,0.10797551706012991,4.227302996828583,0.6578947368421055,0.6578947368421156,0.6578947368421055,0.6578947368421074,0.6578947368420812,0.6578947368421111,0.6578947368420847,0.6578947368421049,0.6578947368420902,0.6578947368421194,0.6578947368422221,0.6578947368420385,0.6578947368427213,0.6578947368421039,0.6578947368420958,0.6578947368421,0.6578947368421014,0.6578947368421064,0.657894736842301,0.6578947368421069,0.6578947368421062,0.6578947368422206,0.6578947368421016,0.657894736842166,0.6578947368421107,0.6578947368421074,0.6578947368420545,0.657894736842092,0.6578947368421001
goout.m__4,0.012549070786138443,0.9866761160505083,0.23282089358029573,0.4291159900857092,1.3414483149247105,0.0352168397721769,0.08611964291758017,0.33861606074291695,0.03689967632658723,0.6092279081941075,0.2827344413027405,0.09685759785683579,0.010931872829464881,0.06235244376993402,0.1516549539929254,0.7441805687808536,0.02800054737955436,0.0022575758454374995,0.0002335792736976736,0.582171803504582,0.17666590630157622,0.37962300129127,0.43493527808648536,0.14203231776115763,0.1537101605098154,0.0006460261747992186,0.485585178163477,0.13654095199854963,0.49976109229711296,0.0037171657890611724,0.11138445419477183,0.8787309644393105,1.1916501141530748e-05,0.830478875656512,0.7043220145267136,0.7117489281309453,0.021219131689661202,0.07471361937221477,0.06479478925625766,0.08724935355197966,0.03155227290750396,0.06388612658018292,0.013936635516841609,0.07865439754297757,0.03850800305621345,0.41269121009479764,0.07417135116257421,0.00014206902525395101,0.004743389977232536,0.035250898285780013,0.07428720771741111,0.005925254252558936,0.10997485312059804,0.006190128011684839,0.024035576112190316,0.0765118180735244,0.016087365171166126,0.24160113104279204,0.21030715197236566,0.016981049884806785,0.04385260060830332,0.037826583939744994,0.025257955110552368,0.022788153353774664,6.702043961942852e-07,0.11334342260263824,0.0077326152572574055,0.009691455300591142,0.0036308238515093405,0.29672809525640964,0.04702427299410698,3.3282180235113374,0.27599108085090246,0.17165034046768038,0.3757881001611137,1.3062187970341914,0.0005777963623201272,0.006955509778469155,0.2588903508746122,0.6578947368421058,0.6578947368420821,0.6578947368420838,0.6578947368421029,0.6578947368421164,0.6578947368421209,0.6578947368422022,0.6578947368421216,0.657894736842097,0.6578947368420968,0.6578947368420758,0.6578947368415733,0.6578947368417645,0.6578947368421123,0.6578947368421654,0.6578947368421358,0.6578947368420991,0.6578947368421209,0.6578947368419039,0.6578947368421018,0.6578947368421124,0.6578947368421202,0.6578947368421195,0.6578947368421263,0.6578947368421043,0.6578947368420923,0.657894736842577,0.6578947368420979,0.6578947368421156
goout.m__5,2.1880542388412327,0.2982707715933018,0.7509774474703601,0.006786594781200772,0.1203222956084878,0.04799049373648203,0.05488408545106575,0.1230940797127612,0.039770815092244116,0.7128289040350466,0.12419870802139099,0.05616369270645934,0.3359380748836826,0.24147324170989762,0.1333569071732401,0.41694860934465977,0.003464039480914218,0.18654361942502756,0.08292075636451766,0.022440482904380072,0.947129837462243,0.057595218225769615,0.25118596209038946,1.3245465071852087,1.5033815831875832,0.041061390526592,0.00039860346485975174,0.056360111573619795,0.3840572574168439,0.5310716888674449,0.020795872157465062,0.005328240693643878,2.676546877594186,0.643542748037498,0.3222380574920744,0.655847977087689,0.007965719446035802,0.0514581567839925,0.8868347295843558,0.038216940383599345,0.011015741717234765,0.7968315050397905,0.0020828181838329625,0.017789465224606334,0.04583822426520097,0.06263122922731988,1.3115542631892398,0.01222729428884494,0.015460633214110474,0.00038103786739981336,0.5791633328983796,0.2925030407344534,0.011702991168804789,0.46189552820101504,0.020503753651470617,0.020436335185844635,0.061452527623114386,0.14893969348068065,0.057160820020594215,0.08253403208639765,0.13162124044626802,0.004591596911451937,0.005478452991905799,2.8621880496313616e-05,0.15925338144767315,0.23006514319057117,2.3102679125123737,0.006781219071409052,0.04425239133800323,0.18764361264808682,0.053328461142682415,0.0014707495951268702,0.22858575672875342,0.6442169906102221,0.020235536812810304,1.3779425769669036,3.9411850242496307,0.017519157127859866,0.005751399456587275,0.6578947368421048,0.6578947368421351,0.6578947368421221,0.6578947368420992,0.6578947368421015,0.6578947368420945,0.6578947368420445,0.6578947368421,0.6578947368421213,0.6578947368421066,0.657894736842042,0.6578947368421667,0.6578947368413721,0.6578947368421078,0.6578947368421004,0.6578947368421213,0.6578947368420959,0.6578947368421171,0.6578947368420527,0.657894736842094,0.6578947368421243,0.6578947368420764,0.6578947368420922,0.6578947368421079,0.6578947368421125,0.6578947368421099,0.6578947368421364,0.6578947368421069,0.6578947368421011
Dalc.m__1,0.16399420173227003,0.09579027919138458,0.03792745851096313,0.07477414058473027,0.0011759278998410031,0.02040628033759968,0.07100497084943162,0.00256438815287627,0.008692725870205678,0.005425530295007391,0.002751928906126019,0.05187892610129007,0.010079633556612356,0.001798919434566324,0.007253370384961789,0.010639718714054128,0.011527719607846243,0.003643820165268849,0.0029433385454783255,0.0378175766775722,0.0026003256355126053,0.011458496680100912,0.007740518999571364,3.6810275176141064e-05,0.003840314166594692,0.011277510222460343,0.0027391927079911797,0.005694312361847151,0.0029119856388131185,0.009602178254632136,0.0063115328061408545,0.0009869515138452509,0.0688382416970714,0.04828644738700326,0.02857795140082233,0.021586952521616062,0.011958005583037876,0.0022071574205359957,0.0166046365240548,0.0033140256311297994,0.00038293547761572615,0.051662859255972846,3.579408228805639e-07,0.0004277738592035104,0.0057863793556792685,0.006005247229092235,0.010687476995522175,0.00016388543984584815,0.0015510734258340902,0.00010035191455581141,0.0026252767678241512,0.001307845131342058,0.001167374875513393,0.0675166622050981,1.8032446302633413e-06,0.0008231884840775949,0.001023936229060007,0.12657038156313227,0.0073882476521312445,0.026900517244423293,0.004220457266102819,0.009995813273439465,0.0041097057090870165,0.010036111412307529,0.015575384860847731,0.049811331234183034,0.07567161747711597,0.03879410721755467,0.07854839728574087,0.004651001617312796,0.012169983624107067,0.17658611942506958,0.0070888323562409,0.19903114698974936,8.466846616482102e-05,0.034726398643934446,0.025501958722714137,0.012721767539999922,6.049580499924478e-05,0.6578947368421051,0.6578947368421004,0.6578947368421194,0.6578947368420988,0.6578947368421153,0.6578947368421083,0.6578947368421008,0.6578947368421078,0.657894736842114,0.6578947368421088,0.6578947368421966,0.6578947368423204,0.6578947368420884,0.6578947368421089,0.6578947368421265,0.6578947368420988,0.6578947368420988,0.6578947368421035,0.6578947368421432,0.6578947368421021,0.6578947368421048,0.6578947368421206,0.6578947368421123,0.6578947368421167,0.657894736842105,0.6578947368421005,0.6578947368421083,0.6578947368420973,0.657894736842106
Dalc.m__2,0.21718779032475427,1.0262136278185972,0.04593614057919406,1.3112558681355964,0.00027248762554987733,0.048808121042270586,2.565123061114071,0.5154101184755163,0.039848197449981394,0.296575658995879,0.00016563770572022239,0.12381196439866553,0.5284935833586444,0.2534598711182353,0.4893621532470623,0.19934982695277406,0.16290361267556813,0.08405054592250837,0.18099362465337354,0.5594996757980674,0.020344888133707398,0.1522476012450865,6.812908380214708e-05,0.06532772091627201,0.08684260004521716,2.334030215434887e-05,0.058788454599167594,4.3866283793988394e-05,0.20193623362817284,0.1586315416224029,0.06288028762319853,0.020614465270506865,0.2827151241049501,0.6639525528257125,0.8823817923047412,0.002615901964348108,0.0019430608190420429,0.32119163549993907,0.04429386886164772,0.015013245274755413,0.044237789440639136,1.0528085004271552,0.006296191307226592,0.01625986359206261,0.05911099986143847,0.062106846050888925,0.33731276317426095,0.024272506744565422,0.002493087890834129,0.02956999492508747,0.006725680947687734,0.06199335196951278,0.023265383187514536,1.1799990238093432,0.01705821970139048,0.017773893566104097,0.060091362198184915,0.2645926722269863,0.018502160939081354,0.3717369666448808,0.09211633568923,0.10337491314107604,0.1671627100766827,0.02001635092524619,0.04163575998343833,0.06668043951448756,0.17763183676250724,0.019394755952672687,0.1250972185504755,0.00017168260399474228,0.003068897231258232,2.7054337239636714,0.2694662080113299,1.8279909519826583,3.161243877706828e-05,0.3816989892227082,0.4211787265972976,0.15737954295440706,9.112323852000938e-05,0.6578947368421051,0.6578947368421094,0.6578947368420909,0.6578947368421195,0.6578947368420904,0.6578947368421081,0.6578947368420394,0.6578947368421086,0.6578947368420931,0.6578947368420991,0.6578947368421065,0.6578947368419761,0.6578947368408992,0.6578947368421071,0.6578947368420983,0.6578947368421126,0.6578947368421161,0.6578947368421109,0.6578947368421911,0.6578947368421066,0.6578947368421325,0.6578947368421544,0.6578947368421237,0.657894736842113,0.6578947368421209,0.6578947368421099,0.6578947368425463,0.6578947368420873,0.6578947368421141
Dalc.m__3,2.2718192657869603,2.1887535641028166,0.07708309144741153,1.4605372445756413,0.08674835038570461,0.6790494243990258,2.391268613138541,1.0693040771437419,0.04597075769888801,2.3428334554828165,0.35447594770218643,5.339045096492267,0.017325330582859268,0.00017741579342139688,0.7113575521926938,9.202273175738592,2.150725249332971,0.39093206346015164,2.2645618989225165,1.5568576364761264,0.1315117560671671,0.5080170518248507,0.23705652430832683,0.0013772902325644538,0.5435333104317943,1.1575871783708458,0.5028374072232722,0.2799974992677398,1.9937228550048653,0.20941845982420573,0.03840739149036137,0.8838455318160832,1.6765810601437705,0.16638662891342662,0.6609511437608234,2.8349869568907127,0.5791245821065913,0.5519280403661256,0.0019508468727544928,0.9929098124757001,0.4005324753272861,0.1326780505432513,0.12642769115833993,0.0070434054156145245,0.13914551997477073,0.07909765350339927,0.045104264424556104,0.09513031979694703,1.46853715691618,0.09110346642038837,0.0615243510090681,0.034469497218739056,0.010225744992309787,0.1422179733922826,0.3513712101673725,0.061730493989544485,0.02636172038158931,2.5675984403258103,0.01785856539043893,0.0022647848794692966,0.05471107123751943,0.10155090036926107,0.08407851634664952,0.07516665103613593,0.07658860825819187,1.2411484740734793,0.8338102383184168,0.2255874702464597,1.1235095570881408,0.018086887466247384,0.3716469431384555,0.01577385380877318,0.04983143656331657,0.11930726078635082,0.0041061481946001515,0.015974783720869124,0.010830041414196372,0.0013165044459577248,0.0063636153087650625,0.657894736842105,0.6578947368421205,0.6578947368420914,0.6578947368421085,0.6578947368420714,0.6578947368420841,0.6578947368422747,0.6578947368421002,0.6578947368420751,0.6578947368421217,0.6578947368421368,0.6578947368405,0.6578947368424677,0.6578947368420807,0.6578947368420566,0.6578947368421129,0.6578947368421179,0.6578947368421206,0.6578947368426581,0.6578947368420963,0.657894736842071,0.6578947368422373,0.6578947368420592,0.657894736842252,0.6578947368421735,0.6578947368421502,0.6578947368418495,0.65789473684213,0.657894736842158
Dalc.m__4,1.6327479056157626,0.2922527741463316,0.21542593606509722,1.223975686756025,0.1839629642576146,8.113031231318766,2.8991226847934515,1.8052534811214505,0.04028328813983205,1.7100973198254816,18.24516568783627,4.198915953739758,14.450430791053428,14.603449898644715,1.6089386718785557,2.8654610318503084,1.8092079031139856,2.2573456252624626,2.624538826553104,11.304757960967121,0.14082636049267788,1.0657928753840025,2.1982543286188165,4.522338242118831,8.657159130907795,2.9978381707314428e-05,1.0746671238557022,7.656995192134053,0.6949187055719119,2.3160733378512837,0.31282890260742374,1.8933163326511966,0.1524483102355329,4.061155748977384,0.8945394706757993,0.093933319227096,7.8179482445598385,0.2106665995260785,0.8691895017123406,2.441644949653534,0.43917150275363526,0.6212237838793534,0.10803433108709577,0.6308555650161844,0.067303854657585,0.05480193223074257,1.337426045946413,0.00021135225860486115,0.546744706852924,0.0008708561341095035,0.9187085441503715,0.11959348707206388,2.217151878249393e-05,0.07781892072372125,2.588074453442346,0.030028645860409126,0.2251985769059388,1.3900288917067385,3.072005439461268,0.022399732140282923,0.3355819051899824,0.051822106776622516,0.752180862133477,0.08084337105496624,0.580400038016286,1.2110150703547724,1.0497270859408272,1.0890405418033042,0.255216154056953,0.3584425390301889,0.22371850717447742,0.02496053547232933,0.8570148370545951,0.42314834452135835,0.012162429504952483,0.0038413828840721874,0.03335084546991925,2.6079500933922332e-05,0.0019301729898494608,0.6578947368421055,0.6578947368420988,0.6578947368422441,0.6578947368421397,0.6578947368420995,0.6578947368420415,0.6578947368418404,0.6578947368421071,0.6578947368421348,0.6578947368421035,0.6578947368418828,0.6578947368419928,0.6578947368427833,0.6578947368420991,0.6578947368421574,0.6578947368420437,0.6578947368421121,0.6578947368421262,0.6578947368414364,0.6578947368421187,0.657894736842042,0.6578947368421969,0.6578947368420508,0.6578947368418924,0.6578947368420558,0.6578947368419943,0.6578947368409068,0.6578947368421106,0.6578947368420263
Dalc.m__5,9.757199474369163,11.739056601280025,8.455560741686401,1.1967966161966932,0.00013554262052747697,1.7329502151215754,0.33780552157542487,0.13203137929030181,3.6379626902611943,0.48364425906096997,0.5646590701025119,0.16960960498433036,0.6773785002318361,0.3743268895329065,4.0658155594997405,0.01173516821778284,7.793804587298407,0.04937696706173028,0.1495391279050883,0.0038885509799106615,0.07395431829985157,1.0114047650432805,0.004015092765235309,16.363124457881334,1.4264050069473537,0.06700381561834452,0.5079377724945756,1.310388147454926,0.972781588052758,0.19805753246305838,0.0938319328293059,2.2891779088740574,0.08993228611164215,7.914575645044042,0.17929597621105947,0.0662019236322773,0.8116338911356645,0.6541550420446581,1.4008245474613459,1.7904472132738676,1.3304660873179577,0.01386305026417958,0.0009134561634592821,0.8110974922580257,0.22185257682931026,0.45141393743552416,1.3706650658643829,0.0053159278618689,0.9930836631630904,0.8361714836641797,0.4590000172767548,1.2776877806855345,0.0020885285191608975,5.415313777808429,1.3691129058398122,1.0890692470469883,4.353018222573878,1.2116083198382883,0.20983609395306227,0.004560008383718519,0.1750974210924749,0.07737566437616593,1.987038383474611,0.7254801538131994,0.41740224197687026,0.36289292133580037,2.0367032112083736,6.45831837101138,4.845410113034797,1.5531607290760368,2.850154589995858,0.12440090322207269,0.0813242449310725,0.670659643118366,0.060889525741184926,0.021248623177799054,0.004735563994822469,0.0015679780932197286,0.0032784674586984835,0.6578947368421051,0.6578947368421466,0.6578947368420389,0.6578947368421035,0.6578947368421765,0.6578947368420552,0.6578947368423296,0.657894736842139,0.6578947368421184,0.6578947368421073,0.6578947368423026,0.6578947368399205,0.6578947368477109,0.6578947368421262,0.6578947368420709,0.6578947368420595,0.6578947368421404,0.6578947368420742,0.6578947368417513,0.6578947368421654,0.657894736842104,0.6578947368416848,0.65789473684221,0.657894736841957,0.6578947368419854,0.6578947368421351,0.6578947368413985,0.6578947368421031,0.6578947368421141
Walc.m__1,0.3204255902958892,0.3760359686375426,0.024569738000616712,0.7077172230821315,0.2713886846550559,0.13057919922323144,0.04813996567602981,0.020321308858064064,0.11994682293720339,0.047242752963908785,0.022363000364318455,0.09539082195491082,0.004990680715259667,0.0072050770783720994,0.16630709539598076,0.028761392741948395,0.09538909733176082,0.12197590285464208,0.00931510011826102,0.05719421897407176,0.09713375712506679,9.12843914414228e-06,0.0346641321760185,0.00012921629755252765,0.041210652570368225,0.002178988582704191,0.09156723409972951,0.03509602436042871,0.039936456193703035,0.11083719472977191,0.09559431436904064,0.058785110884062824,0.13099053990927928,0.01663599985885058,0.12397270445284653,0.11316849461229311,0.0059080727899839406,0.000124421589831934,0.0641471692454481,0.008445835969692355,0.0016252052369574565,0.035665270572213165,0.004817306551736122,0.06935489478441914,0.01199794195678284,0.08035958947800372,0.2446510383050789,0.06084693675138215,1.619822267951859e-05,0.005018028222410447,0.12216927631525532,0.06612804893109635,0.011051050281913301,0.2070086027173375,0.02386700005302633,0.05535948817460161,0.0219790044084947,0.05090473813277565,0.013930074847351247,0.06563505782318643,0.06452106741992295,0.0011484122018938037,0.004084022653735177,0.014978769892435791,0.010594849188329737,0.0006456332348884991,0.3243822945257468,0.24221290432210907,0.527255230951468,0.010551641761466824,0.04509996502279447,0.3491182654871057,0.1589138965766795,0.03728061883448404,1.4159151625305324,0.019079867524309596,0.43975704768694346,0.0588814199647224,0.45778220217283966,0.6578947368421058,0.6578947368421205,0.6578947368420925,0.6578947368421119,0.6578947368420898,0.6578947368421204,0.6578947368420385,0.6578947368420944,0.6578947368421073,0.6578947368420954,0.6578947368421898,0.657894736841998,0.6578947368416286,0.6578947368421106,0.6578947368421257,0.657894736842121,0.6578947368421069,0.6578947368421066,0.6578947368421278,0.6578947368421058,0.6578947368421093,0.6578947368421816,0.6578947368421176,0.6578947368421689,0.6578947368421166,0.6578947368421099,0.6578947368421364,0.6578947368420878,0.6578947368421251
Walc.m__2,0.0757976925129134,8.225540426405671e-05,0.22237954647626895,0.46116631113518003,3.555433047814943,0.01092147325885858,0.013457996465637221,0.02708409094669352,0.01448633370402294,0.025986918527075905,0.16715615718343432,0.006526810721183813,0.1042710344535396,0.07760061850200672,0.25705479463480035,0.3143769653182791,0.04338669283415445,0.2072855319919897,2.1972234825837997,0.7283950864809259,0.05926039611813238,0.005219144444221638,0.009256291901382399,0.006925527875177405,0.19904522786137846,0.06964921689775619,5.7923383832844395e-05,0.44140630075994697,0.9011557270630832,1.3077391807364949,0.4695991249048718,0.18786142433722422,1.002048902270998,0.0027777473140749593,0.4003007591296331,0.18982578353434595,0.0008687423384654108,0.053351438098308335,0.10798020400321667,0.1588482443683679,0.00954302029371348,0.10191723558500558,0.004200462469278153,0.02519097540729158,0.002930155521894513,0.18527475892118933,0.033018212453946316,0.05093409018649831,0.014690134812365136,0.018898235527965202,0.02976889716701258,0.16734963507283493,0.010965469309605914,0.07642710352622448,0.033170070848806486,0.029401263925630583,0.002683401320446541,0.015157191069316126,0.11166035373971529,0.0519128823259138,0.0028139253756115437,0.00439856588263438,0.06352105066445966,0.021390466588434548,0.1288285844198207,0.055904569633144434,0.4143287481163535,0.11448225114987659,0.015157009968268593,0.007874507814016244,0.6465335801970057,0.0034084798902056517,0.37846859745962635,0.4792951914529966,8.417054485373606,4.504395091230072e-05,0.12484343665744943,0.023886217494920602,4.523048337987995,0.6578947368421055,0.6578947368420716,0.6578947368420968,0.6578947368420918,0.6578947368421081,0.6578947368420806,0.6578947368420668,0.6578947368421069,0.6578947368421058,0.6578947368421237,0.6578947368423946,0.6578947368420861,0.6578947368419961,0.6578947368421112,0.6578947368421164,0.6578947368420971,0.6578947368421028,0.6578947368421095,0.6578947368422652,0.6578947368421174,0.6578947368421015,0.65789473684219,0.6578947368420979,0.6578947368420335,0.657894736842106,0.6578947368420898,0.657894736841829,0.6578947368420935,0.657894736842073
Walc.m__3,0.00011863097385229615,0.6155466254908554,0.003928214156201931,1.438699409955701,1.5361335568983274,0.016465727838717026,0.0701116974660228,0.030567749513239723,0.013723712495966926,0.18524164283224615,0.2611919438748584,0.002674034435504552,0.2601439549997381,0.43215013560762755,0.17066574312697844,0.02113667280306618,1.1452876003498,0.1972429271769496,0.5334490969022165,1.0728936301998033,0.047453601483706656,1.5060945259177447,0.33360894572947175,0.0017854303715785689,2.058199516417267,0.06464594742966344,0.15751643047712266,0.3302061951224545,0.023433333251112673,0.3803689954164572,0.014562393557675057,0.0020075309443060535,0.009349339853808397,0.1283045343997979,0.0629401999664939,0.0689409811932898,0.07945644372837622,0.05433417293107095,0.005240788329482616,0.09982747281041904,0.07020336223607161,1.2394779840031752e-05,0.043396042222065334,0.06799030720637335,0.09580976241200813,0.0025249877588753213,0.1931683117567425,0.05023119812518046,4.3903283828108736e-07,0.0021479033516091503,0.43049793555844956,0.0026811145315338496,0.0029222641714830057,0.2528400315066558,0.2893976218141492,0.27205316152986564,0.01209425597490896,0.003744567836309918,0.019555310027006823,0.17578754894786755,0.007963839750085654,0.01820680527512407,0.04950856473218711,0.018323577214866417,0.01250250013622984,0.0046526242964217415,0.030836801517358358,0.028410346922956343,0.04298416882280063,1.969620655908496e-05,0.01280613392602832,5.784540701546614e-05,0.029687144595280077,0.013152235407803498,0.28134513482419077,0.211314134568085,1.4165537530311334,1.0799559311137434,6.90671939843759,0.6578947368421055,0.6578947368421065,0.6578947368421045,0.6578947368421055,0.6578947368420891,0.6578947368421113,0.6578947368421766,0.6578947368421058,0.6578947368420799,0.6578947368421041,0.6578947368421815,0.6578947368421509,0.657894736841811,0.6578947368421258,0.6578947368420798,0.6578947368421215,0.657894736842094,0.657894736842103,0.6578947368422768,0.6578947368420923,0.6578947368420948,0.6578947368420418,0.6578947368421043,0.6578947368420928,0.6578947368421004,0.6578947368421351,0.6578947368428025,0.6578947368420917,0.657894736842106
Walc.m__4,0.6486808755333975,2.660737381561658,0.2688048926812737,0.9928197710094271,0.14854010688778094,0.020233710917077884,0.23359248614094083,0.0004942245569745404,0.26258002148114334,0.20061459868718615,1.020474941837086,0.2611195909154484,0.15064233212953398,0.2433039485186638,0.07723427799533406,0.0017062417566309454,1.1505675315259118,0.043289964582506835,1.3061003048543218,0.10894507713947797,0.0012112256600054659,3.717556497508633,0.0030345199307573096,0.0017380827307247302,1.4813642961959823,0.08306930984377411,0.10423443922668962,0.05880953858261514,0.2655443663094485,0.011333504061168682,0.2073785170749148,0.04490729787988162,0.15177246025345065,0.00031892261005560723,0.45564049173143883,0.029645267317627948,1.6302712794357874,0.41531406155830514,0.23586284453549344,0.007603668970361627,0.05565922641410696,0.39818607321364324,0.0007218488889416324,0.08377302144896251,0.0054700286170399895,0.034443518537452,2.036859704669812,0.019983081374224568,0.15054129094588653,0.017673788634450318,0.009732216941076557,0.26504881916952855,0.07959661373442457,0.7160427998366107,0.11047615529452819,0.22831020939025592,0.009944982677529083,0.00036465708845303374,0.147206376494118,0.004025268995473657,0.8202548644628511,0.058533228541544004,0.22281029487209209,0.01084149298949615,0.15679288834501742,0.040512095412528315,1.4862998620876116,0.05355101569683335,0.11813410007491608,0.011645643272233492,0.35829174986181805,2.936057932106386,0.06655141884500479,0.05081032778806653,0.5082731347795871,0.9505284921824141,0.19389531554229203,4.490694891213688,2.645106461388557,0.6578947368421051,0.6578947368421647,0.6578947368421266,0.6578947368421305,0.6578947368421169,0.6578947368420964,0.6578947368421789,0.6578947368421002,0.6578947368420994,0.6578947368421334,0.657894736841623,0.6578947368431282,0.6578947368429025,0.6578947368420861,0.657894736842129,0.6578947368420804,0.6578947368421174,0.6578947368421,0.6578947368420025,0.6578947368421026,0.6578947368421328,0.657894736842059,0.6578947368421151,0.6578947368420849,0.6578947368421564,0.6578947368420996,0.6578947368422761,0.6578947368421283,0.6578947368421111
Walc.m__5,6.383085300241542,3.3157378012256697,1.5228542887863654,0.6500883170347466,0.09959141594173047,1.0219850048732242,0.002799155846003014,0.039946863705507075,0.8328916475983836,0.1055844840795058,0.014678367932488272,0.13087453472876584,0.5286825394986792,0.13138379683294024,1.0980069145941878,0.26244803231334235,0.008298315039865903,0.18062220867973497,0.0032506162949547082,0.8745826328417966,0.059474387698423295,0.03400226507128155,0.047621925244999024,0.024241947047825285,0.3940814266254731,0.14071522617752777,0.006207741543824703,0.9410098198809497,0.3146013802222132,0.06406636316506295,0.44062425318582576,0.2019723534372387,0.05268541258100805,0.012799742103030753,0.1648082504566284,0.00020974943443141634,1.330834563349656,0.0887514688040431,0.10533863571494727,0.0005493105080868867,0.17300454583659305,1.2006256119389285,0.001659359965451213,0.4559051813308959,0.10106118855263335,0.13417509938595268,0.2784522784565541,0.0669839320783801,0.11011465102621061,0.10053226858946689,0.45614100906557914,0.9183824140973453,0.3459618800232058,1.7682860886877747,0.48496897908766445,0.2555627266433508,0.5942165334011553,0.39218358395836483,0.01569905700684539,0.15945769885745237,0.0329902335924967,0.0006128543234394395,0.10657875673415937,0.3092465854611759,0.4460386790869606,0.19459471328852915,5.975707920646685,2.752711659650278,5.495489749575583,1.0285480734242773,0.4062620635550271,0.003178769055120041,0.06014403219134468,0.16964776233771403,0.0037707491171524205,0.08207676292822694,0.00880049452954598,0.00027459150849386336,0.004236651944722864,0.6578947368421049,0.6578947368420766,0.6578947368421048,0.6578947368420868,0.6578947368421182,0.6578947368421061,0.6578947368420611,0.6578947368421164,0.6578947368421452,0.6578947368421083,0.6578947368425342,0.6578947368420778,0.6578947368437824,0.6578947368421004,0.657894736842092,0.6578947368421054,0.6578947368421031,0.6578947368421297,0.657894736842086,0.6578947368421187,0.6578947368421,0.6578947368420918,0.6578947368420571,0.657894736842162,0.6578947368420734,0.6578947368421253,0.6578947368415493,0.6578947368421028,0.6578947368420457
health.m__1,0.024589376833450683,0.0016159241054507357,0.03799751939605768,1.5529058279826768,0.06573420913496648,1.284569537042976,0.2151602358757802,4.657665702465796,0.2951200806433085,0.7046695202756666,0.4391258148214841,0.07026341434081593,0.08936637974231813,0.10643291014370972,1.0079304830460976,2.0337400745159795,0.07153421200675857,0.8307211545878705,0.22993763526328964,1.0926472571294512,0.26784964108308706,1.0509744155219314,0.9957513323015957,0.005542293934355491,1.706311734366411,0.010270742812529644,1.3426842207311231,0.24627136395544172,0.1611864987991946,0.22979875193925278,1.7706228541323255,0.01761554886405885,0.6325810981863821,0.019559541446747777,0.1840705559284906,0.32211575994902697,0.03496701686682847,0.356955244195298,1.1812778761237066e-06,0.05529781463530262,0.2988323667039662,0.007635650867655871,0.0020961109755208832,0.052429091065026044,0.048548503888239274,0.04219984259120748,0.009944168009554746,0.03575143200969117,0.1536932163521521,0.06957337492727084,0.6336331442906395,0.017588848867033522,3.0966839998593183e-06,0.29296016655904056,0.002750721974777053,0.0004914036073314777,0.21298433161472527,0.029604781830824812,0.366351242621796,0.0346501765214583,0.13697135737890215,0.07731708880188012,0.07091991204487907,0.08195497846373627,0.008452879502694802,0.12136123730882013,0.008951515038494109,0.002046554092699294,0.13462504219308472,0.04552444918550318,0.001250041565767252,0.012924951361062,0.10947861324363065,0.004185191986629272,0.0005367022860164151,0.004980056242476404,0.0011068576110550808,0.0016131463160797674,3.2526920153559955e-05,0.657894736842105,0.6578947368420979,0.6578947368421177,0.657894736842103,0.6578947368421142,0.6578947368421093,0.6578947368421822,0.6578947368421022,0.6578947368421396,0.6578947368421119,0.6578947368422411,0.6578947368413894,0.657894736842845,0.6578947368420954,0.6578947368421157,0.6578947368421,0.6578947368421147,0.6578947368421206,0.6578947368420099,0.6578947368421126,0.6578947368421036,0.6578947368421022,0.6578947368421313,0.6578947368420632,0.6578947368421071,0.6578947368420766,0.6578947368415298,0.6578947368421395,0.6578947368421005
health.m__2,0.029810070052111434,0.4985200790716827,0.08955692843188742,0.2595511613266045,1.4760029100864485,0.0002829567473821157,0.7186598451683737,1.7479680540609863,0.2431501331692329,1.0895341410898332,1.9595232577523793,0.5927641478120356,1.6696774500777132,0.30152036850620895,0.037251285699864384,0.24752704603095912,0.24917740761878668,0.0005670145199797686,1.107476683477447,1.0645908833560485,3.715195081482213,0.33576483816782543,1.600861096141851,0.41484869202689667,0.2697069791274183,1.682891648644989,0.002375802949228576,0.030865245693703452,0.7565518637775563,0.028962916567442,1.858735435952118,1.7473611460458147,0.19799530174434357,0.007208174148898256,0.0885008247132248,0.3484552095599163,0.034623485613924726,0.002461388251453625,0.4634071285142995,0.05601582270365958,0.2642161309997446,0.1221094033667095,0.1360512962993098,0.0016916111068794395,0.2391035269933694,5.1191493686454384e-06,0.17482717669353556,0.028303694807346184,0.003931910322124232,0.09935782171802876,2.8311543460875017e-05,0.08358821315173945,0.013826161661818413,0.18311075902509752,0.007052933720136716,0.005690134103227848,0.015402157467475064,0.008935178741177883,5.228658962954249e-09,0.14494060351942287,0.039037734392129576,0.04398495939349859,0.005323641106465136,0.016524861152954158,0.03341077558265834,0.06367207610460512,0.012874103040927377,0.010871854792875868,0.0020573494142898264,0.14311878078935222,0.3338621358330113,5.9927395751104156,0.05878989749475441,0.15921935469882764,4.107669751252411,0.03265260055156732,2.991860345103512,0.010838271369134274,0.6972914739347926,0.6578947368421055,0.6578947368420739,0.6578947368420793,0.6578947368420972,0.657894736842087,0.6578947368421226,0.657894736842009,0.6578947368421153,0.6578947368421095,0.6578947368421417,0.6578947368419231,0.6578947368413173,0.6578947368418858,0.6578947368420883,0.6578947368420971,0.6578947368420861,0.6578947368421065,0.6578947368420855,0.6578947368419992,0.6578947368421075,0.6578947368421243,0.6578947368420429,0.6578947368421237,0.657894736842137,0.6578947368420862,0.6578947368421106,0.6578947368425014,0.6578947368421175,0.6578947368421076
health.m__3,0.08068732293013456,0.1389118752943038,0.8400929415801258,0.400056526627479,0.025296800887918688,0.058179127175589415,0.11908251998896788,0.016101016920911964,0.283724555912925,0.894111941241321,0.3495569384390506,0.08455008183564852,0.0003281317163831541,1.251982876923013,0.1957057170352312,0.3919133432623874,0.0005464166571787329,0.26397434227594996,0.575189948204548,3.2638854434069075e-07,0.07379538326407353,0.9113305099146778,0.1586338668741627,0.15865410543241598,0.014776329743483464,0.05844262464420814,1.2095823701029105,0.16230614238347885,0.0402446606961132,0.7005911020190133,0.012362278905457161,1.1910705937234105,0.0001170330193187285,0.19682361980556265,0.3339178239757562,0.17082591116510126,0.008091783891871582,0.24931782314213455,0.1703490627081999,0.20626452474777748,0.15797836322137873,0.051876712863628084,0.011886962877581574,0.00575311896348606,0.0007757004508963375,0.0076877265145698205,0.07270427606804794,0.04630240928813504,0.13270615018691984,0.00011959155029853519,5.552896284880226e-05,0.00475670601857974,0.07905681022750363,0.0349658602923697,0.26812465539031277,0.0035487221545070463,0.11949452419186901,0.046750552043862914,0.03161738200930638,0.001862287958492351,0.002663227901302331,0.05004515650194626,0.013949051528532224,0.0009580834270708738,0.028342027802846725,0.0024485828340008874,0.03065338041521104,0.02940503773194526,0.005963246751604723,0.012584803246119202,0.5051218594612806,1.828468408457138,0.0002445666525870489,0.05589730463238395,1.8383684738141786,0.13172212620089313,0.30377659844209026,0.0015157926628491525,0.479069788450312,0.6578947368421051,0.6578947368421183,0.657894736842109,0.6578947368421006,0.6578947368420945,0.6578947368421029,0.6578947368421177,0.6578947368421008,0.6578947368421008,0.657894736842104,0.6578947368421677,0.6578947368413577,0.6578947368417024,0.6578947368421064,0.6578947368421364,0.6578947368421192,0.6578947368421005,0.6578947368421099,0.6578947368420381,0.6578947368421035,0.6578947368421193,0.6578947368420958,0.6578947368420975,0.6578947368421059,0.6578947368421234,0.6578947368421236,0.6578947368423004,0.6578947368420925,0.6578947368421086
health.m__4,0.007796811492890746,0.21503574180097157,0.3036902415995554,0.12298370570617291,0.788462689490266,0.15953902722473137,0.28412727643909536,0.399481522036063,3.216682189068735,2.0675919690917843,0.005671367092123503,0.024000177985308593,0.16399782728433202,0.004655333636693178,0.05598531406507613,0.47835978590355427,0.04628030048295581,0.5636720168639004,0.37224462536876324,0.25164705791337627,0.38210115697073743,2.3881446763218475,0.05190593520909482,0.14917051224819272,0.967489650264252,0.09466428382960673,1.2231732350014453,1.0833124569623844,0.10406193549208115,0.0004751221195970959,0.05313896007040247,0.31188726358927604,0.4294651726271899,0.050446057807903115,0.10662360589636978,0.007199610753144107,0.1706853308432546,1.0374018741681623,0.00020550117892561903,0.0043370265757433895,0.5801411929938215,0.003472780596936063,0.01657438759435352,0.03778944545869009,0.10510790206201726,0.08019788945575265,0.006337122484023919,0.1962649827745658,0.0021583116761541813,0.002396493191890208,0.030267664360990418,0.01034161145882938,0.01000677936608332,0.0029836737959960365,0.0014337422432592257,0.006662811045608501,1.4303434925322013e-05,0.07314741195181436,0.0034254891925176506,0.03999377733103177,0.0013362171886323359,0.024780961966213464,0.006203279287978782,0.0011660624142599179,0.009149779243996799,0.008877239909641574,0.011784976974019076,0.20638255935175684,0.0005278582474716704,0.021625066479955535,0.0036468599316693377,0.09315585125515893,0.036574328490326144,0.037435053680536415,0.579080315364855,0.5583270641648195,0.7784364384060066,2.604595665251953,0.39311645903743553,0.6578947368421051,0.6578947368420879,0.6578947368421285,0.6578947368420898,0.657894736842116,0.6578947368420932,0.6578947368420818,0.6578947368420995,0.6578947368421123,0.657894736842118,0.6578947368422451,0.6578947368427202,0.6578947368417303,0.6578947368421169,0.6578947368420975,0.6578947368421213,0.6578947368421111,0.6578947368421068,0.6578947368421542,0.6578947368421066,0.6578947368420899,0.6578947368420301,0.6578947368421154,0.6578947368421453,0.6578947368420922,0.6578947368421099,0.6578947368423004,0.6578947368421031,0.6578947368421175
health.m__5,0.09026819940075745,0.04834411898996085,0.016883650539078317,0.07329018677018502,0.5437831106628214,0.09870506961790494,0.004362410955506863,0.24552649112572714,1.1301329389945531,0.22957596077482811,0.1011007827996812,0.14171650712332676,0.014198821396597198,0.11674359779034336,0.009166701331472316,0.2949967432143111,0.0003335783765010493,0.0661273033238723,0.29131817486664485,0.037681464366809435,0.0004316964055344869,0.12884122207117166,0.31414540271160407,0.011904324969233776,0.04098534225658942,0.17352420454902687,0.04422719099563207,0.22770401937785908,0.010469022229996551,0.08078832297718824,0.02147647187737122,0.18844513816476596,0.030235226934812277,0.018143083593530087,0.054255334578009594,0.006482580765922367,0.0002639220429783373,0.0016185941048948728,0.0007953955993988494,0.1392158883553641,0.016582044922950318,0.0007988432665479012,0.05831023576081272,0.0019428886518142046,0.11540959641072922,0.05666365551565166,0.001308525296518966,0.04301702041933911,0.1105637195321561,0.0006236771294798353,0.11079895600622455,0.016167571416959656,0.006710283258618973,0.03053809232993955,0.07274319145166092,0.0072044977833504616,0.00797828307319593,0.10466933323595234,0.004093613590513252,0.011587271969387296,0.0020340389075706585,0.11941074554651838,0.001540702703360215,0.0072083725357033265,0.012717082964336561,0.0004960508956203183,0.0030861525887335367,0.0032143526865560735,0.009050219128794704,0.03216005889177053,0.06209821900974461,0.04723888087847225,0.01576547925311954,0.0066124824189024,1.0543991448687517,0.21014659296392782,0.18106958826909123,0.5063439364902147,0.016665891120061876,0.6578947368421058,0.6578947368421257,0.6578947368421039,0.657894736842115,0.6578947368421204,0.6578947368421,0.6578947368420682,0.6578947368421031,0.6578947368420944,0.6578947368420912,0.6578947368421424,0.6578947368423836,0.6578947368424346,0.6578947368421098,0.6578947368421237,0.6578947368421008,0.6578947368420935,0.657894736842102,0.657894736842297,0.6578947368421012,0.6578947368421145,0.6578947368421686,0.657894736842092,0.65789473684214,0.6578947368421139,0.6578947368421074,0.6578947368423208,0.6578947368420878,0.6578947368421079
guardian.p__father,0.003025819069596024,0.033759169219023555,0.016604519709195586,0.00481062381617338,0.338052315965171,0.02133620917937807,0.6617851418547374,2.3740914964882975,0.43865888558232546,0.04481808336450876,0.052943023592382746,0.08739708027604826,1.0022873170485895,0.32608943935630924,0.0013000386508488116,0.3150809233678016,8.817475620848508e-06,0.7714274703018889,0.11339925212043427,0.7225115142477991,1.405715380374542,0.14978467978583995,0.00672728656466843,0.013827112670946266,0.362096640455025,0.05049157194297998,0.3029130478170961,0.019168076358843374,0.1574111598727676,0.19464482059804883,0.01852253622904533,0.6429622886188014,0.06860502963745511,0.05091763608569405,0.09295019418955203,0.010088834798025982,0.0037960944784037093,0.09331242462951865,0.010333958222605976,0.2698137917291569,0.004478779362397615,0.017334890223429857,0.0024670098751874508,0.07675760922214774,0.031521287325060016,0.026288729426979414,0.0009220994863416272,0.0026281195188209857,0.3176411932759843,0.014391095498801177,0.00011481232353159888,0.09234772096746716,4.0695322606333014e-06,0.02904014403394453,0.003542879096839526,0.0004974783731506816,0.013140004912531863,0.0850329903609759,0.4315537617075477,0.04325081885556999,0.017661968546914247,0.0009263121544835675,0.05510363487899447,0.12347248501484427,0.06175879501087746,0.03544355588470061,0.022634299063743327,0.11284056509689962,0.0015789412375701818,0.1080031332559346,0.5021413963098835,0.9620359980326386,0.2714828768936198,0.603430547892012,0.05002494890674141,0.13263944544114023,0.06174715077262818,0.5488448038146907,1.1779830919633119,0.6578947368421055,0.6578947368421092,0.6578947368421177,0.6578947368421195,0.6578947368421242,0.6578947368420993,0.6578947368421068,0.6578947368421015,0.6578947368420929,0.6578947368421194,0.657894736842489,0.6578947368418108,0.6578947368414074,0.6578947368421078,0.6578947368421384,0.6578947368421031,0.6578947368421134,0.6578947368421033,0.6578947368418684,0.6578947368420864,0.6578947368421,0.6578947368420875,0.6578947368420958,0.6578947368420818,0.6578947368421105,0.6578947368421124,0.6578947368420468,0.6578947368420829,0.6578947368420976
guardian.p__mother,4.6576870954234876e-05,0.01492607373714458,0.009401841392365709,0.01757953143350295,0.0010217929102310677,0.0016064116016796587,0.038921138761344946,0.46107418489431107,0.002689797767868848,1.6715754445155917e-05,2.2171001840272338e-05,0.024472107754500476,0.0944490099813017,0.02038752470512624,0.02489293833734322,0.04500167693639237,6.732061052516813e-05,0.01704062627053111,0.02513970873680305,0.08424162582503436,0.1293495731613745,0.0017818462360714305,0.02288516446586232,0.0028786918470858247,0.01190155851959337,0.026376326950147893,0.039672869461261855,0.0018995719590922317,0.0023288310610812867,0.018555422235021702,0.025311589077547485,0.1045889814013359,0.001568981138417286,0.0026602670341288296,0.013392773001398843,0.0025359307361083132,0.013378329479239537,0.01027877652712557,0.0026992620448609127,0.01790909505498173,0.005949023367699043,0.004276939095664151,3.355090294436689e-05,0.006018999548791869,0.004974314662300156,0.0024726226097258465,0.0006005612654431,0.0017179147496535045,0.014684220631255794,0.0037309916820288964,0.00206641018902069,0.024093962517891473,0.0001270385862116031,0.018322588492176828,2.1211986393169575e-05,0.0020516773269856994,0.004930961280847908,0.00572859164199521,0.062468272742515735,0.0002921856740318321,0.0043150590816539896,0.0003468301801950851,0.006043999266469996,0.020937136367432392,0.006656100171999986,0.0007956134859246035,0.0018056845426128439,0.015143152922488521,0.0006158263603726682,0.006950638723759335,0.06430055403763757,0.10695486924111931,0.028617596705599595,0.05436798640037272,0.004860496159323342,0.017085112652074106,0.005699719573295833,0.06302316799079316,0.13083697430479516,0.6578947368421055,0.6578947368421085,0.6578947368421082,0.6578947368420968,0.6578947368421086,0.6578947368421026,0.6578947368420756,0.6578947368421004,0.6578947368420939,0.6578947368421011,0.6578947368420854,0.6578947368420283,0.6578947368423064,0.6578947368421102,0.6578947368420932,0.6578947368421048,0.6578947368421014,0.6578947368421035,0.6578947368421983,0.6578947368421115,0.6578947368421114,0.6578947368421428,0.6578947368421028,0.6578947368420762,0.6578947368421076,0.6578947368420949,0.6578947368420417,0.6578947368421126,0.6578947368421113
guardian.p__other,0.18503315817849195,1.1126752186129718,0.8717402170996027,3.550872402653265,7.603444768669722,0.020133459014030384,1.5276108350734483,8.452875497816411,8.268540587732964,1.623918759665513,1.5073151047405327,1.0147379122129019,0.1696142416992748,0.6299413446033959,6.283486564208758,0.2057310229043887,0.02493574239112096,7.572034415361359,0.6559552219006862,0.02376425694736813,0.31555644720923093,2.1775734115637895,4.552287848727581,0.06420271934862912,2.3943387731727124,2.290336662804005,0.0859397578069239,0.0014689064164926306,2.0365748953040965,0.028221251494743353,3.8432098367904497,0.9959190066421751,0.6543172366361623,0.15751987098888084,0.06506095224670311,0.08658771761889607,2.68162467691966,2.6805079572708308e-05,0.09909758994868238,0.42794824181417657,0.8931042296048196,0.14077929840743617,0.03346596661632331,0.05870295205418749,0.04098275664059907,0.0045566940280987196,0.06175014972412252,0.17708289946819453,1.260457780609003,0.13509685937843616,0.7093808991404171,0.8827018083397675,0.04210546031497605,1.8422631557734999,0.17446614220941095,0.8196961558824805,0.30798363523098815,0.12789240620734707,0.3130503076180611,2.1803867395867664,0.13925753738995003,0.021605499054270942,1.2489289658268045e-06,0.2385968761146134,0.00012494162582157357,0.3433415655176508,0.015703321947287966,0.041828568183939784,0.4257827405132854,0.19027046688320903,0.10762137739386703,0.001805996865513763,0.003119447496367525,0.16850643802250692,0.005448732471985821,0.030697956419497022,0.013384065482478745,0.010259760150612758,0.001939013139866369,0.6578947368421055,0.6578947368420679,0.6578947368420881,0.6578947368420893,0.657894736842065,0.6578947368421117,0.6578947368421186,0.6578947368421272,0.6578947368422104,0.6578947368421127,0.6578947368410409,0.6578947368448176,0.657894736842016,0.6578947368421052,0.6578947368422841,0.6578947368421303,0.6578947368420938,0.6578947368421559,0.6578947368418988,0.6578947368420999,0.6578947368420729,0.6578947368417489,0.6578947368420685,0.6578947368418601,0.6578947368420747,0.6578947368421401,0.6578947368435301,0.6578947368421031,0.6578947368420921
traveltime.p__1,0.02048601676114152,0.00012705248943685262,0.1820260680075651,0.004709279227652968,0.020011934966500316,0.057548579358253846,0.013718434539390244,0.03453645992558515,0.047948079005092945,0.13862979779863263,0.00575478835821197,0.29291217731920105,0.14042530742901557,0.03287977829462688,0.039569792987571434,0.030950794527151416,0.0010374324472206147,0.0012662940875294312,0.21586852850761906,0.02095785614825145,0.00021631664147385576,0.06501844961600187,0.004418482611550465,0.006175108466168912,0.043633117483506574,0.025961617672940595,0.0007645342057483355,0.03672024220609263,0.020416069274972234,0.09393765180238936,0.0012364348329626635,1.8004215349377078e-07,0.0010648794812328725,0.0010791995340290043,0.0055154106378346715,4.13136788802439e-05,0.00017186207057179177,0.004821011157759466,0.04512692866754627,0.00011452568694058821,0.07635964615510767,0.002310854404493231,0.010745205550376334,0.001901241067997642,0.008822323551775023,0.038638482939545166,6.93369286372811e-05,0.00037187097539074414,0.0016344672504696209,0.0088755122919021,0.0006267781137482294,0.020975335413106855,0.0023039470539994436,5.352102597616194e-05,0.004487153592629634,2.450941084450259e-06,0.025666035155487276,0.0419105222461743,0.038483428237975445,0.04405380092206203,0.0030288653114213435,0.0044451378151459265,0.014615087161036513,0.003266956525811915,4.817899666908833e-06,0.01517698064320034,0.002352247342172824,0.0057330223092571814,1.685911974752682e-05,0.0025924056825842403,0.04471633879738281,0.07399144869102355,0.008691724517098083,0.05873199035540029,0.007563160430594378,0.011058013707137668,0.03810960125889307,0.03379245407634618,0.011005439053261035,0.6578947368421051,0.6578947368421096,0.6578947368421024,0.6578947368421082,0.6578947368421069,0.6578947368421,0.6578947368421093,0.6578947368421066,0.6578947368421184,0.6578947368421023,0.6578947368420901,0.657894736842317,0.6578947368420704,0.6578947368421043,0.6578947368421257,0.6578947368421142,0.6578947368421111,0.6578947368420998,0.6578947368419735,0.6578947368421066,0.6578947368421081,0.6578947368420899,0.6578947368420974,0.6578947368420829,0.6578947368421071,0.6578947368421174,0.6578947368419853,0.657894736842106,0.65789473684211
traveltime.p__2,0.0005886120540177932,0.011745770768399503,0.5160435732870923,0.006474924225612234,0.058637524894007045,0.1271848816053716,0.127936055391731,0.01536331300029838,0.09892393113294941,0.07754198587682713,0.02322563308780322,3.310735653390141,1.2234709295229265,0.14301524469015967,0.03966607900641545,0.3555740759651586,0.01066620377571467,0.017308275111763312,1.1617552839051295,0.23416216948563334,0.10059103093838521,0.46656767251265546,0.018849411080051663,0.007108677566070205,0.23432107949612072,0.39906704157567136,0.07128887245502624,6.997736090381964e-05,0.5203482755166897,0.46893125949725956,0.018534031432899254,0.06334263589217472,0.03741692990280949,0.024418332222506355,0.041249475846132554,0.06782332670324313,0.007414870573482435,0.004048475062527769,0.10736863633303315,0.03229182100418108,0.14707594708525507,0.0012382274913915105,0.009378476302928032,0.07390617907295151,0.010419571538229661,0.09818533692786433,0.005749146443084173,0.01973015426949098,0.03836638179035465,0.007228121653460867,0.015568448542444905,0.11160560385870405,0.04080888440596711,0.016209288137406054,0.0606294859066689,0.0009682055257972074,0.13187039065005818,0.21280856210636662,0.027331139836659638,0.022798615329542478,0.0212643378770965,0.02670237384711503,0.020262336769378303,0.002867589366680827,3.597160215441559e-07,0.0025001433140125276,0.04680417895676374,0.10234797266671455,0.025674821263163512,0.002055801207602784,0.30267950072247396,0.41533190042403745,0.10611398030678143,0.6861683382382995,0.035252755184806285,0.008485045729719495,0.21249524409514484,0.007408308417317905,0.0880529758195167,0.6578947368421049,0.6578947368420939,0.6578947368421053,0.6578947368421012,0.657894736842094,0.6578947368421099,0.6578947368420661,0.6578947368421164,0.6578947368421055,0.6578947368421063,0.6578947368423904,0.6578947368416369,0.6578947368419077,0.6578947368421139,0.6578947368420677,0.6578947368421341,0.6578947368420828,0.6578947368421209,0.6578947368422416,0.6578947368421046,0.6578947368421116,0.6578947368420945,0.6578947368420849,0.6578947368421872,0.6578947368421197,0.65789473684212,0.6578947368423415,0.6578947368420839,0.6578947368421031
traveltime.p__3,0.5606171282884568,0.7534914748713049,3.9324186797884852,0.2443800215295741,0.1426558720038042,0.17357748103346282,6.226348695532134,1.8487301265968945,1.4562581151124956,5.42734667682142,3.8564544069091697,3.757568742555849,0.25955203521153053,0.347590019473323,0.49120868935024364,1.0475226991726054,0.018337237411075402,2.063772927023491,0.3934976012523136,0.8176577894013637,2.724331253768503,0.1314685994960099,0.6361257781046417,0.21519184845645734,0.0027375308192396407,0.22371075504228696,0.2375315956682833,1.107989278338038,3.972651345069895,0.6602228525308482,0.00579909283584247,2.2828116926286044,3.9215367227430854e-05,0.7461483355275385,0.6755579263350956,0.07159687640610309,0.00040235796270203885,0.14851699768912238,1.306253807175069,0.008475758495501964,3.3195147507605105,0.00038568381016406875,0.26723414368794884,0.22742076272536998,0.16306468770931065,0.8624080822471057,0.09325798728056542,0.22595424102492828,0.44373820793560687,0.2882290231069123,1.3226444954619225,0.02640075174571359,0.008904512281987194,0.7156425199094211,0.2116657832230648,0.008007534500106165,0.10978958161240653,0.0015399260934113403,1.9305511358018674,1.4205598154914418,0.001978034532463831,0.5388002769572474,0.1337939387187163,0.03219546822618616,0.010296063884045432,0.34183839015518874,0.000585748053913428,0.3538081351629739,0.05016752995170661,0.31793969754898066,0.0008470923655136676,0.004178990129838698,0.23122272318083079,1.1532493009106743,0.007301915187384674,2.9538301273122247,0.0011185370340472275,2.981289945005456,0.024495164589812542,0.6578947368421055,0.6578947368421156,0.6578947368421295,0.6578947368420982,0.6578947368421452,0.6578947368421115,0.6578947368421234,0.6578947368420884,0.6578947368420826,0.6578947368421184,0.6578947368430678,0.6578947368428992,0.6578947368417432,0.6578947368421031,0.6578947368421416,0.6578947368420804,0.6578947368421074,0.6578947368421024,0.657894736842295,0.6578947368421115,0.6578947368420993,0.6578947368421334,0.6578947368420516,0.6578947368421734,0.6578947368421151,0.657894736842105,0.6578947368428332,0.6578947368421308,0.657894736842147
traveltime.p__4,7.4151624887720935,11.67372147834618,1.637866561065181,3.2797276110743026,0.0868066783593118,3.2540481810609228,1.8458984519947812,0.23817144634965065,0.23609983051378847,2.816775477164716,1.1808756675797514,0.913019332658046,0.9828852359788668,0.6029982514753698,3.061073941406045,0.503415816121176,7.266877271415602,1.3483194745247138,6.258848491836138,0.7071410229827395,0.9117199309649998,3.0197651084730732,6.350817987307324,5.0849445756397005,0.04491358319808032,2.9532807299012007,15.057901550817714,8.921889512230242,0.5611234271070085,9.494794486810054,0.7163188352684869,0.9202815308112197,2.1425535760748087,1.9872092431003283,7.0227028469879675,5.6823873905017175,2.4421418150376004,0.0892529567303387,0.4656132723100552,4.883720000774291,1.599386042441666,3.5981371343599537,0.33988894444986767,0.6274808856471044,0.2738094230048667,0.1650441411461708,0.017760848927973534,0.014139468202262409,0.3574635454777232,0.14721410264425405,0.623229673854553,0.03253698064756346,1.7826832512200703,0.2251373492182733,0.04799447257777602,0.010347437705946464,0.2859947153216645,0.3890123774845048,0.04062585715746294,1.8394500048595275,0.00029201895559725856,4.6155051379736545,0.9160441598018049,0.3720627218961943,0.1262246069404849,2.5743591509600017,1.3834219456634307,0.005939321409568344,1.686670837543947,0.2890150233021175,0.23660362495017245,0.011184561354872368,0.006796936081184633,0.0012214712805233157,0.007886536607402593,0.07061181569539665,0.017202652982330875,0.01021598669210435,0.00557427308569288,0.657894736842105,0.6578947368421513,0.6578947368421112,0.6578947368421177,0.6578947368420492,0.6578947368421533,0.6578947368418504,0.6578947368421236,0.6578947368420694,0.6578947368420346,0.6578947368407291,0.6578947368407909,0.6578947368425748,0.6578947368421106,0.6578947368419953,0.6578947368420852,0.6578947368420826,0.657894736842092,0.6578947368418628,0.657894736842094,0.6578947368420377,0.6578947368422321,0.6578947368421146,0.657894736842357,0.6578947368421076,0.6578947368420044,0.6578947368422184,0.6578947368421376,0.6578947368421141
studytime.p__1,0.7794866975513921,0.03852611894384983,0.2737915507208984,0.14490890206945276,1.199391467432232,0.19860612773384775,0.011093284359347824,0.0024130108374482897,0.15816326426894506,0.02513294673237091,0.04252467716861198,0.04307057916639168,0.020799363542141132,0.042111417930954256,0.05230032798948387,0.19436162277017202,0.18045203304712643,0.04786964778317679,0.00011996222044657807,0.1436927891534794,0.05037945180146947,0.06571977937164891,0.31350396794993074,0.21850516279146548,0.17649794906855282,0.0011825596269010746,0.008716924597130981,0.31601315035918204,0.3216707534191753,0.04850621234444831,0.003685796616663447,0.46749635861583144,0.0016883580536758847,0.43697523207088995,0.5584368378564034,0.8183624695825839,0.035366646821078825,0.392144645771358,0.11920801851954979,0.0018230407833847247,0.0035113365134371143,0.022603138654198485,0.07458909972908875,0.10114278667120592,0.12026030748718321,0.008287927114017315,0.05664694946504487,0.016255179889861575,0.0781643559505894,0.007866747370584445,0.02088908175816348,0.004568110967488488,0.022643047244456906,0.09056654375631482,0.3172516800089019,0.15401661592563146,0.015401566746204215,5.990033999505241e-05,0.15717001004858297,0.03924302429951914,0.1543960694291818,0.12359193486689413,0.0473613480118167,0.007477790896159865,0.00252433472048706,0.037126262325242146,0.0018633120879668408,0.004069720483923928,0.09488608337798175,0.04947327412664335,0.2790881624513536,0.41709683744056936,0.13772566799465794,0.30185629581407913,0.8243189194747067,0.132656895360188,0.010446322769440242,0.0001084729723151329,5.684445388797654,0.6578947368421049,0.6578947368420889,0.6578947368421119,0.6578947368421035,0.6578947368421123,0.6578947368421142,0.6578947368420458,0.6578947368421049,0.6578947368421029,0.6578947368421182,0.6578947368422023,0.6578947368421043,0.6578947368421814,0.6578947368421242,0.6578947368421041,0.6578947368421166,0.6578947368421098,0.6578947368421129,0.6578947368423748,0.6578947368420842,0.6578947368421096,0.6578947368420875,0.6578947368420882,0.6578947368421694,0.6578947368421021,0.6578947368420822,0.6578947368423004,0.6578947368420992,0.6578947368421223
studytime.p__2,0.022300733365138527,0.019493552494644583,0.03235079342099755,0.0046507699393475875,0.43451750475298556,0.0892664059392789,0.019136828801997414,0.08090400687999419,0.13568419013957986,0.0070139187625880015,0.019169734799525405,0.004541923720603169,0.4790871889310743,0.005780539077090083,0.002500427938228925,0.28026152634648926,0.00013966014399811018,0.006865355027199133,0.3267453225111625,0.26630404149617537,0.02156128279057586,0.018772993023362092,0.556688700225789,0.0208510736105846,0.03523307733128919,0.0021973356791670593,0.0007836221132953126,0.007429217714511193,0.11453940244051256,0.2090136401762268,2.114780882450512e-05,0.06832862845807607,0.013393825406306849,0.026473452789137143,0.04470627261168612,0.29096911066438474,0.00020114650336476938,0.0661258527732294,0.001646658991045751,0.012321396977051428,0.04482898034289255,0.0003496679897659556,0.013560193692072774,0.06519372588884177,0.002160170629045547,0.000865233843302819,0.002611927832542515,0.0004325381901569045,0.0019856894765689264,0.006828517392255018,0.0001513199952131162,0.005424219392148888,0.0014939717894469058,0.00423828441848228,0.020694258211050306,0.015944839442593388,9.78575120358616e-05,0.026522230903789554,0.001508266036746326,0.006720588430353495,0.000273712909520205,0.023475988191376623,0.011435873028807941,0.0009931963263149456,0.00028098515201835085,1.288002216487432e-05,0.007058121739667444,0.002423552016420317,0.004987733177817899,0.0007030050800076897,0.0557174362659868,0.00014325107288623936,0.025218010185612035,0.009261540717089622,1.5622430052997271,0.00750903616347182,1.4705199855702213,1.878716704772178e-05,0.7578031318444859,0.6578947368421055,0.6578947368421266,0.6578947368421072,0.657894736842111,0.6578947368421076,0.6578947368420986,0.6578947368420607,0.6578947368420948,0.6578947368421166,0.6578947368421143,0.6578947368422835,0.6578947368419222,0.6578947368421831,0.657894736842104,0.6578947368421143,0.6578947368421076,0.6578947368421051,0.6578947368420975,0.6578947368421549,0.6578947368421234,0.6578947368420979,0.6578947368421567,0.6578947368421195,0.6578947368421079,0.6578947368421145,0.6578947368421112,0.6578947368421364,0.6578947368420888,0.6578947368421031
studytime.p__3,0.5213386337461693,0.0509715182053572,0.1323446780117112,1.5401999332176322,0.10572688727856251,0.43035711360689216,1.0436450662632444,2.951299830452732e-06,0.0075275392051975185,0.8102972994123027,0.004465144182108083,0.02576180544028432,0.713972824413948,0.10156512379621838,0.10193391096067125,0.9963634135797271,0.052000771127542644,0.40355533332417837,3.0123361852615336,0.4940267869967857,1.2096294524941718,0.027376384899513845,1.6274932941728628,0.17335066168804444,0.2593880171249671,0.0009986903069103938,0.007878600710296852,0.49289112288041076,0.014196263234087758,0.3472548689248013,9.659511300348799e-05,0.893603291028567,0.15050384619810445,5.7926249952767835e-05,0.7727426605503821,0.019804218764273917,0.4198707632415935,0.04806234182671252,0.06178459271384233,0.03399021049986057,0.4144092681629418,0.06491948517389483,0.03493420944727174,0.06651220025788428,0.014413807928029002,1.7279002163467845e-06,0.3284750668129621,0.08439048115165963,0.12353668281720658,0.036089648396787626,0.13046639777221208,0.030655869935503115,0.03354187238000229,0.3912234105581953,0.12632848974033548,0.012327109552275568,0.01921922654076109,0.24791669733077973,0.43363415114033405,0.10425829372818068,0.23059795717533751,0.018995975246646715,0.003553071906247398,0.09766819185378654,0.00852063128614238,0.01149714272804456,0.13901419429434098,0.06309354442880867,0.04283292348604705,0.003965472039186851,0.014724599149333235,0.9572661817810688,0.08389658920181887,0.3013094382339741,5.265210721057987,0.11034028445236067,12.268369080776294,0.0011673672595952313,1.5434303922822192,0.6578947368421053,0.6578947368420811,0.6578947368420989,0.6578947368421078,0.6578947368420938,0.657894736842107,0.6578947368421638,0.6578947368421164,0.6578947368421155,0.6578947368420968,0.657894736842046,0.6578947368421996,0.6578947368413132,0.6578947368420973,0.6578947368420954,0.6578947368420984,0.6578947368421016,0.6578947368421186,0.6578947368419319,0.6578947368421122,0.6578947368421091,0.6578947368421771,0.6578947368421099,0.6578947368420611,0.657894736842081,0.6578947368421142,0.6578947368427658,0.6578947368421302,0.6578947368421262
studytime.p__4,0.35966292576268305,1.4333297424150337,0.01899623864621453,0.9560807909266417,0.06621759517678978,1.2360783464028295,1.024833442883506,3.3124863874459605,0.7872308645729699,4.3715530516028425,0.0015491580020586238,0.0041918666244016205,5.542912900379891,0.32109063211755673,0.22171528788998632,0.07246154206302262,0.9791866372230164,0.005279120315509765,0.00019909549091011225,0.3128969281425784,7.571518328663853,0.14575548089771131,0.02512333948423479,3.278102766124453,0.8503576778965957,0.1490267467617715,0.5727612207706367,1.192633191581961,0.26728733073148,1.020456045230064,0.08102304231284037,2.1379432586131943,0.060531679118539045,1.8770430852993594,0.5125907009720176,0.0025017168945159563,0.8123308837167785,1.139916163930535,1.0199102825409287,0.2623901421831581,0.0556917424881723,0.011032426738832288,0.05009438825243952,4.146847567022176e-05,0.494040543927767,0.0195986699885973,0.6364926034292426,0.002483058945585427,0.006007182740863342,0.03874367293588147,0.1469671166114465,0.02119875583837998,0.17067084413062328,0.018379460331408727,0.08190704519255787,0.1121820639078176,0.04621132656151403,0.0020255986667247206,0.05497137659216509,0.3270142420711959,0.23073982071803753,0.005140558891153912,0.04355500727877622,0.03267363988866232,0.020602802937434262,0.20472259101420162,0.013387013864871124,0.2310409281880301,0.0337819620540581,0.25680488811108654,0.0026580161980088615,0.005277453869095763,0.15315905199478128,0.013815150307138199,0.00013397699540952684,7.959677087133641e-05,0.0006472361862284313,9.752137443059192e-05,0.0003126274302462835,0.6578947368421045,0.6578947368420972,0.6578947368420989,0.657894736842093,0.6578947368421242,0.6578947368421012,0.6578947368421783,0.6578947368420984,0.6578947368420925,0.6578947368421179,0.6578947368423114,0.6578947368420334,0.6578947368414678,0.6578947368420937,0.6578947368421245,0.6578947368421237,0.6578947368420874,0.6578947368421035,0.6578947368420728,0.6578947368421049,0.6578947368421081,0.6578947368421993,0.6578947368421032,0.6578947368420069,0.6578947368421254,0.6578947368421325,0.6578947368416534,0.6578947368420806,0.6578947368420935
failures.p__0,0.017442838155552857,0.0022302659798592267,0.017844124822141896,4.925825799970496e-05,0.004677669306663955,0.0017303862558830413,0.0012187123051440537,0.005891717039625841,0.0011295822844815426,0.007993131913363613,0.0025124538553126406,1.2820265607435594e-05,0.00010966688819742253,4.3507669206601174e-05,0.0016219527001959675,0.006118807628569104,0.003878057411171469,0.0016211934004589715,0.0024848750527166306,0.00024928665073710335,1.7893630288712493e-06,0.0006588902512944258,0.007930707744710861,4.9639037868498176e-05,0.001112343073827997,0.002454438672737302,0.002332998618114256,0.015572893967454685,0.042463370190215594,0.0013200750602460174,0.009241203529527453,0.002292091547599609,0.005891612977444568,0.0022081152801915697,0.020479347795912487,0.006076897634027529,0.011779388440211175,0.007287100565320274,0.00583866444163644,0.006687224725052578,0.0008102700591381596,0.008904154915277228,3.120022088356305e-05,0.000815316725399776,0.0008790643565047128,0.0032490815034111565,0.0023325810311604586,1.9451179311208705e-06,0.0027336726448724314,0.009407913999144903,0.014343322457339684,0.00031902279997690565,0.00844432553123657,0.0005756941980887781,0.0028943262675622658,0.007074274849643818,0.007470756852541375,0.00036485021472214453,0.04761869916025897,0.002676366025834761,0.05970965674412848,0.002091032197533134,0.003852001629238934,0.003504918209755935,0.0005516822671372277,0.001107371844692607,0.0012207932475237864,0.03689144360386964,0.015355780487895565,0.1346934851891776,0.024183453865545834,0.022845514956601094,0.002598920138560233,0.0012002123997043035,0.00440846033323792,0.006625805920263549,1.4152487802944864e-05,0.0002631659309293035,0.0001304297928828843,0.6578947368421055,0.6578947368421094,0.6578947368421055,0.6578947368421142,0.6578947368420993,0.657894736842098,0.6578947368421095,0.6578947368421046,0.6578947368421177,0.6578947368421107,0.6578947368421447,0.6578947368420525,0.6578947368419427,0.6578947368421124,0.6578947368421043,0.6578947368421061,0.6578947368420995,0.6578947368421095,0.6578947368421862,0.6578947368421084,0.6578947368421066,0.6578947368421401,0.6578947368421061,0.6578947368421489,0.657894736842112,0.6578947368420991,0.6578947368422492,0.6578947368420988,0.6578947368421033
failures.p__1,0.6392644578786583,1.8811833751774607,1.5734208440335022,0.08042269996547537,0.8158665540884205,0.15784592085376795,0.6937292826396887,4.023287969986208,0.06692692495379512,2.3845549292938992,0.14937107410711647,0.04306421621732597,0.32178009907188104,0.0010333811988099727,0.2485634117210087,0.018065145477136942,0.2926712775473259,0.029525920660182486,0.4874401585346586,0.010392834261552939,0.03707670896800097,0.7614613073297908,0.8305154066361616,0.014148111191117788,0.25609641893603047,0.16845077855753074,0.3096693480306811,0.7504344967383666,7.319199660078344,1.2498926439963036,1.9898546905756365,0.7518843255862518,0.42201981609156336,0.025610285254036427,1.3868441857955474,5.44635219626003,1.3126277106805857,1.8026594782604501,0.050622391905262215,5.364250420126231,1.7858435269853288,4.051741448785814,0.005654777813074882,0.4300351867941513,0.9587435849772239,0.005175098804207944,0.1349448222352076,0.28730395125739555,0.4420166314849551,1.3121131701813848,1.6122611959278512,1.0654818356850715,0.40261958979609935,0.02607386785695775,0.9497447717253469,0.003451976825681537,0.15403635516523032,0.32596434924167955,6.529850915495169,1.1078874015206752,8.791186240445379,1.1475858526829241,2.554763710462836,3.1047443798438485,3.491533468438189,0.26432024345653415,0.0020840262357247046,6.437437575470678,0.4700698962230623,19.865711705914283,0.5378564372346252,3.4453753241520926,0.0008817062004131111,0.4552450822993475,0.2685366704541332,0.03863062414714895,0.03343522662145621,0.050627617428838784,0.003920986960954163,0.657894736842105,0.6578947368421106,0.6578947368420848,0.6578947368420837,0.6578947368420505,0.6578947368421374,0.6578947368420609,0.6578947368421222,0.6578947368420828,0.6578947368421159,0.6578947368420212,0.6578947368427136,0.6578947368440207,0.6578947368420807,0.6578947368421435,0.6578947368420675,0.6578947368421229,0.6578947368420591,0.6578947368422622,0.6578947368421265,0.6578947368420774,0.6578947368418443,0.6578947368421518,0.6578947368421021,0.6578947368421477,0.6578947368421476,0.6578947368418111,0.6578947368421499,0.6578947368421035
failures.p__2,3.7563782189353323,0.014942579553517863,6.477448672266012,0.15823244620493696,0.5864980958876753,3.464867560021348,0.21900700354590608,3.9152850680028113,6.584953567258508,0.10847776210487063,0.0005460660964281313,0.2573156229134153,0.5332337022134074,3.943947861340135,14.848877472847327,4.023615119578718,1.2798356962449984,2.22433612376697,1.42953067134168,0.09056042602690058,0.28659002439561865,0.5473436176135436,0.4381042860623472,2.7648366982045887,16.338265431746336,5.656332352292675,0.3747322445842599,7.028297999576562,0.5366488490287247,0.0014562183754921825,0.12348396439933867,0.7831109291234895,17.42588322151419,1.689451379170842,3.323003574450685,7.856055844151936,0.19909475589065037,7.956099901442661,1.0851988994015822,5.024245274639724,11.379153135163564,3.8592616970560476,0.047864218530840955,6.74079719112698,9.37944343942712,5.707446788261531,3.3444934884626556,0.0850214606334296,6.975159731220222,1.071601987091992,0.7436497590096693,1.2487612028157395,5.109921015265903,1.7074817444892827,14.518213219234259,9.67166822876253,9.212343542073038,4.794249743638962,3.096378256214968,26.140068684312006,14.231111131334584,2.6372717557732033,10.595462978695231,45.24665849648694,0.012476865596093421,1.335489326172104,1.0670035742033221,0.0005545757183632885,6.6146615557888975,25.26583381489347,0.6103599683905236,0.005903273091499053,8.750155466880027,9.964738904018816,0.09792801006063781,9.544920252508302,0.009221287462043322,1.7625080720734372,0.014324129575957118,0.6578947368421063,0.657894736841988,0.6578947368420976,0.6578947368420864,0.6578947368421506,0.6578947368421663,0.657894736842332,0.6578947368420827,0.6578947368420878,0.6578947368420884,0.6578947368419676,0.6578947368432606,0.6578947368402126,0.65789473684208,0.6578947368422039,0.6578947368420753,0.6578947368421152,0.6578947368420975,0.6578947368414025,0.6578947368420773,0.6578947368421553,0.6578947368415885,0.6578947368421872,0.6578947368419349,0.657894736842152,0.6578947368420418,0.6578947368432426,0.6578947368421068,0.6578947368420797
failures.p__3,6.27978915192033,2.762638247749417,0.48489884523193183,0.7103271634435904,0.0011523563507391005,2.770248400988255,0.131084819649493,0.2554897398888868,1.7024384133776964,0.22112353036834306,1.8291780141830205,0.7732570418939193,3.265474349451543,2.1631166539697255,0.037992267157223716,3.1195769947988934,5.966397915087163,1.534701780120492,1.983877146088268,0.6935943924216756,0.03433497801212506,0.5007067833479589,1.267797756017661,2.01260818127365,0.08316544851917759,10.694363078901633,0.04289637228951939,1.776144389486755,2.25098359435931,2.497682553569927,0.7198318546444088,0.9598968360287196,2.927741990961984,2.8971275734144255,4.076323670451261,0.5231915342534029,2.4840241607384206,4.847763854669938,16.133507166052787,23.079551746802142,0.08848575678356872,0.11310241480817677,0.47721767505090457,2.814412875666192,1.3492946345794572,21.768497085207763,8.217022945377876,1.6608959051630043,2.75228473100761,0.248286155415554,8.316736080071664,9.161414034934534,20.5606185914369,0.3104875904144723,9.101580131928397,2.862898380674191,8.253089914890406,0.6171879178639189,2.8028152630459524,1.8150586176558243,0.00037967801428341575,5.440137852246477,1.1673965633846037,6.069630440116618,20.554901450715686,4.867192326303714,7.614047276755807,3.674421908299043,3.6068968167081135,0.3200351702477396,38.447070049311414,4.046218591745758,0.007745756598259476,5.778691470739862,2.184472799886138,3.9529618128539563,0.07796695305728027,0.11803590086746389,0.07691033159137245,0.6578947368421051,0.6578947368421163,0.6578947368421162,0.6578947368421456,0.6578947368421723,0.6578947368420496,0.6578947368417066,0.657894736842181,0.6578947368419236,0.6578947368420864,0.6578947368421167,0.657894736845073,0.6578947368450577,0.6578947368420894,0.6578947368419611,0.6578947368421659,0.6578947368421452,0.6578947368421282,0.6578947368410017,0.6578947368420952,0.6578947368421959,0.6578947368422613,0.657894736842039,0.6578947368421066,0.6578947368420441,0.6578947368421552,0.6578947368404331,0.6578947368421904,0.657894736842187
schoolsup.p__no,0.001278768743767602,0.009514645335101594,0.00014250089450718907,0.02483294986285075,0.08656571559461855,0.001011792883566281,0.03664038182194074,0.014855248748914796,0.0020919720241655,0.04395919929560817,0.0011231594250960665,0.028716402890921346,0.007455017796608906,3.087223769810796e-05,0.011179518142447546,0.006885191111647266,0.00045266225697513843,0.0002297453947954211,0.005890019336464249,0.020788921549584068,0.009157740719839816,0.0006981698706664791,0.008335780854669957,0.013700083249174473,1.83008488262278e-05,0.019531696503102026,0.008251399172693278,0.005990442153616883,0.06667144097728805,0.04764589757527504,0.005198257892292418,0.025422418003850134,6.496392903412495e-08,0.0007805199387720301,0.00818408398976224,0.0447144379442041,0.0023711163905440783,0.00015444665468184444,0.0007822745580764921,0.00011968414866595761,1.9498642979134837e-06,0.006571528046249442,0.002442678519777205,0.0021660821214308716,0.0006058372685546856,0.00026939713030081153,0.0006984003037071118,5.1004186241909706e-05,0.0006991361496825997,0.0027546867440356605,0.0029000453011259427,0.0001273017022288656,0.0003490293908893237,0.00016546389322628005,0.0018010590003941771,0.002729680987145862,0.003191468885550155,0.0006567658455788876,0.0031905737385565986,7.959143537150196e-05,0.00022294803763807505,0.0015794744618849593,0.002542860977838118,0.00017333539404897777,0.001156692619043925,0.0008732962786800555,0.0089681180973726,0.005951721802120763,0.005361759262642272,0.00034148601190466356,0.0034377372468755384,4.4927537862585185e-05,0.009589108944736463,0.016155246461313496,0.0009727769465938811,0.038719909182396886,0.10476217516808048,0.0004534180382321269,0.00029233949925053357,0.6578947368421065,0.657894736842109,0.6578947368421039,0.6578947368421038,0.6578947368421093,0.6578947368421033,0.6578947368421063,0.6578947368421071,0.6578947368420975,0.6578947368421131,0.6578947368420845,0.6578947368421756,0.6578947368420827,0.6578947368421009,0.6578947368421063,0.6578947368421099,0.6578947368421038,0.657894736842108,0.6578947368421654,0.6578947368421035,0.6578947368421063,0.6578947368421202,0.6578947368420998,0.6578947368420885,0.6578947368421115,0.6578947368420918,0.6578947368422717,0.6578947368421,0.6578947368421154
schoolsup.p__yes,0.05638040240521638,0.4194969069664947,0.006282807438464119,1.094874826273143,3.8166477742804963,0.04460954351928391,1.6154597783766422,0.6549619752401532,0.09223420975664746,1.9381435132636495,0.049519649788715744,1.2660947168995655,0.3286887526453674,0.001361144611214584,0.49290048309325407,0.3035653220360849,0.01995769784513154,0.010129382558372072,0.25968859653697357,0.9165752355525433,0.4037611252414481,0.030782030329736306,0.3675212435700578,0.6040311904228023,0.000806877104408795,0.8611446861431674,0.36380088896437646,0.26411619837610817,2.9395171641122397,2.100688565734855,0.22918911116801938,1.1208642408225502,2.864233645544989e-06,0.034412811892484,0.36083298947502407,1.971441683184778,0.10454157321253074,0.006809491226260506,0.03449017235576871,0.005276826241022808,8.596873694928017e-05,0.28973604294791444,0.10769671886556867,0.09550169430103918,0.026711122835668615,0.011877611716110672,0.03079219003032478,0.0022487541697310716,0.030824633185047016,0.12145303666983302,0.1278618373085208,0.00561268113059012,0.015388566232554758,0.007295236866789705,0.07940797090377665,0.12035054285086481,0.14071058657635396,0.028956543425233773,0.14067111990346187,0.003509154548955608,0.009829689800247841,0.06963839723472323,0.11211372336849419,0.007642288189461381,0.050998114896597245,0.03850328360849631,0.39540073966591255,0.2624090335667772,0.23639782118620037,0.015055981670472757,0.15156846011983777,0.0019808371733454453,0.42277997772986065,0.7122783543807126,0.04288934646454748,1.707145307888194,4.618922398290528,0.019991019938439804,0.012889131586192525,0.6578947368421055,0.657894736842096,0.6578947368421031,0.6578947368421055,0.6578947368420949,0.657894736842109,0.6578947368419132,0.6578947368420889,0.657894736842125,0.6578947368420934,0.6578947368425433,0.6578947368412958,0.6578947368428394,0.6578947368421124,0.6578947368421146,0.657894736842123,0.657894736842108,0.6578947368421101,0.6578947368424325,0.6578947368420882,0.6578947368421066,0.6578947368421608,0.6578947368420939,0.6578947368421344,0.6578947368421073,0.657894736842146,0.6578947368418662,0.6578947368421129,0.6578947368420716
famsup.p__no,0.0885752310803987,0.020234706363196662,0.3860286317705954,0.18754422576006707,0.03443184805833837,0.0025363025022463017,0.20692112801511944,0.35201121907843475,0.14693352774343774,0.40263250498865755,0.06629817918696376,0.826835385555285,0.254469144345657,0.2819009888674064,0.0006617733580177518,0.013037951079371323,0.18635871746998978,0.2256212518216753,0.04944695297302835,0.007160695692486074,0.14954906205299337,0.023336511404749873,0.0980092647890818,0.016841011418208353,0.2357426524756887,0.03986836646688782,0.003552364650284775,0.030908983635139366,0.09216823250722565,0.12460002042676205,0.13390380932406062,0.09899985427087808,0.012823384682283551,0.048819999417294854,0.010116773360905315,0.070804345163042,0.06275472568266757,0.012252359193225027,0.004776437967837658,0.0077891955608915125,0.08650828399752389,0.16955792096837882,0.0007950699309672896,0.12261760018747982,0.05104973967189075,0.1739502114066129,0.013156367443573454,0.011527510035245225,0.009956042853503594,0.0023439824342746597,0.06734001913043783,0.05085131208646352,0.007731830759646851,0.06880673011666995,0.014178658886709121,0.0062409808234323485,0.021707775572556823,0.000444209490986505,0.20195278109017858,0.014760368682281762,0.005841771931975939,0.0791825551265591,0.0008295177980127115,0.02061872283435448,0.015536154590762994,0.06514607866763235,0.010895233537546971,0.03149932519755836,0.004944211225331939,0.001553762589188945,0.04286891504278603,1.1459415799945942,0.055099652085259555,0.03053811143621383,0.3763840229646124,0.02866833176287873,0.000225182238821199,0.021655998885899287,1.3689867522719161,0.657894736842106,0.6578947368420933,0.6578947368420935,0.6578947368421055,0.6578947368421235,0.6578947368421023,0.6578947368421504,0.6578947368421089,0.6578947368420999,0.6578947368421151,0.6578947368420326,0.6578947368418018,0.6578947368420882,0.6578947368421159,0.6578947368421098,0.6578947368420963,0.6578947368420917,0.6578947368421126,0.6578947368422792,0.6578947368421035,0.6578947368421086,0.6578947368420771,0.6578947368421012,0.6578947368421202,0.6578947368421026,0.6578947368420929,0.65789473684228,0.6578947368420949,0.6578947368420991
famsup.p__yes,0.03170943961700731,0.0072439122287951225,0.13819610110251732,0.06713978873912604,0.0123264099183306,0.0009079821758798832,0.07407661187271204,0.1260180567380634,0.05260138493418458,0.14414019527867253,0.023734379058388697,0.2960024649291861,0.0910985370130835,0.10091898463524074,0.00023691117799242489,0.004667513902453839,0.06671538337115623,0.0807711520894494,0.01770173388675722,0.0025634891933903037,0.053537731655987505,0.008354341165521036,0.0350867711642291,0.006028988331628356,0.08439455717643873,0.014272653242789661,0.0012717267683281534,0.011065244067067465,0.03299571412510736,0.044606113648340204,0.047936818278176106,0.03544139668397232,0.004590700326815308,0.017477288004136275,0.0036217485418173624,0.025347561391415474,0.022465842430715047,0.004386276380705205,0.0017099382014374833,0.0027884886473393696,0.030969484068300027,0.06070079175578782,0.0002846306090290849,0.043896418239067474,0.018275522602028926,0.06227320728022662,0.0047099063015989245,0.004126784417477515,0.0035642079149752134,0.0008391326622167129,0.024107351958094755,0.01820448663111794,0.002767952367851105,0.02463242632579576,0.005075880947012575,0.0022342363904407333,0.007771262804979069,0.00015902452480145873,0.07229797133301408,0.00528412981537394,0.002091321829746962,0.02834691391577541,0.0002969627536556362,0.007381387987600185,0.005561856851709869,0.023321933486360195,0.0039004329512664355,0.011276583059905422,0.0017700000936049175,0.000556238356932163,0.015346832928519351,0.4102407060329697,0.019725368699628723,0.010932473884545336,0.13474338484276044,0.010263103170797046,8.061398787938026e-05,0.0077527270394031345,0.49008963598686733,0.6578947368421049,0.6578947368421187,0.657894736842106,0.6578947368421,0.6578947368420949,0.6578947368420998,0.657894736842102,0.6578947368420984,0.6578947368421071,0.6578947368420972,0.6578947368423081,0.6578947368421677,0.6578947368420393,0.6578947368421033,0.6578947368421106,0.6578947368421102,0.657894736842114,0.6578947368420986,0.6578947368419101,0.6578947368421144,0.6578947368421058,0.6578947368420806,0.6578947368421022,0.6578947368421173,0.6578947368421142,0.6578947368421157,0.6578947368420399,0.6578947368421065,0.6578947368421234
paid.p__no,0.0001587109527007575,3.894486757246677e-05,0.0023617333960265826,0.00019647584426866452,0.0003411931831473402,6.239461518363824e-06,0.00012870319984270982,0.0015992851500476507,0.0002956464987897893,0.0010519865524154944,0.00011571702750348711,6.254976874731158e-05,0.0013532530362599638,0.00017647364415437818,0.0008091227220902898,0.0025901881801604974,0.005419769722528941,0.011667725983305137,0.002491251203939049,0.003138828809294886,0.0035325172450752502,0.009224050529372583,0.013309569639568234,0.0002710189775818193,0.00027639628696187195,0.00760468374925245,0.0022140598588299824,0.005341055601042342,0.025315404409100344,0.019288971215505005,0.0035417393228974517,0.0050257274467197756,0.00033504131562586584,0.0017329632161718232,0.005006445282354722,0.0001931247457401128,0.007654642811021719,0.013042661925089145,0.0006914989004656901,0.0007204626758118933,0.05048127213084276,0.0030292013156921894,0.004832686842984465,0.0004784704314874097,0.0006134260143543138,3.824628462108891e-05,0.010193246855002287,0.0004946688654352426,0.07814462733133444,0.003916863149202128,0.013728611972232798,0.008572420923487683,0.002797851926390113,0.004040677607028798,0.003170196453003912,0.0002768754164358305,0.00027551868747638483,0.0017154187386471784,0.04460797154640095,0.0016112079451690057,0.007081865573456638,0.018615959891889543,0.009048567988621052,7.185760634110074e-05,0.015179578338729363,0.016267078836702954,0.0014667051591268898,0.01596730775588152,0.020303114047064006,0.0008655696270347497,6.630495171006852e-05,1.8806822275928473e-06,0.0016397647978094482,0.0015534437078851828,0.0010818683632943824,0.0014501961608928172,0.001599416722411733,0.0010684335239536432,1.5875500711091754e-06,0.6578947368421049,0.6578947368421051,0.6578947368421144,0.6578947368421055,0.6578947368421003,0.6578947368421026,0.6578947368420814,0.6578947368421055,0.6578947368420944,0.6578947368421094,0.6578947368422106,0.6578947368418814,0.6578947368420995,0.6578947368421001,0.6578947368421182,0.6578947368421126,0.6578947368421061,0.6578947368421086,0.6578947368420689,0.6578947368421099,0.6578947368421124,0.6578947368421094,0.657894736842109,0.6578947368420952,0.6578947368421116,0.6578947368421162,0.6578947368420237,0.6578947368421051,0.6578947368421172
paid.p__yes,0.029755016718170397,0.007301356119325726,0.442776100116604,0.036835151774013926,0.06396665570911417,0.0011697698150759184,0.024129184519624747,0.29983284434384494,0.05542759566660205,0.1972256918741587,0.021694546150417188,0.01172678623070913,0.25370691834828957,0.03308515349933283,0.15169375341247945,0.4856066408296133,1.0160945792225222,2.187456982574198,0.46705800677872367,0.588465396412424,0.6622738248104403,1.7293184436251041,2.495268665444254,0.05081044547752855,0.0518185796218925,1.4257207095344056,0.4150903702199341,1.0013373116178974,4.7461140431830495,3.6162826271719464,0.664002773412313,0.9422198131471594,0.06281330795437924,0.3248947132614601,0.938604806663482,0.03620689020135967,1.4350869989610113,2.4452289966539684,0.1296417228541744,0.13507183089008257,9.464193054400122,0.5679125117538053,0.9060286978291147,0.08970329675294086,0.11500467360237955,0.0071703862836365,1.911022682567418,0.09274016764763142,14.650499244769172,0.7343307220078061,2.573830424427351,1.607151387809361,0.5245392925191893,0.7575433686455693,0.5943461799821191,0.0519084064754594,0.05165404789350303,0.32160548707275655,8.363070831219988,0.30206812150731116,1.3277031291680466,3.4901069420983837,1.6964191014879715,0.013471813013675959,2.8458565685461874,3.049740389716618,0.27497684178566983,2.9935395203393784,3.8064134051312775,0.16227637907081524,0.012430805266167442,0.00035258896863275856,0.3074219399632742,0.2912385233173412,0.2028279125598672,0.27188174651909325,0.2998575114372653,0.2003091584198095,0.0002976327600872791,0.6578947368421061,0.6578947368421453,0.6578947368420895,0.6578947368421139,0.6578947368421748,0.6578947368421351,0.6578947368422458,0.6578947368420942,0.6578947368421296,0.6578947368421318,0.6578947368422677,0.65789473684317,0.6578947368415008,0.6578947368421277,0.6578947368420626,0.6578947368419923,0.6578947368421221,0.6578947368421079,0.6578947368422116,0.6578947368421124,0.6578947368420853,0.657894736842252,0.6578947368421167,0.6578947368421795,0.6578947368421134,0.6578947368421301,0.6578947368422184,0.6578947368421376,0.6578947368420538
activities.p__no,0.007967735386479003,0.005713822267904497,0.2154719403303424,0.07042786336204777,0.00035590969064672564,0.007735426383816732,0.1035822134797427,0.14332346153101871,0.052048646457917465,0.07478812055605959,0.036362497777731186,0.7086003909709715,0.002981117527820566,0.25032209382240267,0.12578058900313546,0.0012674261165333287,0.32238723957102505,0.43103828811466355,0.10331481584030865,0.04704327283465933,1.6373207818652495e-05,0.008339030860138739,0.19216311285794338,0.04924999202108113,0.037683993141116354,0.0012730253751393268,0.017493372867653907,0.07448707143327161,0.006163413079330021,0.019061718279442055,0.042047185790782676,0.03928705844593337,0.08447616073114497,0.17041020016902098,0.0009237114311328558,0.0011499264810196413,0.014724811354534508,0.12137589039066829,0.0009922687012623292,0.005794841542761302,0.008373381681695007,0.03432946400098049,0.0019430592350930416,0.00013854712267214877,0.012067564703942438,0.018626280043327392,0.02633701085727312,0.0007614884306907884,0.0032369398247453856,8.57656469361436e-05,0.14971978071130043,0.027029566825530323,0.019435980469637293,0.004669008497490842,0.022196497837247007,0.0009125918239594883,0.061802615881127496,0.025634584315784834,0.02438595320767643,0.0014314659969150035,0.0031016169654625,0.020857957738583136,0.029636182737703458,0.001424177174587572,0.010457298232501522,0.05121210389682841,0.01886229463396379,0.0037849258659571677,0.0015580928682351316,0.0012412656071597557,0.0019362587510779747,0.022192124111320672,0.17117851856766386,0.2945238004173934,0.16562744308347208,0.1973219593564022,0.15574992195707466,0.004183963687827848,0.39527357154044596,0.6578947368421055,0.657894736842109,0.657894736842096,0.6578947368420937,0.6578947368421116,0.6578947368421074,0.6578947368421285,0.6578947368420957,0.6578947368421035,0.657894736842113,0.6578947368422042,0.6578947368422822,0.6578947368419028,0.6578947368421006,0.6578947368421055,0.6578947368421157,0.6578947368421048,0.657894736842108,0.657894736842141,0.6578947368421111,0.6578947368421019,0.6578947368421201,0.6578947368421112,0.6578947368421502,0.6578947368421105,0.6578947368421174,0.6578947368421774,0.6578947368421031,0.6578947368421127
activities.p__yes,0.006598081673543289,0.004731616220051689,0.17843231378755633,0.058321313650111756,0.00029472881482455393,0.006405706588438635,0.08577643098257487,0.11868615849383649,0.04310148413180152,0.06193204263247302,0.03011178440973916,0.586791983763061,0.0024686634247882266,0.20729172589433165,0.1041589057534965,0.0010495555671012772,0.26696887308876605,0.3569428063877521,0.0855549989973595,0.038956534234381356,1.3558653394628545e-05,0.006905551455280923,0.15913027375766292,0.04078391839265718,0.031206114720158506,0.0010541923131528708,0.014486262071704165,0.06168274385389206,0.005103922370993197,0.01578500890720611,0.034819274553347386,0.03253361309907743,0.06995470870146121,0.14111668675996653,0.0007649254361211562,0.0009522541189323729,0.012193616282690136,0.1005113748325126,0.0008216977115153132,0.004798708281560674,0.0069339973706116385,0.02842822913921158,0.0016090473525805606,0.0001147308722848099,0.00999315033133472,0.015424422503879386,0.021809678690907913,0.0006305885694550686,0.002680509868871584,7.102253222782942e-05,0.12398295040702814,0.02238318428822146,0.016094935426906876,0.003866405936772219,0.018380919859024587,0.0007557172894208245,0.051178746211161426,0.021227999271901728,0.020194007851276445,0.001185396992045365,0.0025684490090995002,0.017272474803320698,0.02454172292509209,0.0011793611182759323,0.008659688666334304,0.042408743236962594,0.015619866186385108,0.0031342971095989916,0.0012902567041856387,0.001027892049288921,0.0016034158717678157,0.018377297976585234,0.14175293122588356,0.2438951591256413,0.1371560856174239,0.16340231454303583,0.12897651037265617,0.0034647403298903126,0.32732604459269027,0.6578947368421051,0.6578947368421059,0.6578947368421305,0.6578947368421134,0.6578947368421028,0.657894736842097,0.6578947368420526,0.6578947368421098,0.6578947368421033,0.6578947368421022,0.6578947368420381,0.6578947368417729,0.6578947368420341,0.6578947368421064,0.6578947368421031,0.6578947368421004,0.6578947368421038,0.6578947368421061,0.6578947368420952,0.6578947368421029,0.6578947368421099,0.6578947368421095,0.6578947368421008,0.657894736842089,0.6578947368421076,0.6578947368421023,0.6578947368420852,0.6578947368421065,0.6578947368421154
higher.p__no,4.006097649175821,0.4587937917112451,2.360426994220573,0.8175271997646949,0.0009405854473449327,3.9754391657995254,3.0919166134280176,2.7547802180787206,1.3747218129904235,0.003709495509997309,0.012377343910304019,0.30689835820267874,0.19030022844878805,0.026305776237179678,0.577847458232257,0.6278694692762539,0.19453743253620626,0.6451098092814406,0.001488764271614368,0.03481251701698429,5.822206831710563,0.007961513207028745,0.06452814589745781,2.8863652789996532,0.1685779595460463,10.830008588860467,0.5698333077986139,0.3425721071052741,0.08122608631651113,0.0071230272451115835,0.021624595969817948,0.7837552474870035,0.0024161805361992816,0.14191960734088882,0.014925028654435351,0.005684706346779878,0.48933410486451046,0.23621602650434675,0.3146624169858914,0.2962278872353094,1.9886241484615006,4.073558857748851,0.2303477482375334,0.42143227542711315,0.38642891808838087,0.009726133593563531,1.2987311836602047,0.1724645054206577,0.08687300748834197,0.6076504435940807,0.710282894589209,0.0955197315950953,0.6122873067185319,1.6528650998169452,0.03729479035721274,0.682911324868867,1.1085668171413725,0.060919657167467146,0.013869027280213907,0.17018514737253201,0.1349147911986475,3.9898687396758947,0.034398164640876756,1.1565547307315314,2.9333413662546675,1.2479591616944687,0.17146216719291915,5.381994687656879,1.0929483092652137,1.2060046021554638,7.129368851649506,7.129801836361289,0.47567307360317934,1.414714948804464,0.9165293167799263,3.1114157805812286,0.0710640915593937,0.7060073507039918,1.8576044654279704,0.6578947368421055,0.657894736842038,0.657894736842073,0.6578947368420988,0.6578947368420711,0.6578947368421209,0.6578947368420831,0.6578947368420881,0.6578947368421203,0.6578947368421146,0.657894736843111,0.6578947368421721,0.6578947368404621,0.657894736842079,0.6578947368420238,0.6578947368421303,0.6578947368420984,0.6578947368421181,0.6578947368420709,0.6578947368420793,0.6578947368421265,0.6578947368419865,0.6578947368420941,0.6578947368420639,0.6578947368420932,0.6578947368420849,0.6578947368423823,0.6578947368420724,0.6578947368421607
higher.p__yes,0.009796338291970819,0.001121914537151642,0.005772086297906819,0.0019991457306164683,2.300067058173466e-06,0.009721367359913108,0.007560839442327861,0.006736420651623491,0.0033616853898147717,9.071040221885904e-06,3.026702260399131e-05,0.0007504759997106793,0.0004653519654737382,6.432700987838191e-05,0.0014130432350203234,0.0015353649019253749,0.00047571344147543873,0.0015775236852975869,3.640559896170539e-06,8.512902663856371e-05,0.014237373305414632,1.9468740785209725e-05,0.0001577943430048961,0.007058193080514787,0.00041223326661121127,0.02648323559043887,0.0013934457774329024,0.0008377110456323934,0.00019862676583858762,1.7418343402189465e-05,5.287985368782445e-05,0.0019165612560816175,5.908423603191198e-06,0.0003470440826775821,3.649702092167018e-05,1.3901135553954505e-05,0.0011965965008460635,0.0005776324763570774,0.0007694618939698574,0.000724382890534371,0.00486289566554106,0.009961305019854504,0.0005632824419526739,0.001030552297717548,0.0009449565983926764,2.378386731912302e-05,0.0031758611845331807,0.00042173725815341384,0.00021243550315648143,0.0014859221691559425,0.0017368951353014782,0.0002335798291028534,0.001497260954117859,0.004041844979023421,9.119907073223557e-05,0.0016699618800379624,0.0027108414499593127,0.00014897030040346714,3.391472073713824e-05,0.0004161634143573981,0.0003299148076044681,0.009756652817103844,8.411578722109043e-05,0.0028281890227404116,0.007173066376845491,0.0030517054732896627,0.00041928618351127697,0.013160897527478961,0.002672648624878609,0.002949111604111652,0.017433850893117355,0.017434909695244406,0.0011631904045966456,0.0034594828780690214,0.0022412412347293724,0.007608521864119125,0.0001737770624414014,0.0017264399048128765,0.004542505787331349,0.6578947368421042,0.6578947368421111,0.6578947368421058,0.657894736842106,0.6578947368421042,0.6578947368421024,0.6578947368421061,0.6578947368420982,0.6578947368420992,0.6578947368421111,0.6578947368421068,0.6578947368419912,0.6578947368418969,0.6578947368421058,0.6578947368421257,0.6578947368421068,0.6578947368421071,0.6578947368421064,0.6578947368421483,0.6578947368421091,0.6578947368420986,0.657894736842109,0.6578947368420951,0.6578947368421736,0.6578947368421095,0.6578947368421174,0.6578947368421364,0.6578947368421031,0.6578947368421084
romantic.p__no,0.00132911194929232,0.007945768257365078,0.009713726590585066,0.18615964348970515,0.019477893351106983,0.004844694279868249,3.7534125013263186e-05,0.015957111707699444,0.2867441757590739,0.0394600886682687,0.0049629047166199255,0.19463631966410824,0.06296534638605959,0.0011626037040263866,0.016014900287107912,0.004735810361315067,0.01523963168980886,0.009655795907086553,0.39873460942483696,0.007797740370535448,0.03081332911153119,0.0023356526836176427,0.04864093419761623,0.0015225199823199192,0.062612583780625,0.0006354621335956491,0.009101266438017373,0.06190860198085783,0.030282319086835565,0.0005978140803713821,0.00025348127074903534,0.093127709886204,0.056716185401610456,0.041484699658947896,0.06238853821055516,0.00012649984569340075,0.026216388914467682,0.004501833255533255,0.00952723340711906,0.013248987269470259,0.012062710474406158,0.0011365340835840137,0.0007086387899717507,0.007624264497044111,0.007091619831514869,0.006172862539976746,0.00010633282314945411,0.002866803835506045,1.1745475232122803e-06,0.00039965570066046173,0.008700887220620462,0.01152950955852531,0.0077745551951074,0.0026260713752875703,0.0014368708603956228,0.025391463038155943,0.03291134955955137,0.0023667608544426792,0.0001538695125277367,0.001687053691289561,0.006565033218493053,0.014728597900954297,0.006473123806348279,0.00010213688052483952,0.002233057988860699,0.0007666314252334188,0.007633083854531043,0.0031416596652920612,0.008983713184643909,0.0013734036393020206,0.021819005675640893,0.000790676398984618,0.11317462581800806,0.16391226605855455,0.12135347648588894,0.0004769738716938125,0.07784675301946276,0.003628310136630634,0.4295226196131578,0.657894736842105,0.6578947368420965,0.6578947368420976,0.6578947368421048,0.657894736842106,0.6578947368421043,0.6578947368420826,0.6578947368421083,0.6578947368421063,0.6578947368421081,0.657894736842098,0.6578947368417019,0.6578947368418983,0.6578947368421025,0.6578947368421165,0.6578947368421005,0.65789473684211,0.6578947368421028,0.6578947368422305,0.6578947368421032,0.6578947368421096,0.6578947368421781,0.6578947368421161,0.6578947368421434,0.6578947368421155,0.6578947368420929,0.6578947368421774,0.657894736842104,0.6578947368421088
romantic.p__yes,0.005893195761152616,0.03523101860481898,0.04307003063143868,0.8254197266794198,0.086363709689048,0.021481058694417528,0.00016642386410301407,0.07075279334154196,1.271404987381483,0.1749634614287883,0.022005196066863658,0.8630047563876033,0.279184242244911,0.0051549090534599015,0.07100902413639251,0.020998274495827772,0.06757153370243034,0.042813169756314065,1.767963271520093,0.034574672602015286,0.13662429308815055,0.010356131778026112,0.21567073216407526,0.006750754374644902,0.2776201158429574,0.0028175976854867943,0.04035442223072514,0.2744987064232889,0.13426982924608472,0.002650668671121311,0.0011239194344050988,0.4129221962374547,0.25147586971547614,0.1839404546117964,0.2766267123869549,0.0005608920714494592,0.11624175985005004,0.019960835257745432,0.042243132010242525,0.058745146078613156,0.05348527208233459,0.005039318055449507,0.003142058210727439,0.03380549188487122,0.03144378015188375,0.02737007019923191,0.00047147280783185524,0.01271122136886664,5.2078671693118e-06,0.0017720473300287848,0.038579166874641094,0.05112109397154091,0.03447187104521063,0.01164382932947769,0.006370991750029962,0.11258409227725144,0.14592677902070697,0.01049406338005645,0.000682247390433931,0.007480286117086237,0.029108929428893673,0.06530564318817603,0.02870140908544133,0.0004528682716959056,0.009901233587862324,0.0033991937759320807,0.033844596341184766,0.013929914205000312,0.039833198766548866,0.0060895822280398245,0.09674404915907465,0.0035058076224663893,0.5018089149644889,0.7267763050746235,0.538073405786897,0.002114871061345423,0.3451674293937788,0.016087690678519305,1.9044753021526528,0.6578947368421053,0.6578947368421175,0.6578947368421103,0.6578947368421082,0.6578947368421053,0.6578947368421068,0.6578947368421333,0.6578947368421015,0.6578947368420947,0.6578947368420938,0.6578947368421536,0.6578947368425891,0.6578947368422702,0.6578947368421164,0.6578947368421039,0.6578947368421213,0.6578947368421004,0.6578947368421171,0.657894736841981,0.6578947368421106,0.6578947368421066,0.657894736841985,0.657894736842104,0.6578947368421434,0.6578947368421023,0.6578947368421174,0.6578947368420545,0.6578947368420973,0.6578947368421079
famrel.p__1,0.08273807252672723,2.100589276456051,0.0015095367152998826,0.29273250839676596,8.698084878408496,15.812131252705077,0.08456934189210243,4.8108204330050475,9.960584479868482,0.6237276641588624,5.6205161019181045,1.1135260972193826,0.25178820278289527,6.015776655636531,0.7213891704447263,0.11647631995061927,1.1502778013239103,0.2164518888148679,1.2917771309825175,4.818618228308689,0.8931598508025477,6.011858998129954,0.7995780991651203,1.8215715965942687,2.2443780201399504,0.02347575328588797,0.0016276551316174704,1.1092089944969374,0.11028540405378212,10.747847253631356,28.161296781923227,3.457878803415647,0.28935623632880153,6.337509266801086,3.6018414171402613,0.2592223584795989,0.02078319202863313,0.44646017167679863,3.696257727363581,0.5915247195453149,0.7867493883834431,0.3458048274274556,0.03225957401299767,0.5846668278517421,0.01587059744011734,1.912351731871316,2.584662329921224,0.030930305797549115,0.046578699904440725,1.0896463721906982,0.4274348954654286,0.0032111077815504194,0.6610467606369613,0.1143323576298238,0.7106893551829014,0.7892630941922147,0.0023402148613816155,1.1271130907879026,0.09815002290357036,2.6583694614339604,0.8933696196115452,0.72970446818809,0.0002611038928691185,1.873714162668503,0.22569735891213114,1.6542320461105315,1.091244714246915,0.003026245376320106,0.5342234220839124,0.587708440088893,0.06434476990268569,0.2200184418782632,2.8401662274313884,12.379969298927547,0.07800314738168734,23.8386690651721,0.04612537383430281,22.667223166059568,0.14303438033052024,0.6578947368421055,0.6578947368420682,0.6578947368421362,0.6578947368421206,0.657894736842134,0.657894736842095,0.6578947368422647,0.657894736842108,0.6578947368421166,0.6578947368420944,0.657894736841834,0.6578947368420826,0.6578947368411441,0.6578947368420994,0.6578947368420521,0.6578947368421347,0.6578947368420721,0.6578947368420697,0.6578947368413118,0.6578947368421086,0.6578947368421356,0.6578947368421324,0.6578947368421993,0.6578947368421033,0.657894736842158,0.6578947368421452,0.6578947368396156,0.6578947368421262,0.6578947368419824
famrel.p__2,0.4066411478643305,0.13905082092077617,0.00020438866152221982,0.5316768278262113,1.1405160827880778,0.013599781039473745,2.329593671290979,1.5037260348258277,1.6538339319855984,0.3068772721024764,3.419308401604869,0.3003358218298074,0.383346086599701,9.063587467032546,4.329270931343345,0.5712857844823196,10.528931742850183,2.2394416633782477,0.5073996228482898,6.577787861943333,2.2638828279931564,1.563008819325342,3.373959558428849,0.8925364750239735,0.03802546110852361,3.3923396089664286,0.25169515106786045,1.1001377831205095,0.19376713364906464,0.19998715250582041,0.27240395255782884,0.13370225936571456,2.810897716197828,0.30802281914816065,0.22834928025798115,1.4202353349412375,0.19918260601304244,0.4488703178672052,0.1369393003808255,0.7389189909510543,0.5498421561317356,1.0940677697956478,0.1283383676099454,0.08014516539151922,0.022947666839773135,0.09764879601571406,0.002087126107698425,0.09796462390317065,0.09303050280567723,0.0005680709599502338,0.011378729102525997,0.8912554959743451,0.020654633109910534,0.09207262424494438,0.17484293229322573,0.03421279319414751,0.015482243150853165,0.6035732765146808,0.0213156679389198,0.1433453240781388,0.18208947682847912,0.7168498377062169,0.0503083218837548,0.47918421657220506,0.07262211356362591,0.03922018342920882,0.0076500546244139276,0.010835746076618373,0.010718130123279806,0.01366302986443346,0.007505528853399686,0.022167075636473067,0.0911815965844199,0.0030842234876749764,0.0011549801024200467,0.02793849741434221,0.0032851255166017157,0.0004587982644863615,0.0002137400865778488,0.6578947368421055,0.6578947368420607,0.6578947368420782,0.657894736842079,0.6578947368420481,0.6578947368421285,0.6578947368422677,0.6578947368420924,0.6578947368420915,0.6578947368421156,0.6578947368422006,0.657894736842454,0.6578947368404482,0.657894736842106,0.6578947368421348,0.6578947368421368,0.6578947368421203,0.6578947368420794,0.6578947368421055,0.6578947368421032,0.6578947368420972,0.6578947368418956,0.6578947368420707,0.6578947368421539,0.6578947368420699,0.6578947368422005,0.6578947368425463,0.6578947368420658,0.6578947368421627
famrel.p__3,6.530159080264705e-06,0.06567061368195781,0.7032349078335581,0.04181097281215717,0.6221303175693171,0.02450061437828452,2.129432315756141,0.04404633757672927,1.4691273377544585,0.0632587413201471,0.23489255504860465,0.0010401810847187035,0.06723524018758816,1.0122734824552582,0.4651004857478519,0.010631162007013908,0.1710031216381737,1.996790387534845,1.6034446527084936,0.03166902393327348,0.396512580978121,0.032022128736499275,0.011433353730035772,0.05665763256721464,0.5574547544096249,1.0381318902602337,0.06972867077728294,0.17058337214503605,0.22273034206417847,0.3067290589513524,0.0006763760945527577,0.0002103404510774066,0.017677970092980774,0.17639023803010367,0.8107535564619782,0.024551957649140945,0.441594016671053,0.699431277564011,0.006792986537532841,0.05255230812838944,0.051806868762648235,0.1972933927946956,0.013086510332838114,0.21406126148355223,0.029282464285577573,0.0028765507425260154,0.022298359626143873,0.16062249412594026,0.023571094163711656,0.11953430535889414,0.006007488884725965,0.010815328693035125,0.07953588716795869,0.09532253988977166,0.1773053252445502,0.010456081158698735,0.061447799210029685,0.00982966645491079,0.01962581307277884,0.06645847300283107,0.008624298210335467,0.004258774169449714,0.06689098952551929,0.06854273761398479,0.0029787701499682,0.10669098571520928,0.19758678581021227,0.00022495783561755933,0.023158911834424614,0.06372244741201588,0.71834824369268,0.6046293421219164,0.20388201322615704,1.385656932147282,2.7739615767479817,0.006150110677307773,0.3709978579985363,0.1901672679777165,0.09675918575118704,0.6578947368421061,0.6578947368421127,0.6578947368421114,0.6578947368420971,0.6578947368421081,0.6578947368421026,0.6578947368420603,0.6578947368421004,0.6578947368421033,0.657894736842093,0.6578947368422251,0.6578947368415725,0.6578947368420628,0.6578947368421019,0.6578947368420816,0.6578947368421245,0.6578947368421038,0.6578947368421382,0.6578947368419323,0.6578947368420954,0.6578947368421005,0.6578947368421683,0.6578947368420955,0.6578947368421583,0.6578947368421155,0.6578947368420898,0.6578947368422184,0.6578947368421146,0.6578947368421196
famrel.p__4,0.006615135569183717,0.0009902543802390621,0.03846045912602255,0.10681803756361567,0.2505403402742414,0.0009561667121006644,0.0365669494411599,0.014440159420772692,0.32327799777343236,0.026877396169093022,0.015920742216407487,0.0551135674319168,0.040717442172031895,0.05777124979376569,0.1663639475748402,0.34687629546813414,0.00041899146863177473,0.1951534226054777,0.019722935682465435,1.159907120506123,0.3242676713762406,0.0001419981597426897,0.10755549225263278,0.050102264022155715,0.05039938140620331,0.09507471670994554,0.0348924162018414,5.978973744721702e-05,0.11312939417034129,0.035976428473846585,0.10250928507291628,0.08731883031147292,0.280031184785749,0.017296447598797025,0.10588938007983753,0.0109412881042946,0.00797509440475454,0.01183384808301953,0.002892204729340009,0.002852762065678758,0.01577745074065398,0.0003504625892507643,0.0181257430686692,0.006413125272441006,0.0031495467959277213,0.0018242354625225205,0.004701172077642455,7.096909626562495e-07,0.01627453011944295,0.004299362398993585,0.01697037731134748,0.03618831321132116,0.0013576775691604107,0.001193558949744815,0.01525462222252753,0.00947348246793476,0.0005512778451857496,0.0005395471199816424,0.021626565144091288,0.023864223455276015,0.00028100633915798055,0.00023465192437668777,0.0008696302958978429,0.0003959510307700039,0.0008167054380162396,0.0010222717055323315,0.004650079210871625,0.029396004982928076,0.008281170996896984,0.03940500383498168,3.504524431693627e-06,0.18099479845555627,0.005693117387192164,7.80291724936373e-05,1.8538670969673419,0.030427741573353265,0.1435507752084147,0.025517768486082153,0.012666501505137153,0.657894736842105,0.6578947368421096,0.6578947368421028,0.6578947368421154,0.6578947368421048,0.6578947368421113,0.6578947368420995,0.657894736842102,0.6578947368421082,0.6578947368421022,0.6578947368421372,0.6578947368417761,0.6578947368422536,0.6578947368421124,0.6578947368421114,0.6578947368420872,0.6578947368421093,0.6578947368421015,0.6578947368422872,0.6578947368421066,0.6578947368421022,0.6578947368420813,0.6578947368421094,0.6578947368420928,0.6578947368420998,0.6578947368421124,0.6578947368421979,0.6578947368421031,0.6578947368421086
famrel.p__5,9.338814234979063e-05,0.0296402479463391,0.03645281138318332,0.2883532618662319,0.11036340430106385,0.1910054517089112,2.402662416777795,0.09040220205832207,0.059020573381449434,0.23287686466803617,0.0010721591180193578,0.16350934377062123,0.11056948105505969,0.011755622772339458,0.02011156172026291,0.6572654003200845,0.11440184931427717,0.008751216288177623,0.12474548208676073,1.9430574120645565,0.16822417888082544,0.01459553478124603,0.15695647620191827,0.255172974543927,0.0041676565532765605,0.1911709399205126,0.05845279748684395,0.022629285575078404,0.11452976807966556,0.09328739063607787,0.0690675471554964,0.2007784723999071,0.46753849819105947,0.6168628939126944,0.04937295843844174,0.0619127275231655,0.12604574565483984,0.16562163670589156,0.004069129028258893,0.023493939099967016,0.07266943607767742,0.22537420547335585,0.013271497917731703,0.19828027529771763,0.03654452136183575,0.025876612088121823,0.010156159586148716,0.08848643896893436,0.03775984405808013,0.0009159184911678923,0.021697340756141104,0.05455137468046129,0.0233161167065439,0.04590149564222624,0.0020070247536558734,3.5015503510275916e-05,0.030381801436560114,0.03667673604498506,0.15681190757442456,0.002198706261422779,0.030641893166338467,0.008997937575760406,0.022672851377643213,0.0004423944553186297,0.005610690851990651,0.08084904802262632,0.09520369750571661,0.1102618745000625,0.018441216188299442,0.0703473798875112,0.2937801341279194,0.06737607052926683,0.11813369838577288,0.22761518582212303,1.7920577453000823,0.000153105647509289,1.0942567750250278,0.1301336015038484,0.1364567895126283,0.657894736842106,0.657894736842118,0.6578947368421192,0.6578947368420969,0.6578947368421102,0.6578947368421015,0.6578947368421342,0.657894736842108,0.6578947368421048,0.6578947368421103,0.6578947368421404,0.6578947368424534,0.6578947368425608,0.6578947368420984,0.6578947368421045,0.657894736842117,0.6578947368420961,0.6578947368421048,0.6578947368421765,0.6578947368421075,0.6578947368421293,0.6578947368421217,0.657894736842102,0.6578947368420337,0.6578947368421115,0.6578947368420964,0.6578947368420959,0.6578947368420834,0.6578947368421045
freetime.p__1,0.16470556350884338,0.7031643188499329,3.694844213449139,5.352493988490151,3.080659741667977,1.8547617151154852,4.687919212067589,0.01144295041603131,0.01817592146998727,1.458086506743296,0.25349303431879955,1.0996808901835335,1.280952236441424,1.341387036968769,0.4612477187034925,8.651771860041206,1.999955317004492,0.18184936336512017,0.5760172041996227,0.006264441434453602,4.697168671552316,1.6860688508115094,3.3230026772037817,4.832102780689474,0.19916857361035795,0.4578424080928851,0.7009111445513926,0.5084945201603243,0.5528075267236411,1.2419849963209602,4.193452431393371,0.9145911278256286,0.43840182495505997,0.7620677684994751,0.10968831378609709,5.2154364512157665,1.414156617685065,2.3162244455231122,0.49967397424983606,0.8374490777356997,0.07685665517532615,0.16356013283206153,0.01629786166689392,0.009596805376747428,0.008825232110191714,0.17718783038953098,0.9276668607637363,0.4533065616898674,0.003120023700015679,0.04591159691851103,0.3524260617696857,0.8681255328959123,1.7861987258014744,0.2820812054501776,0.027004234361840376,0.168875864434661,0.3655169107715256,0.0009955743286321438,0.04841064529441262,0.21138864148486847,0.09144801815505842,0.31297011202383884,0.15394319513129734,0.13577741895272694,0.5648116705826902,0.09735589027047456,0.26804119627429457,0.09488499811919211,0.03627082031209195,0.25834809907356326,0.02392875866774879,0.04812516611171679,0.17871594040474126,3.4317513754038584,0.016513958806920602,5.777702514501554,0.00011604941516219443,5.31924945495078,0.051702514522602536,0.6578947368421055,0.6578947368421487,0.6578947368420671,0.6578947368421206,0.6578947368421597,0.6578947368421257,0.6578947368419288,0.65789473684211,0.6578947368420989,0.6578947368420988,0.6578947368418699,0.6578947368428625,0.6578947368408986,0.6578947368420603,0.6578947368421687,0.6578947368421515,0.6578947368420944,0.6578947368420881,0.657894736842351,0.6578947368420999,0.657894736842133,0.6578947368422264,0.6578947368421182,0.6578947368421163,0.6578947368421336,0.6578947368420442,0.6578947368412242,0.657894736842124,0.6578947368420818
freetime.p__2,0.11501362317161774,0.008158324488324743,0.22533223913005024,0.019357794724027686,5.453711662325333,0.23427140789210435,0.025062381275811754,0.09556301178558235,0.057884738397144704,0.0783070243758824,0.3361881755413533,0.0028600137308395796,0.01593319298672121,0.24150870166981714,0.19112141418839418,2.877700264432542,0.025653928235217702,0.21568118332102698,1.509002795917694,1.7443878899379237,0.2005633345781725,0.1384113090252354,0.17885872136205175,0.0026516742796623754,0.8365814217154991,0.4653016716301161,0.5369899114118653,0.010802805070775018,0.24078438366709776,1.2340376285097923,0.07462015029932004,0.24840549981597834,0.9862389567879853,0.009788000867330065,1.1978447251815862,0.025952551396371964,0.05925614230918686,0.01042786512044515,0.018790736533711102,0.2498263029694553,0.06517207334455088,0.04330671130244806,0.08703459904380131,0.20952384895755813,0.029440157354538643,0.28395341033372656,0.14890028190149132,0.018821415765914094,0.0507556223938449,0.0473946615721569,0.09876957990995286,0.04261090292936886,0.01683886899020961,0.09527596475080181,0.07531557331192176,0.039909138869269556,0.10733418160993695,0.06443653940731858,0.006231609785428698,0.10896357524109478,0.14613473774360522,1.3519786359743692e-07,0.21446893178958,0.01774650681885521,0.013406054292176471,0.0013283735514828037,0.024833173213937573,0.0015850120946287371,0.004614886718322487,0.0008765838940693903,0.3474208278993934,4.369167159137266,0.08873954550176509,0.10030868788234298,1.384863227537799,0.03380570042490218,0.3121487880527238,0.14682954998648878,2.403208305556065,0.657894736842105,0.6578947368421,0.6578947368421095,0.6578947368421043,0.6578947368421028,0.6578947368420957,0.6578947368420249,0.6578947368420975,0.6578947368421222,0.6578947368421015,0.6578947368419676,0.657894736841349,0.6578947368424224,0.6578947368420814,0.6578947368421092,0.6578947368420923,0.6578947368421082,0.6578947368421049,0.6578947368422972,0.6578947368421242,0.6578947368420975,0.6578947368420821,0.6578947368421381,0.6578947368422279,0.6578947368421197,0.6578947368420873,0.6578947368421478,0.657894736842112,0.6578947368420779
freetime.p__3,0.062344780445869316,0.07039878877485294,6.508520409326595e-05,0.7431656131018866,0.1883637506587668,0.024153576252438885,0.0019884989585204223,0.033053559066478846,0.03138649868235869,0.12379688065501039,0.03234331874878037,0.3787038039633026,0.1010047646133756,0.010106614949879337,0.24189858870636546,0.10553618495171149,0.7195354325077447,0.15073591790139942,0.19257990275529022,0.10437359700729608,0.028107744985053407,0.08532553288150822,0.0005363229510852598,0.12797853703604037,0.002833060408093713,0.03176643121136664,0.06529742796093531,0.0036704970587759455,0.00019296498668499866,0.016218694269601406,0.09058047097350186,0.028375717120515634,0.008907504551340656,0.01363896854023038,0.8011817398472797,0.06486429964355195,0.014123208796652225,0.034353388654667,0.0006006429644243831,0.023926105369544776,0.0009334665827942503,0.12225558003597964,0.008879657122062004,0.02071361642110787,0.01562697408133287,0.018142450370752038,0.0006230138732014147,0.013822576391395383,0.00714314855017231,0.010785339494849744,0.012435832189988984,0.01466274826091886,0.01964726642561177,0.17471813703758765,0.004569619958517574,0.008396284379755859,0.07786355839106784,0.007651849278708485,0.023692404449641668,0.0035970420167298744,0.04816242286060237,0.008590515141634699,0.0006447637811685126,0.014907526387975878,0.0019171054584963584,0.0002305510784707901,0.035573849955253034,0.02732059876902165,0.021708950049890208,0.006317498091981116,0.0025121663784592498,1.3131616313532832,0.05948271524846797,0.03955524570869834,0.42139843115422254,0.04536238027149073,0.37807436970109454,0.13818202840064536,0.015823758796835084,0.6578947368421053,0.6578947368420968,0.6578947368421028,0.6578947368421045,0.657894736842109,0.6578947368421093,0.6578947368421523,0.6578947368421098,0.6578947368420989,0.6578947368421141,0.6578947368422633,0.6578947368426096,0.6578947368420869,0.6578947368421169,0.6578947368420992,0.657894736842104,0.6578947368421028,0.6578947368421075,0.6578947368419108,0.6578947368420963,0.6578947368421086,0.6578947368421135,0.6578947368420736,0.6578947368421098,0.6578947368421083,0.6578947368421093,0.6578947368422634,0.6578947368420899,0.6578947368421229
freetime.p__4,0.05325021832554545,0.37961507134586187,0.1324420387641287,0.18087440369778499,0.19688067982412777,0.000665159483195197,0.7214391596352994,0.029071119080285673,0.017679667906132374,0.22716468430446402,0.08211076583362173,0.16742153035979476,0.22898572146753723,0.12755849889631796,0.9787826367798343,0.0008948954714854792,0.6923471051578391,0.05560339369105894,0.34916053201488184,0.2747217712187308,0.2465468127060804,0.14067640530408398,9.206109925074479e-05,0.007048932894532075,0.7968760168805391,1.4388853207533808e-05,0.24090680420916677,0.03864741299848658,0.18476535678565872,0.34716413226957865,0.03300922321566885,0.18265051033786325,0.24342857485050456,0.17417133555404904,0.2733407377557783,0.16358241226275336,0.08768104919018248,0.009847294158763058,0.014005970770137667,0.06559151551713778,0.004606669011641084,0.17082997555883822,0.07995687583080768,0.06957086315110221,0.0230971636874109,0.0014553754654545914,0.13578275468920475,7.367702946125766e-05,0.014924524766472245,0.0009079836517460182,0.0022564753367804516,0.002183064561037732,0.2357276063371605,0.10819058065340169,0.08038742343703335,0.007081232671805436,0.002545179989024375,0.003596435766068763,0.0012219126411682564,0.018571188511285593,0.004318306407801125,0.002650708564741179,0.0828426327327982,0.03449943733691978,0.003359267197820511,0.09548083523129251,0.07399307611018413,0.01054247031873093,0.061386047949746725,0.08340507899971532,0.3764782685514232,0.6066600853298556,0.11395641678665305,0.01872487094295697,0.12081806361171929,0.32074250780786445,0.3387898791846795,0.1948599906757056,0.00965038542558275,0.6578947368421042,0.657894736842127,0.6578947368421248,0.6578947368421055,0.6578947368421008,0.6578947368420952,0.6578947368421492,0.6578947368421038,0.6578947368421053,0.6578947368420903,0.6578947368422311,0.6578947368416477,0.6578947368421277,0.6578947368421026,0.6578947368421274,0.6578947368421103,0.6578947368420964,0.6578947368421005,0.657894736842091,0.6578947368420974,0.6578947368421146,0.6578947368420118,0.6578947368421033,0.6578947368420442,0.6578947368421019,0.6578947368421124,0.6578947368424234,0.6578947368420935,0.6578947368421235
freetime.p__5,1.233553835577448,0.18242375421221355,0.3212399085322985,1.1902187828337456,0.000851222909582843,0.46727299078826773,1.0057205341029951,0.6071760161097773,0.4709970051023439,0.805839322602284,0.14913401553299727,3.1028828178939696,0.06422632894160166,0.09987598891367218,3.2287279277840537,0.0006086725074574984,0.5905123086513197,0.0002134320026816289,1.3195211728112455,0.4969398654322172,0.16289927908172844,1.7656601045483518,0.03759816418738825,0.029581586666155454,0.3908809968743928,4.584965219391754,1.3462677644390584,0.03246338670565964,0.6578239501194771,0.027386987253295258,0.40286021597520744,0.8172637641029896,0.09721164652674412,1.2469610424858053,0.3302582896058558,0.43768455601102263,0.046543515072555164,0.04013537396356805,0.010460965436666168,0.02018089751867711,0.12900207664427524,0.18363864884542738,9.809919547061934e-05,0.3002972780864473,0.10398394479861234,0.054305869769925026,1.82008854789186,0.0040564736167065536,0.11601456036321472,0.011582755068911033,1.218991899846904,0.5085333031555357,7.830049588382644e-05,0.002592504331492255,0.3178953640861879,0.13717426127144616,0.041815258617089124,0.017371517316550473,0.5862362679749736,0.011916087582272455,0.0015249599760889048,0.23764080023154227,0.01770141780125808,0.0057681996901577885,0.2590326842523337,0.5407465470725047,0.24491228693302153,0.813380180274033,0.010123986433534665,0.04696520736492697,0.25591241041012225,0.6263678580924377,0.1191231440261334,0.8075114349491211,2.864123117649384,0.41690357419713364,10.747212413076305,1.892676516049959,2.6525881425608806,0.657894736842106,0.6578947368420969,0.6578947368420497,0.657894736842102,0.6578947368420661,0.6578947368421135,0.6578947368420528,0.6578947368421098,0.6578947368421163,0.6578947368421068,0.6578947368420184,0.657894736842424,0.6578947368419596,0.6578947368421212,0.6578947368420747,0.6578947368420983,0.6578947368421137,0.657894736842129,0.6578947368422124,0.657894736842099,0.6578947368420913,0.6578947368423264,0.657894736842094,0.6578947368421638,0.6578947368420827,0.65789473684212,0.6578947368419724,0.657894736842104,0.6578947368420811
goout.p__1,0.005268174225375096,0.1067925387621736,2.0997023404663624,5.455623894918426,0.004101955457702595,0.19916089948026772,1.062932640561698,0.054686765552705435,0.7124005734107777,1.4382122600569873,3.234237906342341,0.11558425647518662,1.4267932509538848,1.1977856571967278,0.6511675258823805,1.3183530231853597,1.2413125391615658,0.023586188659386796,1.7683422151142738,0.7275893882463358,2.1680127607129522,1.671399419177859,1.9814386249343496,0.13454225542225648,0.000939466608350208,0.016332830452901178,4.1550115060651756,0.1724330871004818,6.44897291198833,1.1864814808219988,0.0002531300884367042,1.2587844397091235,2.454428162364602,0.8236380061652233,0.8629757581654312,0.26692614012739535,0.022262945174368862,2.160513402089147,3.1380212302104153,0.8501170835268409,0.11893487275692619,1.5896837447739367,5.465958973855183e-06,0.29300024113429635,0.08312380400017026,0.024219769517825448,0.4628451030704779,0.024260843555231098,0.04734369383949739,0.11668585678696496,0.2355814619907785,0.44571914516363126,0.20461322663309633,0.08249102235616865,0.15674280354974385,0.009686829750248921,0.058542768513334634,0.003053344987477059,0.019089500005268944,0.0063467231466466595,0.003100409140567967,0.007511565194096778,0.08471538072558381,0.00038784226950908384,0.24852823640692284,0.21052671116049307,0.04840415214173374,1.4577090997069224,1.349951888602403,0.2252171296320268,1.3069562706636708,1.335593607265932,1.1396749229700993,8.857329718670538,6.434263962010402,1.069209491873319,3.8440043559912374,4.619982502044725,1.4904041375310821,0.6578947368421055,0.6578947368420707,0.6578947368420932,0.6578947368421186,0.6578947368421305,0.6578947368420662,0.6578947368419461,0.6578947368420691,0.6578947368420751,0.6578947368421234,0.6578947368419596,0.6578947368420393,0.6578947368412313,0.6578947368421618,0.6578947368421472,0.6578947368420998,0.657894736842108,0.6578947368420569,0.6578947368422849,0.6578947368420917,0.6578947368420852,0.6578947368420365,0.6578947368421014,0.6578947368419519,0.6578947368421658,0.6578947368421174,0.6578947368413166,0.6578947368421146,0.6578947368421361
goout.p__2,0.11269763911419574,0.12854659962870502,0.2990294609120993,0.0033243665653352973,1.2877797966699858,0.009944394820973706,0.02611476066059905,0.5305223237434195,0.7044002280945769,0.20003642496908536,0.4781279051483539,0.30481514174377333,0.5781113760839394,0.025714748018768777,0.004415329880812073,0.14434808292458834,0.17811676076443478,0.02432983510469231,0.0005811855019139697,0.028708018627037552,0.6668086742624046,0.36027641781945396,0.012823907646239452,0.10959594250526694,0.12752672387131395,0.42112110376811257,1.2549705885259355,0.33513963115472367,0.3995754340002825,0.00022580008004985912,0.006583801258505527,0.023484593886499754,1.0531611757367947,0.041870858943100116,0.08333077258214251,0.014966433697982688,0.039530929069111154,0.1272147674921017,0.051802613187918,0.05071457605234657,1.5479609201999172e-05,0.005427553856925948,0.028814448489759583,0.0035222344857602818,0.04138590697284664,0.006155156526415651,0.02720356997018373,0.008566042899997395,0.00012104636003000938,0.027843290119650397,0.01994404587880365,0.025235603240104678,0.07430725571275634,0.053620708400518566,0.04195419301732763,0.04179428697682318,0.0272305939886473,0.1107775327275428,0.0044455009252097315,0.013261579988834388,0.021758993244863276,0.17635995114362743,0.0010744366757286926,0.050402750778037284,0.023537845937645397,9.622598881357282e-05,0.08163856183719201,0.13249317759007428,0.06394954362118362,0.05020441233695631,0.08899017193023627,0.12777695026450658,0.09223988478500732,0.4773266460790919,0.10807530478752052,0.0668934807935568,0.1510761491088488,0.09408710058444773,6.812496157960835,0.657894736842105,0.6578947368421096,0.6578947368421186,0.6578947368420973,0.6578947368421018,0.6578947368421167,0.6578947368419991,0.6578947368421134,0.6578947368421263,0.6578947368421035,0.6578947368422098,0.6578947368425906,0.6578947368403676,0.6578947368421006,0.6578947368420816,0.6578947368420929,0.6578947368421012,0.6578947368421099,0.6578947368420778,0.6578947368421052,0.6578947368421062,0.6578947368421458,0.657894736842099,0.6578947368420952,0.6578947368421192,0.6578947368421061,0.6578947368419314,0.6578947368421262,0.6578947368421028
goout.p__3,0.22676507083494554,0.0055127604682933505,0.005290847845593675,0.9533277549402756,0.0017344469859447626,0.001887107820076063,0.05652443555966504,0.08262516450996864,0.6608150430281098,0.5755952951550561,0.1527530710372902,0.0012200957770159555,0.43954724247087884,0.006643011300994601,7.866572320602354e-05,0.8599453274902709,0.05785421291016719,0.006433662100283112,0.12756869298157247,0.08417428783019136,0.2485399629133244,0.2674066026211446,0.14263673515524675,0.006087097134863974,0.0015059261955497174,0.1002608599889559,0.0026724839220903665,0.05114355793584013,0.6276996533338941,0.015154547631308544,0.051270980636061114,0.44225867892077086,0.10611303814348522,0.0548227093119239,0.5299849585729255,0.039213755131636545,0.0007991685592275314,0.2458373974564018,0.01042714512118898,0.026962072776592575,0.010048058909854649,0.1551444858470845,0.000573835568789261,0.04434965327278857,0.005813973123301725,0.06018552372998333,0.27277318301323944,0.025429949772450992,0.0018597054704971516,0.002698417214587025,0.09486458121865657,0.06879719816740139,0.0064986136158923045,0.1944383368718678,0.014230866526566095,0.0004496689500600391,0.02550427888947463,0.018125310600255663,0.04485340655035634,0.007542347146634152,0.01906206777697077,0.02275014495018336,0.00780833851387604,0.030625029058862423,0.004858215557971174,0.012929747021590852,0.2017935220807639,0.012343869554080067,0.007723968232806196,3.742808370274194e-05,0.017565730458802557,0.6432583085788885,0.002428601196433372,8.891208957282827e-05,0.12684074279357818,0.04222376355241784,0.014337682195315926,0.06309406953325379,4.269396177621736,0.6578947368421055,0.6578947368421187,0.6578947368420944,0.6578947368421053,0.6578947368421071,0.6578947368421065,0.6578947368421333,0.6578947368421035,0.6578947368420952,0.6578947368421035,0.6578947368422062,0.6578947368422499,0.6578947368422516,0.6578947368420932,0.6578947368420996,0.6578947368421063,0.6578947368421129,0.6578947368420964,0.6578947368421673,0.6578947368421144,0.657894736842104,0.6578947368421916,0.6578947368421227,0.6578947368421416,0.6578947368420889,0.6578947368420999,0.6578947368419724,0.6578947368420917,0.6578947368420929
goout.p__4,0.017675588522111353,1.0174706233045645,0.16522183688856856,0.44173799258885965,1.3382696789221116,0.05078141541443165,0.07447775687304721,0.36860682645897,0.021844389660552077,0.6707555931729627,0.2727925427410949,0.09202691120631824,0.003873593811131211,0.09556602299934637,0.18736069806694733,0.7433212610906402,0.04414781412390839,0.0019880548587116946,0.0013600309543265504,0.6063088269334458,0.23344409730019625,0.36946791534982,0.3661748187178534,0.15372959612579679,0.19828399604534813,0.009725855103347114,0.47215481878034843,0.16989449496287015,0.49954808021757063,0.0001537488488357918,0.1228791142887308,0.8183884100416248,0.00733248710836312,0.8338379381775753,0.6168766481898237,0.7380004442532938,0.0024059449998788973,0.0897784874020709,0.0847534639312821,0.04008346547371843,0.07579663043989789,0.08348905829964627,0.015204411538601768,0.08762459390353569,0.024781240980198883,0.3761204999344024,0.12989259043145196,8.272550243665244e-06,0.00045033181914856305,0.022593836572429745,0.036011410959902304,0.02156006247040793,0.18942069328695002,0.027274340641035056,0.024612362139690567,0.11080444340887126,0.003374500958783217,0.13337088760654428,0.20753483799144062,0.023744342692856565,0.016726455572599955,0.034528365227496235,7.222249715136911e-06,0.015239600631283885,8.465054399604522e-05,0.011285297221104901,0.07211551240358055,0.31955955893268223,0.1828431941334244,2.011112961091296e-09,0.016054590781305,3.705276974064163,0.37167096983038606,0.25723795530312743,0.5280734870872709,1.2422043692452442,0.0006041002480508544,0.00019926522730052417,0.23281976059684054,0.6578947368421051,0.6578947368420771,0.6578947368421166,0.6578947368421093,0.6578947368421003,0.6578947368421124,0.6578947368421545,0.6578947368421117,0.6578947368421095,0.6578947368420954,0.6578947368420006,0.6578947368418524,0.6578947368426528,0.6578947368421112,0.6578947368421325,0.6578947368421292,0.6578947368421012,0.6578947368421146,0.6578947368419825,0.6578947368421026,0.6578947368421268,0.6578947368421462,0.6578947368420813,0.6578947368421306,0.6578947368421009,0.6578947368421072,0.657894736842577,0.6578947368420791,0.6578947368421285
goout.p__5,2.0860179080560233,0.288045526967975,0.7124203734930293,0.010104019359102906,0.1476533796873493,0.047038475556639765,0.040041483018173424,0.1200061774690239,0.03483335907167242,0.6657211947876487,0.11246279587977753,0.09602118966864388,0.3243475683089225,0.19997821448680977,0.14726484483953017,0.41608544279040716,0.0010878167475956598,0.21170693456310521,0.05585417407500307,0.03293135041110098,1.046622825358693,0.055076217655122495,0.20445324145105917,1.3258763678836416,1.4834739794031144,0.05827584228437505,0.0004796376330205332,0.07106501767998662,0.3512508446925919,0.6366305543910986,0.021248241718357774,0.0024495500698806616,2.728024182089709,0.6170331249368154,0.3523618607412191,0.658135852221008,0.02346601525895787,0.07963754183117991,0.960423786251394,0.019195212135839048,0.0004824526658453719,0.8004110284232958,0.004607275387564342,0.008392249267717995,0.03123913574907123,0.17807087835362007,1.5313355099964265,0.017130373530611483,0.0023597713899251188,0.0019366056280887898,0.2605548105714382,0.146976709804614,0.019493093849412994,0.4892108248623171,0.09473653056847572,0.04696697675142901,0.002115317450775555,0.1119741301485412,0.00020568617965399856,0.0734905721598724,0.16641331800459902,0.029715597231556173,0.0003156737283063026,0.031931983709844146,0.0077027209017817054,0.0068604446882612104,1.0617000407959254,0.35210117508904126,0.0168237494912654,0.03178944574295139,0.29700998018083813,0.013128146827047936,0.5061266262402633,0.6293635756221901,0.06443612227344601,1.4223747190889966,3.4382926511765,0.023759561765493438,0.02893804108003274,0.6578947368421051,0.657894736842137,0.6578947368421146,0.657894736842099,0.6578947368421018,0.6578947368420859,0.6578947368420963,0.6578947368420922,0.6578947368421105,0.6578947368421103,0.657894736842052,0.6578947368418746,0.6578947368411218,0.6578947368421035,0.6578947368421167,0.6578947368421292,0.6578947368420964,0.6578947368421278,0.6578947368419679,0.6578947368421018,0.6578947368421224,0.6578947368421284,0.6578947368420988,0.6578947368421154,0.6578947368421083,0.6578947368420999,0.6578947368420545,0.6578947368421069,0.6578947368421131
Dalc.p__1,0.1672660471898177,0.09686780541936303,0.032597168521552464,0.07188635605976962,0.0012791695924483386,0.022374915525450432,0.06977492855553442,0.0038521561471232786,0.006944043917888904,0.007972059137512123,0.0021942364960027484,0.04992674686754686,0.009597999529330048,0.0032688638128801663,0.006411130011582631,0.010330182902846659,0.011964408375571174,0.004453078720501951,0.002304817287744755,0.03697471516846212,0.0025621483869016507,0.014072627630183212,0.006065995179067963,4.515416772483589e-06,0.005458551677837075,0.008252732427982088,0.002124808640255546,0.006884154417687029,0.003957513221420423,0.011829023955813174,0.004983009662118898,0.0013289588273214029,0.06289109987153269,0.044739091424298556,0.029970344809653365,0.026792122743503212,0.009645257103236337,0.0010220435823415797,0.0169304711665755,0.0035738066215832394,0.002581189448115601,0.049673114418673184,4.594739288192811e-06,0.00011692496586685749,0.008025546137850153,0.0056941286814232404,0.013333224194344679,0.001015490266062716,0.0034428659891853138,0.00011353143196678792,0.006451744356317103,0.0005225422171868767,0.000267842601076899,0.06543918190005127,0.0011761140012593162,0.002683203513346542,0.0007721189420873678,0.1532232647320808,0.004184753362194449,0.014919618414314655,0.0004724533895106959,0.007915446813898521,0.01018097623482227,0.0013862353693750646,0.022400739728524306,0.047596005198301275,0.09218860001710634,0.028550780078603497,0.08940007197903774,0.04216069322074332,0.02914246602270032,0.2428975347709294,0.07144501236148183,0.049295119333711286,7.611198618784923e-05,0.00782175591345326,0.049533644137637035,0.009237284827055098,0.003208502019582661,0.657894736842105,0.657894736842102,0.6578947368421018,0.6578947368421022,0.6578947368421096,0.6578947368421059,0.6578947368420626,0.6578947368421086,0.6578947368421066,0.6578947368421076,0.6578947368421681,0.657894736842276,0.6578947368423022,0.6578947368421141,0.6578947368421225,0.6578947368421068,0.6578947368420993,0.6578947368421035,0.6578947368420198,0.6578947368420954,0.6578947368421053,0.6578947368421525,0.6578947368421,0.6578947368421391,0.6578947368421056,0.6578947368421074,0.6578947368419366,0.6578947368420992,0.6578947368421147
Dalc.p__2,0.2197430279947974,1.0028287333174897,0.024823140686044846,1.2247665711611824,0.0001306529435099877,0.03825194472041016,2.4585986405860396,0.5606427500051864,0.025577106133282405,0.3511998009888466,6.850005986670004e-05,0.1078634652587905,0.4998977092027813,0.3017615383267141,0.44963574207852847,0.20007735331405413,0.16319772526991086,0.0949596490739759,0.196201723562377,0.529107710536173,0.01922750104238649,0.1808504863169871,0.0008686506039684084,0.07099282179053724,0.11078898997024002,0.0027099841017696035,0.06886141508839967,0.0010634973958028194,0.22548183894582052,0.1852793217447074,0.045945241329464453,0.025406523885821437,0.2295970168822718,0.5947081666366966,0.8818259674896214,0.011866605479417754,0.007253110382419234,0.2543013391144067,0.04427458781195489,0.012919334979864448,0.10235289365719281,0.9864054655668413,0.004675197058579204,0.008082234979027105,0.08270539034648694,0.05638645687710823,0.3784223616185357,0.04942019332301097,0.0003928441855617099,0.028046400040501945,0.0005451521458871042,0.03885848207710936,0.0073580687065782895,1.1099682078801103,5.785737947383489e-08,0.04601325227781627,0.06628175690944947,0.3985757358840141,0.003169199385166376,0.200867905128259,0.020321153654809812,0.07622984568280762,0.2864605826013116,0.007905071961780849,0.08371110992169775,0.054573328727094014,0.26525605820504494,0.0011371535563318444,0.1703350398075802,0.23130459601809222,0.026168976333941555,2.8141179497411537,0.5734353374204706,1.172974750523016,5.465811501572578e-05,0.14785906838146046,0.5493213216807062,0.13243328075577696,0.027819203967200817,0.6578947368421053,0.6578947368421206,0.6578947368421005,0.6578947368421167,0.6578947368420882,0.6578947368421199,0.6578947368420311,0.6578947368421051,0.657894736842101,0.6578947368420957,0.6578947368421785,0.657894736842162,0.6578947368413702,0.6578947368420994,0.6578947368421036,0.6578947368421159,0.6578947368421051,0.6578947368421015,0.6578947368421396,0.6578947368421106,0.6578947368421214,0.6578947368420108,0.6578947368421308,0.6578947368420959,0.6578947368421204,0.6578947368421023,0.657894736842718,0.6578947368420844,0.6578947368420996
Dalc.p__3,2.2718192657869603,2.1887535641028166,0.07708309144741153,1.4605372445756413,0.08674835038570461,0.6790494243990258,2.391268613138541,1.0693040771437419,0.04597075769888801,2.3428334554828165,0.35447594770218643,5.339045096492267,0.017325330582859268,0.00017741579342139688,0.7113575521926938,9.202273175738592,2.150725249332971,0.39093206346015164,2.2645618989225165,1.5568576364761264,0.1315117560671671,0.5080170518248507,0.23705652430832683,0.0013772902325644538,0.5435333104317943,1.1575871783708458,0.5028374072232722,0.2799974992677398,1.9937228550048653,0.20941845982420573,0.03840739149036137,0.8838455318160832,1.6765810601437705,0.16638662891342662,0.6609511437608234,2.8349869568907127,0.5791245821065913,0.5519280403661256,0.0019508468727544928,0.9929098124757001,0.4005324753272861,0.1326780505432513,0.12642769115833993,0.0070434054156145245,0.13914551997477073,0.07909765350339927,0.045104264424556104,0.09513031979694703,1.46853715691618,0.09110346642038837,0.0615243510090681,0.034469497218739056,0.010225744992309787,0.1422179733922826,0.3513712101673725,0.061730493989544485,0.02636172038158931,2.5675984403258103,0.01785856539043893,0.0022647848794692966,0.05471107123751943,0.10155090036926107,0.08407851634664952,0.07516665103613593,0.07658860825819187,1.2411484740734793,0.8338102383184168,0.2255874702464597,1.1235095570881408,0.018086887466247384,0.3716469431384555,0.01577385380877318,0.04983143656331657,0.11930726078635082,0.0041061481946001515,0.015974783720869124,0.010830041414196372,0.0013165044459577248,0.0063636153087650625,0.657894736842105,0.6578947368421205,0.6578947368420914,0.6578947368421085,0.6578947368420714,0.6578947368420841,0.6578947368422747,0.6578947368421002,0.6578947368420751,0.6578947368421217,0.6578947368421368,0.6578947368405,0.6578947368424677,0.6578947368420807,0.6578947368420566,0.6578947368421129,0.6578947368421179,0.6578947368421206,0.6578947368426581,0.6578947368420963,0.657894736842071,0.6578947368422373,0.6578947368420592,0.657894736842252,0.6578947368421735,0.6578947368421502,0.6578947368418495,0.65789473684213,0.657894736842158
Dalc.p__4,1.6327479056157626,0.2922527741463316,0.21542593606509722,1.223975686756025,0.1839629642576146,8.113031231318766,2.8991226847934515,1.8052534811214505,0.04028328813983205,1.7100973198254816,18.24516568783627,4.198915953739758,14.450430791053428,14.603449898644715,1.6089386718785557,2.8654610318503084,1.8092079031139856,2.2573456252624626,2.624538826553104,11.304757960967121,0.14082636049267788,1.0657928753840025,2.1982543286188165,4.522338242118831,8.657159130907795,2.9978381707314428e-05,1.0746671238557022,7.656995192134053,0.6949187055719119,2.3160733378512837,0.31282890260742374,1.8933163326511966,0.1524483102355329,4.061155748977384,0.8945394706757993,0.093933319227096,7.8179482445598385,0.2106665995260785,0.8691895017123406,2.441644949653534,0.43917150275363526,0.6212237838793534,0.10803433108709577,0.6308555650161844,0.067303854657585,0.05480193223074257,1.337426045946413,0.00021135225860486115,0.546744706852924,0.0008708561341095035,0.9187085441503715,0.11959348707206388,2.217151878249393e-05,0.07781892072372125,2.588074453442346,0.030028645860409126,0.2251985769059388,1.3900288917067385,3.072005439461268,0.022399732140282923,0.3355819051899824,0.051822106776622516,0.752180862133477,0.08084337105496624,0.580400038016286,1.2110150703547724,1.0497270859408272,1.0890405418033042,0.255216154056953,0.3584425390301889,0.22371850717447742,0.02496053547232933,0.8570148370545951,0.42314834452135835,0.012162429504952483,0.0038413828840721874,0.03335084546991925,2.6079500933922332e-05,0.0019301729898494608,0.6578947368421055,0.6578947368420988,0.6578947368422441,0.6578947368421397,0.6578947368420995,0.6578947368420415,0.6578947368418404,0.6578947368421071,0.6578947368421348,0.6578947368421035,0.6578947368418828,0.6578947368419928,0.6578947368427833,0.6578947368420991,0.6578947368421574,0.6578947368420437,0.6578947368421121,0.6578947368421262,0.6578947368414364,0.6578947368421187,0.657894736842042,0.6578947368421969,0.6578947368420508,0.6578947368418924,0.6578947368420558,0.6578947368419943,0.6578947368409068,0.6578947368421106,0.6578947368420263
Dalc.p__5,9.757199474369163,11.739056601280025,8.455560741686401,1.1967966161966932,0.00013554262052747697,1.7329502151215754,0.33780552157542487,0.13203137929030181,3.6379626902611943,0.48364425906096997,0.5646590701025119,0.16960960498433036,0.6773785002318361,0.3743268895329065,4.0658155594997405,0.01173516821778284,7.793804587298407,0.04937696706173028,0.1495391279050883,0.0038885509799106615,0.07395431829985157,1.0114047650432805,0.004015092765235309,16.363124457881334,1.4264050069473537,0.06700381561834452,0.5079377724945756,1.310388147454926,0.972781588052758,0.19805753246305838,0.0938319328293059,2.2891779088740574,0.08993228611164215,7.914575645044042,0.17929597621105947,0.0662019236322773,0.8116338911356645,0.6541550420446581,1.4008245474613459,1.7904472132738676,1.3304660873179577,0.01386305026417958,0.0009134561634592821,0.8110974922580257,0.22185257682931026,0.45141393743552416,1.3706650658643829,0.0053159278618689,0.9930836631630904,0.8361714836641797,0.4590000172767548,1.2776877806855345,0.0020885285191608975,5.415313777808429,1.3691129058398122,1.0890692470469883,4.353018222573878,1.2116083198382883,0.20983609395306227,0.004560008383718519,0.1750974210924749,0.07737566437616593,1.987038383474611,0.7254801538131994,0.41740224197687026,0.36289292133580037,2.0367032112083736,6.45831837101138,4.845410113034797,1.5531607290760368,2.850154589995858,0.12440090322207269,0.0813242449310725,0.670659643118366,0.060889525741184926,0.021248623177799054,0.004735563994822469,0.0015679780932197286,0.0032784674586984835,0.6578947368421051,0.6578947368421466,0.6578947368420389,0.6578947368421035,0.6578947368421765,0.6578947368420552,0.6578947368423296,0.657894736842139,0.6578947368421184,0.6578947368421073,0.6578947368423026,0.6578947368399205,0.6578947368477109,0.6578947368421262,0.6578947368420709,0.6578947368420595,0.6578947368421404,0.6578947368420742,0.6578947368417513,0.6578947368421654,0.657894736842104,0.6578947368416848,0.65789473684221,0.657894736841957,0.6578947368419854,0.6578947368421351,0.6578947368413985,0.6578947368421031,0.6578947368421141
Walc.p__1,0.33388469102115614,0.3887389400893743,0.015219045441741533,0.6910672645217883,0.2578341020759822,0.13998136888102136,0.041704790295191724,0.02649692758097367,0.11276844212155018,0.0338936261108274,0.025516072798747607,0.07343651856218292,0.0033536880652204047,0.017600315567684748,0.1683069757631036,0.031099449819303012,0.08587584178772843,0.13124376631815554,0.016584895816943068,0.06752607407312458,0.11430880211550183,0.00048762242791931424,0.038977008834268,0.0005733494278220851,0.048478329721254945,0.00949896961341944,0.10020537550562024,0.036983527055820566,0.04130518394105436,0.15811020949432458,0.08364217888406814,0.0672545670580472,0.09585560380480254,0.01911474170333162,0.12606192040560343,0.13470431345538444,0.010427446806693576,0.0016833621014210778,0.0557174268087667,0.017998696166088308,0.0018308526765183372,0.033133435680065756,0.006753228984440226,0.09100010850570589,0.005953048785475038,0.04062647216681656,0.19241306402771072,0.057784847612892445,0.0019811792406987726,0.004985116718040933,0.057354165972193255,0.05925476120243237,0.03175553483470256,0.21913924152738745,0.07369269018378595,0.051909510158819554,0.007500003070402451,0.016109640549734138,0.07403356857843066,0.10380113864699606,0.06918436064252699,0.006428491607476406,0.017148901990442982,0.04028305084345066,0.12752099000890457,0.10514611247176926,0.5777868980647213,0.0015079950337380556,0.17342047446205294,0.07231585461455457,0.1791524458666829,0.38815492443480737,0.001012115012050854,0.16574784467908774,1.355547277963724,2.883119541242786e-06,0.5363502906635055,0.03643454038993286,0.2573348445761567,0.6578947368421055,0.6578947368421123,0.6578947368421255,0.6578947368421042,0.6578947368420929,0.6578947368421181,0.6578947368420432,0.657894736842106,0.657894736842115,0.6578947368420861,0.6578947368422199,0.657894736841806,0.6578947368414322,0.657894736842108,0.6578947368421417,0.6578947368421298,0.657894736842098,0.6578947368421045,0.6578947368420334,0.657894736842092,0.6578947368421222,0.657894736842103,0.6578947368420972,0.6578947368421357,0.6578947368421302,0.657894736842106,0.6578947368420187,0.6578947368420988,0.6578947368421254
Walc.p__2,0.0696816601789178,0.00012354910036079894,0.2827178640082396,0.40409872651496126,3.238572329737298,0.01903300928798214,0.014926145719515359,0.039532080625149256,0.008259870254997316,0.04864069921315947,0.16952053551672328,2.0568082235636837e-06,0.10760832004867431,0.04633500260072724,0.2351736863239985,0.3403478531015424,0.034189769766353614,0.2133873154599388,2.2497219963486477,0.8173840930357754,0.07061501477672909,0.012950036811795003,0.009194137885760737,0.012438987298088924,0.1947888028102707,0.12387425805721716,0.0002427694549580637,0.39551731877754837,0.8460969158460568,1.48540275600824,0.4096116200293385,0.20029010839650732,0.8373373478889994,0.0011754476316605475,0.3765028916954658,0.251944867823936,0.009631685199942485,0.08868799829680332,0.08680453303403235,0.19211984515610964,0.0019863194490013407,0.10435577265341235,0.002381642648165936,0.008929726711956461,0.00025920483206021773,0.08218463583963664,0.11504744027743252,0.03189411010520755,0.054355566567822665,0.025100082797395257,0.008445515149234936,0.10309940204907515,0.06250560204769516,0.06243927915209228,5.14822423071507e-05,0.03947435226042913,0.009973649598877915,0.0007373193258484404,0.22822972914582407,0.11466558428290356,0.0022482450633009503,0.024708670324405522,0.05067109837090162,0.0018023032926154415,0.018983410442545957,0.1750469950978486,0.08691258054202926,0.3215082634841283,0.23144291125274594,0.018108323355460285,0.5362728749157745,0.014333151553380722,0.3033648140095963,0.32687177839021125,8.09168517849874,0.01670234419525464,0.030593049752558776,0.01299379547658766,4.567136067323671,0.6578947368421058,0.6578947368420958,0.6578947368421053,0.6578947368420995,0.6578947368421058,0.6578947368420933,0.6578947368420283,0.6578947368421011,0.6578947368421013,0.6578947368421287,0.6578947368422466,0.6578947368420147,0.6578947368415855,0.6578947368421089,0.6578947368421014,0.6578947368420819,0.6578947368421069,0.6578947368421042,0.6578947368423673,0.6578947368421166,0.6578947368420873,0.6578947368421363,0.657894736842101,0.6578947368421079,0.6578947368421001,0.6578947368420962,0.6578947368419091,0.6578947368420904,0.6578947368421119
Walc.p__3,9.583487795625425e-05,0.6007462400556034,0.0023046482875464756,1.4656043836728259,1.4657476388196458,0.013826862105624674,0.06577412458995194,0.025273167124372924,0.012537636678763628,0.21546764184022654,0.26051627678553313,0.003122274554636437,0.25296595033227676,0.4609349929706294,0.18395313620878062,0.02370408936706642,1.0822783216795724,0.20694861200925418,0.4699442020375002,1.0928668634794323,0.05674684071619781,1.5714033461700483,0.33703425807602505,0.003703068185879954,2.151675039602039,0.06198908609598683,0.13686335733380314,0.31742927399475457,0.01982129735315639,0.34336730981074937,0.007382981774750754,0.004764332671781157,0.01476297143319099,0.1410111521063181,0.06345949013911173,0.056200868608814444,0.11663613939185175,0.03123990513707842,0.010650609329794777,0.09927162068237444,0.04235129579822226,0.0005832989231349219,0.04818972169018895,0.04993394025438403,0.10348763012826147,0.00334791941629072,0.15958360396133142,0.053012851953704865,0.0031772229669807723,0.0026559573693194995,0.4392926203394169,0.003024901360449766,0.001994533224934669,0.27580386912849014,0.2841520088900512,0.3292681517678887,0.009857601716499517,0.0006132495310987439,0.02304704906271708,0.13600013113706244,0.0013581258499116887,0.001408164119869066,0.056890932551415786,0.012530734933724908,0.000319674533837202,0.016364852874566488,0.013200129551618062,0.017906748423048967,0.007436669680327617,0.01507424053134407,7.982199979227686e-05,0.014716846267959582,0.17459836642279772,5.768814182330957e-05,0.22255352298079742,0.29561815947356057,1.6277802070083311,1.1513789529553278,5.99786525318262,0.6578947368421055,0.6578947368421127,0.6578947368421008,0.6578947368421082,0.6578947368421064,0.6578947368421015,0.6578947368422458,0.6578947368421051,0.6578947368420904,0.6578947368420937,0.6578947368420972,0.6578947368420227,0.6578947368418553,0.6578947368421232,0.6578947368420861,0.6578947368421215,0.6578947368421045,0.6578947368420948,0.6578947368422271,0.6578947368420923,0.6578947368420964,0.6578947368420084,0.6578947368421179,0.657894736842077,0.6578947368420965,0.6578947368421005,0.6578947368426626,0.6578947368420998,0.6578947368421014
Walc.p__4,0.6153589918780037,2.604953711722504,0.2930187720121073,0.9893381779564852,0.14855418542290938,0.013913688702553781,0.1988675973606717,4.947957239759561e-05,0.24815662692451823,0.1499265168567095,0.9566558811914656,0.2630599766297752,0.1343070011902165,0.2353004935539976,0.07111301960181081,0.00023784867563883378,1.054118228702906,0.04730815727303832,1.3440903354026856,0.08010022342336448,0.0005446998828827249,3.652169243701516,0.0010057111357227892,0.0030028387419622055,1.4384891557139785,0.06841625455838635,0.138788733352406,0.039716674982845944,0.23981446935627806,0.006054493938668719,0.2558879536380195,0.026871635646501295,0.14533928805105562,0.0028744156525820014,0.41980698536571887,0.0316990634636304,1.6724103075512955,0.26223487631550524,0.2657323680179396,0.016021820446518942,0.018913072541812983,0.28544760234644356,0.0012797060753039075,0.11137387919448515,0.004731281481740164,0.040962771985257065,2.419777618114029,0.0318589006299622,0.1397302362496821,0.027339077370334388,0.04378075473758874,0.35351208541521995,0.09515614524290232,0.7315833716274822,0.11704754270334086,0.16550300904507226,0.02528785093099045,0.0013819374411198756,0.04214026195041665,3.0035147973685215e-07,0.41840303992321953,0.000997566023258423,0.3479387360715863,0.033965289052594085,0.1696484833815975,0.04966729369577079,1.5032426254197417,0.16211172848198532,0.8284592871266723,0.07684139206063528,0.16521397402093124,3.160884228444263,0.008093577717061528,0.0004917942567756815,0.6487460564989721,0.5918977176388005,0.034334590611735424,4.064393400948171,2.187216801126028,0.6578947368421048,0.6578947368421223,0.6578947368421335,0.6578947368421184,0.6578947368421287,0.6578947368420897,0.6578947368421226,0.6578947368421011,0.6578947368421113,0.657894736842147,0.6578947368416322,0.6578947368428042,0.6578947368431245,0.6578947368421004,0.6578947368420808,0.6578947368420728,0.6578947368421061,0.6578947368421234,0.6578947368419897,0.6578947368421066,0.6578947368421203,0.6578947368421294,0.657894736842104,0.6578947368421317,0.6578947368421151,0.6578947368421083,0.6578947368424634,0.6578947368421184,0.657894736842123
Walc.p__5,6.383085300241542,3.3157378012256697,1.5228542887863654,0.6500883170347466,0.09959141594173047,1.0219850048732242,0.002799155846003014,0.039946863705507075,0.8328916475983836,0.1055844840795058,0.014678367932488272,0.13087453472876584,0.5286825394986792,0.13138379683294024,1.0980069145941878,0.26244803231334235,0.008298315039865903,0.18062220867973497,0.0032506162949547082,0.8745826328417966,0.059474387698423295,0.03400226507128155,0.047621925244999024,0.024241947047825285,0.3940814266254731,0.14071522617752777,0.006207741543824703,0.9410098198809497,0.3146013802222132,0.06406636316506295,0.44062425318582576,0.2019723534372387,0.05268541258100805,0.012799742103030753,0.1648082504566284,0.00020974943443141634,1.330834563349656,0.0887514688040431,0.10533863571494727,0.0005493105080868867,0.17300454583659305,1.2006256119389285,0.001659359965451213,0.4559051813308959,0.10106118855263335,0.13417509938595268,0.2784522784565541,0.0669839320783801,0.11011465102621061,0.10053226858946689,0.45614100906557914,0.9183824140973453,0.3459618800232058,1.7682860886877747,0.48496897908766445,0.2555627266433508,0.5942165334011553,0.39218358395836483,0.01569905700684539,0.15945769885745237,0.0329902335924967,0.0006128543234394395,0.10657875673415937,0.3092465854611759,0.4460386790869606,0.19459471328852915,5.975707920646685,2.752711659650278,5.495489749575583,1.0285480734242773,0.4062620635550271,0.003178769055120041,0.06014403219134468,0.16964776233771403,0.0037707491171524205,0.08207676292822694,0.00880049452954598,0.00027459150849386336,0.004236651944722864,0.6578947368421049,0.6578947368420766,0.6578947368421048,0.6578947368420868,0.6578947368421182,0.6578947368421061,0.6578947368420611,0.6578947368421164,0.6578947368421452,0.6578947368421083,0.6578947368425342,0.6578947368420778,0.6578947368437824,0.6578947368421004,0.657894736842092,0.6578947368421054,0.6578947368421031,0.6578947368421297,0.657894736842086,0.6578947368421187,0.6578947368421,0.6578947368420918,0.6578947368420571,0.657894736842162,0.6578947368420734,0.6578947368421253,0.6578947368415493,0.6578947368421028,0.6578947368420457
health.p__1,0.024589376833450683,0.0016159241054507357,0.03799751939605768,1.5529058279826768,0.06573420913496648,1.284569537042976,0.2151602358757802,4.657665702465796,0.2951200806433085,0.7046695202756666,0.4391258148214841,0.07026341434081593,0.08936637974231813,0.10643291014370972,1.0079304830460976,2.0337400745159795,0.07153421200675857,0.8307211545878705,0.22993763526328964,1.0926472571294512,0.26784964108308706,1.0509744155219314,0.9957513323015957,0.005542293934355491,1.706311734366411,0.010270742812529644,1.3426842207311231,0.24627136395544172,0.1611864987991946,0.22979875193925278,1.7706228541323255,0.01761554886405885,0.6325810981863821,0.019559541446747777,0.1840705559284906,0.32211575994902697,0.03496701686682847,0.356955244195298,1.1812778761237066e-06,0.05529781463530262,0.2988323667039662,0.007635650867655871,0.0020961109755208832,0.052429091065026044,0.048548503888239274,0.04219984259120748,0.009944168009554746,0.03575143200969117,0.1536932163521521,0.06957337492727084,0.6336331442906395,0.017588848867033522,3.0966839998593183e-06,0.29296016655904056,0.002750721974777053,0.0004914036073314777,0.21298433161472527,0.029604781830824812,0.366351242621796,0.0346501765214583,0.13697135737890215,0.07731708880188012,0.07091991204487907,0.08195497846373627,0.008452879502694802,0.12136123730882013,0.008951515038494109,0.002046554092699294,0.13462504219308472,0.04552444918550318,0.001250041565767252,0.012924951361062,0.10947861324363065,0.004185191986629272,0.0005367022860164151,0.004980056242476404,0.0011068576110550808,0.0016131463160797674,3.2526920153559955e-05,0.657894736842105,0.6578947368420979,0.6578947368421177,0.657894736842103,0.6578947368421142,0.6578947368421093,0.6578947368421822,0.6578947368421022,0.6578947368421396,0.6578947368421119,0.6578947368422411,0.6578947368413894,0.657894736842845,0.6578947368420954,0.6578947368421157,0.6578947368421,0.6578947368421147,0.6578947368421206,0.6578947368420099,0.6578947368421126,0.6578947368421036,0.6578947368421022,0.6578947368421313,0.6578947368420632,0.6578947368421071,0.6578947368420766,0.6578947368415298,0.6578947368421395,0.6578947368421005
health.p__2,0.030071409521252444,0.45797650116576716,0.08564578324390801,0.22421524386612735,1.5352392236813113,0.0008379822798603075,0.6315743512894033,1.6545128896368566,0.2579431394851773,1.0394577107171146,1.8627170973894935,0.6909934918484122,1.4962268572421993,0.3013512812598102,0.02367699590583519,0.27971116276901586,0.2271012978240262,6.482157978579206e-05,1.142475292401326,1.1226491997734114,3.915347260366316,0.31190990941714575,1.6547231458356693,0.41335208754189123,0.27816394050014337,1.6231392546389403,0.0021058058177135827,0.01799341582773178,0.6990676590706462,0.013933304747736585,1.7730356005490377,1.5463450571407975,0.2030010990041868,0.001483191893768897,0.1039399560493028,0.26978205945070005,0.007454212854981833,0.0012285239481435993,0.4728733989974818,0.014122431253458202,0.35085421243419657,0.11572066798778795,0.12107349439848043,0.0008777564421801774,0.22873186587863548,5.493325606059274e-05,0.12336108639570328,0.04469186814689871,0.0003738574151414508,0.12406285653145897,0.06383634476981338,0.035175924355738845,0.05303902705195242,0.10365858144893883,3.8591413322569554e-05,0.0017847852061511123,0.05928964171213124,0.01505546744452491,4.6490279843352434e-05,0.20200229166913436,0.013912801153972585,0.15569058792492416,0.08876778996040978,0.0005155514692255439,0.016783424123163564,0.0004814960839639047,0.12154533712555501,0.009091971680027056,0.03829093861019261,0.07640138439111865,0.21379657112458114,5.63580739425418,0.28175740479416517,0.011179806020386394,3.587373056593586,0.028457569847063064,2.3149941348155894,2.116639845741621e-05,0.5663798084115682,0.6578947368421055,0.6578947368420945,0.6578947368420632,0.6578947368421048,0.6578947368420691,0.6578947368421304,0.6578947368420207,0.6578947368421071,0.6578947368421132,0.6578947368421332,0.6578947368420216,0.6578947368417019,0.6578947368414841,0.6578947368420918,0.6578947368421119,0.6578947368420756,0.6578947368421131,0.6578947368420882,0.6578947368418849,0.6578947368421216,0.6578947368421093,0.6578947368421076,0.6578947368421421,0.657894736842205,0.6578947368421019,0.6578947368421179,0.6578947368427486,0.6578947368421189,0.6578947368421298
health.p__3,0.0751495848023313,0.14176973394336756,0.8593938172972369,0.3902554284859457,0.024571263865547067,0.05146271080509237,0.11889474698585194,0.01656552585364339,0.29225415093066887,0.8888601214423782,0.3376257291727881,0.08403553672953634,0.00046005173919250246,1.2547398605692393,0.20065682803471654,0.38471288811369336,0.00032944967178640113,0.2627228178823467,0.5907216627707238,5.936961230014166e-06,0.07864965416912581,0.9057000972490897,0.17193599583708058,0.1728040593031287,0.016810424828725107,0.07221123257534585,1.2028913209631797,0.148967058017302,0.02676799152756356,0.6940599284029088,0.01745278516110906,1.2028189429722151,3.1953340456866763e-05,0.19255996291900837,0.38359932751404646,0.16159463622990108,0.02216527620950487,0.27339039990625713,0.12040258574778566,0.1733601979370874,0.13362630167956083,0.07063932999922724,0.016465903082256754,0.011814615184863337,0.0044416964810316045,0.00025812913859032423,0.02991821972489117,0.049227816204508466,0.0764364758380073,0.002101828512169746,0.029564745224277628,0.04041756406025541,0.17988542131076338,0.03758272839961912,0.11983763905317217,0.01590656193386106,0.03914388876572122,0.06454939864133183,0.0033226815264822546,0.005306670881787589,0.05217606951472289,0.0013923178365059872,5.696295078267868e-06,0.03892225492048254,0.0652211453197439,0.11930688143178428,0.017512189973300705,0.18165876188535357,0.15020887029828411,0.022583656606449266,0.22133285659437524,2.0962492131713226,0.05636020595701412,0.033047584066367486,1.7073433818367567,0.09692615940939782,0.3231784579789259,0.005730708007891802,0.49987570627787403,0.6578947368421053,0.6578947368421086,0.6578947368421222,0.6578947368421006,0.6578947368421043,0.657894736842107,0.6578947368420874,0.6578947368420922,0.6578947368421103,0.657894736842104,0.6578947368421677,0.6578947368412292,0.6578947368417024,0.6578947368421058,0.6578947368421173,0.6578947368421152,0.6578947368421028,0.6578947368421099,0.6578947368421376,0.657894736842104,0.657894736842111,0.6578947368421683,0.6578947368420975,0.6578947368421448,0.6578947368421197,0.6578947368421206,0.6578947368423044,0.6578947368420849,0.6578947368421011
health.p__4,0.007098609444511372,0.2323069807616847,0.2940899214417931,0.15522518438057803,0.7851773392285109,0.1494045726018445,0.25455855232096647,0.40536089507104023,3.370675669308916,2.082719105733046,0.005031852744598794,0.012928025444694546,0.16062679294775345,0.0039909630633616295,0.06996146488401683,0.49485557154047755,0.038046109908757814,0.6006508172808196,0.3931388924552386,0.2635209136898874,0.48586000001625473,2.4713215272589846,0.0472515898456599,0.14295188233792844,1.0713455909285057,0.11454698053261782,1.4039594112000457,1.1620647372948683,0.0968362715984504,8.396369512864882e-05,0.036597489848461465,0.2577477552507377,0.44225094628054984,0.052368530678449245,0.09246018301759493,0.0029384486908154493,0.10571371324699641,0.8980181288450255,0.0010565074876066588,0.00042842126684884614,0.6024010881548642,0.016397623857345903,0.018037125151714236,0.054214144675108836,0.1137591215447343,0.07248226442455138,2.4791570357564474e-06,0.21071171341148406,0.0002019906072366785,0.0022027264326380095,0.07485386312762893,0.010214051984898023,0.0021849051738099326,0.0010740541800080008,0.0013416521874085928,0.003386051132408906,0.0011801504515442272,0.07412468330662335,0.040001915649915155,0.09666395740151387,0.030404466349892058,0.03620444882658343,0.0004496848907560971,2.476703013122557e-05,0.0020200674697883458,0.0019468427694595534,0.09358990612458215,0.10578793754287702,0.06718972256893996,0.09468466116716324,0.013949772265993483,0.11278549694444907,0.22664610640643615,0.0015985730983756985,0.6018094524312819,0.6998329961543098,0.776710921013588,2.700969597027692,0.4455726582277989,0.6578947368421049,0.6578947368421068,0.6578947368421251,0.6578947368420957,0.6578947368421194,0.6578947368420971,0.6578947368420728,0.6578947368420933,0.657894736842104,0.6578947368421186,0.6578947368421572,0.6578947368426813,0.657894736842122,0.6578947368421052,0.6578947368421278,0.6578947368421177,0.6578947368421131,0.6578947368420978,0.6578947368421391,0.6578947368420957,0.6578947368421126,0.6578947368420446,0.6578947368420893,0.6578947368420893,0.6578947368421056,0.6578947368421071,0.6578947368422491,0.6578947368421016,0.6578947368420945
health.p__5,0.08485209201440362,0.05102965225509817,0.02134734712720679,0.07326417108748207,0.5421747796160331,0.09676014369536275,0.005567222464264888,0.236385532452976,1.12700337024699,0.2415687134534933,0.100945895365297,0.142505629595839,0.013376167390471812,0.11520587208507257,0.009288182838944302,0.30365664347861837,0.00017089495613569844,0.06257589416168087,0.2793495791242031,0.04323588640567786,0.0004846974279836333,0.13124261758813582,0.3078600702858688,0.008816635327254302,0.04132177397741666,0.1781130541040041,0.05260212478738511,0.2276676182842159,0.007354522893405499,0.08347274523645043,0.018891324060885003,0.17608672127190134,0.02878166302711518,0.014163874732484372,0.06719021667207944,0.006927852690634474,0.0009788829801412689,0.00864733398607845,1.7136576845432027e-05,0.11257177714369976,0.013161020766841723,0.00046569851553280477,0.06129286322032759,0.006249964151159349,0.1003155987840895,0.03576779135418935,0.0014445876204166755,0.03858703601883226,0.07760370344766528,0.00028216665603562717,0.14895252741660742,0.029164452525846898,0.022914756524118705,0.028439934074169823,0.027376458568581202,0.010294618528187603,0.0006598785805999142,0.1216969992997129,0.0055566040688230815,0.01056326516869882,0.0006289037496632791,0.06985444604964668,0.00026037560573277907,0.0002928431150202029,0.018291764558732052,0.003700921006354181,0.01664155895719185,0.11231557123781205,0.02747287606739858,0.0008388851948387222,0.00782926960871659,0.045359602633485575,0.005244105364927685,0.00553174666626702,0.9697312572485153,0.2502093609940105,0.17230972134442912,0.5212243921882931,0.011196314132488628,0.6578947368421053,0.6578947368421123,0.6578947368420991,0.6578947368421121,0.657894736842109,0.657894736842097,0.6578947368421298,0.6578947368421055,0.6578947368420857,0.657894736842092,0.6578947368421817,0.6578947368424742,0.6578947368424347,0.6578947368421058,0.6578947368420996,0.6578947368421084,0.6578947368420972,0.6578947368421099,0.6578947368421726,0.6578947368421035,0.657894736842112,0.657894736842116,0.6578947368420859,0.65789473684214,0.6578947368421086,0.6578947368421086,0.6578947368421711,0.6578947368420949,0.657894736842102
