individu,Dim1,Dim2,Dim3,Dim4,Dim5,Dim6,Dim7,Dim8,Dim9,Dim10,Dim11,Dim12,Dim13,Dim14,Dim15,Dim16,Dim17,Dim18,Dim19,Dim20,Dim21,Dim22,Dim23,Dim24,Dim25,Dim26,Dim27,Dim28,Dim29,Dim30,Dim31,Dim32,Dim33,Dim34,Dim35,Dim36,Dim37,Dim38,Dim39,Dim40,Dim41,Dim42,Dim43,Dim44,Dim45,Dim46,Dim47,Dim48,Dim49,Dim50,Dim51,Dim52,Dim53,Dim54,Dim55,Dim56,Dim57,Dim58,Dim59,Dim60,Dim61,Dim62,Dim63,Dim64,Dim65,Dim66,Dim67,Dim68,Dim69,Dim70,Dim71,Dim72,Dim73,Dim74,Dim75,Dim76,Dim77,Dim78,Dim79,Dim80,Dim81,Dim82,Dim83,Dim84,Dim85,Dim86,Dim87,Dim88,Dim89,Dim90,Dim91,Dim92,Dim93,Dim94,Dim95,Dim96,Dim97,Dim98,Dim99,Dim100,Dim101,Dim102,Dim103,Dim104,Dim105,Dim106,Dim107,Dim108
1,-0.25509780777949087,0.12369847846554761,-0.17239944853472558,-0.2566925228722697,0.3977749132241657,0.020939731735636277,-0.16174431697358432,0.24190969496527823,-0.06606249672020371,0.27542170764846513,0.2631509803762483,0.0697449963717317,-0.21255850833323117,0.3375191664118158,0.04918963739281073,0.21215057594616135,-0.2360875755210032,0.07862005352395084,-0.2743691556355259,-0.03326044962673145,-0.10355075843299072,0.15004829582412532,0.304188865607914,0.23523000171429537,0.09560534159250468,0.10333415830901722,0.194724886508082,-0.19632586365851365,-0.24634329641620856,-0.02958153462787054,0.13760179867487543,0.016084111100424625,0.422539139858072,-0.3928812935364954,0.033899200857772226,0.3237262470514689,0.011233384789771756,-0.20829338254623622,0.20210469081240598,0.10135095817228831,0.05677682158984881,-0.17514505544386905,-0.02857307989703962,0.04169904491012024,-0.12331804101331591,-0.28332714931293684,0.03221753889371667,0.1853216542121212,0.01575924215972683,-0.061342401403181764,0.030406588587888434,-0.06930821912099992,-0.18485204632592128,-0.07690044038406106,-0.08925040807614476,0.03932369559334677,-0.09266434732249987,-0.035360519389793996,-0.0438521575049753,0.1115709338504715,0.12888227852745285,-0.05023147173798278,0.08207635809708057,0.02996477477648107,-0.08322839230130652,0.03527380383240372,-0.06911120085856143,0.04024268250035143,-0.028741927056740953,0.04401932299353706,-0.013078239871732412,0.0036501401735904203,-0.12278687569549934,0.05045646923849626,-0.01036065181278975,-0.02813553730038338,-0.013206909784388527,0.0036798312935552623,-0.0030948927668673428,-0.9804943791207671,0.007026201607790254,-0.00748528025822069,-0.010349209600146637,-0.0033468403711161485,0.010563953478218275,0.02121706230104888,-0.0062711820467362955,0.0018523978786343473,-0.005207580769503906,0.02895376984196731,-0.003497209615367714,0.013435182889365255,0.040807117959972446,0.002490001396317791,0.007342180568525475,0.011611988336533801,0.09095462398631472,0.004027487255725559,-0.019019453991519733,0.026649478852391068,0.0070698552302549695,-0.005113336012052273,0.0011076200729829603,0.009208344441255184,-0.032466708740505446,-1.2031719673788466e-05,-0.019012278263205964,-0.002701094838221188
2,-0.24411714067722373,0.23765378460633352,-0.30094970001230065,0.18516091610231336,0.12382037967932517,-0.10254183230582027,0.17040351178187624,-0.08237114605152948,-0.16598679821363493,-0.1867072441439202,0.20749220936016213,-0.25100287996665016,-0.26137577348287105,0.08895570077517043,0.0990275800137881,-0.08752373739438865,-0.02168976114888562,0.07643299203699808,-0.21068461591543866,0.12136642003969196,0.1495275396427454,0.2037467392981478,-0.17964118599427817,0.11541736156850521,-0.23027489126868006,-0.16483004019632153,0.07164937150365429,0.03963327731115477,0.06931084213412683,0.12600678930217893,0.14147141010316452,-0.21014705632620465,0.24044535390485733,-0.04478010141526138,-0.01722293199646954,0.04642843940600188,0.1717452803537346,-0.08740340328665337,0.04140486551294394,0.1729299268899941,-0.009988760148268012,-0.20430473342959124,-0.17008721144065383,-0.011307408245389545,0.11254660446819542,0.19229309712567877,-0.3059764197033673,0.13990826168847198,0.13719360045724158,0.15365043701391198,0.08758836708097527,0.12145897652217885,0.04784354070436477,0.06637970081289522,0.13035994115745012,0.08285142357241963,0.07120392689361248,0.1050901194873905,-0.10432152670240796,-0.02679013751002393,-0.1505178166853517,-0.010063490109567561,-0.12921688642518325,-0.007325786212284419,-0.059192830437170635,0.07581779397777622,-0.038650249874380364,-0.012107244822699677,-0.023834681956153042,-0.12442523914446117,0.026970466951208163,-0.016914510307153182,-0.026243536751458758,0.015466161327817092,0.013390520745715964,0.006316225664395905,-0.010085741968927453,0.0010093092124287978,0.0033212711632364246,-0.980494379120767,0.007026201607790268,-0.007485280258220395,-0.010349209600146896,-0.0033468403711158813,0.010563953478218206,0.021217062301048934,-0.006271182046736268,0.0018523978786343265,-0.005207580769503805,0.028953769841967087,-0.0034972096153675198,0.013435182889365283,0.040807117959972584,0.0024900013963176106,0.007342180568525545,0.011611988336533947,0.09095462398631457,0.00402748725572567,-0.019019453991519636,0.026649478852391138,0.0070698552302551915,-0.0051133360120523075,0.001107620072982662,0.009208344441254892,-0.03246670874050539,-1.2031719673857855e-05,-0.019012278263206048,-0.0027010948382211603
3,0.059155029245371214,0.02227518247500238,-0.3456001694701912,0.3142904982361913,0.4275168701825186,-0.054298137924461205,-0.3040352847647321,0.29207889187260294,0.059057182017662066,0.005815430693153424,0.3361567343712548,-0.36382569697091943,0.06745865980587928,0.07313461701392704,-0.246767100909071,-0.144418325184135,-0.10298255234576162,-0.0044110979716280915,0.04865518176756557,0.06887564580512467,-0.1290055249131451,0.40264732606036935,-0.022689846382863768,0.23086877286374238,0.3416340893280031,0.3760279697196807,0.07779572790627101,-0.10293383666963206,0.005751336084437296,-0.21184089577931384,-0.07947844105288925,0.004494711506767808,-0.10954639215565354,0.1454972907071438,-0.2347816566715964,0.3692351505141026,0.31361009402749845,-0.002909743788771239,-0.15341838116483042,0.07390779218500436,-0.27501401303171674,-0.32597798905714265,-0.1548234752883324,0.28350695919991264,-0.013701026815264878,-0.04267599420101694,0.008437490195809342,0.06010916460699071,0.12718937520417778,-0.021912637013950017,-0.009583230512932365,0.007521672215871523,-0.10965588156400347,-0.04008368141490353,0.1855699613521891,0.17525551904881448,0.06791211319965951,-0.081558445439076,-0.2852116106429571,-0.010508535074044058,-0.06900239725998895,-0.01926058979723368,-0.13296474471345648,0.08291000720681133,0.2722095615987806,0.053170846530806455,0.09057340718241937,0.15479966913475096,-0.1371132878312414,0.11266708669898809,-0.2392079739401459,0.05544378210473327,-0.008097760499164356,-0.03636433609949794,-0.02958109869961784,0.03123242696568164,-0.0020645848143671366,0.012457006271251805,0.003274077348602421,-0.980494379120767,0.007026201607790219,-0.007485280258220621,-0.010349209600146519,-0.0033468403711159195,0.010563953478218147,0.021217062301048892,-0.006271182046736312,0.0018523978786344514,-0.005207580769503847,0.02895376984196728,-0.003497209615367426,0.01343518288936527,0.04080711795997268,0.0024900013963177563,0.007342180568525517,0.011611988336534011,0.09095462398631461,0.004027487255725698,-0.019019453991519567,0.02664947885239104,0.00706985523025498,-0.0051133360120524255,0.0011076200729826515,0.009208344441255205,-0.0324667087405056,-1.2031719673802344e-05,-0.019012278263206048,-0.002701094838220952
4,-0.392229817422255,0.11873582243820653,0.1408003416050346,0.0707851973476791,-0.5003506235343486,-0.06984279735679412,-0.07679509383984358,-0.11790992118546972,0.21023276486672282,0.21345604699419884,0.05854602418486314,0.01803171622668415,0.1349359530290284,-0.11982785693132926,0.3308949892822248,-0.07764449475026083,-0.025563588614515114,0.08308862959554184,0.6021273913069936,-0.13087669501172938,-0.2852395123833562,0.07851691018208454,-0.032904399733573814,-0.059924004561458175,-0.03212758189796182,-0.0013004767874755829,0.0071371297823324,0.07554260994602081,-0.01618127458356809,0.23638390900626807,0.008300818240536065,0.04126411067059039,-0.08205741375942621,0.19824817483924337,-0.06758299463359406,-0.22476832532635924,0.05125672269511817,0.0028256023161492005,0.0436450267770911,0.06459391166891683,-0.08522802509183301,-0.02888337467048741,0.21686424010228947,0.07080350121197598,-0.15070553743259474,0.10226829507553496,0.05610140539062243,-0.14421248234724993,-0.16397457088008394,-0.08270889250243378,0.1663871205888629,0.014886097566202862,-0.28654335777586293,-0.028067024697244116,0.022143339144971373,-0.19037529801445865,-0.10951938897965062,0.09024818874453729,0.03427568221510174,-0.008508169309121036,0.09566597592581604,-0.012298527066141804,0.05557964248086037,-0.04686319516372069,-0.07433549390605847,0.05273826127496343,-0.11485557906313924,0.08408795424987403,0.012030954071358001,0.05352713774574007,-0.04842117859101641,0.012196786275882093,-0.07354147499463391,0.016667010399998544,-0.014381899305924727,-0.01861404695755672,-0.006759518156570361,0.0023391740027228197,-0.0029835495540873284,-0.9804943791207674,0.007026201607790231,-0.00748528025822023,-0.01034920960014655,-0.0033468403711160674,0.01056395347821802,0.021217062301049,-0.0062711820467363415,0.0018523978786341548,-0.005207580769503909,0.028953769841967066,-0.0034972096153674066,0.013435182889365297,0.040807117959972564,0.002490001396317816,0.007342180568525468,0.011611988336534054,0.09095462398631467,0.004027487255725836,-0.019019453991519903,0.026649478852391117,0.007069855230254997,-0.005113336012051989,0.0011076200729827565,0.009208344441255217,-0.03246670874050554,-1.2031719673913366e-05,-0.01901227826320602,-0.00270109483822098
5,-0.26461440178467605,0.04123734936460272,-0.09660556351349127,0.13618882582166045,-0.14598898595043266,0.05862208522221856,-0.13194385115037605,-0.23726890863782077,0.25777863513859295,-0.059377604880225796,0.21835422270686755,-0.3505335231119785,-0.13449486400718474,0.03985696890606739,-0.1303640905294233,-0.11400360202532037,0.06680527288015767,-0.25553458091428327,-0.3197235868083114,-0.15237078926804237,0.00513028983415991,-0.07260213932281526,-0.12333756261663924,0.1371107663426924,-0.04848383214596141,-0.1404517131748079,-0.2522142343574058,-0.019421619197818773,0.10333677391304802,-0.0009821140920103625,-0.06107010564468867,-0.22560357107416554,0.06105324031570793,0.06726338615722643,0.06718048496159376,0.012941914079469452,-0.04936451049821529,0.05143835930776073,-0.23901441307233165,0.02643368415581496,0.07355184960747221,0.061048556174988736,-0.007907364977702532,-0.17614260235911722,0.1288261292659126,-0.25627661419259434,0.2554865412047401,-0.0995692728052123,-0.05235292846261879,-0.02386342118140714,-0.03382024376428465,-0.07116539133955839,-0.14442126723419177,-0.0912187841892689,-0.022314153766041265,-0.053885076753319744,0.04761434866324102,-0.06521417204061568,-0.01007056087865277,0.1250082534492511,0.12086104318524388,-0.1510338542177895,0.008555488018903028,-0.1373204997816406,0.030688262022844654,-0.05466072148350364,0.044699511432798884,0.007738677094352701,0.02712924566937716,-0.0021938747262155844,0.002672845508407616,-0.015417933993312252,-0.007959116984013713,0.009310774464918181,-0.000904852418927023,0.0023545723557893265,0.0064366561389975615,-0.001489109360074592,0.0019458056774337962,-0.9804943791207671,0.007026201607790258,-0.007485280258220438,-0.010349209600146663,-0.0033468403711161194,0.010563953478218098,0.02121706230104892,-0.006271182046736258,0.0018523978786343283,-0.005207580769503798,0.028953769841967163,-0.0034972096153674205,0.013435182889365193,0.04080711795997258,0.002490001396317753,0.007342180568525538,0.01161198833653402,0.09095462398631463,0.004027487255725706,-0.019019453991519778,0.026649478852391283,0.007069855230254879,-0.005113336012052187,0.0011076200729826142,0.009208344441255019,-0.032466708740505376,-1.2031719673941121e-05,-0.019012278263206214,-0.002701094838221174
6,-0.19935226616493082,-0.04317406649835864,0.2570073683912561,-0.170888968967921,-0.28033008056604974,-0.054673562890525634,0.2463834125071082,-0.09054682264008619,0.17669183375065609,-0.009618535744187846,0.08332182701198522,-0.09089103363415398,0.07724339168981896,-0.045543238818989536,-0.04031544963560461,-0.17773192401210972,0.12765424713822784,0.04506177809508089,-0.30791466561849373,-0.003955382284738636,-0.11588645054717077,0.02176350848621215,-0.30156849875563435,-0.047379009238475975,0.012360892949852726,0.06696391010074997,0.04667095551120539,0.07794563726967228,0.0816505865777197,-0.07457992624091145,-0.1815239183084447,-0.05508586839727931,-0.33972839736997335,0.10857675243259467,0.0065170477851528115,0.10712932595626247,-0.16249771946283245,0.13888304954090797,-0.025241125842391764,-0.22724127506425157,-0.1795488256689095,0.1740766204132843,-0.14276540227029522,-0.07434869626704795,0.05634978315097009,-0.06273018174151805,0.06379631974566495,0.1485347062320254,-0.058277699093053456,0.013852757080741072,0.14066090470216022,-0.03768396559950453,0.09150232825365394,-0.07521767099329434,0.1303616019732185,0.13159099893202322,0.007589001653413301,-0.11971920120163433,-0.048546912325806275,-0.0665469856929351,0.09142967156638919,-0.14057490568376568,0.08377760310744192,-0.01190492395957704,-0.015381817028313583,0.08530294936060895,0.022896254374897413,-0.08387480345212626,-0.10133270596789384,0.07852963392357222,-0.03148449371779579,0.0023271484582975386,-0.1266852893845518,0.07634263554652752,-0.02730792519219607,-0.02342360399658898,-0.00693813813024077,0.017494824932065955,-0.013751100743097837,-0.9804943791207672,0.0070262016077903,-0.007485280258220403,-0.010349209600146726,-0.0033468403711158713,0.010563953478218154,0.021217062301048938,-0.0062711820467363484,0.0018523978786341895,-0.005207580769503694,0.028953769841967267,-0.003497209615367365,0.013435182889365124,0.04080711795997263,0.0024900013963176366,0.007342180568525683,0.01161198833653404,0.09095462398631465,0.004027487255725775,-0.019019453991519764,0.02664947885239134,0.007069855230254914,-0.005113336012052229,0.0011076200729828501,0.009208344441255081,-0.03246670874050543,-1.2031719673816221e-05,-0.019012278263206117,-0.0027010948382210354
7,-0.09793662223936123,-0.060641275968116505,-0.10751019287099697,-0.2178043482864768,0.2554016797693896,-0.02593113050406348,0.11754572062058895,0.23649644209475054,0.017075563848793295,-0.25233243740608835,0.3903348267863133,0.13087104664322935,-0.07165555664162293,0.07978627948692606,0.2551600577110055,0.01920712641031903,0.15845025720702688,-0.16958114409250205,-0.100714421427692,-0.2734724616012157,0.11736252194333835,0.12327522363842752,0.09226543336487325,0.1805855562985404,-0.011063508765046208,0.015541399642683366,0.22034245828226842,-0.12803263780045737,0.1599546239079245,-0.13495664803302423,0.059943644814967896,-0.020809700512928894,-0.21209806016884833,-0.15060930813388707,-0.19371444224799342,-0.10103470372422987,-0.11809428031170217,-0.05001435477458046,0.1738574910540317,-0.023912006837619286,0.04912797303905058,-0.1061116800465539,0.0025263665163706484,0.11941313128907452,-0.08403539561944645,0.02797874967541897,0.19480280257294016,-0.12969376245563058,0.03271285358390588,0.005807026146913629,0.019555471355310456,-0.003553450169810958,0.09291753643860769,-0.07962113763155106,0.019613545691138,-0.08329870566930332,0.06754006105550758,-0.16201597006734259,0.16740352585542037,-0.029810436486010033,-0.01700795374288609,0.058040836523857116,-0.06169415688867668,0.09096635103879211,-0.02168811880247602,-0.05782417870742758,-0.019026819830661824,-0.011013913496379634,-0.07236601789850279,-0.060105237796922784,0.01366980297807901,-0.0008187023942738913,-0.028382976138238224,0.008276026363780387,0.00788280569904179,-0.010421125833806508,-0.012064772117843977,0.006228134446452424,0.008148116022328929,-0.9804943791207672,0.007026201607790365,-0.0074852802582205825,-0.010349209600146717,-0.0033468403711161623,0.01056395347821822,0.021217062301048983,-0.006271182046736309,0.0018523978786342988,-0.005207580769503694,0.028953769841967174,-0.0034972096153674643,0.013435182889365158,0.04080711795997247,0.002490001396317777,0.0073421805685256695,0.011611988336533968,0.09095462398631443,0.0040274872557255455,-0.019019453991519802,0.026649478852391027,0.007069855230254734,-0.005113336012052183,0.0011076200729827313,0.009208344441255184,-0.03246670874050543,-1.203171967388561e-05,-0.019012278263206173,-0.002701094838221188
8,-0.3169248333117175,0.167493675884536,-0.12275879853957283,-0.7065480081711133,0.5611380597045165,0.39823060014737327,-0.3924806325702193,0.3271221883365223,0.17743921273551425,0.4289850333106377,-0.053144493341335426,-0.12115304717265162,-0.20507045220790007,0.06821607298202174,0.0392766792300749,0.20693746756503908,0.22760432599072294,0.07280561575773435,-0.23974279996410328,0.026611385959191183,-0.2626489379901971,-0.040214900748990506,0.18048121328993968,-0.1424129817665637,-0.061516231297154965,0.15570093149102432,-0.18232762139266237,-0.12347313526631916,-0.3297620232660747,-0.041491955000837986,-0.2733484342584793,-0.09721982054139154,0.3561545631064195,-0.356278325873421,-0.012901548495555838,-0.1368037415632507,0.04945308107655269,-0.4132768194027493,0.11317941984821661,0.2868228265441619,-0.01948571125988475,0.027835909303723174,0.07023821548145949,-0.06193993400462441,-0.06724065017027014,-0.014751519749617815,0.09920183459986677,0.13482827741716485,-0.017567928879372495,-0.13170959903343477,-0.11764798934485209,-0.2102397793993747,-0.00391618586595354,0.05882358186537207,-0.10565682174134247,0.0012118312509870534,-0.0499592229429435,-0.04175574280446647,0.27752918115388725,0.11346766273076572,0.212352168224799,0.051877340224970675,0.06621258800753456,-0.042986306663311956,0.01868825351330647,0.06597898134137001,-0.028807648099197433,-0.025019023304644877,0.00784895871316337,9.409100145724027e-05,-0.023450880740209564,0.005364843076429804,-0.033570548985563935,-0.00973401875020004,0.0030941640097646526,-0.01998928613946594,-0.016280093081135733,7.92786438871025e-05,-9.566298084586001e-05,-0.9804943791207674,0.007026201607790291,-0.0074852802582204715,-0.010349209600146781,-0.003346840371116263,0.010563953478218157,0.021217062301048858,-0.006271182046736427,0.0018523978786344414,-0.005207580769503758,0.028953769841967278,-0.0034972096153675736,0.013435182889365363,0.04080711795997243,0.002490001396317761,0.007342180568525684,0.011611988336533733,0.09095462398631468,0.0040274872557254,-0.01901945399151981,0.026649478852390964,0.007069855230254806,-0.005113336012052218,0.0011076200729828129,0.009208344441255284,-0.03246670874050543,-1.2031719673732955e-05,-0.019012278263205937,-0.002701094838221091
9,-0.2884989858728633,0.11022770381631605,0.05242126871951836,-0.2818143619786012,-0.10819858283315888,0.2380593702852913,-0.06621505612907698,0.2329845723288733,0.3240723401050552,-0.24515979448089867,0.04280431255633913,-0.280275035820517,0.062115778974313286,0.21056776219457965,-0.041444926166161696,-0.28719601366038044,0.10147650164711225,-0.018261381957589674,0.06414931288674253,-0.18640662676394945,-0.03848898574258745,-0.06582925454680827,0.19253849329347508,0.08230039898272669,0.05768468949844988,0.1093110972845028,-0.25738099383966667,-0.056175484665948135,-0.008000696447194046,0.43351827522011865,-0.19339039067607572,0.12722853167626547,0.0048556105636689915,-0.13481761172255596,-0.3617143994983675,-0.20462906245068033,-0.2903100114006986,0.04132091892780481,0.1172853726815335,-0.02264629530154461,-0.1536496369179289,0.03151402652671292,-0.07603355509000283,0.1167866826122167,0.028893409115260726,0.214735935180564,0.16728500838212657,0.019540051277141725,0.055429528506201836,0.06833788165599032,-0.13938716754688713,0.01804026591072812,-0.14765711817904864,-0.10797054885762347,0.013512024005931132,0.07474572624634637,-0.005764276551937176,-0.11374251382970402,-0.06298546593053109,0.08419003999345358,0.007047521173686569,0.03426907884194543,-0.030240573725415325,-0.02980819215507777,-0.022017828558927467,0.0752184953386133,-0.13855223347356402,-0.07717025691262869,0.04438535917264428,0.029697022480101764,0.03168983497912484,-0.001502461033067289,0.00453818602495617,0.0461600473272237,-0.011753290523515784,0.012897215603977944,5.153334084154183e-05,0.034040853203954925,0.007491904078424714,-0.9804943791207674,0.00702620160779034,-0.007485280258220475,-0.010349209600146856,-0.0033468403711159576,0.010563953478218056,0.021217062301049017,-0.006271182046736212,0.0018523978786343374,-0.005207580769503755,0.028953769841967188,-0.0034972096153673654,0.013435182889365321,0.0408071179599725,0.002490001396317735,0.007342180568525743,0.011611988336533876,0.09095462398631446,0.004027487255725648,-0.019019453991519747,0.026649478852391006,0.007069855230255011,-0.005113336012052034,0.0011076200729825839,0.009208344441255041,-0.032466708740505425,-1.2031719673871732e-05,-0.01901227826320595,-0.002701094838221077
10,-0.0330082072087819,0.16708256924590928,0.13583279463027112,-0.571648556341483,-0.016683827964713096,-0.3090391722770226,0.0055611261353019515,-0.13981345250279276,0.3324810039372808,-0.04563591045723295,-0.21663938263158894,0.07660184348586181,-0.17740222073768028,0.12588693130427145,-0.3342541482397624,0.06635363390409131,0.2911922031554259,0.16497231098816875,0.047884883158925286,0.02802150366289698,0.03307287232632834,-0.1315856061760013,-0.07232603755634456,0.019352984675129987,0.09034436622829527,-0.32436370831099987,0.12212796165535737,0.07060723275620938,0.216931494006745,0.18656135022873702,0.15991982460966736,-0.3446076497869625,-0.18222870786630735,-0.0502884600467275,0.03129574856897192,0.026072734255475988,-0.035821464973860344,0.05958221907189278,-0.3307883417624235,-0.0333457705746505,-0.07288180340138008,-0.08389670401325625,0.16834754026311066,-0.03755708652728589,-0.019547645965523,0.12614755535710162,0.038288922144365446,-0.07821371696500554,0.07926047302620381,0.07107994579845052,0.10222480052457704,0.3855237938054099,-0.15320620784130373,-0.06788736788555605,-0.01005823857866225,-0.06691306402571744,0.23389399024576024,0.0754345681927579,-0.043404303828748624,-0.03306328108532619,0.02792862839013855,0.0764316610234237,-0.004225810612084424,0.11635227482624008,-0.029623507521282847,-0.13795620522737753,0.028908510310163,-0.1548437192756224,-0.15951154708336482,0.09668550855012303,-0.023677559501577954,-0.01665798711811415,0.01572902633514685,-0.03690230133468978,0.002729489758767904,-0.0002838055018523821,-0.009716815454916407,-0.026699638656036702,-0.007094439345232898,-0.9804943791207675,0.007026201607790383,-0.007485280258220501,-0.010349209600146647,-0.0033468403711159702,0.010563953478218069,0.02121706230104909,-0.006271182046736508,0.0018523978786342034,-0.005207580769503798,0.028953769841967073,-0.0034972096153675037,0.013435182889365089,0.040807117959972564,0.0024900013963176306,0.007342180568525517,0.011611988336534018,0.09095462398631457,0.004027487255725954,-0.01901945399151964,0.026649478852391186,0.007069855230254956,-0.005113336012052104,0.0011076200729828328,0.009208344441255182,-0.03246670874050539,-1.2031719673899488e-05,-0.019012278263206214,-0.0027010948382210354
11,-0.4075326974140182,-0.10220665599806361,0.2299516082884182,0.19803575879049817,-0.14881655360408352,0.07322194740000278,-0.2964156513074049,0.04524691786377652,-0.25297643435820255,-0.0685043147969963,-0.21068710578461547,-0.22497440502506091,-0.2797375734452111,0.017811388825845962,0.15368167307807243,0.012207812879176074,0.047384588842667504,0.19773991082926637,-0.3105064427384553,-0.30936089298048286,-0.20827419651678977,0.0997901995422897,0.11045879627848505,-0.29091850544895337,-0.17879152349251326,-0.006896612187729899,-0.12041761819889948,0.04741317834139123,-0.12981556735265112,0.01638181343223174,0.15578618549857673,0.08185356198272056,-0.006853679249342203,0.15085858785809747,0.3680506736674264,0.20740683353626338,-0.06301267027931222,0.06724372506722484,-0.194452984883701,-0.3755649878214672,-0.08726303381692996,0.0047918283452560335,0.012690532165565743,0.19669159783534151,0.021577631311105416,-0.132811284105665,-0.2782841741917282,-0.33791781102312846,-0.10922478627033767,-0.01424640003750294,-0.033173083898238497,0.20867805930706532,0.23129762955541475,0.00225632094966723,-0.1260426467046272,0.06408681466946255,0.10212225338020053,-0.038054798002575815,0.007122693392213209,0.08115135770914808,-0.15634500140937746,0.016451273398141945,0.030057637459575667,0.018766435088140868,0.03025230616414717,-0.04320483656994498,0.06926905324746097,0.034510485424118144,-0.01033912161669542,-0.06310318659869171,0.0031483522955648388,-0.016672013204791915,0.0018340982637995123,-0.009370457640052919,0.008511207712200562,0.0030341169840354494,0.0018388080755790083,-0.014820111885815106,-0.003111697577307225,-0.980494379120767,0.007026201607790253,-0.007485280258220397,-0.010349209600146876,-0.003346840371115951,0.010563953478218027,0.021217062301049035,-0.006271182046736409,0.001852397878634423,-0.005207580769503937,0.0289537698419673,-0.0034972096153674716,0.013435182889365148,0.04080711795997251,0.0024900013963178244,0.007342180568525483,0.011611988336534143,0.09095462398631483,0.004027487255725761,-0.019019453991519816,0.026649478852391197,0.007069855230255026,-0.0051133360120520525,0.001107620072982805,0.009208344441255137,-0.032466708740505335,-1.2031719674112425e-05,-0.01901227826320634,-0.0027010948382210076
12,-0.28512010249213565,0.1847084928689068,-0.2020477302167207,0.004359692698671706,-0.18536714747221877,-0.18154368812814511,0.5235166081769295,-0.4737073920728655,-0.35111991693777894,0.47933130129503065,-0.27864853105730236,-0.17641969700026147,0.16688899227030848,-0.05616509847234255,0.01679876834567466,-0.48431488212270085,-0.06356178730544124,-0.0934460478139086,0.24082079483734128,-0.04454956384935634,0.13663160848645245,-0.17206265969278206,0.0895919964336251,-0.14872077060307043,0.08599257711279835,0.04550562777143958,-0.17298751482840546,-0.1640850952510887,0.2829081043871483,0.12266118654719241,0.027602148123719025,-0.10010754026838098,-0.05343198822251427,-0.040103437346540864,-0.23699473587343922,-0.11512328791262323,-0.19293421802926344,-0.09819656757831513,0.2067385818130643,0.14205287445020273,-0.2951237410596481,-0.009917178115679194,0.12834961100516934,0.015974845617212477,0.10071197244530444,0.05197759327937104,-0.07794259709554534,0.03537135547375244,0.25233286488620393,-0.20160230625313166,0.17943258360686665,-0.011832798980740815,0.060198867522303454,-0.09498259951981959,-0.023060567994545828,0.1882306128521125,-0.04289287665105339,0.10633409273181317,0.1278117722556259,-0.08731993622955611,-0.04198440846625114,-0.22277735461255646,-0.16744411380628788,-0.09451702556651637,0.10545275018746436,0.028466456076353765,-0.10046093066566192,0.022526075282737434,0.1332537559319941,-0.004409763160085231,0.007105533637709613,0.01471514765531627,0.027191500115840227,-0.0296900712719603,0.00847337540092177,0.01829796354193775,-0.008470288668852327,-0.00637567634616993,-0.0008062034463792361,-0.9804943791207673,0.007026201607790427,-0.007485280258220116,-0.010349209600146498,-0.0033468403711158557,0.010563953478217869,0.02121706230104914,-0.006271182046736168,0.001852397878634202,-0.005207580769503988,0.02895376984196687,-0.003497209615367341,0.013435182889365427,0.04080711795997252,0.002490001396317589,0.007342180568525604,0.011611988336533817,0.0909546239863145,0.0040274872557258595,-0.019019453991519684,0.026649478852391217,0.007069855230254982,-0.005113336012051946,0.0011076200729827194,0.009208344441255161,-0.03246670874050529,-1.2031719673968877e-05,-0.019012278263205812,-0.0027010948382210076
13,-0.10252099957102939,-0.1874544021759755,0.3043457303002874,0.15811898899444612,-0.18132903353306473,-0.12208714426150144,-0.12651638489829392,-0.20326201752767092,-0.07851669870140517,-0.07048532462564264,-0.08163829728745768,-0.0671290659835867,-0.1205817053457078,-0.07874204033533232,-0.11403538263799236,0.26423711427922325,0.08902819769524643,-0.06050287574508556,-0.13381668941934455,0.14507691799336142,0.28437885073383884,0.26454161622753697,-0.1927799998752744,0.10738692310070025,0.30973800226623444,-0.033923469013146294,-0.03437108172086561,0.018302584810129356,-0.009593470762098818,0.2205885359604907,-0.13866912326283518,0.07558185243327192,0.08969554163335516,0.44915340397796377,0.06908047183700004,-0.19176891623391357,0.13684724489383962,-0.10493508201683058,0.21616627737529828,0.07574617171138368,-0.014841336384270034,-0.08442806508402503,-0.04914514386799619,-0.1268907743126013,-0.1465160280463033,-0.023531020683774852,-0.1865751682356823,-0.05507113587564425,0.044664647348000165,0.09294782968373005,0.007656013860054688,-0.2055213599083983,-0.1282046582821664,-0.08955769246106819,-0.11614899373150998,-0.1106508026937045,0.03186004599451869,-0.02923914911179439,-0.11323801456400913,-0.01990463237870668,0.16991016252139832,0.1678965976258481,-0.05264800685191528,-0.04094005394854633,-0.0996560358459751,-0.13538043305824068,-0.024528380752150195,0.033798901238571516,-0.028961690191749368,0.11702461173084899,-0.00831732828910709,-0.0021174114200804965,-0.009047420808876121,0.03494359982997314,-0.024368920188651853,-0.006033279459886484,0.02004391353234853,0.0062709412703015315,-0.021000661041233864,-0.9804943791207671,0.007026201607790224,-0.0074852802582203466,-0.010349209600146684,-0.003346840371116088,0.010563953478218117,0.021217062301048924,-0.0062711820467362235,0.0018523978786343144,-0.005207580769503684,0.02895376984196713,-0.0034972096153673927,0.01343518288936494,0.0408071179599728,0.002490001396317638,0.007342180568525378,0.011611988336534098,0.09095462398631464,0.004027487255725611,-0.019019453991519785,0.026649478852391186,0.00706985523025506,-0.005113336012052258,0.0011076200729828397,0.009208344441255095,-0.03246670874050545,-1.2031719673911631e-05,-0.019012278263206117,-0.0027010948382211186
14,-0.24016793774228387,-0.04183963347104972,0.01550361286670752,0.07360945073312453,-0.1837149180952623,0.06785407814286604,0.1955962948125473,0.12483799880952852,-0.17249577436399677,-0.16163014995606198,0.06548062663837743,0.09905311839921246,0.03496149257070876,0.3579460438361413,0.07360042804154336,0.11084410298457123,0.3654115436027784,0.1170132566018992,-0.4511845657185418,0.03767926104514972,-0.02805887248137278,0.03673925571576446,-0.19068029425612307,-0.14580746872404995,-0.21471004830075502,0.050863736139915953,0.1938870503768403,-0.06008555622979975,-0.10097050915126542,-0.1638142515555199,-0.01599604365532886,-0.17944955888346079,-0.07179444876406631,-0.04864279568162075,-0.15151099769464552,0.18496413139112314,0.017132555248444783,0.1303268212666063,0.09011533280041599,-0.16965994778346932,-0.036156342698463934,0.09343366885482612,0.03294093919561025,-0.19121409002876655,0.1265809744051164,-0.17501119214125704,-0.07536447457157805,0.07987296608247163,-0.0362951644700345,-0.048542683218269746,0.04945280661771202,0.09731732405948186,0.03219683645174384,0.15839669447458354,0.15418119838987215,0.08336207900260865,0.035624408536109084,0.08205296791033204,-0.10064949150530185,0.18545897290089602,-0.09406221774354721,0.12063271873870365,0.05361625141578339,0.00792751440685246,-0.031661915855339756,0.06260577705452156,0.037035024540435904,-0.07231087634404725,0.01670125290591576,0.02949102392259686,0.011797929762894318,-0.01268810723711101,-0.007540748414695563,-0.0013675766629407933,0.003482416006943822,0.0008881750976718563,-0.005202063628450603,-0.011090597087468785,-0.0033098922020415003,-0.9804943791207671,0.007026201607790212,-0.007485280258220459,-0.010349209600146785,-0.0033468403711160825,0.010563953478218082,0.021217062301049004,-0.006271182046736477,0.001852397878634389,-0.005207580769503923,0.02895376984196722,-0.0034972096153674088,0.013435182889365013,0.040807117959972515,0.002490001396317666,0.007342180568525586,0.011611988336534089,0.09095462398631464,0.004027487255725806,-0.019019453991519733,0.026649478852391235,0.007069855230254865,-0.005113336012052231,0.0011076200729828111,0.009208344441255062,-0.032466708740505335,-1.203171967388561e-05,-0.0190122782632062,-0.002701094838221174
15,-0.12061225844893075,0.22185395641278557,-0.12584177104348915,0.2483320381247655,0.16060375201812738,-0.2432718178544543,0.016654388207008344,-0.41396475631019025,0.6888982569560133,-0.3142482294628783,0.024597728670963933,0.25395944235878126,0.111212926503319,0.3506532141999091,0.31639186388357887,0.11539980544878119,0.1377137547329967,0.17425063859794182,0.34554224576838977,-0.11619874859786722,-0.13217451575608932,-0.013866916854543746,0.4322810317477625,0.10901582764951981,0.11838148832649877,-0.4418471743559231,-0.22755344233386468,-0.24983976131222949,-0.17493663323045042,-0.1119180818973819,-0.06477693187335017,-0.25012973186114695,-0.2988103926990554,-0.426867495850917,-0.29855920183503915,-0.09050675050178002,0.006018678877196887,-0.20269907769193268,0.05376820553669289,-0.04918993816242774,-0.030543250678266624,-0.0983664719224817,0.08425492426032996,0.09496457806718872,0.15691791549901832,0.12937483164572897,-0.15060438706602286,-0.14519044939562975,0.06979077422520376,-0.0178595993599417,-0.03162514760449952,-0.1859679045899899,-0.10320844088690848,-0.10449112682424538,-0.05948995348232112,0.15746612823657327,-0.17113009967159437,-0.1557289604266618,0.17427605755252212,-0.06072945842951302,-0.057807076444028875,0.006823023903115225,-0.005748065793703128,0.01216167222571201,0.007002935813451775,0.04478668540462619,-0.09013939884495427,-0.10828160139606316,0.039850627414118246,0.05278244537363211,0.07278750475284705,-0.0009018064933752787,0.03213919822825371,0.028409491849852694,0.009660856910066032,0.02885611592382029,-0.008817402066801731,0.013951667671878526,0.00045179015380877484,-0.9804943791207672,0.007026201607790282,-0.007485280258220298,-0.010349209600146734,-0.003346840371115871,0.010563953478218115,0.021217062301048948,-0.006271182046736337,0.0018523978786342502,-0.005207580769503725,0.028953769841967004,-0.0034972096153674157,0.01343518288936527,0.04080711795997239,0.00249000139631768,0.007342180568525482,0.011611988336533796,0.09095462398631449,0.004027487255725712,-0.019019453991519636,0.026649478852390985,0.007069855230255129,-0.005113336012052023,0.0011076200729825023,0.009208344441255045,-0.032466708740505404,-1.2031719673927244e-05,-0.019012278263205947,-0.002701094838221195
16,-0.08661315523156951,-0.32019264781066253,0.20375069454003242,-0.06651379479516434,-0.03656085724715709,-0.07640304972019596,-0.04698649728690473,0.026786336843618894,-0.020130901581643663,0.004157159233397605,-0.1636133929809658,-0.057128489782339587,-0.07604104601903461,0.08882204162937565,0.2418732164478812,-0.06236335874729572,0.26728158723660855,-0.15252912775345642,-0.35823292039965615,-0.36185462588160716,-0.1414876578373069,0.29618981400624994,0.3041821637397319,-0.05668883910173659,-0.06802460466631034,0.06176516758551806,0.11786045976916498,-0.0034076146224740027,-0.08114668269752817,-0.21328514824661993,0.15895912780227256,0.09900112846457473,-0.04265577260457268,0.1679334195717288,0.22811906594669393,-0.40081949328959365,0.1077250941337546,-0.1597805077485825,-0.11736234081899811,-0.16764343125932343,-0.024896388755873806,0.042386709129160864,-0.19099798080035105,0.022496316857872893,-0.023592231292830345,-0.14879708137700004,0.10072219486245769,0.04973211008487718,0.011193360901614892,0.17358030773474067,0.16431487578861645,-0.16585310329784586,-0.18648745051241614,0.02799636254879141,-0.11854918754677772,-0.22751562041389442,-0.0023258261840967934,0.0916007242134566,0.16973389760994154,0.10480590918457473,-0.04853375510693174,-0.006116514775441517,-0.15970296823526697,0.030741677104904334,-0.125695049607104,0.03233422594589556,0.06879880216764715,-0.08287811938660748,-0.05331724338379358,0.01958117814470405,0.02784358878724693,-0.0012129146219873853,0.0389528653822258,-0.0367185488202861,0.020495725340901653,-0.0005584956714869634,-0.02999562831135882,-0.012377089474537781,-0.00130925675725342,-0.9804943791207675,0.007026201607790173,-0.007485280258220399,-0.010349209600146793,-0.0033468403711159997,0.010563953478218069,0.021217062301048837,-0.006271182046736472,0.0018523978786343397,-0.005207580769503687,0.02895376984196721,-0.0034972096153673884,0.013435182889365231,0.04080711795997248,0.002490001396317807,0.007342180568525455,0.011611988336534018,0.09095462398631474,0.004027487255725639,-0.019019453991519976,0.026649478852391103,0.007069855230254922,-0.005113336012052094,0.0011076200729829057,0.00920834444125515,-0.032466708740505335,-1.2031719673843977e-05,-0.019012278263206117,-0.0027010948382211464
17,-0.4519185802045486,-0.06681493576873504,0.2035835114839275,0.24338462755895637,-0.43084048833891553,-0.01830241117510116,-0.10261134230162156,-0.10682412418108539,-0.3138670820219706,0.0032254913801950157,-0.4379617511412802,0.0230095314967124,-0.08805510512972398,-0.13279698340258653,0.11416408789547075,-0.09090959771693857,0.0012831663495036349,0.09672090222805754,0.11903492744837747,-0.28557690045841505,-0.4067990145397018,0.031237352302342886,0.31076761853333423,-0.2248656148418422,-0.08231391692768171,0.09908505988783065,0.21448471167380725,0.34180733279617165,-0.08152264779797375,0.044503186424561005,-0.014988316201046417,0.002165818811755723,0.12041330208287611,0.1713229593247175,0.026186240222783194,0.019154883855802135,-0.19651679255028917,0.04922615415004289,-0.12236656813083087,-0.03806392768813399,-0.1836045660403802,0.2427144612193927,0.02225623829900818,0.13598425123550953,0.01785052294119919,0.11172892461364138,-0.12182118908834601,-0.06865565244475756,-0.028419773785552518,-0.026575935362122854,0.16198590313418162,-0.07582715394925985,-0.004990257081248491,-0.043619083592439725,-0.07555286376306458,0.0014317249326744547,0.04299860287023668,-0.009288313002454236,0.025963923450431803,-0.09076962036239945,0.012514753025992677,-0.018878710585572122,0.09875724730866796,-0.10780232718903673,0.06250537273993334,-0.07555954919371138,0.005342331849464763,-0.08922407218478012,-0.1608111835131871,0.06660679933524284,-0.04373763509426253,-0.013301970891698945,-0.018067402835501192,0.014707260100281724,-0.010199935704574954,0.001604432505403502,-0.014524045210271144,-0.00033459396160440347,-0.014787476718134946,-0.9804943791207675,0.007026201607790316,-0.00748528025822027,-0.010349209600146876,-0.0033468403711158054,0.010563953478218013,0.021217062301049056,-0.0062711820467363745,0.0018523978786342287,-0.005207580769503757,0.02895376984196727,-0.003497209615367319,0.0134351828893653,0.04080711795997251,0.0024900013963179007,0.007342180568525455,0.011611988336534004,0.09095462398631472,0.004027487255725823,-0.019019453991519865,0.02664947885239105,0.007069855230255012,-0.005113336012052011,0.0011076200729827773,0.009208344441255081,-0.03246670874050535,-1.203171967410592e-05,-0.019012278263206145,-0.0027010948382208966
18,-0.2744769044241476,0.27485228047722243,-0.1596858244814103,-0.17838412298434986,0.4065858265499763,-0.12236056865873,0.3943156661748248,-0.28997568879209357,-0.2512272271334565,0.3980678420258684,-0.15557894080157172,-0.4448372355289427,-0.03876852722289561,0.060557062790429626,-0.25450819395648216,-0.40159365248474976,-0.15974603709290744,0.2410760322824786,0.03773551334531779,0.03500481185785684,0.02171664603021994,-0.25506236384859426,-0.2346777769992607,0.06642784912833494,0.1279405980559702,0.06366278988791443,-0.2533143163416206,-0.45958107375274354,0.12323128954846452,-0.14355056771338934,0.08400687979762779,0.0914984149899857,-0.015900882421040614,-0.08643540533992355,-0.034615509962220174,0.1817034605252917,-0.13501148532050972,-0.05047896969680291,0.03826804557743432,-0.12023528190569474,-0.10375902202066695,0.1069323404542754,0.13935530731312107,-0.12419846902552395,0.047406054407247454,-0.20405520461399126,0.14306489768762543,0.025630303846624104,-0.14568557520599873,-0.15189101475401265,0.1964438789843093,-0.004175673945220974,-0.0899305536759162,-0.07087694589407992,-0.008763736915838843,-0.10593439164596449,0.033010436250141134,0.15189574168018574,0.15952472675217566,0.03390727338318649,0.0837312951546413,-0.1617469583222117,0.0828364570576947,-0.025183528284881043,0.1315215420412417,-0.07130270405664688,-0.0366925748694742,-0.04418068422117282,0.036135935406867485,0.15126750662776509,-0.028719292888169667,0.029800267107608813,0.017449291845927056,-0.05069539405379798,-0.003507781525771265,-0.010316719907243501,-0.00775108283241866,-0.017237356182960926,-0.002633093731825706,-0.980494379120767,0.00702620160779051,-0.0074852802582202616,-0.010349209600146373,-0.0033468403711159147,0.010563953478218008,0.02121706230104923,-0.006271182046736168,0.0018523978786342923,-0.005207580769503974,0.028953769841967122,-0.003497209615367591,0.013435182889365108,0.04080711795997266,0.002490001396317485,0.007342180568525632,0.01161198833653399,0.09095462398631486,0.004027487255725887,-0.0190194539915196,0.02664947885239144,0.007069855230254905,-0.005113336012052071,0.0011076200729827055,0.009208344441255418,-0.03246670874050538,-1.2031719673955e-05,-0.019012278263206076,-0.0027010948382210076
19,0.8546253754822546,-0.06170635406092444,0.29418630139942975,-0.3133483959383033,-0.20912487375141703,-0.6962672774601988,-0.1802592483772313,-0.12315533384601464,-0.00950630711208098,-0.2967505772729707,-0.10082946007293718,-0.17421186731403987,0.36639212327749465,0.16281528947470914,-0.5015259938401087,-0.22656250027965433,0.17348216378209091,0.2645627443311977,0.22065294235713837,0.10814883534420841,-0.1491876222095672,-0.240313033117381,-0.30807624384139665,-0.08242965686717411,-0.055251260254502034,-0.003813557823063716,0.1015186354689085,0.2965579543899765,-0.18409263724895447,0.1271402542861128,0.28152582961209854,-0.16571730748177688,-0.04392039171277336,0.007075692415327338,-0.3862960162068751,0.01099385691066622,0.12403721929898999,-0.1335265137820878,-0.20761748228596316,0.3833341710610333,-0.004385634408166771,-0.0666167004827099,-0.25716466700272095,0.43941651126522174,0.01883043836169682,-0.33239152851149223,-0.16374695222896918,-0.016683397204958227,-0.06735053454749373,0.0224822565224073,-0.17194084739182372,-0.3514530029196861,0.3088096453218769,0.024443125114352086,0.003084813655744794,-0.2639708196731663,-0.22466476662743715,0.07177002158265695,-0.009512724532961214,-0.04859131914949267,-0.09329967293692781,-0.0070390357450047306,0.24902758685288004,0.20245230033114492,0.11057721981416298,-0.054006930285270836,-0.026108484318755718,0.14286409594907312,0.03396809405114301,0.008273604445549433,0.1718944141043348,-0.02317558705874115,-0.012482561627110946,0.05421034668416601,0.03570004505381879,-0.06050532520223962,0.01933264965194647,-0.038696412912561255,-0.008461759243445822,-0.9804943791207676,0.007026201607790286,-0.007485280258220197,-0.010349209600146647,-0.003346840371115698,0.010563953478218004,0.02121706230104906,-0.006271182046736428,0.0018523978786343699,-0.005207580769503531,0.028953769841966955,-0.003497209615367476,0.013435182889365148,0.04080711795997269,0.0024900013963176587,0.00734218056852576,0.011611988336533857,0.09095462398631458,0.004027487255725938,-0.019019453991520042,0.026649478852391047,0.007069855230254983,-0.005113336012052128,0.0011076200729826455,0.009208344441255435,-0.03246670874050539,-1.2031719673899488e-05,-0.01901227826320593,-0.002701094838221174
20,-0.08167520129657578,-0.16239628648859591,-0.14142528907410293,-0.20351220371626721,-0.10901854698113282,0.12275022117297463,-0.38398194964590415,-0.09794002038055759,-0.2683433370670285,-0.13759516527654322,-0.01994978831814982,0.01968022401542163,-0.33842851685982367,-0.5081486265049407,0.14165962748106803,0.41157088954533444,0.40278368390630814,-0.0190062641885314,0.178609546680792,0.15093960322548525,-0.19483164891736243,0.02314951497112629,-0.42856764282106186,-0.25548083413294764,0.32370159718539165,-0.13664313963770922,-0.09555329224129812,-0.1038578964782918,-0.0031559485099071916,0.02970281399439154,-0.4595023327878017,-0.03464784220678365,-0.06231352655870826,0.43020499819034236,0.05009830328265515,-0.4507188619926317,0.1892131857236072,-0.1927209874041115,0.18160381390512306,0.10794975092972935,-0.08573432656542782,0.03238869194975454,-0.026395013653272296,-0.10716071628394795,-0.1573849899516601,-0.18814015607677084,-0.013281830125864303,-0.027595381797638843,0.029289565750452152,0.08288419266183641,0.08635571840766182,-0.12468614683832753,0.03767544936860157,-0.07662440520685748,0.07957621727335268,0.07748552751220539,0.06839558486501218,-0.08274247220638636,-0.13740812951732245,-0.011565003096878895,0.12384210740685779,-0.03786116939968081,-0.058596994066310935,-0.04764073454534826,-0.10402711746033981,-0.0275105747906591,-0.047561062672709674,0.15046720601669641,-0.05719577912616401,-0.017581409351226016,-0.057990434710822054,-0.0031119305435179418,-0.022099928945025854,0.011406114487185797,-0.020996331292667543,-0.03241282589966785,0.004436925635460542,0.014580844155644918,-0.0025370107774274992,-0.9804943791207672,0.007026201607790439,-0.00748528025822036,-0.010349209600146753,-0.0033468403711162755,0.010563953478217978,0.02121706230104884,-0.006271182046736411,0.001852397878634363,-0.005207580769503878,0.028953769841967198,-0.0034972096153672956,0.013435182889365113,0.040807117959972744,0.0024900013963178045,0.007342180568525406,0.011611988336534105,0.09095462398631468,0.004027487255725507,-0.019019453991519806,0.026649478852391214,0.007069855230254838,-0.0051133360120522095,0.0011076200729828328,0.009208344441255244,-0.03246670874050546,-1.2031719673677443e-05,-0.019012278263206145,-0.0027010948382208966
21,-0.17129098997142692,-0.0073840284998929985,0.00011187077782590279,-0.5686888686990662,0.09506254872218386,0.030469272596905562,0.08529260401690751,0.4310533991504847,0.20728868068566886,-0.09692780200597793,-0.20798723714457676,0.11125980367279559,-0.15810591993937906,0.12120067200307241,-0.036569827463352376,0.06982619974197248,0.25913750726277357,0.09223803352270081,-0.023319567604068215,0.017034996682785974,0.2669922882578169,0.04379307696966355,0.2828102128595142,0.02677310412065384,-0.10642746979993865,0.050340539634365265,0.06638948789024172,-0.10393239565267894,0.4888297036181461,0.00944547647841964,-0.24894859515108242,-0.019555606052530015,0.07993129909503682,0.1468257785985238,-0.12309423414134534,0.01938362924102683,-0.08469757854770303,0.25965415887095655,-0.2996455978342579,-0.3456889115385768,0.24425734773106464,-0.1690309617708917,-0.07101947224161198,-0.09405436370355105,-0.00019513429836096266,-0.06357892698699097,-0.03232773748061214,-0.06078470393066528,-0.03945461924153593,-0.0859316852910681,0.09808287542320478,0.19147687803586405,0.050436185439806845,0.05058409454795406,0.13126723510462063,0.10329742712478633,-0.1867428321627441,-0.06554849717677863,0.04374885097197958,0.04594061761242252,-0.09805391384164101,-0.010816740727217652,-0.08012947977730744,0.02937489837390132,0.08266557827879327,0.12112061978263976,-0.12216021565948602,-0.0014792975990221117,0.021943381099530385,-0.05391930834531484,0.013539392055786458,0.010938690534595088,0.04792997493688882,-0.03234399341400922,0.01484505911264859,0.01161495097915625,0.01223957517269653,-0.009884099537468792,0.005337855488284713,-0.9804943791207669,0.007026201607790229,-0.007485280258220586,-0.010349209600146772,-0.003346840371116006,0.010563953478218105,0.021217062301049118,-0.006271182046736483,0.0018523978786343825,-0.005207580769503942,0.02895376984196733,-0.0034972096153672336,0.013435182889365085,0.040807117959972446,0.002490001396317775,0.007342180568525608,0.011611988336534046,0.09095462398631457,0.004027487255725641,-0.019019453991519754,0.02664947885239113,0.007069855230254543,-0.005113336012052204,0.0011076200729829378,0.009208344441255173,-0.03246670874050536,-1.2031719673739893e-05,-0.019012278263206256,-0.002701094838221091
22,-0.09017109131209536,-0.0789748284704706,0.2748305404034734,-0.3289385991027347,-0.4182009168767391,-0.20558463053264114,0.023679104484877766,-0.35324382462751625,0.07848945384085802,0.19933008983812828,0.23043413540795996,-0.2571726814968788,0.04027773483815768,0.08509383191950622,0.36953307027890026,0.002069596469719115,0.28961211364702516,-0.0716289731826468,-0.10683214949754323,0.4113110632438046,0.11974930429014337,0.2398555550060276,-0.12016820782232279,-0.05118851058450707,0.02739142672808506,0.14277242445250313,-0.29532717238031214,-0.010304405863042576,-0.10399938588800377,0.2721480150651212,0.13762680203506517,0.12328514708212107,-0.07595926469972103,0.2719445353486515,0.08565488007001483,-0.01625828306465116,0.3552801758714814,-0.2721324010465816,-0.011584337339219819,-0.37640456957753676,0.06399077306245109,-0.25908344777237297,-0.12032150132128942,0.1717792074327491,0.1774072807219701,-0.12164524911631806,0.1322254187352681,-0.2402767990271179,0.28410147345617537,0.21590195449380892,0.08584022459442528,-0.004807511702010608,0.07647387584854795,0.05069392071288748,-0.027729443242856523,0.1509644051808374,0.10900363869371328,-0.012975270031569395,0.093749727521382,0.1377297567391027,-0.16694587312949172,-0.013154941707630853,0.07424489971410418,0.10810423273318821,0.03883952367291839,-0.16122962478521977,0.07177772071286373,0.06861002803073325,0.05852692142251064,-0.0030866640219364815,0.01741792559491372,-0.007759204493695728,-0.021625861896166526,0.00746920156019965,0.005224823099600463,0.025123225704447652,0.02423721927684501,-0.01817213928046421,-0.005556783140967644,-0.9804943791207671,0.007026201607790078,-0.007485280258220565,-0.01034920960014656,-0.0033468403711161923,0.010563953478217992,0.02121706230104875,-0.006271182046736439,0.001852397878634349,-0.0052075807695037704,0.02895376984196715,-0.0034972096153676425,0.013435182889365172,0.040807117959972564,0.0024900013963176236,0.007342180568525607,0.011611988336534148,0.09095462398631453,0.004027487255725697,-0.019019453991519785,0.026649478852391283,0.007069855230254935,-0.005113336012052027,0.0011076200729827357,0.009208344441255206,-0.03246670874050548,-1.2031719673955e-05,-0.0190122782632062,-0.002701094838220952
23,0.09767883314322437,-0.06861253084926318,0.07538266879911734,-0.40702993422067507,0.005936060201596397,-0.2331879555263298,-0.12605309230725684,0.11690979014200488,0.2508641503646267,-0.10405086473849724,-0.22298923948143304,0.3308016523194295,-0.14516240134894695,-0.019154416724848435,-0.43496481607759724,0.3075269376987215,0.25494257758202316,0.018601938031477847,0.09227288767461717,-0.14566030883456663,0.07016015721778812,0.1424741227671622,-0.014802777848585727,0.06938831370137244,0.46345035769688697,-0.3105790645751644,0.16591298442641192,-0.022321056046426934,0.4096281804612789,0.13032889182168142,-0.01734457687256048,-0.05193698788117505,-0.2306989339896256,0.04016635882761651,-0.05943035710595204,0.21924808733976817,-0.04422903894737878,0.31507930003871293,-0.08882076212253488,-0.0802948807977059,0.06424751400870096,-0.18543271253815982,0.10027072083798244,-0.048968375092141574,-0.22265459085537462,-0.017948825742273442,-0.3186732233386113,-0.039337457738416244,-0.01729589557815593,0.06076291479754435,-0.024087768036836488,0.10212122508054775,-0.05606717678247203,-0.16036763630869935,0.19440603988969854,-0.04052487750911096,0.09441682661072841,-0.043639137837400074,0.02285113625694324,0.17231275304519889,-0.04940096215082052,0.009600931584726115,-0.12315849153621619,-0.008804526020595258,0.115989860156066,0.09491640197177736,-0.003221413264001609,-0.005634629684957517,0.0712688034155687,-0.018838116730379256,-0.009718765904273693,0.005671783264740534,-0.09151325837381984,0.01886704654746794,0.007047722408650189,0.01491276898774469,0.0044288656761743315,-0.02092629292837793,-0.013398031221769103,-0.9804943791207673,0.007026201607790321,-0.007485280258220555,-0.010349209600146795,-0.0033468403711159286,0.010563953478218145,0.02121706230104895,-0.006271182046736404,0.0018523978786343144,-0.00520758076950401,0.02895376984196703,-0.0034972096153672956,0.01343518288936503,0.04080711795997258,0.0024900013963179016,0.007342180568525489,0.011611988336534014,0.09095462398631463,0.0040274872557258335,-0.019019453991519764,0.026649478852391117,0.007069855230254838,-0.005113336012052307,0.0011076200729829369,0.009208344441255178,-0.032466708740505265,-1.2031719673732955e-05,-0.01901227826320624,-0.002701094838221202
24,0.15952250625945258,-0.5045053460992281,0.18703987279413267,-0.26167261977041517,0.13169428110994927,-0.013812844488079646,0.05796708768386377,0.0741978839552127,-0.05966766413216689,0.03920580530480008,0.31574309195959827,0.13751317384715833,0.33470430593935857,-0.11369064779661578,-0.08992062408144995,-0.1628763757135223,-0.04051470090229432,0.024976956688245545,-0.29078844532671594,0.03487354860664144,0.04854618150710597,-0.3308981759754262,-0.1539903742335355,0.0031233147230152335,-0.17196928805559494,-0.007855591269103086,0.2826233719455833,0.08261121193260189,0.07006115828612598,0.08368437940014294,0.1028952023590094,-0.05778016904524932,-0.3726713247355112,-0.1377448935751747,-0.09733027559364749,0.038468276718381114,-0.08619085882285632,-0.30081462576009205,0.06436021988564816,-0.030499127575652017,-0.16872874975850807,-0.033157700286350046,0.13069426203899429,-0.19367735861653396,-0.036935511169836156,0.10422523065860323,-0.09836604805258163,0.0036627888848977533,-0.16639670938924356,-0.03135691785581535,0.062165794803088446,-0.07271578324532903,0.07640543227437781,0.045007831707825845,0.08426647545302124,0.011815818268914459,-0.02364623353190448,0.011678545963770314,0.15579288515414932,-0.18826229441749917,0.07885973067016776,0.012299451222156893,0.05351091291088687,0.21675291852728756,0.15056865117158863,0.0815446812659978,0.05372693755953959,-0.017090746604574967,-0.0349078366804241,-0.05382572827720966,-0.05898190870592918,0.017458977168567955,-0.02170520365644867,-0.03516111169653613,0.00521968362255917,-0.01502733295849276,-0.0038481663489485793,-0.006034139896390055,-0.001812744769470711,-0.9804943791207671,0.0070262016077903555,-0.007485280258220116,-0.010349209600146703,-0.0033468403711158783,0.010563953478218126,0.02121706230104891,-0.006271182046736321,0.0018523978786343421,-0.005207580769503462,0.028953769841967052,-0.0034972096153675037,0.013435182889365287,0.040807117959972605,0.0024900013963175547,0.007342180568525704,0.011611988336534002,0.09095462398631454,0.004027487255725841,-0.01901945399151986,0.026649478852391075,0.0070698552302548585,-0.00511333601205227,0.001107620072982798,0.009208344441255074,-0.032466708740505446,-1.2031719673843977e-05,-0.019012278263206228,-0.0027010948382211464
25,-0.41332896751012266,0.31417124152682613,0.2266163513798638,-0.1009340313755794,0.05809621813114796,-0.28288471291267364,-0.03563603555521983,-0.294181323003538,0.18267069331801386,0.49297677631979464,0.18367933163351124,-0.3444432322701876,0.24550675427659366,-0.04319839428837336,-0.13768764635309663,0.18297300269149983,-0.2729809901644195,-0.02752272553119367,0.16004350936184703,0.056607507740587856,-0.18050851534677267,0.052838305973281804,0.19340351779587941,0.11470624878626061,0.03315707215340195,0.1416835870761033,-0.07668783000891556,0.16885593482603925,-0.058162841789974544,-0.11256459988040021,-0.04601772054203023,0.12605337705037487,0.029176554224189636,0.1115609747732927,0.04358867462123137,0.1808807670982027,-0.11968700394330625,-0.06421257419736297,0.12642882525523974,-0.1872662679372245,-0.07247761930664359,0.03080201687009668,0.10684903905151219,0.14766943413273426,-0.006740075122227541,-0.10536423163585938,-0.13143384603425345,-0.3908604942150296,0.12187832533473941,0.13640286121436998,-0.2156354638043227,0.1086972425307269,0.14752335319175464,-0.10517523655252352,-0.19586093460252005,0.06811464817006194,0.049689823298313326,-0.0849971276462268,-0.02445260785072171,-0.027600727280501065,-0.0119089786635868,0.1383055230712212,-0.06318307543304126,-0.03556102779370845,-0.22398594224558552,0.08218245190707775,0.18895103500549448,0.03446797560436035,-0.015099359811038401,-0.017925055832948657,-0.026080488041256147,-0.022586064411570655,0.06038298493031774,-0.01610795071897055,-0.0016748898302510267,0.0036885796313805134,-0.010837482417575817,0.004874074634849164,-0.008677302006599783,-0.9804943791207672,0.00702620160779005,-0.007485280258220419,-0.010349209600146443,-0.0033468403711159563,0.010563953478217957,0.021217062301048917,-0.006271182046736286,0.0018523978786341756,-0.005207580769503673,0.02895376984196731,-0.00349720961536749,0.013435182889365242,0.04080711795997245,0.002490001396317714,0.007342180568525753,0.01161198833653387,0.09095462398631468,0.004027487255725739,-0.019019453991519778,0.02664947885239106,0.007069855230254928,-0.005113336012052215,0.0011076200729827148,0.009208344441255376,-0.03246670874050542,-1.2031719673955e-05,-0.019012278263206325,-0.002701094838221174
26,0.01152482012881413,0.04422161938979202,-0.16193166734842748,0.09166492680705653,-0.6033585854358167,0.5100699968223192,-0.21102141546950248,0.015574635785636413,0.5717335214324283,-0.12800785677634538,-0.3665631707546385,-0.4213915123979415,0.3832231279548733,-0.36570492766903345,0.12988688464998843,-0.24738196345927735,0.1422626194187868,-0.08458667460754944,0.05788833079684393,0.26294759676047186,-0.14278012587593736,-0.2953348885357196,0.18180976325860318,0.44135109438676834,0.41489680740109736,0.09873816719003518,0.18099950679841428,-0.09510912908494495,0.05423737984360212,-0.12921822555959625,0.6238330624532922,-0.07924143682629955,-0.02788777701335359,0.4047906764960766,-0.03064190316637531,-0.1441278800812938,-0.10395794832328788,0.06012590872657964,0.621847799022198,0.2870077491274019,0.29927718266368536,0.0521186994254057,-0.0015840278848578714,0.3532643562130693,0.09831151659702697,0.04974167385685069,-0.1757485876419904,0.18363974643403563,-0.1751809827718648,0.04031121878253937,0.126350586582772,0.18527569538946104,0.11510281923029671,0.15316954613697809,-0.077567109831852,0.023348580432702704,0.27628581340113084,-0.23948158205421913,0.06269940764631332,0.17369589841178254,0.13028868869701568,-0.016627369802489116,-0.24032235402885674,0.0137405128853271,-0.11596262564838251,-0.06140061731492766,0.1338362309292724,-0.02045476443051626,0.046553457019389434,0.03723730604185691,0.012624707448428064,0.004817777059912981,-0.02864727307075835,0.01526285632874486,-0.01080587046121003,-0.0018397864551369049,0.006817537296219238,-0.0005871401250189134,-0.008428743340777973,-0.9804943791207675,0.007026201607790487,-0.007485280258220166,-0.010349209600146753,-0.003346840371115925,0.010563953478217964,0.021217062301048903,-0.006271182046736043,0.0018523978786343283,-0.005207580769503743,0.028953769841966872,-0.0034972096153674343,0.013435182889365294,0.04080711795997252,0.00249000139631786,0.007342180568525725,0.011611988336533966,0.09095462398631438,0.004027487255725785,-0.019019453991519834,0.026649478852391297,0.0070698552302553026,-0.005113336012052265,0.0011076200729828293,0.009208344441255019,-0.032466708740505425,-1.2031719673830099e-05,-0.01901227826320613,-0.002701094838221202
27,-0.08816551035465935,0.046375007952294815,-0.15671993725910377,-0.009560108604354136,-0.5434488859296969,-0.03567287854238787,-0.07080983191735989,-0.0987139658773405,0.20131239414572244,-0.0757849469901458,0.0960662979823357,-0.2686537995291588,0.17472509164615074,0.1761097697140749,-0.0629808503027089,-0.12190323401628655,0.27425917690919893,-0.21860948698088625,-0.13758278603331645,-0.39865002291795887,-0.1265895129772107,-0.0450316482808178,0.12935283065647823,0.1398161542655261,0.16401344170377716,0.022306643625918162,-0.026084397932231235,0.037216409591538234,-0.049400726811633926,-0.041764105389367534,-0.07063579005729935,0.1853259917767536,-0.2075887214488447,0.10653798124019007,-0.013335539671828106,-0.2247876037823729,-0.04650584817788009,-0.058227116923871024,0.01742367313535039,0.07402109050360495,0.1206754897783421,0.06103443769371398,0.19171748871921404,-0.12150935383876281,0.08784894220986204,0.12659982038106277,0.16446600146877685,-0.05667021200750543,-0.03403734374979277,0.018419379568193117,-0.04595674389311606,0.020816009572313325,-0.021519662675696067,-0.016675353198910146,-0.08863404921647501,0.023429363841091025,0.04262503847478252,-0.11399836204535956,0.009886473793834227,0.0020525122144905246,-0.0017082201291148706,-0.0028180872463201534,0.021924278259170413,0.10385362422562258,0.0367765487887843,0.04010234017930356,-0.02661282095918343,-0.02364492480913431,-0.011111031667222864,0.009142680658579955,-0.030799517477641956,0.0017354710614242346,-0.004359721094906688,0.006680794835406664,-0.009741249852435185,0.005331686650379168,-0.0013610093381466572,0.014494760733171996,-0.0005504029604070669,-0.9804943791207674,0.007026201607790217,-0.007485280258220389,-0.01034920960014677,-0.003346840371116019,0.010563953478218029,0.021217062301049007,-0.006271182046736369,0.0018523978786344185,-0.005207580769503666,0.028953769841967073,-0.0034972096153673233,0.01343518288936529,0.040807117959972605,0.0024900013963178274,0.00734218056852551,0.011611988336534013,0.0909546239863145,0.004027487255725775,-0.019019453991519917,0.026649478852391034,0.007069855230254796,-0.0051133360120521314,0.0011076200729826975,0.009208344441255067,-0.03246670874050542,-1.2031719673843977e-05,-0.019012278263206117,-0.0027010948382211776
28,0.2791615695028501,-0.6123492628252609,0.14436732135613753,-0.3538826720570509,-0.2579669121262404,0.1662132495175087,-0.3197453376134588,0.6191783068485952,-0.30307547985033506,-0.12185493533611512,-0.14902542910290578,-0.09465259789152673,0.2136199389139402,0.4812824421153794,0.22609317838002216,-0.41176376203405074,-0.39506778109561996,-0.2032326174048855,0.24332157606682553,0.2513457288543712,-0.12580325103748174,0.18459657392024595,0.14311999655703822,0.2126459608521557,0.19861651071534359,-0.058943111359378575,-0.0637326737544587,0.2829798507451608,0.0746412269763189,0.060251458062987324,-0.19807957296288098,0.14784080167428307,-0.03162247144958353,0.06895220966638274,-0.18957222665397447,-0.43524691938163873,0.4426755182699782,-0.31557246544949746,-0.006293341169781184,-0.08172860833108572,0.1263074271456573,-0.022494912595407573,0.28001225491426396,0.003656358894605488,0.1066075872752388,0.10399580509623174,0.08016421782652842,-0.10394381797497124,-0.05586390290738969,-0.021802001428807782,0.09653753120903731,-0.001842809559585519,-0.036324167006450754,0.0688384047061093,0.12412176537948785,0.01231838052633939,-0.09431993200200875,0.0013427044188806152,0.025613327384327242,0.05406024225723865,0.02308222660097585,0.08438685074902427,0.052735939755159895,-0.0806364283022469,0.05985896356423506,-0.09317610333701459,-0.04825320411895634,0.04721142334909533,0.04666456094609239,-0.012654895336871043,-0.005283683250553407,-0.008187451806937932,-0.00814395994253865,0.02962649481960112,-0.007562042156722843,0.023207476131798466,0.016119859051200346,0.013637691564287586,0.0014253202601270235,-0.9804943791207672,0.0070262016077902376,-0.007485280258220201,-0.010349209600146821,-0.0033468403711159563,0.010563953478217921,0.021217062301049097,-0.0062711820467364985,0.0018523978786345317,-0.005207580769503724,0.02895376984196714,-0.003497209615367348,0.013435182889365332,0.040807117959972626,0.002490001396317876,0.007342180568525544,0.011611988336534144,0.09095462398631445,0.004027487255725551,-0.01901945399152006,0.026649478852391013,0.00706985523025489,-0.005113336012051941,0.001107620072982865,0.009208344441255316,-0.032466708740505494,-1.2031719673871732e-05,-0.019012278263206048,-0.002701094838221086
29,-0.2501283232119713,0.19893104103944143,0.31536097445051403,-0.2843623826165976,0.19315949184066336,-0.2664209221953654,0.04777547784334801,-0.09466255640226241,0.036504212139504125,-0.04750798669690667,0.044212689359168666,-0.29967372961604094,-0.3174469067827019,-0.0017398178322098508,-0.18418096157023287,0.0950299510368636,-0.0600310097393913,0.2679517162480968,-0.1617241735552145,0.28481533759157024,-0.12114543746564076,-0.3517853615568693,-0.26425399424247636,0.1724289563561547,0.07129867149866809,0.10332053893279292,0.15297548373313904,0.014776855191420007,-0.48918962826700985,0.22863222879981435,0.012955376472111528,0.18471199553200798,-0.039381040613533445,-0.12206382544788892,-0.1678626567814222,0.11263336300907668,-0.11655302976194191,0.05004084166407681,0.05488241340584332,0.00964511384319912,-0.12834348131113624,0.023420617943703256,-0.09012384784488753,0.10047410428060827,-0.14768653881910565,0.11263433172959918,0.1595218474444065,-0.015504051666866123,0.25391394160166325,0.21455418222724354,0.10592681550085031,-0.054823838175187614,-0.13160913451689807,-0.10687614437973873,-0.0660239465669859,0.0024143610699749567,0.0387485857235052,-0.16703757229170335,0.08957104529983018,-0.007473302053540997,-0.0626635548809318,-0.04951680464863072,-0.11337276243511557,0.03354602245082827,0.02724379425991768,-0.0472978575951423,-0.07534823998650016,-0.06501303939816268,0.04142142594553716,0.02456453472880485,0.050927743891966325,-0.009697947974154358,0.10940095294919605,-0.03535837521348666,0.01752805189500841,0.036797459471921014,0.0002777954270922956,-0.010125942069424536,-0.00718762732103266,-0.9804943791207672,0.007026201607790321,-0.007485280258220419,-0.010349209600146606,-0.0033468403711159425,0.010563953478218145,0.021217062301049066,-0.006271182046736258,0.001852397878634238,-0.0052075807695035345,0.02895376984196715,-0.00349720961536749,0.01343518288936513,0.04080711795997248,0.0024900013963173443,0.0073421805685257874,0.011611988336533858,0.09095462398631479,0.004027487255725774,-0.019019453991519605,0.026649478852391117,0.0070698552302549695,-0.005113336012052128,0.001107620072982642,0.00920834444125523,-0.03246670874050542,-1.2031719673982755e-05,-0.01901227826320606,-0.0027010948382210076
30,0.7762341849675839,0.551044708490332,1.0603299143106464,0.1484855999160687,-0.11970845143870235,0.285673267395243,-0.08396224030331542,-0.03897828673874114,0.05501177148988459,0.33265659549342935,-0.1067112994701276,0.18316371372592227,-0.022400955239259644,-0.03543681983006827,0.42917324059039696,0.26354323077765957,0.5069786345590985,0.24328429178412808,-0.14081753788561258,-0.215526464161952,-0.09469302704950532,-0.08623349113625961,-0.3007830512621989,0.38498404151702,-0.25588242575705766,0.169772520206983,0.01565506874221818,0.16717133892975142,0.20217600869628832,-0.027143474568302697,-0.07860592094126681,0.2538763927448483,0.148079295732721,-0.3305423148572859,-0.024020228641814665,0.12026081880362507,0.10830346708368314,0.1620578038366997,-0.15498516039741844,0.05269534480430656,0.07301653853219252,-0.2312978216361096,-0.07573096230181695,-0.12044310712580504,-0.0643868051931215,0.008887459290508085,0.2840761376403246,0.003393206416680978,0.09551538951178601,-0.15004445499952498,0.051136851073025825,0.02529576075542135,-0.07428949196826938,-0.3049116844627383,-0.16751626795658545,0.12790936095777464,0.1238358620879005,-0.09675840001506004,0.0077304277548963796,0.0038869054710479163,0.04603171922405813,-0.07299436071708588,0.019367614295932267,0.06561528931209276,0.037612008783383485,0.05169215060021907,-0.014521278408438509,0.2706179006047888,0.2273924448361902,-0.08981909652411842,-0.08574427721620853,0.006521369820135339,0.04655186581531101,-0.07442515083644119,0.01042686536276436,0.04698408973024198,0.024486698910878547,-0.02528862027878314,0.004477785513241582,-0.9804943791207668,0.007026201607790276,-0.007485280258220435,-0.010349209600146682,-0.003346840371115965,0.010563953478218015,0.021217062301048806,-0.006271182046736494,0.0018523978786340021,-0.0052075807695037045,0.028953769841967198,-0.0034972096153672748,0.013435182889364957,0.040807117959972425,0.0024900013963176522,0.007342180568525378,0.011611988336533933,0.09095462398631461,0.004027487255725619,-0.019019453991519806,0.02664947885239106,0.007069855230254734,-0.005113336012052121,0.0011076200729826316,0.00920834444125492,-0.03246670874050529,-1.203171967363581e-05,-0.01901227826320609,-0.0027010948382212158
31,0.2241548707874831,-0.5097644949296128,0.38623995802046734,-0.3523182030003354,-0.25463858815888474,0.08381313484703366,0.22597387958371384,-0.2227523661886831,0.16091025131704753,-0.13800662011197382,0.25599223369807306,-0.5572208282976971,0.11149912544615445,0.10877510697215903,0.3198962670134406,0.2452375620595479,0.054010519391559125,0.05374125588464107,0.04239675724395723,0.011546497883512448,-0.1843067743990833,-0.03421314300669123,-0.2797163564969962,0.0025799851537787826,-0.24910413121532557,0.2748669690590375,-0.06976424766884082,-0.02695276661539484,-0.04879093003405526,0.229662741775889,0.11567577099569928,-0.09157740919867115,-0.23512876809488187,0.05156526124525068,-0.06267800553723597,0.14374327915448,0.344563849426364,0.1307456176422403,-0.14222949450778644,-0.01703260547948435,0.2826776766286962,0.005469447183585281,-0.005345241416023621,0.08234449194044803,-0.006578409725992935,0.146224397704802,-0.09564003567858971,0.16151752750636564,0.28445173023972187,0.10581976907808519,0.26224902082461327,0.0367333101719263,-0.11757905074789421,0.08417486370769257,-0.12570756378802264,0.00488771624847324,-0.19002365479787287,0.2554086696004817,0.2165246204836762,0.09742848699166566,0.2837682733586263,-0.05756203758792697,-0.013578716284488363,0.00461803762378205,-0.04125127635410917,-0.10646376965765884,0.043852445637531094,0.014975324828610236,-0.07199302588412557,0.1495093323930823,-0.042295795795155286,0.01008120386622301,0.024437127187216245,-0.03019658456499669,-0.00027544426008779853,0.022106400195122083,0.02277847162231742,-0.02897058727094267,-0.015182446301222634,-0.9804943791207675,0.007026201607790154,-0.007485280258220444,-0.010349209600146668,-0.0033468403711159477,0.010563953478218088,0.021217062301048806,-0.006271182046736602,0.0018523978786342034,-0.0052075807695036004,0.028953769841967025,-0.0034972096153673997,0.013435182889365158,0.04080711795997252,0.0024900013963175165,0.007342180568525621,0.011611988336533943,0.09095462398631464,0.004027487255725841,-0.01901945399151975,0.02664947885239127,0.007069855230254983,-0.005113336012052215,0.0011076200729828259,0.0092083444412552,-0.032466708740505376,-1.2031719673830099e-05,-0.01901227826320613,-0.0027010948382209243
32,-0.2024333127689872,0.10351928474045713,0.048997072304914756,-0.34868103929588784,0.025538390186460497,-0.14413352062966414,-0.10578989586055941,-0.06483638963664719,0.20974118442584838,0.21542334883666556,-0.24267562894136066,0.1974078910858737,-0.04268997721585726,0.19323911596496468,-0.2255778130233321,0.33398316819402546,-0.05499839409247927,0.13625517469528053,-0.21424140912993436,0.019050161629222333,0.23410427096288275,-0.2289513011413381,0.0372560825651521,0.17801753374054227,0.04608059090530386,0.1327722619717274,0.22479031203022504,0.17426147890210825,0.33430455464055464,0.33572773300787473,0.011262160277960082,-0.17623604364764286,0.0789841178039872,0.22285638110081676,0.1900892824271534,0.02399917959851043,-0.07343477387755559,0.20642517373416944,-0.09489545011700329,-0.1634975422014198,-0.08902235055810166,-0.10294046998069532,0.08721523442299793,0.046948225939228545,-0.15649293117981353,0.03976800994937791,-0.029325557056969792,0.06325812879465072,-0.08586206797709905,-0.08251115787799793,0.10327479480421024,0.11494011341992304,0.019561075137195235,-0.0393892221032758,-0.08516280144859231,0.03200981004694238,-0.20130302194829428,0.08228314263126635,0.15870759032537043,-0.11039412355514121,-0.02019581460099826,0.12258910724043769,0.03702636705462026,0.025028235814236962,0.09605499964448394,0.0504325814355974,-0.08424285970156023,-0.14634621787513427,-0.15851457596610355,0.04600320374974881,-0.038407607802441325,0.010815288423926761,-0.057064293561256266,0.0033537567861379918,-0.008606026417827407,-0.02288063807087294,-0.004748061599047595,-0.009642513967008536,-0.023736593761577936,-0.9804943791207673,0.007026201607790203,-0.007485280258220501,-0.010349209600146682,-0.0033468403711159355,0.010563953478218235,0.021217062301049076,-0.006271182046736425,0.0018523978786342311,-0.00520758076950376,0.02895376984196724,-0.0034972096153673927,0.013435182889365033,0.040807117959972564,0.0024900013963176895,0.00734218056852542,0.011611988336533888,0.09095462398631461,0.004027487255725801,-0.019019453991519674,0.026649478852391172,0.007069855230254817,-0.005113336012052145,0.0011076200729830826,0.00920834444125523,-0.03246670874050542,-1.2031719673968877e-05,-0.01901227826320627,-0.002701094838221174
33,-0.0908554219956428,0.18276718326553765,0.2743136021850321,-0.11971884125492946,-0.1665668752306413,-0.23451391697768287,-0.045989316918616074,-0.09710677124619348,0.49336938926248847,0.16378970404117954,0.010047459001535938,0.2537094340607361,-0.019959120670611796,0.029495460113985007,-0.3072946366951607,0.19584760377181523,-0.11104492604440663,0.23244564779553872,0.23375004512867484,-0.24562470108123993,0.006062154480883712,0.32449709482097944,-0.1814369456010199,0.023840555384848625,-0.031538709386784804,-0.333819418478005,-0.37334288176246566,-0.08967184601501027,0.11450980588813489,0.01851854990107625,0.09446004550559937,0.09362549508116974,-0.2019549392046264,-0.20476527826395916,-0.15439946025876067,0.03767343452321515,-0.0501211461361824,0.20189591656471037,0.026372641726232354,0.049916479747440685,0.10344489585515074,0.13244037919497692,-0.061345630357135875,-0.12129908309143766,-0.07103948587632761,-0.15479007048689658,0.08418452252046651,0.10409574702623163,-0.21107392018426074,0.013913491747498464,0.13919643634244536,-0.032956319680048474,0.17661404895245444,0.3194696560412274,0.10141927419648222,0.21653956434271196,-0.025479739591982555,0.1322437932934752,-0.019046668407191287,0.06062494943149352,-0.13540620239405854,0.18662218801755426,-0.1617758008251356,0.014255366769737599,-0.04262810249968454,-0.08651775873229636,0.19480861103748714,-0.00034439735938683,0.032182537716794336,-0.09349788148727814,0.04003242631810743,-0.006712311950838394,-0.002370451636307145,0.010560901479780813,0.010947091538274369,0.007444369787219669,-0.0006341014522472037,0.003340244592213248,0.0010556914262037976,-0.9804943791207676,0.007026201607790258,-0.007485280258220307,-0.010349209600146752,-0.0033468403711159286,0.010563953478218013,0.021217062301048965,-0.006271182046736286,0.0018523978786343005,-0.005207580769504034,0.028953769841966976,-0.0034972096153674343,0.013435182889364825,0.040807117959972564,0.0024900013963179203,0.007342180568525503,0.011611988336534021,0.09095462398631478,0.0040274872557257944,-0.01901945399151968,0.026649478852391353,0.0070698552302548515,-0.005113336012052135,0.0011076200729827287,0.009208344441255206,-0.03246670874050532,-1.2031719673871732e-05,-0.019012278263206228,-0.0027010948382212158
34,-0.18378420666003123,0.08880202325036096,-0.015038383910725879,-0.14748673367934437,0.09205018582251275,-0.18902257438843578,0.24686392277424837,-0.13967715903290598,-0.016235509265283107,-0.390128319793633,0.051792036733772015,0.04220665942902069,-0.2528397824478074,-0.19850728614400864,-0.046254396512148716,-0.2105345513715663,-0.29335608605953784,0.14333673143125375,-0.19262345296953878,0.021688575998611723,-0.4016598001604978,-0.03128402474893982,-0.06496663868663304,0.08172913717327078,0.06282271746424635,0.20711071278731233,-0.1598864029768169,-0.16028368378139443,0.3510337862196032,0.0293038925645163,0.13595355017649435,0.13014989286530693,-0.09150338615274269,-0.12768651561516542,0.05845434206146556,-0.12288240079281582,-0.1485155123095693,0.1301263669302049,-0.09467830524472176,-0.11318249635983377,-0.05579944141453368,-0.020295224649636245,-0.20582753561087203,-0.09863922114782392,-0.05220620860261246,-0.015284730975291292,-0.055092468187551626,-0.031317559353755665,0.03571441630512805,0.22273281058127845,-0.11882191195276184,0.03734498199564574,0.005288724077155356,0.06417960871230069,0.21564101980122458,-0.0389672032731697,0.14268714853460582,0.12000076272245476,0.009786768437076794,0.0407992253714962,0.09252337098417622,0.05588669605869077,0.08454236645645831,0.08262354220548598,-0.026363944060604584,-0.11913126952188609,0.035965667988384936,0.052658119985328475,-0.11766143529750933,0.05839833505721452,-0.04184200285942614,0.013133947884153134,-0.003024132332171418,-0.010358845231283846,-0.008530589936570611,-0.01639117688198963,-0.0089009412608845,5.140268818715347e-05,-0.002076015874015217,-0.9804943791207673,0.0070262016077904475,-0.007485280258220546,-0.010349209600146713,-0.003346840371115788,0.010563953478218103,0.021217062301049073,-0.00627118204673634,0.0018523978786342426,-0.005207580769503826,0.028953769841967063,-0.0034972096153675133,0.01343518288936519,0.04080711795997263,0.0024900013963176752,0.00734218056852558,0.011611988336534087,0.0909546239863148,0.004027487255725708,-0.019019453991519764,0.02664947885239128,0.0070698552302549565,-0.005113336012052212,0.0011076200729827825,0.009208344441255026,-0.032466708740505446,-1.2031719673913366e-05,-0.0190122782632062,-0.0027010948382210354
35,-0.031635729106513195,0.021921142484167752,0.02370965896634505,-0.13664881911189566,-0.08876403175384265,-0.24477324834815198,0.2757141714375203,-0.03404959371920428,0.04840112516587404,-0.2829144626337609,0.12056206429863232,-0.2749556618288205,0.045284443042488354,0.0066699278044894394,0.16502134051415196,0.07509978852400787,0.43237633730355557,-7.643235602860466e-05,-0.19524866461680812,0.19453039773304956,0.03127208780393698,-0.1425554306383329,-0.05455761660602994,0.0607774776328321,-0.09763466254872083,-0.130209977531331,0.01602436795762302,-0.028467363477162767,-0.011841112516156443,0.007517396574144367,0.09058875823749411,0.17033318693430058,-0.03545879590037573,0.04478004768921366,-0.01610955114650277,-0.2115987128211088,-0.032587394299213444,-0.1731307418916811,-0.028270852094170674,0.07468343028552926,0.02325600686376502,0.15339048734427743,0.0507923307197656,0.008509957519932089,0.020722985839691104,0.2574999591323975,0.11271991858207227,-0.038733576786111605,-0.13713868126276663,0.20392377138855833,0.05123835052980542,0.2984018379883025,-0.03221035488821362,0.1922308620153816,-0.0011169456149581756,-0.15169842600234912,0.08967265808712589,-0.04453477494010823,-0.1056506818091945,0.07304734293612437,-0.023171676915492653,0.02091327334398975,0.11807571604692453,0.037785576137578304,-0.0012510679259145482,-0.09575816912793172,-0.023886012941232816,4.861208769694597e-05,-0.03992814130945358,-0.007051023711296884,-0.018045910764560986,-0.012851062258934709,-0.04936739322076069,0.03139438832722721,-0.01217974010732812,0.001014474510720209,0.003104552725729368,0.010695419894318959,0.004174249431768037,-0.9804943791207673,0.007026201607790272,-0.0074852802582204125,-0.010349209600146821,-0.003346840371115998,0.01056395347821809,0.02121706230104903,-0.006271182046736425,0.001852397878634356,-0.00520758076950358,0.02895376984196708,-0.0034972096153673927,0.01343518288936513,0.04080711795997259,0.002490001396317594,0.007342180568525649,0.011611988336534103,0.09095462398631458,0.0040274872557256765,-0.01901945399151973,0.026649478852391172,0.0070698552302549695,-0.005113336012052093,0.001107620072982649,0.009208344441255123,-0.03246670874050539,-1.2031719673774588e-05,-0.019012278263206145,-0.0027010948382211464
36,0.08384219965918635,0.1349042462917973,-0.36497664451567574,-0.4962126108393412,-0.14710586651161933,-0.2513116119166282,-0.3601925101034067,-0.32775428518723515,0.00010739148051882683,0.13755529778680303,-0.13826972894100217,0.3991898956230792,-0.07426871507639958,0.018825535819992956,-0.27101536196368237,0.16870601769655294,0.2860179733981604,0.10419321073859905,0.17237261132233006,0.1735888088771464,0.17803345858809408,-0.039120998451874535,0.18638089354595894,0.17983226041669673,-0.004341127466225227,-0.49997378700188966,0.04257771892878909,-0.021185461962758282,0.16615873162581934,0.31931049943941575,0.18140428119198668,-0.22582143310000546,0.007417498022821588,0.3204333447401882,0.30639051783589055,0.1484737899187797,-0.004378927906358028,-0.12039220889006287,-0.14368806609710053,-0.0790041221533915,-0.08983133165592555,0.03968108067457703,0.09570234381147888,-0.15788231472049782,0.23658286474142856,-0.09849871135837307,0.12220407697210646,-0.19972781124320188,0.013460876716008202,-0.2082206383202105,-0.02618460043221621,-0.011777116699187578,-0.21117317820762058,0.18199850066082063,0.33499557290220366,0.01591977607787175,0.13998710209985757,0.04652478276978424,0.18907287160380568,-0.044417913080141376,0.021483067387770442,-0.19406588752519052,0.018135566977298716,-0.043856045293910524,0.14999045852226525,-0.014915353340384773,0.0961169056508497,-0.040336642047157666,-0.15352119765383723,-0.06929656172078681,-0.07592054704474499,0.004048464140155902,0.0923294905440542,-0.08918277674252668,0.015649888225319347,0.009443216447205622,-0.005152089177182095,-0.01367038598305355,0.009886556550456546,-0.980494379120767,0.007026201607790307,-0.007485280258220418,-0.010349209600146613,-0.003346840371116109,0.01056395347821804,0.021217062301048986,-0.006271182046736508,0.0018523978786342034,-0.005207580769503868,0.028953769841966962,-0.0034972096153674205,0.01343518288936513,0.04080711795997251,0.0024900013963179497,0.0073421805685255585,0.01161198833653417,0.09095462398631453,0.004027487255725718,-0.019019453991519737,0.02664947885239102,0.00706985523025481,-0.0051133360120520065,0.001107620072982819,0.009208344441255015,-0.03246670874050555,-1.2031719673830099e-05,-0.01901227826320638,-0.002701094838221181
37,-0.32330104634476753,0.09709818727250068,0.4163003375339083,-0.035026122528338866,-0.026154079121909295,-0.34325832131197065,0.46063272364846103,0.08781142528118958,-0.32264689461833196,0.05338250068067116,-0.06982249014264875,0.07231104891794973,0.009160243473145577,-0.0799549646238512,0.19734169353333886,0.16517386899070607,0.12741812388290283,0.09217411412576117,0.08685798209214234,0.14833499880225137,0.04412559298460708,-0.1355180425476243,0.00022858603420284924,-0.22795486143148508,0.007650505939385032,0.054157110499612436,-0.09338740341209849,-0.07713513539713945,-0.02213866093678942,-0.09198271333417504,0.003048966163644462,-0.18610939635443421,-0.15779502572494558,0.11539442333037267,-0.3342120836470754,-0.06128747534432267,-0.004842859226861317,0.2303839202845858,0.051465244115299257,0.031011481208232074,-0.04650354635596632,0.01525470958727218,-0.14534035797381453,-0.10795213191493033,0.0920478905434107,0.14430674678523003,-0.030107212198934558,-0.0009523646265128751,-0.24567705240432527,-0.03844576841404152,-0.005705625426033703,0.04322099638779966,-0.09267731246620327,0.11063341995094915,0.12597180700668603,-0.054281244791079236,0.09260550298684711,-0.16770368596858218,0.2133984054557415,-0.022367052737152095,0.07580260645033622,0.023185499585081315,-0.10548978166014067,0.0063089960526259235,-0.02852454978478729,0.009569988406326441,-0.057636976228058696,-0.03518764384396606,-0.05154258618546576,-0.05721993171978763,0.01937859098596225,-0.0029955834879607,-0.04337381105882388,0.025964735752144075,0.008332653992829672,0.011862126059359459,-0.009802182178992612,-0.0005078432233015167,-0.0057206573656317945,-0.980494379120767,0.007026201607790288,-0.007485280258220331,-0.010349209600146727,-0.0033468403711160327,0.01056395347821805,0.021217062301049132,-0.006271182046736432,0.0018523978786340355,-0.005207580769503697,0.02895376984196701,-0.0034972096153673827,0.013435182889365226,0.040807117959972466,0.0024900013963175802,0.007342180568525632,0.011611988336534063,0.09095462398631463,0.0040274872557257485,-0.01901945399151981,0.026649478852391127,0.007069855230254818,-0.00511333601205223,0.0011076200729827471,0.00920834444125506,-0.0324667087405055,-1.2031719673899488e-05,-0.019012278263206187,-0.002701094838220945
38,-0.17442997304857102,0.03302746730478619,0.2425295242571041,-0.05522606142868762,-0.03690778499829004,-0.1335997072244255,0.06710777393508624,0.14242027707003993,0.03707834402666573,0.40364760276316203,-0.38954718452711445,0.4658671583601255,0.1904896676357185,0.40164239634029497,0.4586441809062291,0.36734233302557034,-0.415663660405338,-0.11006952976895983,-0.12237126599452293,0.4850241850921296,-0.14625390173725034,-0.012108078177219015,-0.19594875691403013,-0.009193943176756647,-0.18620786473941167,-0.23915921161666862,-0.04409543394419116,-0.02002623117638971,-0.12485640837841407,0.021414077401307175,-0.06063110724905694,0.1471939168204696,-0.014747046002600493,-0.07559078570565124,-0.08016352076920932,-0.05713424850396573,-0.3912254139815991,-0.2817952166211016,-0.2198293419735736,0.2418256410995471,0.0004562849214493934,0.25996041044043416,0.09847257200044911,-0.01639531237118117,-0.16934716515982837,0.24369955964500742,-0.014709893268695958,-0.03154237995200581,0.05964390115010498,-0.1428595735410769,0.11253547207535564,0.032709553926419284,-0.11484908437853747,0.04780299723298787,-0.09443650796836531,0.1366139146310136,-0.1559232202411551,-0.35002605475361737,0.04750863943901475,0.03364772480529311,-0.020106365105842607,0.0462083237200206,0.2075958198474127,0.08277815365100258,-0.07207195272744515,0.0674801208557478,0.0793400986541696,0.03420797762844127,-0.06196186312979333,-0.028640004542958997,-0.04601386537959515,-0.007877083495020079,-0.054672004531827925,0.029799280557592032,-0.0077846249805989184,-0.0026720815386102304,-0.012576001099557817,0.014322698000963691,-0.0022713194140547757,-0.9804943791207672,0.007026201607790182,-0.007485280258220322,-0.01034920960014663,-0.003346840371115894,0.01056395347821802,0.021217062301049052,-0.006271182046736536,0.0018523978786342866,-0.005207580769503524,0.02895376984196701,-0.0034972096153672956,0.013435182889365255,0.040807117959972425,0.002490001396317608,0.007342180568525503,0.011611988336533985,0.09095462398631478,0.004027487255725607,-0.01901945399151975,0.026649478852390922,0.007069855230254914,-0.005113336012052135,0.001107620072982878,0.00920834444125522,-0.03246670874050553,-1.2031719673878671e-05,-0.019012278263206082,-0.002701094838221077
39,-0.4095824773777974,0.27762752976735317,0.2577887929637375,-0.1026916750313339,0.0655776410615054,-0.26706372346835394,-0.026504712803763594,-0.2936049858393488,0.2071252032920861,0.4544517415166165,0.16018210305663735,-0.40115129249813064,0.2359940469712594,-0.03375657262840367,-0.14268204218696912,0.18954169889961267,-0.30105616574028765,-0.017031316608212055,0.1753964466539531,0.11631651481431675,-0.18093417631920752,0.012216267950204699,0.16368298134934856,0.10696267486818341,0.047165208034472564,0.13375545288069737,-0.13818487205008692,0.1337704748477413,-0.07596278321087482,-0.09579667502015443,-0.08045905945140787,0.07115044312806804,0.15580417640393168,0.07371889292579548,0.019371958161852915,0.15834085207642576,-0.16541411526248698,-0.027643059697027787,0.012455622558476837,-0.2018707708236677,-0.14395601310294195,0.08322026951066266,0.046995809445434696,0.1747572716447977,-0.07135510676662672,-0.14802533103611862,-0.06380842716741154,-0.3412492145270948,0.048858635240671605,0.24454380252509808,-0.18464778938781817,0.15284577288440787,0.06947474424675701,-0.17722562033946462,-0.1670086394826844,-0.028004962090668002,0.1274256397597129,-0.005703757072588819,-0.0852251621472175,0.03512131465461548,-0.09884707111693812,0.18450654658217472,0.002770464672971149,-0.020252556367722406,-0.16025686592812066,0.013494399191500533,0.17171734895445098,0.03640588574739374,0.03494828590772016,-0.02478385359590912,-0.013280006946180086,-0.026328611389058038,-0.011865015783934028,0.012820656409266334,-0.003048060606224472,0.0011491403796994439,-0.01201302259016121,0.0024061821930132423,-0.00906057184013292,-0.9804943791207672,0.007026201607790078,-0.007485280258220475,-0.010349209600146464,-0.0033468403711159563,0.010563953478217957,0.021217062301048945,-0.0062711820467362305,0.0018523978786341895,-0.005207580769503757,0.028953769841967337,-0.003497209615367573,0.013435182889365242,0.04080711795997248,0.002490001396317714,0.007342180568525711,0.011611988336533898,0.09095462398631474,0.0040274872557257944,-0.01901945399151975,0.026649478852391117,0.007069855230254956,-0.005113336012052173,0.0011076200729826593,0.009208344441255404,-0.032466708740505404,-1.2031719673996633e-05,-0.019012278263206346,-0.0027010948382211464
40,-0.21819453591396376,0.24779528163930534,-0.22141176308562344,-0.3234436353628601,0.431030781884271,-0.18398259169171313,-0.24220162722463992,-0.1972641287148133,-0.020513961062872788,0.19993993929687282,-0.36205851529626276,-0.13014296459578728,-0.13352117336952934,0.09855343811310395,-0.3543430250804852,0.1654062090643625,-0.05045744147310091,0.1507250086613877,0.085980140128855,-0.15820891191291084,-0.06672029877079687,-0.0024889182835303282,0.4355766523964766,0.19746275627002627,0.024801083410436766,0.13625326962026973,0.3210755752025383,0.164902279611451,0.29440735228733383,0.04513509780369751,0.2562090077449194,0.2904270325064429,-0.18834888764945293,0.2955478391042655,0.27356964994274424,0.13460547945913462,-0.03578092054807783,-0.22580749818000156,-0.19222021295464145,-0.24065458666541656,0.1823200100702507,0.036549203061344446,-0.12542291150094864,-0.20445512632917226,0.2873378743403432,0.06631625394015708,0.016307235636110716,-0.017856695009486334,-0.13060331980358977,0.15138560558729422,0.04750054492585844,0.048414247230608824,-0.15745015055435646,-0.025322128315265893,-0.11463821929010677,-0.21352034168828776,-0.02323991791666492,-0.14471118832154964,-0.25492263654889596,-0.04540246331764294,0.028699026326629764,-0.0062021076032212534,-0.05437445420903714,-0.018952735325710825,-0.029764410555289788,0.07463100060804403,-0.1280920958862812,0.10320030866686046,0.0015808593447696306,-0.06805162713887238,-0.05749707826149635,-0.0061047363256692385,0.0017899682083267333,-0.018308619449024826,-0.005578020530800283,0.0012333051131422623,0.015306204540383155,-0.0013125181859653323,0.00855934772562081,-0.9804943791207671,0.007026201607790274,-0.007485280258220404,-0.01034920960014679,-0.0033468403711158228,0.010563953478218117,0.021217062301049014,-0.006271182046736402,0.001852397878634437,-0.00520758076950359,0.028953769841967306,-0.0034972096153675133,0.013435182889365117,0.040807117959972494,0.002490001396317776,0.007342180568525518,0.011611988336534046,0.09095462398631485,0.004027487255725715,-0.019019453991519594,0.026649478852391054,0.007069855230254988,-0.005113336012052219,0.0011076200729829594,0.009208344441255324,-0.03246670874050542,-1.2031719673684382e-05,-0.019012278263206422,-0.002701094838221174
41,-0.20312611696133206,0.11521903368201299,-0.320803671945376,0.3632114783622772,-0.07790303756586102,0.15182555409135623,-0.1325430303890808,0.06744385379222714,-0.14420872015650293,-0.14156383086350577,0.1238571779716956,0.30022933598673107,-0.15804431002833436,-0.005908766229339194,0.01528527314869316,0.06587357727551914,0.03775438734006217,0.16478169655607033,-0.021343437093810612,-0.19513311393982266,-0.02565882360994598,-0.17574931122521917,-0.3010041443051337,0.18631204450692992,-0.3703934867239219,-0.15140915224226237,0.1547875519148651,0.026283888668409614,-0.3020261017856965,-0.09141847491514749,0.07444987239650505,-0.05179862772343614,-0.26377415422394623,0.05533634774210689,0.19735446689454633,0.05049007562882563,-0.19689365996370545,-0.04076586714689257,0.13203208524565424,-0.1352423063169586,-0.138897518080552,0.05048226630094983,0.07644689995075993,0.021173794445432926,-0.1795244056467151,0.27713261177574783,-0.050990207933919236,0.07505302275631738,-0.013781990502834747,-0.11350478970616677,-0.3486032927548929,0.07028768618399094,0.015128255836347634,-0.034392390070134685,0.14116378865587037,-0.2473910959731446,-0.10719467198287935,0.09249670647731507,0.19989270921666855,0.07910388734377984,0.0036241113649851404,-0.12517622604189113,-0.04910781390909305,0.0048880716299273316,-0.0011325912745657003,-0.04432959954586085,0.0589214621095741,0.07052592332271466,-0.06429309773575655,0.2049993002286743,-0.04082627884705871,0.09107472688610897,0.007250597418715422,-0.036119928794032856,-0.02245433505164234,-0.020797919990520254,-0.011262290504103321,-0.007700748603179482,0.0012783640942606064,-0.9804943791207669,0.007026201607790393,-0.007485280258220369,-0.010349209600146726,-0.0033468403711158536,0.01056395347821827,0.021217062301049115,-0.006271182046736276,0.0018523978786341461,-0.005207580769503687,0.02895376984196708,-0.00349720961536727,0.013435182889365207,0.040807117959972654,0.002490001396317694,0.007342180568525614,0.011611988336534006,0.09095462398631472,0.004027487255725632,-0.019019453991519747,0.026649478852390916,0.0070698552302549626,-0.005113336012052092,0.0011076200729827348,0.009208344441255048,-0.03246670874050553,-1.2031719674029592e-05,-0.019012278263206117,-0.002701094838221174
42,0.29655428408363743,-0.5867258074200689,0.2178859227368438,0.2314168306674919,-0.12105490132706627,-0.20085001483847162,0.1239843959924005,-0.17013415980745358,0.323443177999643,-0.17192495392955723,-0.021405876392335977,-0.0723207749897175,0.0021578918046840146,0.08512252697998131,0.43996446289170354,0.10083406723806815,0.17961543897954996,0.46359872854659034,-0.20175017385362087,0.300832349414642,0.07051831394481899,-0.3728825809329951,0.1331531148633541,-0.07805610030684276,-0.027622952461383493,-0.26271807340498776,0.10426640526459044,-0.24119510783241566,-0.16151806066041338,-0.1290657425595618,-0.2501309109246782,0.137901830948485,-0.24459328332463087,-0.18303451309289012,-0.15433866242328786,-0.03616725522940063,0.44003890407789237,-0.19348068932141432,-0.0814155683905799,0.021414239963374042,-0.030942556149113946,-0.10421482644418152,-0.12901886581639146,-0.1491499843496977,0.07418516501932303,0.23224442326776695,-0.1940929087102606,-0.018271872443065235,-0.3366701233408057,0.24662782593898114,-0.19022503661122878,0.08424526410770493,0.1130173758668644,0.019557575354843686,0.05281406929942595,0.011939185771807578,-0.23374511284745572,0.011215402247178633,-0.021084502569903872,-0.27360216523657144,-0.021284602138275564,-0.07653555534066415,-0.26623356211521254,-0.12348489484431599,0.11187895649071054,-0.055160392892051054,0.06588633596019597,-0.09394490830541462,-0.005055727198039962,-0.019523889726527126,0.07902166384113159,-0.0009767278078581822,0.08796783506762376,0.032751958814955046,0.009101541424614387,0.05444307123121845,0.02715031083791803,0.014757943558773091,-0.0048541593852318475,-0.9804943791207665,0.007026201607790196,-0.007485280258220079,-0.010349209600146856,-0.0033468403711158505,0.010563953478218237,0.021217062301049076,-0.006271182046736435,0.0018523978786341895,-0.0052075807695034755,0.028953769841967115,-0.003497209615367365,0.013435182889365162,0.04080711795997266,0.0024900013963173743,0.007342180568525607,0.01161198833653405,0.09095462398631479,0.004027487255725775,-0.01901945399151953,0.02664947885239116,0.007069855230255129,-0.005113336012052121,0.0011076200729825622,0.009208344441255074,-0.03246670874050538,-1.2031719673732955e-05,-0.01901227826320613,-0.002701094838221174
43,-0.2691931327133754,0.06101595581533534,0.3215099948861105,-0.03183269348787144,-0.12014932833337726,-0.2156904474848598,-0.08769913968318709,-0.19464785412545416,0.03537005378972422,0.1397871005458252,-0.010092941554008117,0.004058615753212861,-0.3572772012792081,-0.03564547768100987,-0.03055914225728732,0.23834093504577739,-0.1216837571802638,0.08681224112652372,-0.3925456336530088,0.04578243499263789,0.28321277387985005,0.045515762668521004,-0.09457500769814507,0.10595197296060482,0.04198706844242975,-0.10459691031432884,-0.04646776747415996,0.051793671422885906,0.11765086293890929,0.14617029888245775,-0.006687864580985463,-0.006871271250833119,0.3369050858849165,0.010265488997524212,-0.0656571563883696,-0.05490799392686745,-0.0855473860139119,-0.06644282436809425,0.0675728098181535,0.23100808045667615,0.0909430318438915,0.04679435960412868,0.02469736140528349,0.17250007666489606,-0.0466067095896819,0.0771121316436518,0.014359469305199735,0.00628217600738662,0.13033380624652238,-0.06376817013133987,-0.05301407352776939,-0.08755723612643775,0.133937581191667,-0.1539072836837568,0.09440767913843019,0.10402569777348245,-0.037454268359118484,0.04966784949724623,-0.05770248631012849,-0.12162704625016563,0.09595615676911037,0.08586693652760646,0.0251085174904535,-0.0010813487492087259,-0.08282839483159933,0.14677742556731074,0.023396959414907107,0.026287795207601557,0.027741570039947996,0.031724947343979175,-0.029378683957005092,0.011480151916022144,-0.08040701953961744,0.05105723907630733,-0.021501906950837514,-0.025655896597014328,-0.003019292588859566,0.022283555720016272,-0.011858786151912082,-0.9804943791207673,0.007026201607790279,-0.007485280258220473,-0.010349209600146693,-0.003346840371115991,0.010563953478218124,0.02121706230104898,-0.006271182046736175,0.0018523978786342936,-0.005207580769503732,0.028953769841967205,-0.00349720961536749,0.0134351828893652,0.04080711795997262,0.0024900013963176635,0.007342180568525392,0.011611988336533909,0.0909546239863146,0.004027487255725635,-0.019019453991519702,0.026649478852391117,0.007069855230254914,-0.005113336012052218,0.0011076200729827322,0.009208344441255036,-0.03246670874050539,-1.2031719673961938e-05,-0.019012278263206117,-0.0027010948382211464
44,-0.04542308001629958,0.16652071059167584,-0.13111321396281314,-0.6852273337959087,0.06084177741888977,-0.23221809872628993,-0.05933312835926643,-0.06491010558628235,0.010758275838728567,0.05982132358815721,-0.2054586661067543,-0.24471183446829575,-0.2507982570791834,0.03537660028389113,-0.15566230392294278,-0.17307900639085988,0.39429366703374136,-0.058389694164440724,0.0347517668040166,0.5819194437464997,0.35808382071227934,0.13682900336474327,0.4930937695708921,0.2216671734535525,-0.2865413132802676,0.069973959531654,0.2603553632543399,0.08127831001453256,0.1470777082877034,0.08449147355045183,-0.16206836257700225,0.050874942849798835,-0.14489917071858488,0.14654657360660203,-0.0658944640075705,0.01069128120954358,0.022406333768682004,0.1062134099676745,0.12831985468172297,-0.1295472718952935,0.12925019132461515,-0.033044427127884794,0.041443701710590156,-0.10102032953631467,0.3017150552399644,0.1293124775402697,-0.10035537805268355,0.011443795306282178,-0.008842898868239468,0.06943271508696418,-0.07695701261658788,0.017968450380829885,-0.05842430865105171,0.007757819383041717,-0.03553554398581456,-0.08237331318142521,-0.202435094660682,-0.0024755225709607196,0.04360705195525187,-0.04915207473743255,-0.023316506776040965,0.24773473497738596,0.012091872393079076,0.0031217228803151038,-0.008830777859592359,0.17446245467118485,-0.11449812150984547,-0.05430237653462847,0.14884471783659486,0.013111675326127559,0.023297538494479606,0.00015081224966646432,0.021308333009434584,0.0003289652597306538,0.0029322085917778563,0.022875004812237084,0.016133299012902756,-0.0011052513976305613,-0.010379504333902966,-0.980494379120767,0.007026201607790146,-0.007485280258220419,-0.010349209600146724,-0.003346840371116027,0.01056395347821805,0.021217062301048945,-0.006271182046736379,0.001852397878634313,-0.005207580769503713,0.02895376984196733,-0.003497209615367296,0.013435182889365085,0.04080711795997264,0.0024900013963175807,0.007342180568525771,0.011611988336533855,0.09095462398631445,0.00402748725572553,-0.019019453991519802,0.026649478852390936,0.007069855230254883,-0.005113336012052149,0.0011076200729827712,0.009208344441255305,-0.03246670874050545,-1.203171967376071e-05,-0.01901227826320627,-0.0027010948382211186
45,-0.023074354976855227,-0.17663396508010482,-0.26203932797333046,0.15367223371362143,0.1637321397474501,-0.05417065590280423,-0.3018459838193393,-0.17847749824404105,-0.13133047066607215,0.2521056505075269,0.10118333043450067,0.16153678834247273,-0.308148235739858,-0.2822248988482681,-0.5159473294746542,0.06288112616961232,-0.20254305470818632,-0.27327861435065437,-0.3189050628191627,0.04332980176914301,0.14481536898672107,-0.12203518661013703,0.013881829552031587,0.302325079643634,-0.2201377219527811,-0.08153298062634876,-0.13606847139058414,0.3748514765627143,-0.4354594272044139,-0.30663747638670025,-0.09528016989927691,0.25083072041300153,-0.2623456414937449,0.052482115545357075,-0.33531508496252177,0.20954646075243172,-0.19992008723289717,0.09226264186279176,0.23411201954632574,-0.1064282709194318,0.07934379902621651,-0.41349987044295733,0.21158594178543624,-0.09535673382293702,-0.3802767625681644,0.00010813597521517769,0.08825305146352802,0.07654931840845716,-0.07406891894649462,-0.04848796452370745,-0.12206305897140003,-0.16273745519390062,0.07625997674572871,0.19605975264645725,0.13730568003192517,0.03592456315494285,-0.058251610206583426,0.2572784864290552,-0.23849233311953422,-0.02650695673137816,0.1462963653572809,-0.008411347275622821,0.061107313884330106,-0.088214303317265,0.09390567698213279,-0.13649601920814666,0.1332197897764866,0.02543736967474872,0.03041139739602592,-0.1438491734833326,0.033768696980446634,-0.011206614056007194,0.01985975095735809,-0.010771321201267711,0.0028424870790880216,-0.021285991470357663,-0.0059723498770353845,0.0002679209086184962,0.006760567091617124,-0.9804943791207669,0.007026201607790147,-0.007485280258220457,-0.01034920960014667,-0.0033468403711159425,0.010563953478218084,0.021217062301048795,-0.006271182046736078,0.0018523978786345087,-0.0052075807695037635,0.028953769841967073,-0.003497209615367247,0.013435182889364915,0.04080711795997263,0.002490001396317799,0.007342180568525635,0.0116119883365339,0.09095462398631478,0.0040274872557257615,-0.019019453991519945,0.026649478852390867,0.007069855230254803,-0.005113336012052204,0.0011076200729828432,0.009208344441255081,-0.03246670874050538,-1.2031719673982755e-05,-0.019012278263206145,-0.002701094838221174
46,-0.33006418515696984,0.25415292883000434,0.21230341557418547,-0.2895255218359287,-0.12584855524784086,-0.029039145969449606,0.017196980407762394,-0.16548109321439539,0.3736888580639614,0.20549930890637816,0.09139683847498191,-0.10637311578965794,-0.12107922051372759,0.10328961115587838,-0.03936735070176811,-0.33343402654591925,-0.07258595696078801,0.18032751249561071,0.2548274895732077,0.09801102892641937,-0.2898506397412462,-0.17965556946407693,-0.276956498050687,0.08569268339860545,0.09068608923090948,0.23558508604403822,0.15339008575173765,-0.19707255906910706,-0.3730398276734989,0.2219505814941655,-0.05985755379971119,0.3617695789575883,-0.13553525716992143,-0.17051173691581054,-0.1747598481791141,0.21309575491299224,0.026213620009597836,0.15735756710908688,0.08407848241958321,0.08588757257825255,-0.0054389325510565655,-0.0769994146296075,-0.05742880790349146,-0.3405127773854385,-0.052663562246259045,0.060587340506618695,0.04340816837550363,-0.038115729293598986,0.27597301086593634,0.11128143871449442,0.08926765478489418,-0.20523430704451395,-0.09053726379318243,0.1657738430849208,0.06710940359009018,-0.033720251599472104,0.11866144684230388,-0.11801671855658787,-0.0842688723570109,0.018013163173433086,-0.08729609682995833,-0.20738787800141195,0.15823059981821924,-0.0007550093006623764,0.018886022647393967,0.0160951295547813,0.05738190497741559,0.051337619571745464,-0.017047114952224596,0.039873371526677186,-0.03633587288538527,0.003717190121514166,-0.10284539981990863,0.03593941018141946,-0.006821093895339268,0.013484401472442979,0.01653957292131339,-0.014347677369942408,-0.0023914186822770554,-0.9804943791207669,0.007026201607790314,-0.0074852802582203,-0.01034920960014653,-0.003346840371116019,0.010563953478218103,0.021217062301048837,-0.006271182046736244,0.0018523978786343144,-0.005207580769503854,0.028953769841967087,-0.003497209615367573,0.013435182889365214,0.040807117959972675,0.0024900013963175716,0.007342180568525767,0.011611988336534013,0.09095462398631483,0.004027487255725947,-0.019019453991519723,0.026649478852391283,0.007069855230255018,-0.005113336012052024,0.0011076200729827114,0.009208344441255099,-0.03246670874050553,-1.203171967376071e-05,-0.019012278263205895,-0.0027010948382209746
47,0.12997456524561032,-0.08101268251839876,0.11515266493253441,-0.10135124773326028,0.21521802046388286,0.01440295308709612,-0.29632648095994285,0.20861109592975774,-0.11351192079434819,-0.4445762503393008,-0.050935305697179134,-0.2350730614042129,-0.036879636484435166,0.8066765253565815,0.20112923717483563,-0.1210692596700982,-0.5192698418828453,-0.2023138797105643,0.06393682882013486,0.18469895601022215,-0.2740567739724502,-0.18023019716287914,-0.3595557074969627,0.08429505517488309,-0.2739587696963846,-0.27468108899955507,0.024801417941717512,-0.10779530418971854,0.11618319335882214,-0.09010767668997376,0.03385479489962671,-0.18455397054888756,0.0751154205859966,0.01786412364306965,-0.07930914172727457,-0.0995236122877562,-0.024513844175907695,0.1859533046114859,0.07690358758710028,0.033998306407607835,-0.13885698041336844,0.019948676805458396,-0.040044066133665845,-0.08748240873130361,-0.13620720112604842,0.11637380947538148,0.030797507940899874,0.018666338067900832,-0.09453745070926761,-0.11784276734850149,-0.169419119425332,-0.17624470181966717,-0.18351172088519,-0.09632548459912102,-0.21620443178030252,0.06877479538405985,0.10437383777055652,-0.3352876460888682,0.16423609866275035,0.0036950204328987627,0.024789293157018045,-0.12257676031540987,-0.0012013967029404025,0.08911068142596049,-0.02617013468605155,-0.1493521376704335,0.11667812678280748,-0.056002962490628076,0.05601114910157099,-0.12973160643421167,0.1128321829783228,-0.030405948129150352,-0.06019777748862115,0.057970594533513,0.018077721412521945,0.024988287683266674,0.007455773494464957,-0.0034715741611175454,-0.0030254109733626852,-0.9804943791207669,0.007026201607790379,-0.007485280258220244,-0.010349209600146887,-0.003346840371115909,0.01056395347821806,0.021217062301049135,-0.006271182046736297,0.0018523978786343473,-0.005207580769503458,0.028953769841967115,-0.0034972096153674088,0.013435182889365366,0.040807117959972376,0.002490001396317694,0.007342180568525715,0.01161198833653398,0.09095462398631463,0.00402748725572557,-0.019019453991519775,0.026649478852390957,0.007069855230254973,-0.005113336012052151,0.0011076200729827521,0.009208344441255048,-0.03246670874050553,-1.2031719674059083e-05,-0.019012278263206117,-0.0027010948382211446
48,-0.3640517241354323,0.13143443152572779,0.0969222688454321,-0.29250105016852307,-0.1978366619763902,0.1009321904321695,-0.11562166532322482,-0.40598362977952857,-0.1100176915157621,-0.3736554444859183,-0.19200342888185154,0.21395325871596071,0.16681379857463385,-0.12265022241433605,0.1924378279544149,-0.20565733431840544,-0.37583872859879053,-0.0459049003564453,0.11070716384693148,-0.3009278730421065,-0.014819711909081172,0.2261306431842129,0.11725771761429589,-0.24698586607901887,0.38669578194382653,0.36345903074213615,-0.002830894237965112,0.07202587505226447,0.22202634356979473,-0.024656230055103007,0.03256594940937298,0.379703848966414,0.09694531760740192,0.019371231431875423,-0.11712489234378569,-0.2376017821714462,0.13354057762845545,0.09897673824566666,-0.22257509443506823,-0.16019140471772056,0.11261436340020896,-0.06494289687938723,-0.16412020374318198,0.021276657681319824,-0.17241260575642792,-0.08592957716711441,0.07554721333053772,0.028912507822919636,-0.14715023007774747,-0.022599889839911153,0.24122341492659427,-0.06770025626713608,-0.146668047406136,0.14489515535160555,0.034014884304092906,0.090397835212504,-0.08612950520520736,0.13230340521082268,0.1236438584693969,0.014789314181421775,0.10326678306274643,0.049540036192584416,0.01349340607551371,0.12909334619828539,-0.1102826470996067,0.051454313012625666,-0.07788943287032521,0.008657152890639877,-0.07137732699879963,0.10154586520589837,-0.02888271031104737,0.02752802271558898,0.030270335224018362,-0.027020897184922534,-0.005928919993740894,-0.02358098159011834,-0.020779382751722055,0.009008123925728957,-0.0002059010072848569,-0.9804943791207676,0.007026201607790305,-0.00748528025822039,-0.010349209600146582,-0.003346840371115774,0.01056395347821802,0.02121706230104911,-0.006271182046736409,0.0018523978786342981,-0.005207580769503701,0.028953769841967146,-0.0034972096153673745,0.013435182889365262,0.04080711795997258,0.002490001396317734,0.007342180568525337,0.011611988336534025,0.09095462398631478,0.004027487255725874,-0.019019453991519854,0.026649478852391183,0.007069855230254814,-0.005113336012052198,0.0011076200729829698,0.009208344441255168,-0.03246670874050543,-1.2031719673955e-05,-0.019012278263206117,-0.00270109483822107
49,-0.13531567380715329,-0.1567012857443324,0.142443126250192,0.2912896725700451,-0.15582922677089342,-0.009485139804053466,-0.20968815119602396,0.2372732128065224,0.06068136200633609,-0.05311278796281592,0.06577155703586858,-0.3136456079532245,-0.05496110450322233,0.08135235715159302,-0.193849490691934,0.2126938804092101,0.1333487780090836,0.06444107487974955,-0.4517599362423458,-0.247699585639476,0.03295448038906897,-0.14035335631068155,-0.13258808467617259,-0.04182735464149256,0.10862825405390374,-0.14869830397406483,-0.020966246983798346,0.14867291796416113,0.004932096899035053,-0.08526063253185467,0.00468021093573553,0.008218666117358648,-0.10818271409792947,-0.06170139941042315,-0.13996718664490532,0.10687160822777424,0.0455603497611713,-0.0460426916313248,-0.15779724378280777,-0.0176043684935701,0.09397135734576022,-0.11088242372085196,0.14255203984918433,-0.024956657524731602,0.1308500083265394,-0.004811656814861815,0.17207142104537756,-0.15999979090467337,-0.2265251256909158,-0.014463345114353258,0.0350511809428146,0.07941595523844451,-0.01472926754814465,0.0884174104063089,0.049151363066094474,-0.09942994172729698,-0.09307935405807832,-0.04644184324053757,0.007854900371938279,0.1435323494780496,0.039643278432256145,-0.004809536312230174,-0.03491165268715604,-0.2758524611854805,0.023696994300210106,0.1288894268206826,-0.2538721327560063,0.021447614425325768,0.03611886948921974,-0.04632211242041715,-0.014669025818160462,-0.008158890055577425,0.010651153843867759,-0.003540869276857026,-0.003927666820343477,-0.009384653819554974,0.002073234323256775,0.007280238632329966,0.003495865646294239,-0.9804943791207672,0.007026201607790217,-0.007485280258220363,-0.010349209600146816,-0.003346840371115998,0.010563953478218098,0.021217062301049017,-0.0062711820467364525,0.0018523978786343838,-0.005207580769503757,0.028953769841967184,-0.0034972096153674413,0.01343518288936511,0.040807117959972605,0.0024900013963178127,0.007342180568525461,0.01161198833653408,0.09095462398631458,0.004027487255725713,-0.019019453991519778,0.026649478852391172,0.007069855230254865,-0.0051133360120521765,0.0011076200729826836,0.009208344441255137,-0.032466708740505314,-1.2031719673857912e-05,-0.019012278263206246,-0.00270109483822121
50,-0.20128680011174455,-0.05382227585979366,0.21238443985088104,-0.28806050215988316,0.2619717021205637,-0.058217660080319804,-0.17403607177791314,-0.24196672681697257,-0.04471828156716435,0.44346778256894054,0.20476924827296436,0.06824756150152965,-0.3144011088921381,0.02532736139910779,0.23116959614158716,-0.0560878227293911,0.026374362137498133,0.026099100105409535,-0.09369244440425457,0.1054152039663345,0.26554938977851644,0.36175409208062936,0.12103122663573407,0.3936328367883178,-0.0599758867500487,0.16393724813028931,0.19205564335585026,0.04132283699129676,-0.026678591046959625,-0.34433629154191925,0.06889661336849882,-0.1775472572335082,0.360713852026467,-0.08254391864934008,-0.08207432854313615,0.19812874382313445,0.03687114726832858,-0.22809034913588536,0.12209737145423386,-0.047330930090442105,-0.05614905769486718,0.17988001091483272,-0.018143321319762862,0.27841573791115387,-0.07872884456715033,0.2834558521814189,0.18362170745014117,0.28411618130539573,0.16623388572569878,0.002419688199884051,-0.23981155153699157,-0.12041456331267972,0.114546134859818,0.03629620540694661,0.2915310528570978,-0.023858870286945503,-0.00370817493150995,0.0068680826922072735,0.006320578383135151,0.10104281175021967,-0.07092862182556006,-0.18692678825967013,-0.07646835191981999,0.007384794616918304,-0.019384494194528826,-0.09576508675666354,0.05489008129705739,0.023221833407788717,-0.01414553268689802,0.16800688847637835,0.03773793286500753,0.06785551856291444,-0.078945027006075,0.045907011120324616,-0.022053720039469184,-0.016063622167096288,-0.008795258715450944,0.005040746606444037,0.004196952752627082,-0.9804943791207673,0.007026201607790337,-0.007485280258220628,-0.010349209600146613,-0.0033468403711159403,0.010563953478218282,0.02121706230104888,-0.006271182046736254,0.0018523978786341877,-0.005207580769503715,0.028953769841967403,-0.0034972096153675337,0.013435182889365186,0.04080711795997256,0.002490001396317791,0.007342180568525649,0.011611988336533912,0.09095462398631463,0.004027487255725518,-0.019019453991519664,0.026649478852390957,0.007069855230254942,-0.005113336012052183,0.0011076200729827452,0.00920834444125517,-0.03246670874050542,-1.2031719673891812e-05,-0.019012278263206058,-0.0027010948382211806
51,-0.04711943584900636,-0.22601288600421193,-0.0394204771638514,0.5254995925337521,0.33460664732538015,0.02398880702127547,0.04685232078677603,0.14491119138929132,-0.3359785443140669,0.18016329757337127,-0.28364272388340667,-0.4286916009277396,0.08732453021940476,0.09405759191865695,-0.3439072814668244,-0.06922221295817253,0.17081523463908843,-0.07407100598978729,-0.04549794941873879,-0.08537733616102347,0.3550441395234634,-0.19531783710918604,-0.10627100233699747,-0.08603714982233165,0.2848419497782684,-0.036504465019536685,-0.063839021860492,-0.12387591463559827,0.3198317988245543,0.133323292797073,0.013251837784595306,0.23303916007760808,-0.19630104184347186,-0.12156603744986924,-0.1666117961628892,0.02548468837963249,0.005945912530643276,0.17853506323870955,0.47838091398090055,0.060328730617279905,-0.1783510851959996,-0.07004387309209004,0.15569321428030355,0.26232825223544565,0.054719360093207575,-0.0110725478672,-0.13408373641057833,-0.0769022042851263,0.05019020879205009,-0.17750042442296074,-0.02740154460383317,-0.021369202349572475,0.00024362454792751953,-0.036640350894532124,-0.04521754606131052,-0.07282292169231837,-0.08339177335819939,0.09897389879271633,0.16102384766041059,-0.02638434020033081,0.10280320564083231,-0.05909197661521104,0.12728899037235633,-0.09321317315012466,-0.0860010942329721,-0.0642091445055817,0.0677984654973077,0.03637081501148592,-0.02959332910404322,0.09369836663807732,-0.02162220197164135,0.011547248184929146,0.0027089994291292032,-0.008870425005609894,-0.013796392123079117,-0.015363426358888165,0.010772918387389453,-0.006982299430140136,-0.008754577152562617,-0.980494379120767,0.0070262016077903815,-0.007485280258220192,-0.010349209600146595,-0.003346840371115939,0.010563953478218119,0.021217062301048983,-0.006271182046736168,0.001852397878634372,-0.005207580769503849,0.028953769841967007,-0.003497209615367421,0.013435182889365056,0.04080711795997269,0.002490001396317732,0.007342180568525521,0.01161198833653389,0.09095462398631453,0.004027487255725707,-0.01901945399151974,0.02664947885239126,0.007069855230255069,-0.005113336012052015,0.001107620072982761,0.009208344441255265,-0.032466708740505446,-1.203171967391629e-05,-0.019012278263205954,-0.0027010948382211017
52,-0.2988686623494682,0.0368263906285328,0.1978959306609785,0.06597326874209519,0.0750478104954177,-0.037175538333213645,-0.05785016256869771,0.1572153006195017,0.15724908060657328,-0.11440981672557947,0.12158742742493092,-0.21177302534413545,-0.08240483161882069,0.23383616175940386,0.07543089069502912,0.18131248567861308,0.0944349360020011,-0.09414030054582402,-0.12807109228140495,-0.08461242941492049,0.12404429156634361,0.006507972118185805,-0.14227796327307826,0.030935106440024656,0.1220291771410368,-0.05221353986892644,-0.13660852481752125,0.1414535261463765,0.06569304318209779,0.22060768389194085,0.09005549706222893,0.2249309212096659,0.00988572377055781,0.26326314112540594,0.041825812964121224,-0.04947786680028045,0.23092668540907235,-0.16031157957049946,0.10974761691825856,-0.1696224389959445,-0.10698254693450522,-0.0991754709250512,0.12644795081281365,0.18550979142981835,-0.12773259441707832,0.0889943246763507,0.05436938700235474,-0.1676783778153964,0.005861147496111737,-0.032776927581828486,0.20771159414530824,-0.15071379356474854,-0.09140041902038172,0.04819723364111616,0.4631182010571364,-0.15922920157030201,0.05590089422765786,0.03162754615230306,-0.09280399458591825,0.008272112819501744,0.08372532453497418,-0.029012909374807643,-0.13938488862182205,-0.04413077754242156,-0.015659920239863203,-0.04733882135290226,8.537053140791988e-05,0.038060005050214105,-0.052526639416586786,0.018214640145352998,-0.016026602854667192,0.012418360431431272,-0.036014946421549635,0.026162938217635323,-0.012427799338541705,-0.014414556428730822,0.0029541039750670883,0.015123400970417597,0.006749116393576748,-0.9804943791207671,0.007026201607790272,-0.007485280258220456,-0.010349209600146713,-0.0033468403711160327,0.010563953478218145,0.021217062301048924,-0.006271182046736286,0.001852397878634363,-0.005207580769503746,0.028953769841967094,-0.0034972096153674205,0.013435182889365006,0.040807117959972536,0.002490001396317726,0.007342180568525621,0.011611988336534155,0.09095462398631461,0.00402748725572576,-0.019019453991519785,0.026649478852391145,0.007069855230254983,-0.0051133360120519614,0.0011076200729828918,0.009208344441254995,-0.032466708740505494,-1.2031719674007098e-05,-0.01901227826320607,-0.0027010948382210783
53,0.76965913931098,-0.45284061294591677,0.08307808510127627,-0.6680894404280123,-0.25491374638281533,-0.031036099758328176,-0.0631844894886597,-0.344108802250612,-0.07076767168218545,-0.3372020256835499,0.13560657619556207,-0.002254413635465584,-0.043846369907016215,0.19287678874871328,0.010366717020660653,0.3657827452425879,-0.16876431686886934,-0.5028173248999356,0.20385528249242107,0.11148638931989112,-0.0018223365137965237,-0.039827125819502485,0.022358460389736965,-0.22706742876869265,-0.054415442494580475,-0.20560782419379456,-0.5066004217457603,-0.12543444692724295,-0.4515161444416274,0.2757307558218266,0.2626983774384524,-0.0673954069723395,0.03352762243090608,0.1256422963812357,0.12063107829941444,0.5135367022795866,0.20051090361304014,-0.4466528675335661,0.19652445826101114,-0.34673663944423905,-0.2676128093727785,-0.4272013593752817,0.10380310602312692,0.06361087019749014,0.11439306695330984,-0.040723817270323,-0.15368995367420688,0.05495714212512661,-0.05663297563970282,-0.02708220147143568,-0.10366307320027905,-0.13564162739550079,-0.03300627849032147,0.023400873021044055,0.18576211864745562,0.11819295130524544,0.02458350187787245,0.054760060341354916,0.1318344426819201,0.3126487903490655,0.0018945048673368048,-0.09417595005012275,-0.031955678155485744,-0.14955645673910653,-0.11697656340724828,0.05807450911979543,-0.08237204687624526,0.2110115090736174,0.01244736020127109,0.11677327444652211,-0.0776124295713474,0.06689168840856612,-0.07447168803687979,0.005411601816580582,-0.025692398793981122,-0.01106727315039113,-0.020023302991451577,0.00481575913361902,0.0034327287135956608,-0.9804943791207669,0.007026201607790154,-0.007485280258220444,-0.010349209600146935,-0.0033468403711159407,0.010563953478217963,0.021217062301048726,-0.006271182046736487,0.001852397878634252,-0.005207580769503906,0.028953769841966823,-0.0034972096153675523,0.013435182889365158,0.040807117959972425,0.00249000139631769,0.007342180568525607,0.011611988336534151,0.0909546239863145,0.004027487255725626,-0.01901945399151982,0.026649478852391075,0.007069855230254907,-0.005113336012052104,0.0011076200729830757,0.00920834444125495,-0.032466708740505355,-1.2031719673854443e-05,-0.01901227826320605,-0.0027010948382209326
54,0.030763321782666865,-0.3212580250972916,0.17288443046065005,0.08313112808613701,0.0903303315168726,-0.15002563557391738,-0.5061727841590226,0.12627380586148532,-0.1086347057406148,0.25667256137810884,0.10258334904231138,-0.4937111768445374,0.0757358653422007,-0.18125828254814114,-0.1566627694747922,-0.014293592600986046,0.14182428978373224,0.17337154700846819,0.0297851375333531,0.2864132076506214,-0.10217552271501187,0.24771256737726807,0.200236858006835,0.16969935012119441,0.2549794023834605,0.009404358670419773,0.3431327346052655,-0.009529216275878645,-0.23967214443131363,-0.04189533225906021,-0.012245117381491576,0.08692883738655777,0.1412937013530577,-0.01817445753556295,0.31311545289847936,-0.02664717416219262,0.048112103188807966,0.18365870379118424,0.2019785584292377,0.08828155314610982,-0.11283186983152584,0.03667650664930416,0.19298922015415762,0.00024016180581768555,-0.042184692135246143,-0.11780928813198543,-0.006154527716371741,-0.11443074098232585,-0.08888998364009337,-0.009142421205020764,0.07046555800869506,-0.02555676150690473,0.0005265460972769303,0.03880520195284274,-0.14066524840549408,-0.10459865784279429,-0.12564389619090854,0.04386039097312369,-0.03933307602573292,-0.16584289776528136,-0.08678184895772294,0.014178710870976316,0.10028624577841562,-0.1123488503667453,-0.050477587408904345,-0.05864807959672562,-0.016453279153709213,-0.02549820155020904,-0.1704755192636344,0.06757419483288707,-0.03383725015290168,-0.006226023423070202,-0.06131277408255005,0.04288451515793907,-0.021189024021170837,-0.015820789200270417,0.003412339576425223,0.0013562996513714883,-0.021710374546714994,-0.980494379120767,0.007026201607790258,-0.007485280258220244,-0.010349209600146587,-0.0033468403711159876,0.010563953478218145,0.02121706230104888,-0.006271182046736279,0.0018523978786342866,-0.005207580769503826,0.02895376984196731,-0.003497209615367497,0.013435182889365117,0.0408071179599728,0.002490001396317801,0.00734218056852551,0.011611988336533973,0.09095462398631461,0.004027487255725587,-0.01901945399151991,0.02664947885239116,0.00706985523025515,-0.0051133360120520985,0.001107620072982812,0.009208344441255458,-0.03246670874050551,-1.2031719673753829e-05,-0.019012278263206235,-0.00270109483822112
55,0.2815041054806641,-0.393566968570501,0.13175927481201968,-0.24804985200751675,0.07728162259206553,0.5223334122324647,0.35181834623906133,0.3789619081079033,-0.043985517010667455,-0.31828639676050946,0.7651121244706289,-0.08535984351264495,-0.46081319091727113,0.6117976861301858,-0.3330599534751914,-0.4107328099539685,0.0591478263858773,0.1838041523724386,0.3025736596936305,0.6007049983298575,-0.03303739334637107,-0.3185761173637102,0.5045855878154807,-0.1706289557775098,0.3231082899900572,0.02171333009505697,-0.26501838816624845,0.2669067710811018,-0.04023831663333995,-0.09779987238726398,-0.007526142879224539,0.15216276600982104,0.060701765216181626,0.07044664626668118,0.34644014916249993,-0.2547617883108577,-0.13249772559206796,-0.20883128389594108,-0.19005521881669288,0.029020152713672767,-0.18964045899308804,0.06342082884646882,-0.1406827202365207,-0.08951032912018649,-0.00574254541029272,-0.050937073927535347,-0.07869527883097471,-0.03552958641946231,-0.009924623786177783,-0.09193221325281699,0.0036513808159388916,-0.28389425985387706,-0.0814519872893037,0.045326199068054025,-0.009717270811869119,0.0481251509125855,0.22558270073461895,-0.05964434544716742,0.02225584157209386,0.08226303109124324,0.012267117213047005,-0.10748472636122598,-0.062218042626915125,0.04725180571734141,-0.047663883097079425,-0.039158591008917505,0.10113220296828303,0.16031762044670786,-0.06629989293705582,-0.13838542841219023,-0.04120091211174482,-0.011860102132742155,0.11107773279429535,-0.06106601102546898,0.014488801037390758,0.017504712318321212,0.005683859284530218,-0.004490236623089363,0.00620165802321778,-0.9804943791207665,0.00702620160779038,-0.0074852802582203275,-0.010349209600146719,-0.003346840371115998,0.010563953478217935,0.021217062301049076,-0.006271182046736294,0.0018523978786341292,-0.005207580769503613,0.028953769841967066,-0.0034972096153675423,0.013435182889365318,0.04080711795997244,0.002490001396317588,0.007342180568525759,0.011611988336533945,0.09095462398631439,0.004027487255725676,-0.01901945399151981,0.026649478852390922,0.007069855230254692,-0.0051133360120521,0.0011076200729827539,0.009208344441254774,-0.0324667087405055,-1.2031719674133923e-05,-0.01901227826320602,-0.0027010948382210384
56,-0.1713991026468985,0.027297726677074592,0.09096600007651683,-0.07693480800646701,0.29910246845905003,-0.07494060289313341,0.2326291759689347,0.1534245168970568,0.11739669763731211,-0.16762639368883497,-0.007803057487311958,0.25804695089059415,-0.3683365262839148,-0.1342442804058579,0.0597079251082217,-0.3005690367670309,-0.2646507690343118,-0.0019198070236993328,0.04643327523845902,-0.0906352771285636,-0.21478392181340383,-0.041663147928308004,0.10750319680141462,0.05431410162303426,0.04228919588145388,0.19817415209115893,0.10328365322007352,0.0066965246510104085,0.012627516386676396,0.09233358349254076,0.31560906822321905,0.12576230802177576,-0.19029180129721404,-0.2216623690950579,0.4458188485353499,-0.08945006149641163,0.16785216370494643,-0.256073070307027,-0.13058388772484775,0.008911204094683276,-0.30149587179310505,-0.05699475713989119,0.05476865585247787,0.04865707996554875,0.1107404525869467,0.02670057970679341,0.07228321421260038,-0.1428501994859427,0.29814384394509663,-0.22160166063275769,-0.024201986748425726,-0.14497444366868023,-0.09451158156241915,0.2839833539482262,0.08180274826512553,0.1740058994160168,0.15769814002161148,-0.10491279641462505,-0.1726250990347424,0.11647021095277754,-0.10277849561743548,-0.014344355007331616,0.04426407838013334,-0.005049671016322141,-0.07987091580780707,-0.1124170012779499,-0.0692964468815191,0.022250044531594994,-0.0008826048748870635,-0.06948896165490281,0.05011696220141373,-0.03927997702654448,0.020591059170438627,-0.013312901313868543,0.015689941617451138,-0.0042699305171665135,-0.010174234993358105,-0.01768550162720488,0.009219647503994186,-0.9804943791207671,0.007026201607790527,-0.007485280258220369,-0.010349209600146741,-0.003346840371115892,0.01056395347821784,0.021217062301048868,-0.0062711820467364785,0.0018523978786342981,-0.005207580769503812,0.02895376984196696,-0.003497209615367541,0.013435182889365103,0.04080711795997238,0.0024900013963177065,0.007342180568525622,0.011611988336534198,0.09095462398631464,0.0040274872557257875,-0.019019453991519754,0.02664947885239122,0.007069855230255043,-0.005113336012051969,0.0011076200729827964,0.009208344441254854,-0.03246670874050551,-1.2031719673958584e-05,-0.019012278263205937,-0.0027010948382210727
57,-0.41609305432666627,0.18405749638304283,0.2738085611278595,-0.20572180820686964,0.07486650992669042,0.1447273784647099,0.006378029803968649,0.16505152772013873,0.2707131332601043,-0.12787056026729357,-0.048630231651808214,-0.14570980107106,0.04299142844433124,0.0759000112827424,-0.2153031159529317,-0.1549209660184283,-0.18256083227834816,0.2537058578451777,0.04351614839531837,-0.024040869844065987,0.03982829066064105,0.05818983532436294,0.05035652755257869,0.1605925745910955,-0.012916783537386081,0.16840109126438793,-0.30492743421685825,0.04780579195747722,0.1182710261568213,0.2072692132816474,-0.2308071177055841,-0.08070100406786199,0.15840158069939722,0.05181699711410624,-0.0019069821098695288,-0.13125983099598898,-0.12254228695277217,0.07488199456996567,0.08610839486707915,-0.2014256522291126,-0.07495568990001668,0.07677747497618317,-0.15193724326517502,0.0850305435159904,0.05957332186147212,0.03253244037074167,-0.02983402756535441,0.04040237340685793,0.037017259894597324,-0.27772582836627957,0.016718305582693566,-0.17823512772655437,-0.06601654962535317,0.1452725718361881,-0.18663531953488993,0.13283088344320032,-0.15415784014711836,-0.10606130234777827,-0.025866962506842724,0.01821370007551858,0.0552800779235697,-0.18131983844355598,0.16075327074312035,-0.07950550875826577,-0.09316133591424287,0.1325309891673852,-0.03493428522327325,-0.062499689177497195,-0.04833233455822627,0.020884669109424193,0.013441192089100005,-0.005246422664518501,-0.07995123408355344,0.06580024766183275,-0.02010591338629411,-0.021864673853650207,0.0019135451332265019,0.017774107457927277,-0.009017752959486541,-0.980494379120767,0.007026201607790305,-0.007485280258220395,-0.010349209600146814,-0.003346840371115819,0.010563953478217949,0.021217062301048962,-0.006271182046736254,0.0018523978786343027,-0.005207580769503755,0.028953769841967344,-0.0034972096153673793,0.013435182889365196,0.04080711795997253,0.0024900013963177125,0.007342180568525608,0.011611988336533955,0.09095462398631454,0.004027487255725634,-0.019019453991519754,0.026649478852391235,0.007069855230254928,-0.005113336012052166,0.0011076200729827643,0.009208344441255,-0.032466708740505494,-1.2031719673908192e-05,-0.019012278263206034,-0.0027010948382210904
58,-0.3193528070810857,0.048993066047438374,0.1383353660918615,-0.3238614315775451,-0.46019946610685397,-0.013145413788601248,-0.1536352490956222,-0.13326842521479093,0.02850256147611778,0.2955125996732133,0.08790425361410234,-0.12730606032942385,0.0390371760162131,-0.09449634131020739,0.29095900492154003,-0.07117591677627054,-0.1371866120415372,0.3309101163710056,0.04273888061773464,-0.2898676096795959,-0.14514880776109154,0.1234376247773015,-0.16752951086805196,-0.09768710932782221,0.18631427015568122,-0.04703763486030927,-0.10987293765624503,-0.10053421113906716,-0.007183251573844472,0.32262041173849104,0.03360768808232608,0.0682426953580456,0.12975389065649798,0.1297331004775752,0.014514701494765676,0.27644822678055353,-0.2583762044699886,-0.05963299318733529,-0.09904348896580045,-0.2123214919538367,0.04214934577786822,-0.0891736314241215,0.0755321997357237,0.07893117588962148,-0.026956189347126524,-0.0707953715131791,-0.025518942155871135,-0.28476376246386476,-0.335201805594924,-0.03804609246458454,-0.15999003412259347,0.2122025334333584,0.19610462059024344,0.013069280491183286,-0.13155660648193096,0.21109711656618493,0.15503230154981706,0.003329765847960404,0.18203036933869407,-0.06837015756435935,-0.11364551951653025,0.02344032819782539,-0.026214797011013688,-0.04214735403073531,0.17657169342067303,0.039069644166336015,-0.14633688071976092,-0.027773880577023898,-0.014487820351163175,-0.04310374486177273,-0.027587629847904558,0.016434284401971654,0.015262093062587542,-0.008758578130348832,-0.004412810345703726,0.0025509126453139353,0.005506195690155361,0.010817120344189126,-0.005641419787652321,-0.9804943791207672,0.0070262016077903,-0.007485280258220314,-0.010349209600146717,-0.003346840371116012,0.01056395347821809,0.021217062301049125,-0.006271182046736272,0.0018523978786342589,-0.005207580769503895,0.02895376984196722,-0.0034972096153676564,0.01343518288936527,0.04080711795997265,0.002490001396317823,0.007342180568525593,0.011611988336534124,0.09095462398631468,0.004027487255725864,-0.019019453991519702,0.026649478852391172,0.007069855230254865,-0.005113336012052156,0.0011076200729826524,0.009208344441255265,-0.03246670874050538,-1.2031719674027915e-05,-0.019012278263206332,-0.0027010948382210783
59,-0.25343948868825533,0.22732196204660243,-0.01125017390665112,-0.14934379430398612,0.19773024210565512,-0.16356249934217318,-0.21429463368982626,-0.3224170462106553,0.1761601487303911,0.17059042318140272,0.29234779527759375,-0.20433406348522998,-0.2567680632845044,-0.18620004086322564,-0.23784438954635687,-0.024778802690700916,-0.21107189146942906,0.03418439090032272,-0.09163686443501917,-0.03956596303522612,0.12197320272411806,0.1642367985341564,-0.005892443214592973,0.39671548382598665,-0.13835804106888755,-0.04132293999525531,-0.3383543986250503,-0.008618270566664648,-0.032108356733822944,0.012943411134736994,-0.025915883636764316,0.10837865388584579,-0.2952123810565048,0.22135245792573566,-0.2532150551033894,0.08069653651364861,-0.027989810632631163,0.12347476724872236,0.10195881351220736,0.2695494437262379,-0.06687926022890772,-0.15732669727037848,0.07936528163771463,-0.14170889969833247,-0.25641774078150587,0.23607370682769607,0.2776261753639116,0.028131629717030107,-0.25846912067789785,0.2493903937705976,0.16363283510550136,-0.2199068317646759,0.1226125102080543,-0.0928701910656442,0.012290302849680832,0.16593045696294087,0.014350768917929925,-0.01989580975809648,-4.7256813532957745e-05,0.09561773609938168,0.015765036159049964,0.1275670809762944,-0.035468551029976494,0.08612914171063306,0.050917129437726014,-0.023392705493607682,0.07378555356297548,-0.0479115108701936,0.06841054936577219,-0.05850705250071,0.020785612009552996,-0.018301960237265325,0.027130744585678167,-0.018966022290212606,0.014779033582281893,0.001681209565971757,-0.020748882512722056,0.0029257614136824466,0.0022667673999847084,-0.9804943791207673,0.0070262016077901335,-0.007485280258220447,-0.01034920960014656,-0.003346840371116102,0.010563953478218166,0.02121706230104886,-0.006271182046736133,0.0018523978786343768,-0.005207580769503701,0.028953769841967198,-0.003497209615367365,0.01343518288936502,0.04080711795997262,0.002490001396317589,0.007342180568525545,0.011611988336533981,0.09095462398631475,0.004027487255725739,-0.019019453991519695,0.026649478852391006,0.0070698552302548585,-0.00511333601205234,0.0011076200729825483,0.009208344441255237,-0.03246670874050544,-1.2031719673986282e-05,-0.019012278263206235,-0.002701094838221224
60,-0.27979641433096264,0.0756450047577968,0.10252705023482915,-0.057256055806136734,-0.16430864983282603,-0.0887082705945387,-0.023522222042177254,0.025832279502662592,0.14592372387651587,-0.027853405568263594,-0.012668301475417991,-0.1822679983392871,-0.020395304535384257,0.17505159868721884,0.06166152191936558,0.036802954035983174,0.18027281582716598,-0.04538709474358365,-0.06067238416213142,-0.21860402491319056,-0.01410003358645138,-0.16417045436294467,-0.1098862529604264,0.028493300312917125,0.09787264788035245,-0.015869369748105093,0.18877731844426468,0.2020785296330209,-0.0778814610063384,0.38058296862512087,0.07801615518934372,0.32275511781657146,0.25947272300534746,-0.054246102886278166,-0.2921714434845889,-0.04301982537140835,-0.01526302535831102,0.14733296219326206,0.13595862155653188,0.07988355466056965,0.27609731452350667,-0.011721550288072043,0.03623216658590377,0.14769009030847546,-0.00994952782678257,0.09462118122568074,0.039623873550712244,-0.08036498182537838,0.1853439887303503,0.09534232960968524,0.17852299703740526,-0.11866478098781476,0.1682082135741664,0.040943232007404455,0.1291849691302384,-0.060975314474695626,0.023658365724141896,0.11630653507536938,0.11813684420418774,-0.054337673213547155,-0.2602771818921196,-0.12260501811390187,-0.011504517858684362,-0.11329098221232117,0.14993151570802138,0.12697159929538115,0.08760370513251355,0.03139507939854226,0.07772926192951472,-0.06006778091317111,-0.028843811081528333,0.01843869421979302,-0.09770495386994774,0.03566530388074098,0.0031167763840688266,0.02981297148350462,0.010907003398235172,-0.0015983226857285372,-0.0057528301561404665,-0.9804943791207673,0.007026201607790224,-0.0074852802582203275,-0.010349209600146859,-0.0033468403711159216,0.010563953478218103,0.021217062301048882,-0.006271182046736161,0.0018523978786344948,-0.0052075807695038156,0.028953769841967066,-0.003497209615367476,0.01343518288936527,0.040807117959972564,0.002490001396317851,0.007342180568525614,0.011611988336533919,0.0909546239863146,0.004027487255725815,-0.019019453991519813,0.02664947885239113,0.007069855230254949,-0.005113336012051958,0.001107620072982708,0.009208344441255144,-0.03246670874050533,-1.2031719674020976e-05,-0.019012278263206048,-0.0027010948382211546
61,0.04974878366871383,-0.44579434982477106,0.3992736557418771,-0.025517116241597186,0.3256034159148138,-0.03560625868662402,-0.20032148283231738,0.4386717511664771,-0.3447164788739702,0.6044957933406733,-0.3214859496466101,0.06201563439448569,0.2247244015276151,0.25609510665543944,0.412678831873065,-0.15197498091721462,-0.2485304594068927,-0.19045710998079965,-0.11300130465050304,0.31765824273305243,-0.09261745865939901,0.38723946773171625,-0.3397375280768456,0.04582716773831796,0.45847287398734715,-0.26368145913784413,-0.016981413956587133,-0.005080781503345922,0.16698402892973968,-0.0017603661535960271,0.0888563536712026,-0.14987978686012934,-0.12174466155088333,0.02911952228278031,0.08209553677977631,0.04874131315684182,0.05452437023700986,-0.29318211730636795,-0.2205850150379982,0.0033787913365877155,0.3053150297576723,0.10997094699729852,0.0553624082423155,0.1910818572472179,0.03626786589724553,0.10027858841619898,0.3360873216249989,0.14264953247620973,-0.014843437766637496,-0.06521195032159374,-0.11360552745607146,-0.18400189148489451,-0.22438122125209461,0.03829997297082867,0.13963075732772176,0.02078705177157762,0.07726373455249154,0.08900061103732256,0.15300642826740607,-0.02901090575672119,0.13455838256733146,-0.03831122153246149,-0.04129059370303848,-0.06577717338987252,-0.1524999223832079,-0.003534011855200093,0.12751468169629468,0.03154042419742625,0.01769190828173759,-0.015874934394525055,0.009508358718620689,0.0038976767050466444,0.02118912404585207,-0.0021060751480840223,0.005306828303934589,0.010577162031145285,-0.00427491425078821,0.0057374677516819975,0.0026119547562415183,-0.9804943791207671,0.007026201607790347,-0.007485280258220289,-0.010349209600146512,-0.0033468403711159043,0.01056395347821796,0.021217062301048934,-0.006271182046736432,0.0018523978786342472,-0.005207580769503516,0.028953769841967174,-0.003497209615367532,0.013435182889365313,0.04080711795997265,0.0024900013963178847,0.007342180568525466,0.011611988336534125,0.09095462398631472,0.004027487255725624,-0.019019453991519795,0.026649478852390898,0.007069855230255125,-0.005113336012052126,0.0011076200729828443,0.009208344441255355,-0.03246670874050558,-1.2031719673905881e-05,-0.019012278263206176,-0.0027010948382212266
62,1.423572765643846,1.2872992143300603,0.6327410629805676,0.17563284834656723,0.008271711396985437,0.24817087276916686,0.00402063235525199,-0.5946564049366824,-0.09097961573195361,0.34430911031582007,-0.006642712547394145,-0.010642852438670247,-0.16625659017264835,-0.35269889571303636,-0.254670090914975,-0.1430852902772464,0.02253863940703246,-0.19245913099092482,-0.07952091289114374,0.2812631355141475,-0.22333221731297404,0.32359719589473424,0.19178417742493598,0.35159098193305555,-0.265194945890803,-0.3449226849613327,0.42253484846767775,-0.17678651138009666,-0.1581613236226226,0.25327810494233816,-0.2819415218197235,0.011680784672243974,0.13501183198544048,-0.139943443646165,-0.10169166601331879,-0.05270920246190298,0.4796931936720435,0.038095996594407815,0.02130139268862016,-0.11925878942702645,-0.3156882580075019,0.12271590148294102,0.08970803138131621,-0.11731430130202325,0.0015768420967149962,0.1379922842676422,-0.32229701930547494,0.18048502441133293,-0.17938827094388882,-0.020550963889692523,0.1506550849969965,0.03784974006296728,0.09105520785907852,0.03044821834513487,-0.03882103854413305,-0.05737726719374942,0.20567696932521795,0.21034321001520903,0.043056397070443814,0.09897442334204215,-0.08850454849756755,-0.17843097279755238,0.03835149970506209,-0.16123426542830765,-0.026900754089554602,0.014233098679107608,-0.062184150912025934,0.08750822351666783,-0.0227621678412938,-0.22494391214534362,-0.02297493079614758,-0.036148466205818526,0.05007828723016456,-0.059940112516156246,0.025098468033053968,0.018266566322670715,-0.021472379897442495,-0.01604083719529966,0.0034384168699000996,-0.9804943791207669,0.007026201607790213,-0.007485280258220123,-0.01034920960014705,-0.003346840371115715,0.010563953478217931,0.021217062301048587,-0.006271182046736369,0.0018523978786339466,-0.005207580769503982,0.028953769841966997,-0.0034972096153671013,0.013435182889364603,0.040807117959972675,0.002490001396317687,0.007342180568525517,0.011611988336533706,0.0909546239863145,0.004027487255725654,-0.019019453991519737,0.026649478852391047,0.007069855230255136,-0.005113336012052182,0.0011076200729825795,0.009208344441255003,-0.03246670874050539,-1.2031719673635868e-05,-0.019012278263206225,-0.002701094838221203
63,-0.2565257259815823,0.09329372699718887,0.0033099866943750106,-0.34435622544657263,0.35730065813368556,0.11684575118083591,0.05050740500561242,0.06874024936013749,-0.0889273374284331,-0.09056989254768752,0.03343537947882843,0.09093225676834256,-0.265471867520057,-0.3150006494066027,-0.12798843613376695,-0.21322152699128372,-0.037992426235768546,-0.09184115926287932,-0.04374818611030873,0.1430293572171379,0.28695109184213163,0.2075209674063604,0.12709019518379164,0.26923919441937455,-0.24620180566582262,0.1081691582580051,-0.14343574872914253,0.008685335618069676,-0.03956132572595889,-0.08196693505671435,-0.4568058555814604,0.17881100496405572,0.08634624188668767,0.24823086416633275,-0.3743909178420251,0.27609219728099094,0.01733201108873677,-0.08174112360088405,0.06685145657321763,0.08110497733510535,0.09951014772416153,-0.03424834497704552,-0.06608375934606973,0.11741485123719123,-0.04322768346911542,0.2887729465783466,-0.1311109347916118,-0.15082125885788158,-0.1380343334514609,0.0007569139600643187,0.19051938100186877,-0.13504926845689944,-0.02464801540722968,-0.12119811675563863,0.012062251178094749,-0.20999314520003706,-0.0037366002652514017,-0.13323951777367668,0.022630928408291836,-0.04436290759923651,-0.07010387853399679,0.002612488899380821,0.11556026609855223,0.0006256226077700603,0.06838837055972954,0.058125387386443544,0.06472740103411846,-0.0388811447577162,0.02554106066651857,-0.07813186858363648,0.00636201550173823,-0.02329039020404863,0.04452940381322763,-0.024305144535256857,0.02055996713185314,0.014985941112079989,-0.02032592043272192,0.0009185556228893445,0.009120107510588348,-0.9804943791207668,0.007026201607790173,-0.007485280258220537,-0.010349209600146762,-0.003346840371116006,0.010563953478218112,0.021217062301048927,-0.006271182046736226,0.0018523978786343651,-0.005207580769503692,0.028953769841967358,-0.0034972096153673376,0.013435182889365065,0.040807117959972515,0.0024900013963176032,0.007342180568525684,0.011611988336534025,0.09095462398631465,0.004027487255725585,-0.01901945399151974,0.02664947885239088,0.007069855230254789,-0.005113336012052326,0.0011076200729825006,0.009208344441255173,-0.03246670874050545,-1.2031719673874365e-05,-0.019012278263206242,-0.00270109483822116
64,-0.15350818980295647,-0.39139523939510956,0.5394813040603743,-0.12117227198637243,0.18241737964524463,-0.14577207016941063,-0.2740073164319997,0.11722786756643068,-0.4744781310746372,0.5527009979728341,0.3049602568619173,-0.22994238796943647,0.2617587560772269,-0.2114465851523284,0.15808877250846778,-0.11549607524031993,-0.035173689033538125,0.22102414173148538,0.43828369308080933,-0.02887235589444233,-0.09727578293105847,-0.24579196336766568,0.2898667493281242,-0.1475598369173844,-0.13406517838427395,-0.0618663347304879,0.06629851492065217,-0.1533563949916465,-0.2255636508972227,-0.3914393412488738,0.010566516955934331,-0.21937627288691602,-0.09421200394240241,0.1401712601223199,-0.14560651517677872,0.1687049716255369,0.15712728374103396,0.08248210758025935,-0.10352869990636414,-0.20030144614024045,-0.13014759385590385,0.044950246446564666,0.06982386012237407,-0.06115785559622381,0.059723057047375655,-0.12377985869790561,-0.10079539729080912,-0.3023431905621273,-0.1949681542289614,0.10313359842563519,-0.15963938234058794,0.20595878714256885,0.04847112420039021,0.0626824028300274,-0.06462532565350017,0.07282381070978874,0.08717030518001162,-0.081639001184903,0.1302457026140694,0.09119324948461309,-0.009124423320176461,-0.07863881132350029,0.047125889547681536,0.015370907842976659,-0.07942253936454508,0.16718127872517602,0.08425612196406532,0.05720314530610742,0.08151773890158429,-0.13443075245676403,-0.0112047967492561,-0.021856161669999853,-0.12005060175098316,0.018445790991266243,0.01646960536661045,-0.0038783870911926243,-0.013702000012643975,-0.017507452511804848,0.0054821674219418855,-0.9804943791207668,0.007026201607790205,-0.007485280258220164,-0.010349209600146552,-0.0033468403711161923,0.01056395347821789,0.021217062301048927,-0.006271182046736446,0.0018523978786341639,-0.005207580769503697,0.028953769841967257,-0.0034972096153676672,0.01343518288936547,0.04080711795997245,0.0024900013963177624,0.007342180568525674,0.011611988336534072,0.09095462398631475,0.00402748725572579,-0.019019453991519976,0.02664947885239112,0.007069855230254838,-0.005113336012052227,0.0011076200729826639,0.009208344441255347,-0.03246670874050548,-1.2031719673834758e-05,-0.019012278263206398,-0.0027010948382210063
65,0.028917084860542043,-0.5645459738764962,0.39327223739272843,-0.11948275407701477,0.34383215676283146,0.031353504060064145,-0.3636715020652446,-0.15254935448736887,-0.07717462295120349,0.09700500706286137,0.0679365373758526,0.235852247684346,-0.35115507046198224,-0.33182809438579475,-0.06396063937086008,-0.324536649028236,-0.3672542033358104,-0.18075345401325243,0.10776451654467477,0.0015730143506349993,0.04539303936063749,-0.03655105385455796,0.2004673020460429,0.11290804870773642,-0.20186157822944167,0.33345970896833294,0.2832458295687698,-0.11764510465913047,0.14762353943997,-0.25874543967694136,-0.10324348336343948,0.18318351059803478,-0.074475334296177,-0.10621212203309748,-0.20385686206318782,0.15311197686889472,0.19913418367681243,-0.029112865792152137,-0.06905574910178845,-0.03598082161938546,-0.21681886274367293,0.13105675154039245,-0.26543375052607837,-0.049863504921503855,0.1058437527832697,-0.16172241560879044,-0.1036004033020237,0.04390262287087759,-0.12380542436185672,0.08472190399553099,0.1577484668246222,-0.1776121168602914,0.09991684159333707,0.03649492861536089,-0.005328656401387262,-0.13767823717796218,-0.19219293295878176,-0.05570274358982695,0.04788780755599439,-0.11674923302857139,-0.011255123492810281,-0.0942426867995986,0.014147521921525965,-0.09211665321026748,0.03620619801286705,0.07035836113627926,0.11791796414451211,-0.010484474646937844,-0.018975845793389207,-0.11640098569688156,0.008751680590322988,-0.017063589416218407,-0.12305692469817275,0.052200133791867796,0.010412088653788683,-0.012221190495775872,-0.009025917806356403,0.0004816301418920946,0.0021884328740773332,-0.9804943791207671,0.007026201607790312,-0.007485280258220206,-0.010349209600146717,-0.003346840371115944,0.01056395347821811,0.021217062301048768,-0.006271182046736319,0.001852397878634312,-0.0052075807695036455,0.028953769841967326,-0.003497209615367541,0.01343518288936522,0.04080711795997262,0.002490001396317755,0.007342180568525573,0.011611988336533945,0.0909546239863148,0.0040274872557256244,-0.019019453991519764,0.02664947885239128,0.007069855230254866,-0.005113336012052191,0.0011076200729828133,0.009208344441255283,-0.0324667087405054,-1.203171967379075e-05,-0.01901227826320627,-0.002701094838221045
66,-0.1637815486860233,-0.15903333766415187,0.0625461815614694,-0.09218366165603516,-0.12772175186248602,0.1606677445926694,0.6131863037333304,0.16941522426146324,-0.22228726675884442,0.08200203907960663,-0.4798488789707177,-0.16401300060218255,-0.15450561220190778,0.07657965109796586,-0.23008525865839993,-0.2530317579348449,0.17117697131406454,0.40333534145548994,-0.24011070316801827,0.028699843744897445,0.23686504054344498,0.11450140402669426,-0.1998203580563009,-0.2034567568710119,-0.2936553989200543,-0.022209805936576586,-0.0686015683863343,0.004485360052836577,0.1118508799615814,-0.14172572099092096,-0.3451732929107968,0.1195564558064451,-0.09856370771521485,-0.03823583289208082,-0.24206294094381484,0.08894646205268049,0.009817649346784524,0.12025039421601094,0.29372136667338017,-0.0977769024327107,-0.1793230902266944,0.08698183446559031,-0.031235804909199943,-0.05671016346113428,-0.042407487934739134,-0.17380630286279367,-0.1537516498013661,-0.067785582707743,-0.09019573289776878,-0.24242316589384416,-0.03679712677868042,-0.06354434081526,-0.1314362677162133,0.035524933507550274,0.11768479995005544,-0.10824971237994134,0.056797429527939126,0.014425575314109412,0.31170189213117716,0.19025806948261348,0.014614442281967911,-0.10259298868585162,-0.003741929260653423,-0.04014197663507573,-0.019350174737033293,0.0023236343600777716,0.1393695991065503,0.021080975804844863,0.06412859148420064,0.02499053934623992,0.006807845007825283,0.020841983322162146,-0.041664992887839536,-0.012018550256665787,0.00485901550349374,-0.005999898025232912,-0.004666241684758753,-0.018984246711958343,-0.009104151335309833,-0.9804943791207668,0.007026201607790324,-0.007485280258220288,-0.010349209600146706,-0.0033468403711159685,0.01056395347821809,0.021217062301049146,-0.006271182046736337,0.0018523978786342662,-0.005207580769503904,0.028953769841967073,-0.0034972096153672682,0.013435182889365028,0.04080711795997247,0.0024900013963175885,0.00734218056852565,0.011611988336534056,0.0909546239863147,0.004027487255725709,-0.019019453991519795,0.02664947885239138,0.007069855230254661,-0.005113336012052038,0.0011076200729826671,0.009208344441254982,-0.03246670874050532,-1.2031719673791532e-05,-0.01901227826320597,-0.002701094838221139
67,0.46351677574180294,1.0718178891766499,0.5678518526520848,0.2778820990976355,-0.2898696898164194,1.0314379209358269,-0.16669615596609053,0.04424793457025968,-0.06677660582904921,-0.35419423916682374,-0.46843032455075895,-0.03234775649158196,0.10589766318605005,-0.36982898409424275,0.6211804363002495,0.17138071917417494,-0.11019800102123634,0.3424124711570185,-0.00823844323229707,0.2202563881387828,0.460353740387562,-0.33598000189976124,-0.08192236920207802,0.6567642252778831,0.20015250616214225,-0.013146738469129659,0.12668296388128752,0.1450830114777794,0.0007734773337277427,-0.4765723401214906,0.5832289371938637,0.03393089622939849,0.06664530947442604,-0.35294023235765953,0.014336499482291728,0.09589583956373615,-0.022943180559337955,-0.10517118067200046,-0.0780987766095284,-0.06781529553913365,-0.19687989764292682,-0.09298796466543015,-0.1518033869894639,-0.1236819766492356,-0.33010953011606703,-0.056936134856670366,-0.3285632258355075,0.12573681477445434,0.017362110694465797,-0.005735175373315892,0.16729480957139392,-0.12641031466734715,-0.18422213756771996,0.11877650315343462,-0.2784324797254488,0.19447697561889699,0.030265151627805676,-0.09343521770824291,0.1367879382310167,-0.07489729155370795,0.07603252629824933,0.19907247187662314,0.0004369033796486106,-0.02570247139142707,-0.02084032173013609,0.023364847025461155,0.031723076170824274,-0.05896191010380313,-0.18920120071538982,-0.02804950445343638,-0.11693589941757722,0.016878021888687134,-0.05194403720708141,-0.031216726005065667,-0.01849509948233804,-0.03429091437842436,0.0007828601489988593,-0.0033771938902576377,-0.017545198402148392,-0.9804943791207666,0.0070262016077907675,-0.007485280258220057,-0.01034920960014664,-0.0033468403711156315,0.010563953478218107,0.02121706230104894,-0.006271182046736178,0.001852397878634035,-0.005207580769503552,0.0289537698419672,-0.003497209615367263,0.013435182889365013,0.040807117959972584,0.00249000139631734,0.007342180568525368,0.011611988336533737,0.09095462398631454,0.004027487255725778,-0.019019453991519525,0.026649478852391138,0.007069855230255091,-0.005113336012052179,0.0011076200729828042,0.009208344441254792,-0.03246670874050532,-1.2031719674040131e-05,-0.01901227826320615,-0.002701094838221361
68,-0.30594672902237435,0.3006303576634296,0.0026744491965945407,0.03311047651529353,0.1012826138328897,0.01211850780463367,-0.19729551493888509,-0.17922449804809848,0.01162731716114099,-0.1643106586162535,0.04137840137925123,-0.4781475970047827,0.19481456410435083,0.039207279891686854,-0.22510619388703215,0.020577334023561822,-0.051236495613494956,-0.16487102578433335,-0.26811770033870064,-0.004817449242094353,0.25982458978243744,-0.07406655892241688,0.07504134567084508,-0.09948452310237528,0.10426930697915429,-0.09739495588728608,0.2645517469111598,0.2985741297159399,-0.35685240145793257,-0.3682928927715288,-0.1413435090047312,0.3565514310482066,0.14803400440939357,-0.062239754837873855,0.16302282796364553,0.08783545107150095,0.11692469984138701,0.2729414703595937,-0.199470256913903,0.10099403543982648,-0.12263442827722204,0.242396161173253,0.010365463667563293,0.05679012444936401,-0.12333001640724724,-0.11659449290375268,0.006415675257181853,-0.060483045506027136,0.09738835565940075,0.035697125023469126,0.08523379459911187,0.06999239011017495,-0.1033886434018204,-0.06304829388070586,0.12021572505420978,0.006303906788992767,0.008096421714538305,0.10185625064607214,-0.12892030514482816,0.06599177333095607,0.02442648268831426,0.08851705680771019,-0.08269346708679332,-0.10756276968350605,-0.05484997839065879,0.02459787544446041,-0.022238188408065747,-0.05972774003538808,0.18550629917540395,0.09148608530375064,0.05559708692318755,-0.017184351311153454,-0.01984341769367862,0.03279250301134962,-0.0012684159756312932,0.009515680899344325,-0.009882037304189524,0.0018104815552999946,-0.0056715766958775225,-0.9804943791207674,0.007026201607790161,-0.007485280258220368,-0.010349209600146625,-0.003346840371115821,0.010563953478218042,0.021217062301049035,-0.006271182046736258,0.0018523978786342866,-0.005207580769503611,0.02895376984196722,-0.003497209615367337,0.013435182889365068,0.04080711795997252,0.002490001396317621,0.007342180568525683,0.011611988336533877,0.09095462398631474,0.0040274872557258465,-0.01901945399151986,0.02664947885239116,0.007069855230255011,-0.005113336012052166,0.0011076200729827287,0.009208344441255227,-0.032466708740505335,-1.2031719673916893e-05,-0.019012278263206138,-0.0027010948382212656
69,-0.31487851397636785,0.140424809194573,-0.14829160911284406,-0.08466783463400765,0.6406034363347692,0.31686030093684164,-0.3957957953357496,0.06029452325373582,-0.24171129308700934,0.2771237723300576,-0.13503634327856348,-0.13134844513066735,0.1154199678668266,-0.020082343210671788,-0.07763609386054586,0.303377562447529,0.4282317156189642,-0.41142585109318874,0.06109047593838095,-0.014372734398882803,-0.19253694235564672,-0.17976295333313316,-0.2796808247291831,-0.27956223342139297,0.2664121675482425,0.26015897140057226,-0.14813702683164195,-0.05840570043858767,-0.14610177950296463,0.053713245208366844,-0.3171618551567133,0.051014520278739296,-0.21507387211725926,0.16587683471791398,-0.012122277041709942,0.04733460667234874,0.22373532256565243,-0.1465761598215874,0.38881136216828655,-0.04717488763,0.07965071484087928,0.1962423310430295,0.12764007092359606,0.06667278382789987,-0.07934312279767915,0.0533561326681846,-0.3288647312569819,0.20740306752340837,-0.13251867319192256,0.022227697053576797,0.15358292478486343,-0.17876677386017295,0.005715712246742067,0.07687269312683681,0.016883109398969864,-0.17529716693101602,-0.1071049061418478,0.020851145452548014,-0.00539353778469291,-0.14308961458956915,0.15819736839753507,0.27737721771494855,-0.12646668585546317,0.10796212989614888,-0.043405550963189404,-0.1309715561417726,0.06416957772936065,0.08223166419046159,0.059581545094537586,-0.022839985808090445,0.006902860360764255,-0.005033858267094145,0.08520945466320778,-0.0364000035310946,0.007177949008768367,0.010020163774270372,0.01308227447111942,-0.002528677200520544,0.001486621606557303,-0.9804943791207672,0.007026201607790309,-0.00748528025822031,-0.010349209600146734,-0.003346840371116064,0.010563953478218119,0.021217062301048858,-0.0062711820467363484,0.0018523978786345004,-0.005207580769503752,0.02895376984196715,-0.003497209615367393,0.013435182889364858,0.0408071179599726,0.0024900013963177633,0.007342180568525743,0.01161198833653375,0.09095462398631482,0.00402748725572561,-0.019019453991519684,0.026649478852390947,0.007069855230255088,-0.00511333601205222,0.001107620072982997,0.009208344441255522,-0.03246670874050542,-1.2031719673826084e-05,-0.019012278263206197,-0.002701094838221067
70,-0.06829413870128592,-0.08500235967515789,-0.32031236482989894,0.22167202078058426,0.16778767358850202,0.3420932076731052,-0.3176661691135083,-0.36873894105532873,-0.09545365231016269,-0.20635405164024734,0.203127351960198,0.0025852174831164903,0.7323768914191403,-0.09715449084872656,0.03653486568061065,-0.041682474778031386,0.05717800670617477,-0.22755345019273943,-0.2106562581385008,0.3202279011941048,0.41273737509114533,0.2412521717346794,-0.04622254177846928,-0.14588600088480894,0.06733820188867665,0.07867528208261175,0.0572373080033217,-0.1985091002979503,0.2291246510671867,-0.09166466116710455,-0.08923555719940554,-0.04191011876978033,-0.04758558955739731,-0.22788331110197257,-0.058068627322545245,0.16299304745223817,-0.1933823424839803,-0.02959772359916671,-0.25858168897465833,0.04071860040292164,-0.12264946876115194,-0.037471210770848314,-0.34496119384865725,-0.07058490547828132,-0.23930691761000905,0.15852394535945827,0.02767019552807681,0.11756211448616984,0.11803578386840823,0.09765599408546559,-0.0993220242986646,0.01177297402521061,-0.11441613452661573,0.12528829256642932,0.006306593727559602,-0.010693790645181361,-0.08503284898881354,0.15028151524616473,0.08160198384790114,0.012403082077719644,-0.07464828876918367,-0.043817289450027094,-0.17209069640337613,0.049778347296994756,0.06481319569612563,-0.11053939578568678,0.11550819456775781,0.023397762533680186,0.024524226813001492,-0.12335139417274325,0.03530678341439491,0.010447106249284166,-0.09899455531131054,0.044294033775138776,0.00863171009998761,0.004395360980068243,0.0005455205403049484,0.008496190683197902,0.009197839284001277,-0.9804943791207671,0.007026201607790358,-0.0074852802582204125,-0.010349209600146602,-0.0033468403711158223,0.010563953478218226,0.02121706230104892,-0.006271182046736246,0.0018523978786342224,-0.005207580769503562,0.028953769841967108,-0.0034972096153674122,0.013435182889365255,0.040807117959972626,0.00249000139631759,0.0073421805685256,0.011611988336533865,0.09095462398631453,0.004027487255725684,-0.019019453991519636,0.026649478852390943,0.007069855230255077,-0.005113336012052318,0.0011076200729826376,0.009208344441255107,-0.03246670874050544,-1.2031719673885307e-05,-0.019012278263206162,-0.002701094838221297
71,-0.2655033712050792,0.258051517709187,-0.1762819638850174,-0.0956748881833749,0.011471021906087812,0.16081296014361246,-0.2007035979588791,-0.5057970859093665,0.11338202465767566,-0.19910252792526453,0.2602924735762127,-0.05619689910816727,0.4728141129432869,-0.010146924068265655,-0.021615469404347103,0.018159196851555363,-0.14358878493865251,-0.17735530376580108,-0.3483351340277224,0.11164523406350206,0.4367086888235777,-0.042123685335181564,0.026352274474415575,-0.12219633630752182,0.03928252866223857,0.030771153716043314,-0.221810482418064,0.013668469604674134,0.05195010585993379,0.09372745564801677,0.05402643815101033,0.06390440410380242,0.11601350801814488,-0.04626968415584422,0.148295338976429,-0.16329083514457923,-0.03922561598829593,0.09652447410036098,-0.27018730632900456,0.16359061561983654,-0.1182399193052883,-0.0011297802619240232,-0.008707950702394046,-0.13368306077404227,-0.10023220547946683,-0.04882603127710682,0.0878448149107867,-0.1182829796537356,0.0910945012652503,-0.1253443725825614,0.1640033605233977,0.12233533360993781,-0.055501976261658946,-0.0426938161293158,0.04535177896828959,0.14488940285238047,-0.10814477438718748,0.039695578984502676,-0.10740128244444874,0.04289567352275899,-0.021699851503944094,0.08160252973324851,0.015336573950944732,0.06703903842509369,0.14931884084598346,-0.13227044679670924,-0.151665962888051,0.010332353814530881,0.0699869245808262,0.05651300426380784,0.009141822884091141,0.0010481243315649746,-0.04815382859264124,0.02444589120475065,-0.008360731099831577,-0.004932577360628262,0.0056012778198801716,0.002045309227407031,0.0015130782697756824,-0.9804943791207674,0.007026201607790258,-0.0074852802582204385,-0.010349209600146533,-0.0033468403711159355,0.01056395347821804,0.021217062301049076,-0.006271182046736286,0.0018523978786343213,-0.005207580769503784,0.028953769841966997,-0.0034972096153674205,0.013435182889365117,0.04080711795997259,0.0024900013963175456,0.00734218056852551,0.011611988336533936,0.09095462398631456,0.0040274872557257944,-0.019019453991519737,0.026649478852391214,0.007069855230254942,-0.005113336012052166,0.0011076200729827357,0.009208344441255126,-0.03246670874050544,-1.2031719673958526e-05,-0.01901227826320611,-0.0027010948382211616
72,-0.2836376930077374,0.2961515219863485,-0.25101244241332893,-0.042374099065640186,-0.05722760138203903,0.028370464296123853,-0.15892182172978894,0.04419327000299912,-0.37981707289879896,-0.5766441555703758,0.23168735061432164,-0.03954419047056614,0.0625188271854676,-0.036134167936104605,0.24032989334065002,0.19397915364856774,-0.08921080896691938,0.21452520468858297,0.04075093081413978,0.05207894453664748,0.25521265561214573,0.10042851413011775,0.044793753436530935,-0.18369048761233533,0.08163222278930772,-0.2362985429375509,0.19821998569836163,-0.021150271192408754,-0.0065914519602917904,-0.16653345175215029,0.13606029739900702,0.24863675138389074,0.08073283963644373,-0.20596600308780932,0.07029256288101485,-0.07687456072263733,-0.016693190060797922,0.16262122702075185,-0.0814115971054865,-0.02334556475093143,0.15380572501963788,-0.1204438868010381,0.09947729539420647,0.12962728198265258,-0.22963615144397828,0.0028271505586088667,0.059701477314789766,-0.21407754181023142,0.015282312808950139,-0.13091883547159658,0.08912513766985955,-0.04728207089293128,0.06938521826080322,-0.08057774905289973,0.13334508841607368,0.011855599662083981,-0.052638782262896935,0.08188990356613539,-0.015257345569652902,0.05881364902401764,-0.060855245671007016,0.15864861194189844,0.07637375304808673,-0.010016528337685406,0.016556078794685722,0.08323099444625506,-0.05054136051120101,-0.08153913242553988,-0.09327413521157255,0.13140606905865523,-0.04089075225540291,0.026612463864697306,-0.13524342505916154,0.05903549950885591,-0.025216640740714155,-0.033744604679820545,-0.00953753563276962,0.011970928493033283,-0.012465082587249921,-0.9804943791207672,0.007026201607790365,-0.00748528025822051,-0.010349209600146698,-0.003346840371115902,0.01056395347821813,0.02121706230104915,-0.006271182046736289,0.0018523978786343126,-0.005207580769503753,0.02895376984196728,-0.003497209615367478,0.0134351828893652,0.04080711795997264,0.00249000139631768,0.007342180568525468,0.011611988336534079,0.09095462398631457,0.004027487255725726,-0.01901945399151979,0.026649478852390985,0.007069855230254921,-0.005113336012052113,0.0011076200729826411,0.00920834444125517,-0.032466708740505515,-1.203171967405054e-05,-0.019012278263206225,-0.0027010948382211112
73,0.1805500973280859,-0.3707534527316875,-0.1191746915832871,0.18449105570038649,0.25468038107850777,0.06818941507988881,-0.45606176733879056,0.07008362065900302,0.1573197304293258,0.3430086928729988,0.3046989124803582,-0.34829286798661585,0.1585062436370842,-0.24506403268239432,-0.09963414148361739,-0.3481850836889297,-0.32123545705051476,0.22419784630065925,0.20507279489210659,0.08016564739171034,-0.125103692290145,-0.2879763451535565,-0.05454090563935763,0.2566834068245454,-0.35690045639112056,-0.12075365964244089,0.35871320534194506,-0.23793250935607102,-0.1831714702500097,-0.1378166496331123,-0.05461821120898457,0.04854341201736237,0.12654115222579335,-0.17687360690175058,0.4177114773906965,0.0828839687484362,0.04496557293590826,-0.04715916887380396,-0.23675693480383597,0.10719902641027622,0.08720591699127628,-0.07050897024226423,-0.011396637105234713,0.11939947377119015,-0.05991143051402686,0.2397957707738956,-0.2251336123990476,-0.005680754436040388,-0.17202361025305016,-0.047850296807634446,0.48589956973730136,0.07559103870403874,0.3184982966322828,0.1814023744876836,0.2267251361887325,-0.13041900299043344,0.08056661242093008,-0.2100596768536797,0.05490414068724937,0.08319071453643069,0.022713564188310147,0.2255395719762963,-0.29294897617509386,0.051908786864205976,-0.06685605080463154,0.08052380492382812,0.03558551080295513,-0.03751493716678022,0.0201556290530343,0.017033013640924098,0.0019475431334059373,0.009045310606727284,0.028160253230833602,-0.03333659668706991,0.016180722015284154,0.003011555283976368,-0.014231748669512385,-0.00793219414476447,0.008028487118453335,-0.9804943791207672,0.007026201607790376,-0.007485280258220189,-0.010349209600146842,-0.003346840371115809,0.010563953478218237,0.021217062301048934,-0.006271182046736425,0.0018523978786342727,-0.0052075807695037115,0.028953769841966976,-0.0034972096153675454,0.013435182889365183,0.04080711795997258,0.0024900013963176726,0.007342180568525829,0.0116119883365341,0.09095462398631467,0.004027487255725758,-0.01901945399151989,0.026649478852391186,0.007069855230255233,-0.005113336012052197,0.001107620072982576,0.009208344441255019,-0.032466708740505584,-1.2031719673791993e-05,-0.01901227826320626,-0.002701094838221127
74,0.11777980048350821,-0.05130035029255508,-0.1960879282872507,-0.026208516243703427,-0.35225926931359325,-0.25541443014413723,0.1506597595205469,0.044967240922183516,0.009536432070256425,-0.11143144076607085,0.10570517862546483,-0.19664630773373576,0.1075574512584927,-0.25713335469032156,-0.2964684374749144,-0.1077043876124289,-0.22269082396409529,0.014303639783057506,-0.31451399802676844,0.11533421211751226,-0.18005863024594163,-0.10034355994371433,-0.1365187276797574,0.11135083510074635,0.2909388482483722,-0.020961944222857406,-0.03827480526056466,-0.013974490530621787,0.013077859263419147,-0.2136189411819423,-0.13817995007591546,-0.01704647094609953,-0.15876507595375336,-0.06466281885867682,0.18986583889199368,0.015648822530040723,-0.14321769661625586,-0.2491925099420625,-0.3727633712996387,-0.11764862706919113,-0.06401353344387826,-0.16340458624734058,-0.09541092043273063,-0.12183503889883117,0.12591629415974404,-0.07598214940006508,0.18137010195903824,-0.008029572957601639,-0.12982926853715682,-0.03598643835733946,0.11334352704080505,-0.0055765809815626535,-0.04040254543934242,0.03125455841581402,-0.1425315625293274,0.009370583027955785,0.05904196035485179,0.17532566711293887,0.023819748416021157,-0.14437242866362915,0.018406216202352103,-0.05172843672924965,0.12612305652441602,-0.08133233973580108,0.1097617138261278,-0.06085050142419532,-0.23734429210572242,0.07135533874045502,0.12126083663688281,-0.027458047450131636,-0.01225373220073019,0.00047504112492043873,-0.045747576708045565,0.0003882401973936824,-0.00847737153662096,-0.017370254869314917,-0.007120231769940173,0.000731068316408656,-0.007399413440744444,-0.9804943791207672,0.007026201607790411,-0.007485280258220339,-0.010349209600146774,-0.0033468403711157863,0.010563953478217966,0.021217062301049132,-0.0062711820467363,0.0018523978786342866,-0.005207580769503746,0.02895376984196704,-0.0034972096153674135,0.01343518288936529,0.04080711795997269,0.002490001396317679,0.0073421805685254474,0.011611988336534122,0.09095462398631456,0.004027487255725859,-0.01901945399151986,0.02664947885239124,0.007069855230254886,-0.0051133360120522355,0.0011076200729827252,0.00920834444125515,-0.03246670874050542,-1.2031719673885668e-05,-0.01901227826320623,-0.002701094838221113
75,-0.10025775803240988,-0.22675420169744423,0.31825767337913774,0.0643716650731041,0.24755761157799444,-0.06978751582220445,-0.3300731100843387,-0.05463461987347844,0.006413290472488088,-0.03109911243014374,0.17939120352282178,-0.3822887277110471,-0.0669530342580963,-0.019406162303374237,-0.4226365370281546,0.021969464787334563,-0.2191727680802535,0.1071273579394511,0.03864385723275582,0.011596195023380537,-0.00427641981609935,-0.43871550426455563,-0.15052516769278917,0.23193923971084532,-0.07478239405015184,0.07023936878803334,0.12949357076152002,0.06139420854224456,-0.06365300783124786,-0.23193726596073613,-0.14151335095106538,0.0408385973101576,0.12414582667925816,0.08127691080361833,-0.27509981714776893,0.090495732945773,0.23263150037933586,-0.028366769919049968,-0.1530130398651663,0.06949299793398687,-0.049908078690977006,0.14367218887390165,0.15767355648464562,-0.09014428492243527,-0.024571402696568666,0.048445046164324865,0.01691147936774493,-0.16476008408119627,-0.2022265612139841,-0.044992829346280704,0.03493134963225874,0.06798669650313338,-0.17670870066353042,0.12477246070555087,-0.08647281749211178,-0.09899706111431339,0.06791495589989067,0.06551371962859089,-0.012066079777139166,-0.11672599652917666,0.1399690898506461,-0.023151212551457336,0.06046951046559149,0.10204662053714203,-0.07059400458430354,-0.04172468333328975,0.1741920302786065,-0.01866547189026597,0.015445287770427566,-0.026875791180848645,-0.009208931170783087,-0.014841198611877897,-0.06785102975773251,0.010262406669501034,-0.0007793653239682941,-0.017796348293129614,-0.005863827298279099,-0.005387587690688049,0.00013781225342393184,-0.9804943791207671,0.0070262016077903,-0.007485280258220185,-0.010349209600146647,-0.0033468403711159893,0.010563953478217987,0.021217062301049056,-0.006271182046736314,0.0018523978786344185,-0.005207580769503503,0.02895376984196724,-0.0034972096153675315,0.013435182889365176,0.04080711795997255,0.0024900013963175963,0.0073421805685255515,0.011611988336534016,0.09095462398631474,0.004027487255725859,-0.019019453991519764,0.026649478852391228,0.0070698552302548515,-0.005113336012052274,0.001107620072982687,0.009208344441255185,-0.032466708740505494,-1.2031719673923832e-05,-0.01901227826320633,-0.002701094838221113
76,-0.15044058926074055,-0.26039719856341537,0.39092942611642445,0.33068705237087365,0.07507677448768459,-0.05234287424624948,-0.18140006941045,0.12550459957418206,0.04789847272653353,-0.1013835851109858,-0.025252355259528552,-0.13078515795451098,0.0151308386480975,-0.11405336713426113,-0.2982344673637399,0.23570241449728568,0.09866320793794145,0.23717640415458763,-0.17058915827035512,-0.05291163956515612,0.04959007546841323,-0.04345015772509756,-0.32112300812953676,0.030638712102898303,0.31140843581663674,0.012624349559229826,0.04323198656066484,-0.013248849415012245,0.1164604114675283,-0.020854656930815257,-0.06346075163888512,-0.04247890236370897,0.004663383949330796,0.12714669559545577,-0.1804953659109437,-0.051231596934657904,0.014559685115136188,0.064385710641416,-0.0843723044068505,0.06421648110277156,0.038035562516475094,-0.0621148623295895,0.15012127345729223,-0.1571372739821127,-0.033525836928517704,0.0005524357108723661,0.09276253598568646,-0.1298440174170504,-0.08655810825893581,-0.06830455136189523,-0.06772672453154009,0.16301369270353008,-0.0076269463162514355,0.14855094529297544,0.03139625360704795,0.13480018519690157,0.00043904503653385016,-0.027724291966897734,-0.04938363350729724,0.0726864996999804,-0.03927970133306215,-0.09187943132860815,-0.08567701446459293,-0.03062063940964831,-0.0833526562834225,0.16053406157139338,-0.08428343760992897,0.04417968573698473,-0.04342021148269516,-0.06908952627252726,-0.029961458757312657,0.0005744969929137037,0.005093474547557224,-0.010342441480130632,-0.004727382969555674,-0.01755365719691474,-0.003092833696666307,0.006372232235619632,0.000936941217332195,-0.980494379120767,0.007026201607790314,-0.007485280258220265,-0.010349209600146642,-0.0033468403711159806,0.010563953478217992,0.021217062301049017,-0.006271182046736397,0.0018523978786343907,-0.005207580769503743,0.02895376984196717,-0.0034972096153674274,0.013435182889365144,0.04080711795997263,0.002490001396317676,0.007342180568525357,0.011611988336534125,0.09095462398631461,0.0040274872557257676,-0.019019453991519695,0.02664947885239127,0.007069855230254838,-0.0051133360120523275,0.0011076200729827565,0.009208344441255121,-0.03246670874050539,-1.2031719673795462e-05,-0.019012278263206197,-0.0027010948382211616
77,-0.29441067281171596,0.16652469726897393,-0.05489652036279127,-0.45663209240760594,-0.059862551195397136,0.31670275902640505,0.06704197390916562,0.24062388475967705,-0.3959632534049539,-0.3920642178563722,0.09024741339998507,0.6220310513968358,0.5199249693718307,-0.33422493477216736,0.15149601734635987,0.18969612474482353,-0.09046901733118459,0.7307440005250607,-0.19027393388004502,0.18292613524085446,0.46917467516649036,0.23451988115766198,0.04696390955154386,-0.34916993545097813,-0.3202286663503605,-0.06075320393078597,-0.02613536761469364,-0.09835053236035717,-0.10303130042995384,-0.05935623475933851,-0.30366496796969056,0.5773770137815633,0.24031852313635832,0.10298060725612751,-0.08558387311006546,-0.18299314100545896,-0.22436815084414882,0.4891323523312777,-0.48389542920190126,0.075496275409653,-0.1081661072912533,-0.2591755480563747,1.07331572993404,0.4603702400214604,0.4886813965487726,-0.3949050277417677,-0.12655766556664838,0.38892165644212495,0.033924933682835993,0.4327473217887813,-0.18135287931625602,-0.209455265005027,-0.14656248865296806,0.19631720355591273,0.007478428950637499,-0.09817491425788541,0.11220227678638213,-0.13208154958717075,0.07120283851025364,-0.052229165679655215,0.11131698893114841,-0.13305758679864654,-0.2724766800234486,-0.09121639286635373,-0.05174957106796734,-0.03241101818609512,0.017906657820629286,0.07974682205409445,0.06564403030859592,-0.009933976671972851,0.018261837930867036,0.0193596593339991,-0.048137076689109354,0.03565103237012428,-0.004568908064172905,0.006556882302455201,0.0014649533123695204,0.008491778407865731,-0.0017776182706390083,-0.9804943791207671,0.007026201607790555,-0.007485280258220676,-0.010349209600146828,-0.0033468403711157703,0.010563953478218042,0.02121706230104891,-0.006271182046736212,0.0018523978786341188,-0.005207580769503871,0.02895376984196708,-0.0034972096153673654,0.01343518288936519,0.04080711795997235,0.002490001396318089,0.0073421805685257744,0.01161198833653407,0.0909546239863146,0.0040274872557260295,-0.01901945399151994,0.02664947885239081,0.007069855230254754,-0.005113336012052142,0.0011076200729827504,0.009208344441255007,-0.032466708740505286,-1.2031719673423337e-05,-0.019012278263205992,-0.0027010948382212986
78,-0.311528740052601,0.209218330593967,-0.1809472662536879,0.16211317452464333,-0.11399270530127512,0.23528954839283162,0.04538058495970427,-0.016520222852814563,-0.12001802114644698,-0.6097276968696281,-0.05833200365718884,0.06047893102934785,0.19058632879204035,0.0014814849284632441,0.16931652563418095,-0.19899973170134674,0.14276323143984446,-0.2719049531195264,0.3404533225658211,0.07672052130673812,0.22515587211936883,0.10233837415992252,-0.0865871452459643,-0.27976304369651467,0.2987493801603777,0.061786992842690236,0.4492064008155396,0.0038084826927840304,-0.08509341595621202,-0.056725620146750796,0.0653912113304718,0.3153390594547396,-0.11889784459449604,-0.3116425686713767,0.05442226857231001,0.13953866810438134,0.07547971279872512,-0.13907939322891533,-0.08972872350243682,0.11122991838183047,0.12758570204226347,-0.11455754929712662,0.22826708233271426,-0.10417472412972544,-0.1352365531378841,0.09467447082617912,-0.02855620778764156,0.06480068221680618,-0.0062258668164334495,-0.15767923874507186,0.028339802714202656,0.14892669897434055,0.1740673908606144,-0.03465065631768128,-0.10708652251908606,0.05897151826311229,0.016640241591299888,0.030294377413821256,-0.1903315840504828,0.024003809497720713,-0.0017015572746874599,-0.07137362353725654,0.007593759737867712,0.07874238439386251,0.07955651703126891,0.0328622978396323,0.1150266322305352,-0.03427371180344922,0.030466545797998696,0.044546479372018916,-0.008385569249250121,-0.003381964364421788,0.08404033332328534,-0.02850832981358833,0.0019553992083279344,0.027905665222791323,0.01773510332093324,-0.006329011331246679,-0.0015761374194137212,-0.980494379120767,0.007026201607790414,-0.007485280258220173,-0.010349209600146595,-0.003346840371115878,0.010563953478217949,0.021217062301049142,-0.006271182046736229,0.0018523978786344861,-0.0052075807695035935,0.028953769841967174,-0.0034972096153673706,0.013435182889365228,0.04080711795997268,0.002490001396317465,0.007342180568525538,0.011611988336534087,0.09095462398631464,0.004027487255725927,-0.019019453991519678,0.026649478852391027,0.007069855230255067,-0.0051133360120521965,0.0011076200729827764,0.009208344441255274,-0.03246670874050542,-1.2031719674076127e-05,-0.01901227826320603,-0.002701094838221177
79,0.5810273215409196,0.6084302427428514,-0.5964470733667341,-0.48041331743819476,0.27027674410087954,-0.8490033156463342,-0.5259779876537031,-0.0025105263461386554,0.16458175857210577,0.04522692892238373,-0.22568098230842734,0.3271857680438608,0.1085772417300806,0.4669442130881891,-0.3352064112876709,-0.010066607516880934,0.3446229142062239,0.36067630784567123,0.16938238602100963,-0.14938283724041895,0.40072779054571117,0.017724528535456745,0.1550288773072897,0.14388169568061354,-0.008453869839614896,0.5675476849062884,0.21441716317823545,-0.024699995544202415,-0.2586597570610411,-0.09560888782415905,0.19333430879268437,-0.41024238356286524,-0.2697153562252035,0.3580269823392884,-0.27701093381325437,0.06939957464703385,-0.15292518249591755,-0.22087922407720742,-0.3591848123164939,0.25091710756294167,-0.026118744469049097,0.2112539038640875,0.03546850187419918,0.025628579451216063,-0.2352583460697581,-0.2130020721647686,-0.2785335649672446,-0.22293452927059382,0.06053795034511749,0.022265994678627877,-0.057903794247033895,0.056039654315676715,0.04491570924430161,0.040277257373945996,0.04310523949583584,-0.06427876437690906,0.03429489143535774,0.12558755782467512,0.019637058131457462,0.09899357885188403,0.1064859314735282,-0.04432641623050691,-0.10854840675518365,0.05415124392772046,-0.13535076237190077,0.023316286905041693,-0.03387693718538359,-0.07508593894162043,-0.10990757730929039,0.06987814043669777,0.15898927245587874,-0.03877728331358478,-0.009514784986948176,0.06334448404638958,0.03444277904672885,-0.056650747361110476,-0.028239095274018806,-0.012746904148975446,0.008823289351248842,-0.9804943791207675,0.007026201607790323,-0.00748528025822051,-0.010349209600146457,-0.0033468403711160825,0.010563953478218004,0.0212170623010491,-0.0062711820467367466,0.001852397878634271,-0.005207580769503826,0.02895376984196689,-0.0034972096153672977,0.013435182889365172,0.040807117959972695,0.002490001396317472,0.007342180568525704,0.011611988336533765,0.09095462398631447,0.004027487255725962,-0.019019453991519775,0.02664947885239093,0.007069855230254699,-0.005113336012052203,0.0011076200729830297,0.009208344441255503,-0.032466708740505446,-1.203171967380681e-05,-0.019012278263206086,-0.00270109483822116
80,0.4067404725832294,0.3093625985709594,-0.32862290451162973,-0.2814492992934682,0.0375328439916595,-0.5667725310409935,-0.136719723047177,-0.003174377958725622,0.19031957667313099,-0.05914802287127496,-0.06530532706718802,0.0766042565056115,0.05895782564091868,0.22393056928593405,-0.16277506534377637,-0.07779954800225358,0.28317724121526694,0.059049122843916974,-0.13537551549935323,-0.08085042133349818,0.13370547631034005,0.029491342698253955,0.06369782920846938,-0.09952509592838142,-0.11318220189252684,0.13067003198070423,0.2072690908555457,-0.06489729068981273,-0.16020745965618305,-0.2632142502249912,0.0858520909186415,-0.19958882331372446,-0.14138685865689307,0.27584859437998993,-0.017673082367033025,-0.021932619659927235,-0.004398825523243986,-0.05299019374085597,-0.0367235871503885,-0.004387800574792691,-0.08989874989775207,0.08853288317731124,0.05355541385723397,-0.03896103040742213,-0.02684512596771058,0.11498360151838054,0.09209853443978765,-0.03369387521905956,0.11773768862471423,-0.010806595682653287,0.05785865112905097,0.15197159637875887,-0.21322195690696177,0.12540034788103596,-0.22356241234507146,0.10900137630806112,0.2137863686792795,-0.05253548227834927,0.09744552580047343,-0.06890843525960783,0.07260119448573261,0.22422736716567315,-0.18719041350734975,-0.0418710523612654,0.4270332467909741,0.35899004705171705,0.15467211212596788,0.5246174231355121,-0.21954363954775,0.27488021486518177,0.3299328817525902,-0.12046237312473916,0.1424818650844182,0.3150463822227108,0.17053317635634424,-0.27313696788715663,-0.04666789772396363,-0.06587120199347243,0.028810480235088625,-0.9804943791207681,0.007026201607790369,-0.0074852802582205105,-0.010349209600146753,-0.0033468403711159112,0.010563953478218056,0.021217062301049007,-0.00627118204673664,0.0018523978786343144,-0.005207580769503732,0.028953769841966983,-0.0034972096153672123,0.013435182889365318,0.040807117959972605,0.0024900013963177,0.007342180568525607,0.011611988336533912,0.0909546239863146,0.0040274872557258395,-0.019019453991519764,0.02664947885239102,0.007069855230254491,-0.005113336012052282,0.001107620072982753,0.0092083444412552,-0.032466708740505446,-1.2031719673913423e-05,-0.019012278263206013,-0.002701094838221224
81,-0.16104553303817765,-0.0398644191312035,-0.06684312999270392,0.1006875448105141,0.02990406140478056,-0.019977945188271954,-0.04332021296818617,0.30984654366888287,-0.19665112455620368,-0.06294795186561802,-0.20639105972567054,-0.1577540714673871,-0.04354934117120321,0.6168696239520272,0.3957904123300091,-0.0019070926483892733,-0.1712938769545878,-0.19669116250431945,-0.33435332135914697,0.136713651247791,-0.12488885983193244,0.2533314165709389,-0.31519810476031507,0.11295187308128062,-0.22318517496692963,-0.4128930860199852,0.18750131003130696,0.2254022727133247,0.01117392061930191,-0.24227442618973785,-0.11741609667338444,-0.011386210057501433,-0.08636636759078861,0.0028147326477339072,-0.14356583263839165,0.015939277627732194,-0.16231629996659935,0.02895709501444026,-0.0712883900871005,0.031004142743767314,0.18699068441110797,0.22547177415457464,-0.0895115317209483,0.11001934033745124,0.08434713233962415,-0.13171181356680356,-0.08177129527829469,0.09144150183200365,0.1017651300492917,0.09374595255996442,-0.03463402379294098,0.15371092778872666,-0.19210665996020992,-0.13179629119229533,-0.07963990313756347,0.002294514751117917,0.2132157852153224,0.07564348288933215,-0.023942952595161125,0.0018970732391063827,-0.22158110565734968,-0.07462312577482824,-0.044050795522546926,0.14096142426014713,0.10109198143945554,-0.07057572271011295,0.06354057207931069,-0.21294216125922283,-0.0820706567482839,0.01788329070436549,0.05870936930151426,-0.008730470690316109,-0.01930361767696031,0.027879047386604138,0.007720409600643684,0.01494688368926224,-0.0035617655759934965,-1.2967650781969832e-05,-0.006414829418246383,-0.9804943791207673,0.007026201607790254,-0.007485280258220383,-0.010349209600146833,-0.0033468403711159576,0.010563953478218193,0.021217062301049108,-0.006271182046736324,0.0018523978786343612,-0.005207580769503604,0.028953769841967247,-0.0034972096153674226,0.01343518288936529,0.04080711795997249,0.002490001396317805,0.007342180568525628,0.011611988336533992,0.09095462398631458,0.0040274872557257224,-0.019019453991519705,0.02664947885239104,0.00706985523025499,-0.00511333601205221,0.0011076200729826654,0.009208344441255201,-0.03246670874050539,-1.20317196738775e-05,-0.01901227826320626,-0.002701094838221139
82,-0.13924300199949644,0.0968467628512233,-0.1930242443740204,0.14826277159014364,-0.30845338474822726,0.03554168511008002,-0.3895037732572979,-0.4437335863775248,-0.12605994478396257,0.03297643176749066,0.12668820517856183,-0.02506608332949612,-0.08747291019533449,-0.12312454086022333,0.029262760280266607,-0.3265795344328219,0.12905763310282303,0.12749501284429815,0.5551180429658944,0.15266162519794985,-0.07528694871615153,0.3400969078372152,-0.056637968922236326,0.38102807093405344,0.08772566812053233,0.14680208146498336,0.2560230447917784,-0.38275843850722563,-0.0807889204617734,-0.07397934315854937,-0.1788048849187335,0.08660864542670461,-0.0032077494000771214,0.16437363669607422,0.03447671593420202,0.10216275049596142,-0.012326463725888415,0.042026124692231714,0.22793674815959242,0.16000220328635684,0.0847522075419715,0.2577515034770167,0.10544153537986992,-0.3129708416532872,0.0683288829380615,0.08029066808092263,-0.10019237243039225,0.05223946866805026,0.07131727928374365,0.07629563745226571,-0.28003368049053906,0.012157399308748928,-0.012509701888171888,0.14846149521775928,-0.1185047068785835,0.06271631350271156,-0.030201149570422747,-0.03790222121003572,-0.0400496313669502,-0.016756974718940835,0.05965845826247616,0.1336244731647156,0.16347915423851073,0.06674239035847836,0.027518108578107665,-0.09845741805200023,-0.05819741524174897,0.02018866786380044,-0.03126665642414082,0.06421798615231511,-0.02338867114787444,0.0012386752104683848,0.010209938082438986,0.017244436739550548,-0.018525075005395533,0.005442824389311679,0.025122763208302118,0.010596967645753463,-0.005274057235179879,-0.9804943791207671,0.007026201607790441,-0.007485280258220298,-0.01034920960014661,-0.0033468403711161138,0.010563953478218143,0.021217062301048948,-0.006271182046736237,0.0018523978786342849,-0.005207580769503864,0.028953769841967285,-0.0034972096153674747,0.013435182889365172,0.040807117959972876,0.0024900013963177494,0.007342180568525531,0.011611988336534032,0.09095462398631463,0.004027487255725636,-0.01901945399151972,0.026649478852391096,0.007069855230255122,-0.005113336012052176,0.0011076200729825197,0.009208344441255316,-0.032466708740505563,-1.2031719673791632e-05,-0.019012278263206287,-0.00270109483822112
83,-0.22489394315431563,0.2221546744717345,-0.1145707671942372,0.015044925979253531,-0.15861671153955995,-0.2646035869103481,0.18877644580526304,-0.119798058750025,0.05587556041712667,-0.05637215865094887,0.2827201531642152,-0.3356321846552267,-0.02239232527014069,-0.09446645290499595,-0.1487253971945483,-0.10272574891844069,0.04980870854428948,-0.16943370633043273,-0.04818334958437571,0.17604127457837757,-0.4859923295097193,-0.12417550520600971,0.164657347537692,0.18118070476537773,-0.005894457801598351,0.13495421121319168,-0.032274386118759414,0.01101037724830684,-0.09694100141899709,-0.4593175005208168,-0.12785449231117527,-0.017968042723954584,-0.17769641583321194,-0.050260177770615345,0.04781990433811262,0.09278007196518188,0.059630376337134285,0.09033879981481882,-0.10574714718828904,-0.0405293626724265,0.03581677677591566,0.01251865814338821,0.2750735118308557,-0.21876616596268328,-0.09561897716906781,-0.08050531118289692,-0.007839619376507642,-0.09660261305577457,0.10405960722831631,0.14465914768992075,0.08055160205854953,0.20226090906266114,-0.008480395703588023,0.008206317252888078,0.0865422154468709,0.10685896902596762,-0.20273929998409693,-0.24432878387645598,0.06734704269246827,0.157995999823169,0.28972879609373603,-0.05614408134232716,-0.03309189971263387,-0.0029963879719587198,-0.09084994121788387,-0.05009608620326988,-0.03523957069633221,0.06093688268673582,-0.10357324014524287,0.09753919309752318,-0.04569384230705557,-0.009043296858898332,0.0820296194993217,-0.03133812971268813,-0.004806656211151554,0.006086004058988804,-0.011097506107150247,-0.0024058541826178868,-0.004817354733396883,-0.9804943791207672,0.007026201607790161,-0.007485280258220542,-0.010349209600146486,-0.0033468403711159893,0.01056395347821814,0.021217062301049028,-0.006271182046736529,0.0018523978786341687,-0.005207580769503729,0.028953769841967136,-0.003497209615367254,0.01343518288936522,0.040807117959972494,0.002490001396317607,0.007342180568525676,0.011611988336533877,0.09095462398631468,0.004027487255725637,-0.019019453991519917,0.026649478852391172,0.0070698552302547474,-0.005113336012052291,0.0011076200729828501,0.009208344441255192,-0.03246670874050536,-1.2031719673798932e-05,-0.019012278263206037,-0.0027010948382210436
84,-0.18551233493170416,-0.14331366088743897,0.20929797277375542,-0.21326171470487854,0.26704902280206105,-0.0035113778182537313,0.06326869980548845,0.11394849613738574,0.2823861125648239,-0.00029070596234875016,0.21520570644451711,-0.17069156884879985,0.1392666889213295,0.040112534100429635,0.15224194289709525,-0.061006466076882704,0.1878629876986197,-0.209836010797489,-0.17399776831721706,-0.1834512474550127,0.17855902734903625,-0.00667332315065713,0.033993958001947114,0.055052800318330604,-0.0193984950295869,-0.06528356952395577,0.1335968706181873,0.12416877807078314,0.12516640093572176,0.14637816561074102,0.01871763646220301,0.04488213431442079,-0.017624491260149363,-0.04948233803055864,0.01604403474979007,-0.08351245964383608,-0.22449739413317188,0.04711580509393125,0.1269857280706166,-0.04523166998912523,-0.17428219909934367,0.18272886028076876,-0.07269703297342604,0.17874796915859506,-0.0544092388076925,-0.02740420128137002,0.10589181164116915,-0.0255247818837502,-0.10927771753130125,0.07958748988455144,0.20095939739326193,0.035681679866419,0.08942163162529271,-0.0815083244796344,0.1324649488458412,-0.19346735596697284,0.07148131986182299,-0.1132811215397107,-0.10306925912462961,-0.10567071422044999,-0.08816250901862249,-0.11311940722299657,0.07696762546264989,-0.005017121441736355,0.0920037291255827,-0.08328548634417042,-0.023415100456622623,0.04204748053480769,-0.0035113507421882222,-0.0829642885771003,0.013535988333545048,-0.016610139644805483,-0.023065953567385843,0.02363036476986135,0.0016525810262935576,0.0009517597974646519,0.009510039591386528,0.006593391544517156,0.009644465272910113,-0.9804943791207672,0.007026201607790307,-0.007485280258220366,-0.01034920960014672,-0.003346840371115998,0.010563953478218186,0.02121706230104891,-0.006271182046736175,0.0018523978786343074,-0.005207580769503701,0.028953769841967198,-0.0034972096153675037,0.013435182889365089,0.04080711795997251,0.002490001396317799,0.007342180568525732,0.011611988336533966,0.09095462398631456,0.004027487255725638,-0.01901945399151982,0.026649478852391256,0.007069855230254949,-0.005113336012052027,0.0011076200729827842,0.009208344441255244,-0.03246670874050537,-1.203171967387179e-05,-0.019012278263206124,-0.002701094838221224
85,-0.1429285858212687,0.012677697658082233,0.09553885078574977,0.10745693172099295,0.19230577932662554,-0.0737894330604398,0.21824347788334714,0.14256416901231136,-0.42534351806644827,-0.2157988109024605,0.000709541541587726,0.24288285543730698,0.01921759493593756,-0.14952854421144127,-0.2480242342216069,0.07840471243232237,0.175444804408356,-0.051561280192900245,-0.07884774826610316,0.17475218937205086,-0.08663465976362549,-0.35799297981534806,-0.2634098085645213,0.0505674691426893,0.3078393527245892,0.26380839804819034,0.007103802423440439,0.06049190265238866,-0.1804090519064968,0.41895629142276775,0.0953640521539538,-0.02144553495588663,-0.35158029954095676,0.06678941137102096,-0.04222780509059328,0.09277619841947318,0.15041579841604671,0.25671058410607694,0.3047100682719511,0.03247530826056823,0.15166690585912732,-0.056335427356469146,0.04913523555463831,0.16153608058450764,0.041866805957126586,0.08065368376917041,0.049569994468608894,0.08321224948029407,0.15013121207872132,-0.03896856557756035,-0.03613038529166135,0.07726348436409834,0.06041604395559011,-0.2292330869115108,-0.1448459377968293,0.04984573055464084,-0.09160667384243171,-0.04193736979925174,0.14166896291376194,0.056211735442997124,0.12674394885737383,-0.015266282710737435,0.07973505126368272,-0.02591916626846135,0.03401445983110854,-0.11674927287961794,0.10449376157591224,0.07483620575080804,0.11992144932205905,0.0568285229157947,-3.1003734561823404e-05,-0.014735892562796461,0.006902842645091871,0.003059908234909322,0.0042927480773873004,0.04825035302636669,0.01624527775359416,-0.024789149260523217,-0.01877207193600725,-0.980494379120767,0.007026201607790215,-0.007485280258220449,-0.010349209600146651,-0.003346840371115925,0.010563953478217945,0.021217062301049004,-0.006271182046736314,0.0018523978786342923,-0.005207580769503697,0.028953769841966934,-0.0034972096153674487,0.013435182889365087,0.04080711795997253,0.002490001396317555,0.007342180568525535,0.011611988336533924,0.09095462398631464,0.0040274872557257485,-0.01901945399151974,0.026649478852391113,0.007069855230255033,-0.005113336012052161,0.0011076200729828582,0.009208344441255328,-0.03246670874050545,-1.2031719674034251e-05,-0.019012278263206058,-0.0027010948382210583
86,-0.07355431585446814,-0.06037104827667912,-0.02783802533082832,0.3830515890148653,0.2398197131720559,-0.044395724411671535,-0.15781876859462218,-0.0985318088503136,-0.10417201335602672,0.14912475854233603,0.14944904592337832,-0.16811966340533926,0.12034433630251079,-0.34068453677957605,-0.19554553914663259,-0.2772505259112595,-0.03285916739140365,-0.07592770253490068,-0.11006119844426926,-0.04395374119518872,0.10444689470650546,0.012940280012902119,-0.18753937098146983,0.22599012228654738,0.24841143908672852,-0.03555070396632385,-0.30388408981025794,-0.27227198010036985,0.24913708733065498,0.016085981890136377,-0.026668718149105927,-0.31189618808923064,-0.04168167898432009,0.1560304828374107,0.0027375806839540846,-0.048475034522759135,0.08452864660960281,0.08478013635870962,-0.24074476658078434,0.25203058240065235,0.050991830108139784,-0.21671420961618224,-0.09969995656585809,-0.007590277097812743,0.0028307875876855005,0.38853218579324716,-0.05340130701299493,0.10459437185873649,0.14251927779317003,0.09507935884620806,-0.161963133134571,-0.03172312317464371,-0.06699297667281945,0.057304580484220255,-0.09284032759408695,0.10479712291692048,-0.002884108024576342,0.18865921243969216,0.12286458722821239,0.03223787833702863,-0.06232160471167169,-0.13049360465671955,-0.06002913832585993,-0.05803294086421265,-0.03420311761884934,0.16402223087817872,0.009089600045089257,-0.07973446839576487,0.009633265289545312,-0.1006130045513941,0.023054491711639338,-0.01296759983117998,-0.014993752717491706,-0.012137919723362344,0.02178543831507153,0.005321274175991697,-0.02708647024365836,-0.0077966002952148325,0.0010021914131059706,-0.980494379120767,0.0070262016077903295,-0.007485280258220317,-0.010349209600146693,-0.003346840371115842,0.010563953478218029,0.02121706230104881,-0.006271182046736279,0.0018523978786342263,-0.0052075807695037245,0.028953769841967087,-0.003497209615367421,0.013435182889365389,0.040807117959972716,0.002490001396317718,0.007342180568525382,0.011611988336533952,0.09095462398631456,0.004027487255725735,-0.019019453991519712,0.026649478852390968,0.007069855230255139,-0.00511333601205247,0.0011076200729825112,0.009208344441255057,-0.03246670874050547,-1.2031719673878126e-05,-0.01901227826320615,-0.002701094838221223
87,0.07435578730316318,-0.6156628592018697,0.15431099714901217,0.2759657060636993,0.08734343190743352,0.1788743624573991,-0.3183281424954957,0.001757043815018629,0.29095852260248856,0.2496363382841944,0.025650081354015607,0.33655334040475465,0.16566691614121618,-0.2862094477555974,0.043557553965494857,-0.10267816734693333,0.07131386855574141,-0.35592352443911135,-0.14145314874466713,0.3304535084602352,0.21654492033366873,-0.03183129850771448,0.05835607854236868,0.10261196662290953,-0.026827290244715724,0.19926669894240456,0.24613383540160771,-0.09690637994441725,0.09784598513581952,0.1490184364950416,-0.24283428562522158,-0.11774389095644493,0.11181389147030643,-0.14939588713802315,0.17346112077322748,0.08142064456799956,-0.0392345240804352,0.013323065884493007,0.1869263396646958,0.1930755306605878,0.09787645587670167,-0.2585288317206715,-0.05175915034911799,0.3039992995884015,0.040786052632701346,-0.27462488467639473,0.020441032834085,0.11225759218171835,-0.07646426413993117,-0.23574730937755564,0.3890672354025877,0.1574571760684963,0.26582544567056327,0.12123304111115552,-0.14345434149373085,-0.09634896936855941,0.04765815939464031,-0.09052814215099433,-0.08641083310529538,0.2740729275153772,-0.03889778517580164,-0.017375536848933892,-0.08974473976177937,-0.054585066966486094,0.01697573751541938,-0.019404384018644735,-0.005872301398023714,-0.13886903315427676,-0.13600689160695595,0.12957701904062116,0.0035198180052936155,-0.004608227413967354,-0.048725549444592,0.02744784832726601,-0.007956696974554228,-0.017359961750161985,-0.002360775868853619,-0.009365730856168835,-0.009410443174798841,-0.9804943791207673,0.007026201607790227,-0.007485280258220418,-0.010349209600146698,-0.003346840371116154,0.010563953478218186,0.021217062301048712,-0.006271182046736383,0.0018523978786342797,-0.005207580769503961,0.028953769841967115,-0.0034972096153675246,0.01343518288936502,0.040807117959972605,0.002490001396317787,0.007342180568525531,0.011611988336534063,0.09095462398631445,0.00402748725572566,-0.019019453991519785,0.026649478852391436,0.007069855230255025,-0.005113336012052244,0.001107620072982805,0.00920834444125511,-0.03246670874050545,-1.2031719673677501e-05,-0.01901227826320607,-0.0027010948382210505
88,-0.20062282283790528,-0.0929667439956612,-0.0942420472505461,0.13144889256245226,0.26503947495863583,0.017543960542131705,-0.05073955724416449,0.13618345263737672,-0.010551657836696012,-0.07175929983356916,-0.009942515974608547,-0.1608729264646217,-0.19785518156550633,0.061081788718620196,-0.06629004562012834,-0.12622918175192765,-0.07817398393380548,-0.15014926029153647,-0.39201780919977625,-0.5337329354483753,-0.17135736550363834,0.15548722527170036,0.2247655054731241,-0.0027042604375644252,-0.05711162805090031,-0.07923532387953042,0.14346694716835398,0.27857411943694643,0.07200113759112957,0.0658709239834625,0.2979935968150878,0.1504414261179573,-0.17481462903862852,-0.1258651562359801,0.23842069546002392,-0.012839301891630328,-0.07148385443813327,-0.06600485475544558,0.08642371326833673,-0.03786205805200893,0.07059686103866306,-0.01843410298709298,-0.1876832474241376,-0.09377473950393159,0.21080527766253598,-0.2504377264922404,-0.08576323319323703,0.012501821965144681,-0.07933907169997757,0.12763465323405768,-0.11354240920402839,-0.21404213365720587,-0.08592503467830058,-0.13204268153564303,0.13507304602742495,-0.15792446182471018,0.08798116158971526,-0.0943128976997795,0.17795938238373604,0.04084892357529878,0.10659128376658214,-0.009228810669009052,-0.08272034727377935,-0.021210355484332043,0.06839773314828043,0.03548158533716384,-0.09383454900698743,0.0528019600274867,-0.0447322554919337,-0.02835203243969717,-0.02930130359179903,0.015414869620596116,-0.025898339831657596,0.00027808844636451676,0.002024978954203497,-0.004796153431185148,0.0015184131744511954,0.0007796656095973935,-0.0010548933990706098,-0.9804943791207673,0.007026201607790312,-0.007485280258220374,-0.010349209600146897,-0.0033468403711159373,0.010563953478218263,0.021217062301048837,-0.006271182046736243,0.0018523978786343675,-0.005207580769503618,0.028953769841967063,-0.0034972096153674994,0.013435182889365266,0.04080711795997251,0.002490001396317925,0.007342180568525622,0.011611988336533942,0.09095462398631468,0.004027487255725573,-0.019019453991519886,0.026649478852391165,0.007069855230255005,-0.00511333601205215,0.0011076200729828363,0.009208344441254915,-0.032466708740505355,-1.2031719673861873e-05,-0.019012278263206145,-0.002701094838221194
89,-0.3776135613942029,0.07596210240720372,0.22255453015489468,0.14221655145768747,0.11855775008449405,-0.05483059132190527,0.3299998201212357,0.26230535751455014,-0.08186728566556861,-0.27187066235850327,-0.25571174156522825,-0.13356042789803316,0.13117524678037504,-0.1992003723666346,-0.21275112624292475,-0.03382797141311965,0.12566765119814946,0.11426056970795406,0.14363717893410222,0.32033705433462273,-0.07707963848789227,0.12627718931631973,0.05059367129296074,-0.058104702064201715,-0.0200072979150537,-0.021184582849248304,-0.06816181057635452,0.17091740478231746,-0.0302414040060782,0.052617240450839715,-0.06703346530420302,-0.10144567646401144,0.06512121864033574,0.12631342078275937,0.005694273134115409,-0.08435768741070947,-0.21671987881109017,-0.28104756264724584,-0.08064956509323715,-0.0364689459508671,0.07002129636116373,-0.08324099676632253,0.22319552166666878,-0.20786513889493083,-0.10996257586121164,0.20077603140521852,-0.2271594487909805,-0.03841792182817438,-0.0072709312507128684,-0.12693455335097745,0.01053746526235617,-0.13090702884129007,0.09085480230337842,-0.1610750508512433,-0.02312862883393208,-0.029341585602303804,-0.027934976996490942,0.015881926143340597,0.11473436260096892,0.08446566756401058,0.03891393068741493,-0.064128427105413,-0.0448640233005762,-0.0118122989414601,0.1831746895157095,0.20180102334568478,0.04306882518396386,-0.004634225441482442,0.0780190279310465,0.024958594223596853,-0.06565062303380378,0.03135901516168733,-0.13585084062706693,0.04190289809017991,-0.01333918845897946,0.008235663762804074,-0.0019476360304706267,-5.791828503779632e-05,-0.02266188307670456,-0.9804943791207669,0.007026201607790328,-0.007485280258220196,-0.010349209600146809,-0.0033468403711157915,0.010563953478217921,0.021217062301049014,-0.006271182046736226,0.0018523978786344033,-0.005207580769503639,0.02895376984196713,-0.0034972096153673116,0.013435182889365398,0.0408071179599726,0.0024900013963174527,0.007342180568525511,0.01161198833653408,0.09095462398631451,0.004027487255725728,-0.019019453991519837,0.026649478852391013,0.007069855230254973,-0.005113336012052281,0.00110762007298274,0.00920834444125504,-0.032466708740505355,-1.2031719674039597e-05,-0.01901227826320604,-0.002701094838221015
90,-0.15016833278370764,0.034465436831861235,-0.24436625026274342,-0.16775323796498035,0.03135064280239973,0.08832555877277261,0.009557215856571825,-0.3180188811201455,-0.03671837739240625,-0.059257862691953364,0.3740235418869623,0.4384389026710478,0.11379587621036534,-0.09911598619241792,0.11774430050264799,0.012110570014182009,0.026958244274716017,-0.14734937443416246,-0.1548464960440201,-0.04864421235896418,0.14292533370832525,0.04532234735667154,-0.07569876144504735,0.32404531242723555,-0.11814538767297415,0.1826387422624564,-0.06138280178105563,0.023284008994034485,0.3111686031170313,-0.0462080135614734,-0.014102943730638553,-0.13271409962080719,-0.06488128554678002,0.060887898450213716,-0.24621119476664294,0.06110815859600431,-0.2323211684542992,-0.10613523421371268,0.23030741128147222,-0.2368608526231267,0.01005604145553246,0.06093537981356971,-0.042055783276493806,0.21342284107566195,0.04984701661723151,0.1647783202594897,-0.017261746755289742,0.1803462424594971,0.14069252260445436,-0.047052800993188384,-0.10428147808593442,0.12657568203849026,0.172566288210373,0.021413078998623485,-0.0428011554942249,0.08758925504067451,-0.24697732688016033,0.049801370508201624,-0.2212347939297329,0.15615658536328977,-0.10041746452310159,-0.18458496982764014,0.09227851253908673,-0.07293205200716801,0.01363720869583226,-0.0666743063027996,-0.107517581055037,0.045132614678002905,0.0009917708768025888,0.2406645167557309,0.005088523111594421,0.05485193986771179,0.06646727217485038,-0.01626866507284966,-0.03009232266296263,-0.012040628785664495,0.0030409450758452543,0.003081728243532874,0.006957542210105303,-0.9804943791207674,0.007026201607790282,-0.007485280258220655,-0.010349209600146651,-0.003346840371115836,0.010563953478218136,0.02121706230104894,-0.006271182046736268,0.0018523978786342988,-0.0052075807695038225,0.028953769841967267,-0.0034972096153673463,0.013435182889365075,0.04080711795997256,0.0024900013963178188,0.007342180568525593,0.011611988336533884,0.09095462398631451,0.0040274872557255455,-0.019019453991519636,0.026649478852391082,0.007069855230254872,-0.005113336012052287,0.0011076200729827799,0.009208344441255253,-0.032466708740505335,-1.2031719673883139e-05,-0.01901227826320617,-0.0027010948382211668
91,0.2719008741927122,0.05609879550765225,0.26098785452090506,-0.3639790275214156,0.11740640593044793,0.47827618264963,-0.1595818987709259,0.0278681440214242,0.05474851543427715,0.051689567506001254,-0.12259373772375608,-0.590874218844933,-0.34531982729035926,-0.0327170243280613,0.45292486746730626,0.919208704917606,-0.029797724307513245,-0.08994476149100557,-0.08472993160864037,-0.3875563681467201,-0.059680116849005316,-0.10469055872539752,-0.24171775191434752,-0.4305593939005988,0.23931704463288445,0.09951924466240122,-0.3323782746034233,0.05461092679644328,-0.18404909940383857,0.17415069475266107,-0.40789352675938456,-0.08919393939889556,-0.04441593580990777,-0.08874188506916543,0.1059363955604142,0.3253549736387846,-0.3031469184071904,-0.27102292826858665,0.055959854101849685,-0.0035364653784754805,-0.16427345717930755,-0.24949693360830913,-0.0631755660683709,-0.04418458420133459,0.09185390779244988,-0.13988701907834847,-0.2552034461289637,-0.09396474924982187,-0.023899934110499472,0.08706456623057972,-0.06384672361227403,0.06375826712960325,0.2551852880073205,0.36640674374479937,-0.05036871004201628,0.11171892414457822,0.10656925060919463,-0.13466576641542732,0.23900022748124392,0.006710714836465692,0.019613070856567633,0.035243776342388566,0.04396554683394098,-0.03631812749161085,0.20331899101876647,0.19140453111871267,-0.010162526519225229,-0.17989803300762247,0.10887191188526671,-0.0559315409211934,0.024026282744641417,-0.008251487295393664,0.04547575842487675,-0.007604718651771238,0.008703548719473226,0.013482236874779783,0.0164523433165063,0.0116447133062562,-0.004600923703869214,-0.980494379120767,0.007026201607790387,-0.007485280258220267,-0.01034920960014697,-0.003346840371116239,0.010563953478218112,0.021217062301048827,-0.006271182046736647,0.001852397878634363,-0.005207580769503673,0.028953769841967163,-0.003497209615367372,0.01343518288936513,0.04080711795997259,0.002490001396317633,0.007342180568525579,0.011611988336533917,0.09095462398631464,0.004027487255725742,-0.019019453991519737,0.02664947885239124,0.007069855230254706,-0.005113336012052244,0.0011076200729828363,0.00920834444125515,-0.03246670874050517,-1.2031719673826687e-05,-0.019012278263206336,-0.0027010948382209673
92,-0.3513415073089471,0.09676470871488665,0.21026482933602547,0.6067966636196725,0.24667110050529437,-0.11832944925604051,0.11098077926892644,0.19159382098346628,0.02227729681983431,-0.06942027513987152,-0.08153511560463456,-0.13682156481724117,0.058612387822724724,0.016841536376852238,-0.03160959075071004,0.13716226577142926,0.21675673695188916,-0.3183942012973855,0.3697976439003425,0.028736831501513935,0.04066039340972546,-0.2449159015573665,0.018158646020686117,-0.07188899193358632,0.10799265086333275,-0.0670540040120269,-0.13420758385628664,-0.23449892436094838,-0.07436849490068949,-0.05986180015443774,0.05681781403877951,-0.07268728608486859,0.09730216730957272,0.09707872753972042,0.0492551216020504,-0.19416538115391974,-0.03287720184414568,0.11360111036974509,-0.20531559333680308,0.1339134049270791,0.026877462439401905,0.08575603891599393,0.07485035117022737,-0.17575017200640505,0.046044481758054076,-0.04558923046067636,0.012488489096363041,-0.01616162675640774,0.032323007217646305,-0.006647802566479814,-0.07178788085591724,0.11238544119149148,-0.060052309454518976,-0.10918331350226644,-0.0165606131592385,-0.05114801898300862,0.025060755571088444,-0.0375327847829885,0.027146902997116865,0.09009436011223369,0.06359770743358709,-0.0009941258132171568,0.016157242269366927,0.02353742127476157,0.015708133082131093,-0.033440731986340864,0.10839931747013197,-0.014151003924306163,-0.002509466324610833,0.034612786260910126,-0.0068206688754676075,-0.009383288233945812,0.005197602239813501,-0.0007745572886764903,0.005069867966062295,0.021886304851817792,0.004105293431519803,-0.011494306211558801,-0.003531700791338239,-0.980494379120767,0.007026201607790274,-0.007485280258220241,-0.010349209600146637,-0.0033468403711160778,0.010563953478217925,0.021217062301049017,-0.006271182046736265,0.001852397878634313,-0.005207580769503752,0.028953769841967045,-0.0034972096153674348,0.013435182889365268,0.04080711795997257,0.0024900013963176106,0.007342180568525452,0.011611988336534028,0.0909546239863147,0.004027487255725735,-0.01901945399151978,0.026649478852391197,0.007069855230255026,-0.005113336012052171,0.001107620072982761,0.00920834444125521,-0.03246670874050549,-1.2031719674013434e-05,-0.019012278263206072,-0.002701094838221003
93,0.19859214642498446,0.017088117301997705,0.28945620883640527,-0.255957033195544,0.06454925677536663,-0.04023365461453348,-0.03533629160502224,0.1778211090880198,0.11203494061373072,-0.4384491646801916,-0.286137823963969,0.24489406097987493,0.22457612432594334,-0.05243626207812749,-0.5593750864677569,-0.11757249707080664,0.25467184127299114,-0.0052649712090079995,0.2839059286497561,-0.02625937653607475,-0.12957651327679973,0.3352609681858316,0.09992124744483855,-0.061046628270460125,0.1850206545024745,-0.17615819851177572,-0.18825258584910998,-0.07751153152812996,0.0868059384733512,-0.1321732463181503,-0.22449569067543396,0.0011746667121846136,0.355895302606991,0.24434927658395117,0.09512214464611733,-0.015751000499438474,-0.020876369960541784,-0.06596513349148463,0.18348820097165905,-0.1012802207762345,0.04300602755960075,0.03734433703755776,-0.07359249464659387,0.01895252009421026,0.05668199772179011,-0.0769090550927474,0.018282975721669405,0.08628322811865054,0.08953495558514112,-0.1280884525475425,0.04762971625634553,0.04888925694770578,0.16182347507622713,-0.16737973855003044,-0.12341434367534873,0.080514526285476,-0.042966169041413364,-0.041610745891051924,-0.07083650342088871,-0.009453384915763575,-0.0471609945203812,-0.28410255171490717,0.028662051334025843,-0.1588446904875637,-0.021771112292561463,0.0588350488140404,0.058174973885298395,0.008573569429544183,-0.02435973321839454,-0.014124450711982662,-0.014776214932076096,-0.014854098458925505,-0.0403711478562523,0.04167332887711913,-0.008405461724024836,0.015262186684011414,-0.013879905953750602,0.012592720865481556,-0.0040854163857945505,-0.980494379120767,0.007026201607790279,-0.007485280258220404,-0.01034920960014692,-0.0033468403711158193,0.010563953478217872,0.021217062301048986,-0.006271182046736292,0.0018523978786343478,-0.0052075807695038554,0.02895376984196725,-0.0034972096153674226,0.013435182889365252,0.04080711795997257,0.002490001396317914,0.007342180568525511,0.011611988336534094,0.09095462398631451,0.004027487255725464,-0.019019453991519886,0.02664947885239115,0.0070698552302549,-0.00511333601205226,0.0011076200729828961,0.0092083444412552,-0.03246670874050532,-1.2031719673751633e-05,-0.019012278263206013,-0.0027010948382211477
94,-0.13575989916330716,-0.22323510505821348,-0.12925149833024308,0.33340891507493897,0.4712631450189295,0.009940458245043434,-0.6236955761287958,-0.13619177499597399,-0.29239340263880764,-0.12701549533271925,-0.05653685291244737,-0.3616264517654179,-0.3753383915786753,-0.37998842799753435,-0.1303205266339997,-0.17490740480573094,0.0667078034694085,-0.018500977889803233,-0.1696201761419723,0.18252748696497123,-0.20616739407574858,0.08749833682183386,0.05270851052518401,0.010835939381298693,-0.022782191778259315,-0.02706476939060082,0.10037515599021071,-0.25448629966233227,-0.1326666395442993,0.08669144204685267,0.1294163195453096,0.1378984488378273,0.016387367910414573,0.08114062109514603,-0.07157569547877088,0.22831327533257467,-0.19785811695575956,-0.013377816628446601,-0.2914705108738924,0.154893066720946,-0.1856326243079406,-0.02987323809654256,-0.058431905519071216,-0.1126631935097181,0.10116461062923483,0.05755062851436774,0.0584187111525495,-0.27113628284335844,-0.06653413652707077,0.06207873781934233,-0.014875548021326825,-0.02813894763880259,-0.20655511615736658,-0.034810464549438896,0.07172267581039198,-0.09041571074264101,0.08846037516621813,0.11720683437468217,0.11754279942933762,-0.08763709102122108,0.05110582366388665,0.02532890722993247,-0.20886048826787243,-0.19503418011069915,0.041691319312468396,-0.10863131712794293,-0.08182315393777294,0.06220358897133426,0.11383504010906974,-0.029569092784674334,0.004929593498503588,0.008569360219816137,-0.08132993614198275,0.030592087812486044,0.0017656142412278896,0.00668748624873169,-0.011420605113614712,0.007215785385762972,0.0072018373407208925,-0.9804943791207672,0.007026201607790451,-0.007485280258220232,-0.01034920960014678,-0.0033468403711159754,0.010563953478218055,0.021217062301048917,-0.006271182046736236,0.0018523978786343814,-0.005207580769503743,0.028953769841967056,-0.0034972096153674786,0.013435182889365266,0.04080711795997273,0.0024900013963176995,0.007342180568525573,0.011611988336533997,0.09095462398631476,0.004027487255725632,-0.019019453991519674,0.02664947885239105,0.007069855230255151,-0.005113336012052157,0.0011076200729826134,0.009208344441255205,-0.03246670874050544,-1.203171967390394e-05,-0.019012278263206256,-0.002701094838220965
95,-0.37474910671826994,0.12863586870765112,0.1936242419238693,-0.1487263126222682,0.06393261192713079,0.1294722972826113,0.20007194798550462,0.25290036228364393,-0.08997656633090535,-0.19369914856292375,-0.11901853312407001,0.08676676508565637,0.008285474225762923,0.049218969192775575,-0.20863917528697185,0.011623726098328915,0.06545627729011408,0.3947269385211576,-0.2132497926363033,0.162704152756751,0.01794464657439172,-0.03497896129599416,-0.03838585163949255,-0.020092545908453503,-0.2290452427337862,0.17452750720587884,-0.20943454802935418,0.18708404854904268,-0.09661348482576515,0.2723491249644128,-0.018049022754165048,-0.14256160688774147,-0.006684604756952253,0.061479937359707505,-0.07802516969239291,-0.06429927549542015,0.14942015825294253,-0.02009233445535963,0.20460005764425945,0.04019309634420131,0.00799587318853712,-0.04386313890226596,0.20287820099410772,-0.029724578308239206,0.0327917983007016,0.1597465105279818,-0.03351806284231849,-0.09849291714461712,-0.21646752190210156,-0.2773730318500455,-0.07165058702987714,0.19273622660478842,-0.06879677939047607,0.0669559834220526,-0.038283186478546734,-0.18148755998183094,-0.06877620508890567,0.12342942558657748,-0.03545748863001825,0.158847283229466,-0.015130132957973429,0.002799169193390143,-0.04828610320140367,-0.09822080157223056,0.012967358888846748,0.08820608657221622,0.008863718284869091,0.02263770337830312,0.10500144219888703,-0.05118886091034012,-0.0013896188722523249,-0.007094852694941274,-0.04321841062987954,0.009429337404791797,0.002351041632605773,0.010019585289466029,-0.002569081575295462,-0.008487678130093214,-0.004317806049252994,-0.9804943791207669,0.007026201607790208,-0.007485280258220333,-0.010349209600146762,-0.0033468403711159576,0.010563953478217945,0.02121706230104912,-0.0062711820467364066,0.0018523978786343408,-0.0052075807695038745,0.02895376984196713,-0.0034972096153674764,0.01343518288936512,0.04080711795997246,0.0024900013963175477,0.007342180568525552,0.011611988336534101,0.09095462398631463,0.00402748725572571,-0.019019453991519747,0.026649478852391124,0.0070698552302549105,-0.00511333601205217,0.0011076200729827365,0.009208344441255104,-0.03246670874050541,-1.2031719673888243e-05,-0.019012278263206076,-0.0027010948382211876
96,-0.32241597141842854,0.25788734128232377,0.2912303113437305,-0.2566241868932419,0.2870059085374924,-0.037311316766626836,-0.042456121581488426,-0.130184551091307,-0.28458742705270923,-0.04681854675897357,0.11675696529735316,-0.04674066154317955,0.3711083484002015,-0.0984390264016819,0.10149043492772337,-0.0954132582761892,-0.2968120616526194,-0.1068240944570006,0.028554353970642453,-0.2536642127106603,0.6073774796549916,-0.0915581454535206,0.1285033759268589,-0.190820452557559,0.3533149374133431,-0.055699110022848254,-0.05466692001281973,0.1683700520649569,-0.10624895653682322,0.01710337755553289,0.15326236789195083,0.11539665545581797,-0.22509195690493097,-0.06162046311454996,0.2961234153817581,-0.10412449444198713,-0.057617435196638166,0.05270077926427711,0.11564969948080853,-0.20372540913087514,-0.05118332211228571,-0.06258686063950836,-0.126306481803559,0.20986011938445975,-0.08680997987309297,-0.01715721354479989,0.024137037866009958,-0.09856415231152811,-0.08179455547031265,0.09230706096987853,-0.24987297656881666,0.09816329874198833,0.36136963761117047,-0.1385282331074807,-0.032203266173558565,0.07134631220989165,0.06236808552476066,-0.13096349421979533,0.30406629170764393,-0.04697163014713354,0.046195761614267625,0.10384562962102907,0.047645510605819306,0.10790556228116341,-0.010690774428430822,0.1856604539246021,-0.08593296715063432,0.028099071223709856,0.010456079072108665,-0.07559802470317727,-0.018147281430057876,0.01074966630964025,-0.014493258769669866,0.003073578594850858,0.00021640471987375792,-0.01364012211607758,-0.004234546311546217,0.014775476983833115,-0.0027635463931063365,-0.980494379120767,0.00702620160779026,-0.007485280258220296,-0.010349209600146571,-0.003346840371115918,0.010563953478218098,0.021217062301049062,-0.00627118204673614,0.001852397878634143,-0.005207580769503516,0.028953769841967163,-0.003497209615367563,0.013435182889365288,0.040807117959972564,0.002490001396317575,0.007342180568525646,0.011611988336533931,0.09095462398631454,0.004027487255725665,-0.01901945399151988,0.02664947885239107,0.007069855230254907,-0.005113336012052119,0.0011076200729827888,0.009208344441255293,-0.03246670874050548,-1.2031719674113181e-05,-0.01901227826320624,-0.002701094838221256
97,-0.29307655870480925,0.4607037347654354,-0.5598015192094729,-0.6055034777561692,0.3994982538400385,0.5836621644830126,-0.4213065221256591,-0.15174733595054915,-0.12711141477626706,0.3047501900851022,0.09538956063115595,-0.14149664092222003,0.4273549952360526,-0.4219982367589334,-0.12172357812893314,0.15279723725350955,0.05521920333158131,0.46927087182730354,0.2334184699740233,0.12721129726522262,-0.22270384684607725,0.06625575916112889,-0.2158094231172291,-0.37069383841410947,-0.20035520673710028,0.18833490774952705,-0.15624476705654194,0.3750188399579118,-0.4827466052585828,-0.08903180428076118,-0.25471980683638346,0.15775441174346158,0.015062811885379284,-0.04796641906128482,-0.021250679726161348,-0.2753820133413478,0.28745673460204085,0.10571483504911688,-0.12514833077842935,0.12102829626134523,0.10480566916259919,0.04247928801428371,-0.23939665765958512,-0.013960760387466528,0.07659869966505846,0.211683477181502,0.08241986212868299,0.08330470007629885,0.20025215327267587,-0.06523723939366885,-0.024451209882980114,0.04374249478488791,-0.10655540312237094,-0.19842617581934882,0.06842155776667608,0.13875708094811803,-0.10222325375737866,0.018970772152957723,0.043118297975395986,0.12029511450320479,-0.2792795057216284,-0.0861439774197887,-0.0695242785724058,0.08073098995848786,-0.041891617787152405,-0.05670445184878391,0.01890250516627911,0.11148570532846089,0.04323991179452346,0.20869651241506434,-0.02112809691824659,0.06503934460660013,0.04132328832821342,-0.05982542870596602,-0.0049293625957326824,0.01429582887638756,-0.014198767182706185,-0.03081579397460878,0.004336379368339259,-0.9804943791207674,0.0070262016077901595,-0.0074852802582204715,-0.010349209600146606,-0.0033468403711157356,0.010563953478217893,0.02121706230104901,-0.006271182046736455,0.0018523978786342298,-0.0052075807695036854,0.028953769841967143,-0.003497209615367504,0.013435182889365314,0.040807117959972446,0.0024900013963177177,0.007342180568525719,0.011611988336533834,0.0909546239863148,0.004027487255725717,-0.019019453991519802,0.026649478852390985,0.007069855230255032,-0.005113336012052267,0.0011076200729826255,0.009208344441255416,-0.03246670874050563,-1.2031719673628871e-05,-0.019012278263206117,-0.0027010948382210354
98,-0.17260107591480542,0.23900243518373815,-0.006692095609564616,-0.08399889373520793,0.15086989237186232,-0.1878421976860611,-0.13183400763373185,-0.1280906200001507,-0.5759156717261364,0.2255991235638954,-0.0088966766451465,0.04590238472741004,0.16282084235748176,-0.047347971413826795,-0.15565857056860616,0.14849824211590296,0.045910146852281314,0.44781560399268583,0.06802858788220208,0.19643082166931963,-0.09454810135501036,-0.3399835404289657,-0.049053456126163526,0.20719295205496094,0.0278925958422978,0.09135397166792165,-0.03818462497598495,-0.25368721263719024,-0.4200509620160843,0.1044531751931834,0.02933041806292115,0.18455529697873646,0.1565244684151118,0.24795046231232618,0.17659023650670166,0.03502488679168856,-0.05620053050350592,0.14935592880873966,0.09372868357622235,-0.20347453171821703,0.24443138095457131,0.3734629626463827,-0.14823294753820657,0.008281239896276391,0.0007493565220385594,0.11506882807568126,0.10665741646779724,0.09575361345889115,0.1595379980198005,0.1951596372047508,0.21660010657902107,0.03087004771465541,0.1809786620375273,0.12358062913870362,0.12072304622028256,-0.06182373049673464,-0.32077825706659013,-0.030097899815219094,0.14270679922261345,-0.1068969446554485,-0.13884030924048427,0.008700478627177127,0.014079388445485444,-0.09932310422551636,0.06545766827449406,0.020539806825575747,-0.0022148222068106168,0.0934229218156141,-0.06850298039369357,-0.027882466448791162,-0.06911692970078137,0.020166046628131932,-0.03940501091803028,0.018274343186593506,-0.006817540292826402,0.022774468129701894,0.0021752039817149326,0.011321201498404258,-0.0019100426531831803,-0.980494379120767,0.007026201607790239,-0.007485280258220435,-0.010349209600146734,-0.0033468403711157725,0.010563953478218181,0.02121706230104914,-0.006271182046736307,0.0018523978786342367,-0.005207580769503808,0.028953769841967226,-0.0034972096153675354,0.013435182889365101,0.040807117959972675,0.0024900013963176843,0.007342180568525604,0.011611988336533952,0.09095462398631488,0.004027487255725554,-0.019019453991519726,0.026649478852391113,0.007069855230254998,-0.005113336012051974,0.0011076200729828304,0.009208344441255453,-0.03246670874050551,-1.2031719673913366e-05,-0.01901227826320634,-0.0027010948382210284
99,-0.010595637801063535,0.27704039795245394,0.019711331156412153,0.10320384959342624,0.1791166795576286,-0.09971282782511322,0.01248873483675273,0.07647654721901051,0.4620699458772088,-0.005075314174345249,0.140083008963797,-0.10544285114659072,0.022903174907948912,0.14961252026732616,-0.04944196781138819,-0.04472538804297499,-0.022516446790741242,-0.18343825231096933,-0.044582019943628065,-0.23010408855757247,-0.027737656348239527,-0.0675996483479188,-0.20679476806215943,-0.10282756504192611,-0.20327312792362884,-0.18063350521152402,0.09481892912106642,-0.06405465216944273,0.1434081293450005,0.025782018409331017,0.17547672219620195,0.21366757559512864,0.23041979989284048,0.07898517581519034,0.2876634450066526,0.0912153814920866,0.03835688995084043,-0.00814249389550493,0.05520349043893598,0.18938594984579515,0.041642469248629015,-0.16960311792034283,0.055650566927459004,-0.10441878231460881,0.15600874037428264,-0.014005614815813416,0.1206832270894335,-0.21418146142378863,0.048545232363494215,-0.1970245855811708,-0.0945023902094826,-0.05295994692100649,0.043300095720172516,0.0442463872979263,-0.0353911707351348,0.003384093595100727,0.006575398314614851,0.001678445978963961,-0.03349109704313428,-0.1524656819759993,0.06108508395310384,0.07574978801635811,0.012276399887562453,-0.24867939444435858,-0.041606274442325515,-0.11234774655471672,-0.21120435578082608,0.07008791265834569,0.08201537553558973,0.0032070969636729483,0.029941247556161402,-0.0165494178580562,0.0389016007092115,-0.0036355830490058575,-0.0007349201247883675,0.0032404023045973077,0.012440008703495875,-0.0038535301712918583,0.0047939456543356984,-0.9804943791207671,0.007026201607790286,-0.007485280258220315,-0.010349209600146776,-0.003346840371116012,0.010563953478218034,0.021217062301048948,-0.0062711820467362305,0.001852397878634245,-0.005207580769503746,0.028953769841966983,-0.00349720961536749,0.013435182889365089,0.040807117959972564,0.0024900013963178405,0.007342180568525718,0.011611988336534066,0.09095462398631461,0.004027487255725628,-0.019019453991519813,0.0266494788523912,0.007069855230255067,-0.005113336012052069,0.0011076200729827704,0.009208344441255064,-0.03246670874050544,-1.2031719673878671e-05,-0.01901227826320609,-0.002701094838221174
100,-0.07141891271953613,-0.054973051114941156,0.052876966237041134,-0.2662104451380337,-0.17876862714182834,-0.004157374259843629,0.36275873972807304,0.34666848603075484,-0.13461196665083192,-0.19115581090178632,-0.1025087442017865,-0.015960776196411154,-0.05304631817676461,-0.16124576188741835,-0.17879858893315584,-0.3150740560867896,-0.04089855572624221,0.19172758350234959,-0.20582891546791351,0.06066906804103089,-0.056551044360329886,0.14097981844630897,0.21518728025965128,0.17536788407038917,-0.0003757440819474803,-0.001516703222039284,-0.05199661068274485,0.09704687250884697,-0.11844678154552435,-0.21888134862559194,-0.22677263990116775,-0.13266769147272486,0.08569733144920334,-0.04193138090206021,0.48256130082786813,-0.1797500464205481,0.019061565026039787,-0.29008544552401927,-0.07070026253877584,-0.1270156504860584,0.11959183590382029,-0.0619001848622018,-0.00920766261210785,-0.13938889712668318,-0.2002579105508248,0.01790297757507769,-0.04294325584759276,0.10329789412723026,0.10338636110693374,0.05660800265841046,-0.024114397561688677,-0.020299706056237918,0.19758445272530806,-0.016677402076625318,-0.14498295706976755,-0.1791504957974057,-0.07597725070965979,0.024535583296741093,0.07700948126363648,0.03941083536918747,0.0137535354260975,-0.14760926461109966,-0.021181246158680837,-0.07316813008102968,0.1252157055290992,-0.0320479625203123,0.019081829748238077,-0.017978100452415328,-0.13708164732769548,-0.007778090838369519,-0.035970283598588476,0.004221010250744309,-0.015142989689544743,0.0010813780082101609,-0.0027611916077581607,0.002138609822338075,-0.0037825680642873728,-0.00608677743225172,-0.015527251802858445,-0.9804943791207668,0.007026201607790366,-0.007485280258220445,-0.01034920960014684,-0.0033468403711158262,0.010563953478218152,0.021217062301049087,-0.006271182046736337,0.0018523978786342246,-0.005207580769503743,0.028953769841967264,-0.0034972096153673515,0.013435182889365292,0.04080711795997264,0.002490001396317592,0.007342180568525588,0.01161198833653409,0.09095462398631456,0.004027487255725504,-0.019019453991519907,0.026649478852391117,0.007069855230254803,-0.005113336012052159,0.001107620072982799,0.009208344441255038,-0.032466708740505376,-1.2031719673927244e-05,-0.019012278263206048,-0.002701094838221185
101,-0.27882556117776114,0.4029154075928364,0.14112697976526878,0.03520306925917077,0.22651731587167032,-0.32202063120611407,0.035550764386268724,-0.030289399184459793,-0.02316973225909696,-0.04271822269732584,0.08795390810845452,-0.31692271950215073,-0.005550828719093142,0.3040550817760439,-0.09703548289338453,0.011458084235313413,-0.0034587682257585994,0.04931150619834616,0.28199123332596865,0.2622655408987177,-0.2759095733219328,0.1597264346424785,0.22380353428236802,-0.10766908704583494,-0.3866993948243186,-0.019140163688519608,0.06392127647641299,0.01037504587199212,-0.06295776599927451,-0.3953101981946333,0.17509415940472736,-0.08939371099190505,0.14372858277025688,0.04570246690203924,-0.08352255684920668,0.20577962034647262,0.0006670705646944345,0.14212817143713755,0.2904193472426451,0.031924498653920025,-0.07977294471112392,-0.28016083782497153,0.18265425180887226,-0.3621651910236673,-0.18571158781498912,-0.029265158800543558,0.2662754472599485,0.062513002231862,-0.0875752814318968,0.12386602161428298,0.18864946211351666,-0.2018546498396185,0.2594407009858701,0.13764904229569264,-0.014766053349344407,0.1911547253685198,0.04482564063612223,0.10975659285887131,-0.1513510277130744,0.03726246646968128,0.06175269030391847,0.09765362388603617,0.05945482639967327,-0.03357217472759262,-0.07506176777904705,-0.21124071772184344,0.03423452933056111,0.06522458105128054,0.013411451495120548,0.006607256789961857,0.014156836654146058,-0.01959339849398022,-0.08860883165698728,0.038134216194168145,-0.006112505084090351,-0.009945580929059944,-0.0028979587334467946,-0.011350524454606457,-0.005951820419799217,-0.980494379120767,0.007026201607790185,-0.007485280258220371,-0.010349209600146665,-0.0033468403711160895,0.010563953478218074,0.021217062301048997,-0.0062711820467361845,0.0018523978786343404,-0.005207580769503836,0.02895376984196718,-0.003497209615367471,0.013435182889365144,0.0408071179599725,0.002490001396317666,0.007342180568525628,0.01161198833653401,0.09095462398631472,0.004027487255725712,-0.019019453991519858,0.026649478852391124,0.007069855230254945,-0.005113336012052127,0.0011076200729828632,0.009208344441255184,-0.032466708740505376,-1.2031719674038266e-05,-0.019012278263206006,-0.0027010948382209868
102,0.9558400027695882,0.8230713654764649,0.9273380486718812,-0.06785020756226762,0.10207681905103537,0.011599608961795642,-0.2976038420556106,-0.188208862970143,-0.4335207067918592,0.24259815035439386,-0.22626655553381372,0.03231290607501148,0.11571644026803779,0.07344907460906888,-0.06496973642134074,0.04962039383497935,0.464615819574061,0.009206548077623809,0.21434354829883837,-0.12442410617010341,-0.10856446756029091,0.003715671581198742,0.19523922416834882,0.5997116763989198,0.22286248746212417,0.041960437997247774,-0.29761297985154544,0.1660241690525973,0.0009427924765916462,-0.24907210582047049,-0.11481139952473148,0.13198951787235827,0.20292605860054824,-0.13420578330797034,0.09318900783888608,0.22383534781841166,0.28947348691061126,0.07591774872087204,0.11608736945408314,-0.1895628226613587,-0.26569086250486623,0.02216251744916117,0.051423098561293706,0.020439370067393305,0.20285418435289093,0.033957948712501324,0.087212848764123,0.11060455372568395,-0.0353085481045717,-0.11282400297110061,0.15849191834385504,-0.09558179272943025,-0.12527559628742627,-0.12197162059750394,-0.01610571570690658,0.07604392355339501,0.2611718861752777,0.03655497774972173,-0.02455413128500477,-0.13270134426765384,0.009058037661134624,0.1447463736813415,-0.10697871982439702,-0.10585624189494146,0.07331060025660835,-0.05111239434398601,-0.03588222590425287,-0.18249031150246078,-0.1677821985099423,0.07335632584139971,-0.09140752997940865,-0.004480930760164288,-0.05332367791334007,0.026787772064614024,-0.02083442997759898,0.028211235594173212,-0.022545731732685932,0.01860914675539973,-0.01319508941915724,-0.980494379120767,0.007026201607790395,-0.0074852802582204,-0.010349209600146922,-0.0033468403711158245,0.010563953478218015,0.021217062301048827,-0.006271182046736522,0.0018523978786339037,-0.005207580769503849,0.028953769841967236,-0.0034972096153674244,0.013435182889364758,0.040807117959972626,0.002490001396317855,0.0073421805685254795,0.011611988336533909,0.09095462398631446,0.004027487255725624,-0.019019453991519768,0.026649478852390975,0.007069855230254994,-0.005113336012052116,0.0011076200729826916,0.009208344441254991,-0.032466708740505335,-1.2031719673677443e-05,-0.01901227826320614,-0.0027010948382211464
103,-0.2980585125695962,0.0961481806974369,0.46991135759764635,0.17916333801755865,-0.10887951667740482,-0.289022962806554,0.14669683657311133,-0.04791889750556622,-0.10833061864142388,0.43518385999139036,-0.0995776810043696,0.29718788422906667,-0.18379093810030964,-0.07369716233751537,0.29959798414309513,0.2218539992971224,0.05138255499351214,-0.1806843528247716,0.14081732631218397,0.21267385374453487,0.37090829529923247,-0.02194531728065503,0.18210681671433246,-0.06277273464860388,-0.03625533471636768,-0.016521965649362105,-0.1743592496353053,-0.1078104288756216,0.07680279458170305,-0.08125336878660643,0.01617716929151265,-0.023089367152717918,0.16102285470329705,0.06760335827498763,-0.12160801584800739,0.011779173501352715,0.043213658414636195,-0.20345787953570726,-0.10862094108947397,0.18539906096120318,-0.021732316929512746,0.17304116004234785,-0.08749971106825892,0.2838031348450534,0.19123421997816353,0.1989637295904032,0.15887031440161833,0.1405689245202927,0.19499153580080708,-0.06590298640441598,-0.11487353699010924,-0.14266146305650085,0.034258079086168625,-0.1385495178319234,0.2791652954227044,0.13267263805382826,-0.044684683007334566,-0.029155801020956693,0.06408475231577998,-0.018345612192766654,0.06705434699882468,0.09056216135106486,0.045512489698086765,0.014450354966420479,0.09085708085511987,0.0845024695346685,-0.021694618556389756,-0.11996635134411769,-0.009700069430012656,0.028023165191836782,0.013064101339247234,-0.00035827680206045834,-0.04954260293203952,0.046909078670625166,-0.0029468370972390613,0.0014418070662696,-0.008127425076127633,0.016811246368029324,-0.003952354024595725,-0.9804943791207673,0.007026201607790274,-0.007485280258220511,-0.010349209600146658,-0.003346840371116095,0.010563953478218036,0.021217062301048934,-0.006271182046736321,0.001852397878634098,-0.005207580769503655,0.028953769841967163,-0.0034972096153675354,0.01343518288936533,0.040807117959972536,0.002490001396317705,0.007342180568525493,0.011611988336534018,0.09095462398631456,0.004027487255725624,-0.019019453991519657,0.026649478852390954,0.007069855230254922,-0.0051133360120520985,0.0011076200729826222,0.009208344441255033,-0.032466708740505536,-1.2031719673975816e-05,-0.01901227826320611,-0.002701094838220959
104,-0.08490149010826374,0.12147855886565394,0.22324516183967832,-0.12733763447026092,-0.24154487720284357,-0.39568918701885614,0.25390608805802656,-0.09886568773462243,-0.07168482427245415,-0.07574113811258726,-0.02317345504984632,-0.16340094685433607,-0.05771830350599813,-0.028366429091860136,-0.07016087613183011,0.21384112697972374,0.052654194069244924,0.38401763875944717,-0.21141311249430939,0.25939114829985266,-0.031142264161408736,-0.13014106023973016,-0.2228566379986428,0.13825569198163884,0.09924423116189503,-0.022872635197621925,0.13143319587705332,0.1385868887951199,-0.14010219407366653,0.18519724064864845,0.13061224487877515,0.2022981160566962,0.15894120529248124,0.02177629483848455,0.13194267924503372,-0.20427999405805716,0.05938842188609981,-0.030331079262425516,0.09996263850271181,0.015320353697891522,0.15953279297091885,0.01183619326383853,-0.1456526355460721,0.021296669162822832,-0.016294105655991167,0.1395827451336376,-0.00920975392967917,0.03574158374778941,0.29210556084301104,0.2446140784800481,0.04107885283380171,-0.007369931501912631,0.23130707761644606,0.07756406228167645,-0.039454152806458496,-0.04659091699006473,-0.038267632211047266,0.07971357294235797,0.10822500442970179,-0.025654587580526304,-0.09124480961837525,-0.06796930844010898,0.0204572977278838,-0.13256322769186166,0.10056738924131413,-0.012361188066624638,-0.0009153808323360502,-0.01656895393217637,-0.06577888079000271,0.04324786890879694,-0.03193826998944733,0.008674909314133134,0.027316030354691805,-0.005378441731260661,-0.005303533659378863,0.02686021301485421,0.01721930583491422,-0.008582129076231558,-0.021732375942667352,-0.9804943791207672,0.007026201607790217,-0.0074852802582204125,-0.010349209600146772,-0.0033468403711157967,0.010563953478218138,0.021217062301049024,-0.006271182046736286,0.001852397878634252,-0.005207580769503611,0.028953769841967094,-0.0034972096153674343,0.013435182889365172,0.040807117959972675,0.0024900013963175664,0.007342180568525593,0.011611988336534011,0.09095462398631465,0.004027487255725704,-0.01901945399151973,0.026649478852391228,0.007069855230255011,-0.005113336012052086,0.0011076200729827114,0.00920834444125521,-0.03246670874050539,-1.203171967401051e-05,-0.019012278263206145,-0.002701094838221091
105,-0.14416505036968727,0.1827771766712419,0.10284781113422775,-0.06234654709372878,0.562795165886313,-0.034703667506465204,-0.324400788963494,-0.20280493050135448,0.05933207704901597,-0.14777554051682962,-0.06413486776545725,-0.08673141799035936,-0.005807940253894234,0.2076882806132309,-0.21731132797807123,-0.07387630612989202,0.03165779524517457,-0.11602499871874071,-0.24882420555271423,-0.12294105897927413,-0.3925667207452618,-0.17446447885939267,0.23038342854135535,-0.029673115678171588,-0.29578210906809893,0.3046891019756769,-0.010235060109880864,-0.040120032661436364,0.002519630496807234,-0.017388627296459014,0.2841245313724839,0.20959504805011686,0.21456158699057304,0.12408994127246341,0.046841728296901614,0.04989527415234531,-0.016170646699527468,0.12023616615192557,0.21022643076360756,0.010596601434057879,-0.19306535643389103,0.08127009490664104,0.13327039480802227,0.1304836627133134,0.030489413092192608,0.0231663607633905,0.2650709490787614,-0.03915835224821784,-0.08345914133830044,0.11327712719421022,0.024781117522029914,0.11767393955247718,-0.09037955916975779,-0.16823213119330818,0.02429385630868189,-0.16110723726232037,-0.1093100408707896,0.10716725113149166,-0.12022307773344827,0.11180855283944897,-0.14093082775417565,0.06953683303950142,-0.008754686955011907,-0.05740965964777953,-0.02524007876577863,0.029962245717763708,-0.11030623481978677,-0.0029167054201235183,0.07974797674174174,-0.020013443147143543,0.021188303537687046,-0.02097353318577642,0.012544344011468481,-0.013030011445116245,0.012485386636734229,0.004701688458960763,-0.03168614546316052,-0.0009185341080970199,0.012122533984886679,-0.9804943791207674,0.007026201607790146,-0.007485280258220515,-0.010349209600146727,-0.003346840371115899,0.010563953478218034,0.021217062301048948,-0.006271182046736347,0.001852397878634437,-0.0052075807695038815,0.028953769841967285,-0.003497209615367527,0.013435182889365144,0.04080711795997244,0.002490001396317793,0.0073421805685256495,0.011611988336533935,0.09095462398631482,0.0040274872557256106,-0.019019453991519733,0.026649478852391016,0.007069855230255022,-0.005113336012052115,0.0011076200729828276,0.009208344441255328,-0.03246670874050531,-1.2031719673892549e-05,-0.019012278263206173,-0.0027010948382211186
106,-0.18304250536429972,-0.07345045580442383,0.38033954425428895,-0.4979022217455215,0.1711496284780597,0.034189607171989746,0.3408153543793936,0.3053975686531583,0.14188956276773498,-0.05055464124622376,0.010896161057605849,-0.08231747746239929,-0.006214891045853586,-0.04538073791749702,0.02487043531811919,-0.3009148942761513,0.09319820797592898,0.24400834510650846,-0.11860009898867035,0.14893039827119067,0.07957791848753822,0.06268705167374447,0.06628628907533447,0.024048282876138784,-0.12910359894176446,-0.04953892361866525,0.07355188414027646,0.10178116314653635,-0.07483627432548202,0.21604711500057272,-0.10406845802316379,-0.13788763895930134,0.07598855445565093,-0.23163559684815202,-0.020256690237190973,-0.17407741373007513,-0.24871965449760197,-0.10346102470697603,0.09694604945690294,-0.060460516054059214,-0.1393417533478574,0.1352027538779692,-0.0859720344675541,0.08105648555553942,0.0654414274624481,-0.02094470959670681,0.07702257306262067,0.050773615888190966,0.20757448137315443,0.05297059961434792,-0.1256045939009025,-0.050606917686491,-0.13678083543481087,0.02812241261214593,-0.1217085741038743,0.11846249621437512,0.09495376911092417,-0.012566120299515916,-0.16418383183893168,0.09231276937794408,-0.07289349200468835,0.160129426999246,0.13489659120714007,-0.004201106042534761,-0.10764953927815486,0.02398317576540083,-0.12598565406958037,-0.17314720674718687,-0.037637610949793704,0.11194434466582379,0.050816792473209804,-0.026731195680273944,0.10471938798440471,-0.01652995993638774,-0.0010251646958525215,0.001268853315876358,-0.003416808417120877,-0.00011237844136150561,-0.006522590928748669,-0.9804943791207673,0.007026201607790361,-0.007485280258220416,-0.010349209600146736,-0.00334684037111593,0.010563953478218022,0.021217062301048945,-0.006271182046736309,0.0018523978786342333,-0.005207580769503684,0.02895376984196732,-0.0034972096153675736,0.013435182889365169,0.040807117959972515,0.002490001396317565,0.007342180568525781,0.011611988336533983,0.09095462398631447,0.004027487255725615,-0.019019453991519747,0.02664947885239116,0.007069855230255042,-0.0051133360120520725,0.0011076200729825804,0.009208344441255007,-0.03246670874050542,-1.2031719673913366e-05,-0.019012278263206034,-0.0027010948382211464
107,-0.4291483836281934,0.41756032417481714,-0.01563692261104658,-0.23912399527204942,0.40166910022628377,0.00833607774364624,-0.24214209049030433,-0.2884245081281091,-0.3806901842359883,-0.16277019840734255,0.10048950261853427,-0.2542133725365786,-0.08115773462695833,-0.08857099195078368,0.10035768520676298,-0.07202856387629922,-0.30400016510074657,-0.3931537788967141,0.054963807964033565,0.15691862426041284,0.5329091054132682,-0.2842465341728163,0.22533267524022765,-0.1543695244244244,0.2772432211128397,-0.1280511182492871,-0.2815285880595206,-0.24646089630368784,-0.35915084972141076,-0.1414526641087234,-0.06377026506742114,0.24365206881059062,0.3103709069375788,-0.10178928727613,0.0622376606233699,0.37471719769664125,0.010269457484647627,-0.035103543674175015,-0.26465641582731664,-0.17077986028558645,0.11421321062567562,-0.12822113513951194,-0.1448103925893248,0.04905604868937644,-0.07343789793182239,-0.2719588026200236,0.019564101672015843,-0.205567585809765,-0.11422754153223338,0.07140760425414526,-0.06312054038090545,0.03857886888817988,-0.00694817271206137,0.14302001280911092,-0.19941268217650537,0.11307846049583813,0.06111016989575387,-0.16832380591983612,0.04641614816866283,0.17470420879126447,0.010418119289811446,-0.05561335966259953,0.11320349326088536,-0.04522742127805476,-0.043435044156339996,0.08424768084262388,-0.018368655393033832,0.008960127587980682,0.07303838163618613,-0.06305573196180615,0.02781148634144531,-0.01931149981865146,0.00046925062350794644,0.009242008241694487,0.010544806341944903,0.0027479143246964847,-0.004148236587550278,0.006752458359924655,0.009992106236951835,-0.9804943791207666,0.007026201607790239,-0.007485280258220421,-0.010349209600146564,-0.0033468403711160916,0.010563953478218022,0.021217062301049014,-0.006271182046736182,0.0018523978786343582,-0.005207580769503683,0.028953769841967323,-0.0034972096153676464,0.013435182889365212,0.04080711795997244,0.002490001396317497,0.007342180568525632,0.011611988336533942,0.09095462398631474,0.004027487255725707,-0.019019453991519712,0.026649478852391127,0.007069855230254852,-0.005113336012052196,0.0011076200729826778,0.009208344441255234,-0.03246670874050543,-1.2031719674086838e-05,-0.019012278263206256,-0.0027010948382211325
108,-0.4316765254559563,0.6066397957578226,-0.3611180941340199,-0.5020732261505396,0.293135973950631,0.21141282256415694,-0.3256266140128497,-0.2985442732932049,-0.020122135785293743,-0.1286933979120861,0.2247620176089276,-0.454281954163375,0.21000333287635314,-0.009819517642755972,0.1523447864533029,0.08417463076430498,0.1870022987297203,-0.011531999148614287,0.10885665895364144,0.2028951354865095,-0.12646940807367893,0.07242791467669984,-0.12126550441204391,-0.40408378164406283,0.1042999845634805,0.1459556043147305,0.14473626834417103,0.10345934840321915,-6.686620601979865e-05,-0.47181584767205753,-0.08407073953624875,0.12878651033261015,-0.28100283243611807,-0.40882997743759736,0.0037509967265130003,-0.1319976188697404,0.24227805669948413,-0.07906571329757876,0.16403690304381338,0.13160145117791036,0.013654220738906125,0.007649546270537844,0.12327056934031137,-0.10250008587959668,0.04145953871185349,0.03874024695901717,-0.08412832233657651,0.04692864627731883,0.07239755774334974,-0.047701073394752484,-0.047238389491663646,-0.15307239414338453,0.15519937744182852,0.07197219669781323,0.012701621009806322,-0.03712251768851002,0.1381524209602051,0.151657612542454,-0.13295096587405536,0.023517424506916795,0.03829519754961922,0.08048301307276362,0.0704280978976207,0.11341333500379774,0.0647863222298211,0.04871896806461443,-0.004967353737427773,-0.12171257295253346,0.0055164875821921274,0.0855313836719,0.0036037368670052508,-0.0017088394663598112,0.049424845808507985,-0.03825188673657741,-0.0006007279922284688,-0.014606974900078373,0.00780772499826301,-0.013832053857292298,-0.0053100846125825095,-0.9804943791207675,0.007026201607790379,-0.0074852802582203535,-0.010349209600146533,-0.003346840371115968,0.010563953478217984,0.021217062301048934,-0.006271182046736337,0.0018523978786343473,-0.005207580769503691,0.028953769841967316,-0.0034972096153675337,0.013435182889365283,0.04080711795997261,0.0024900013963176314,0.007342180568525801,0.01161198833653385,0.0909546239863147,0.004027487255725823,-0.019019453991519747,0.026649478852391,0.007069855230255025,-0.0051133360120523145,0.001107620072982648,0.009208344441255461,-0.03246670874050546,-1.2031719673816221e-05,-0.019012278263206256,-0.002701094838221091
109,-0.32360051145365526,0.14001413744093996,0.2100217245312335,0.06204567899058236,-0.09684351572706577,-0.3819864692288543,0.2502420502906707,-0.319264541402399,-0.06808733868359643,-0.15541671408646987,0.020761628160584085,-0.1300214216983043,-0.188615489695883,-0.1955795945992657,-0.04827142277903478,0.12595992792086116,-0.06071958977247147,-0.03528560529228458,0.0030231744628007695,0.3464794212131858,0.05871063775827857,-0.21313693613827359,-0.07381478369689357,0.020927219000826846,-0.08467581220544179,-0.10638592652970007,-0.03693286090325326,0.16498960342001923,-0.004954892367381499,0.09821873898000516,0.015900465342291736,-0.2766807104798485,0.1575460854248213,0.06676996132147515,-0.1820653648270581,-0.24960072579984813,-0.17154241297021236,-0.06565831010600401,-0.04421896701144513,0.10853693997299778,-0.169417425612124,0.07402507119918043,0.06657283123266904,-0.09763957652839333,0.04990213520282848,-0.05951609033803054,0.13795425740638156,-0.07752073004544027,0.01615385318887329,0.08428651541437471,0.05303060041230553,0.08568414186822185,-0.0007131520872995687,-0.09792458367449318,0.14077074478348126,0.06924243714687457,0.0057511712857123976,-0.06995028182330161,0.03080308264488335,-0.002613906748599475,-0.00436272635280677,-0.005562945194572304,-0.11817653143140258,-0.03771142368046365,-0.042402313807654496,0.14240975598628192,-0.06480417306294113,0.034632274723553326,0.00871555686968801,-0.07761418873872743,-0.02334361364948569,-0.006139235815763749,0.046371416153807486,-0.019313830356523967,0.0037511524465267047,0.0018045840384171617,-0.015313489291474976,0.012424946680342325,-0.0024932082385727816,-0.9804943791207672,0.007026201607790272,-0.007485280258220253,-0.010349209600146634,-0.003346840371116012,0.010563953478217971,0.021217062301049094,-0.006271182046736286,0.0018523978786341825,-0.005207580769503694,0.028953769841967108,-0.003497209615367351,0.013435182889365283,0.04080711795997248,0.0024900013963174553,0.007342180568525538,0.011611988336533976,0.09095462398631451,0.004027487255725649,-0.019019453991519743,0.02664947885239124,0.0070698552302548585,-0.005113336012052163,0.0011076200729826697,0.00920834444125505,-0.03246670874050535,-1.2031719673968877e-05,-0.019012278263206117,-0.002701094838221077
110,-0.27767373399899103,0.10376575141708323,0.0798836670139746,0.1262687907011618,-0.2132399641170774,-0.16629932146043075,0.16486880542266608,-0.10881172585762829,-0.020951867990013855,-0.22612282925059896,-0.027858555420322836,0.05700701094303811,-0.2540630773479812,-0.04385833892554672,-0.037332511681505094,0.025267401602736016,-0.061809272226417904,-0.07997023702763886,0.09180609197183119,-0.007441771613304143,0.027440764054479573,-0.1922289268229159,-0.14440923048161347,0.08762406284842184,0.004902035423139194,-0.02233682546699532,0.1277795902664292,0.05739835492543837,-0.05493073945218936,-0.03692067422874214,-0.12208468641480381,-0.14252062779896352,0.1275640811007154,-0.0034489433641573405,-0.22254645677501225,-0.12356077867497467,-0.12668999908544837,-0.03393419091824337,-0.07282880251017768,0.03098885961978203,-0.10139576439494334,0.11927651185525577,0.014832252807977545,-0.001182782405831886,0.015784703166510417,-0.09520300208367194,0.20348407584256042,0.04052042688736307,0.017147484553790452,0.08098995947475261,-0.020903145224628848,0.10870640839247948,0.03913167211871822,-0.10361519648594031,0.08642163107569344,0.042038086181393514,0.01942988218380329,0.04302458891383757,0.07392449084415878,0.023828938650901795,-0.08378988203300612,0.009565099106619696,-0.10520158718718027,0.033338656714947505,-0.0612108265785375,0.11570697973037321,-0.045876185677384204,-0.053875872866372826,0.06941657221359,-0.08222997820316987,-0.1609341834498331,-0.35774462001338736,0.17136175074899734,0.19916519239695615,-0.5646337548760462,-0.009231811253599493,-0.04522694860424781,-0.14992068539953632,0.07134950341804366,-0.9804943791207673,0.00702620160779024,-0.007485280258220286,-0.01034920960014658,-0.003346840371115784,0.010563953478218082,0.02121706230104912,-0.006271182046736359,0.0018523978786343126,-0.005207580769503829,0.028953769841967184,-0.003497209615367589,0.013435182889365346,0.040807117959972515,0.002490001396317548,0.007342180568525364,0.01161198833653393,0.09095462398631433,0.004027487255725736,-0.019019453991519594,0.02664947885239118,0.0070698552302549105,-0.005113336012052065,0.0011076200729826376,0.009208344441255083,-0.032466708740505404,-1.203171967401051e-05,-0.019012278263205964,-0.0027010948382212435
111,0.8436791207053419,0.8462832646017789,0.5324724738809868,0.03209147564647348,-0.1937403821036263,1.428886293078613,0.13097900739586807,-0.1466463053779867,0.29928022785046393,-0.24539919723843556,-0.3767976010277625,-0.3200860265716317,0.062162960240479806,-0.5647233060460732,-0.06292339635556399,0.20382254100338695,-0.7618612919148128,0.05315956680465756,-0.10552084782717658,0.2741031295875204,0.39470815481239185,0.12242786875920667,0.40008030602010236,-0.4937739069818725,-0.17049297604707597,-0.14152528169412093,0.23886227879034996,-0.3778282494250925,-0.18681268175770344,-0.04286098393196642,0.38310006318069634,-0.4186997803258658,-0.14896790751923952,0.4637020995510559,-0.12513409712868442,-0.10548779881068894,0.07840350506489044,-0.11692317453732341,0.04337437396698103,0.11643461133835104,0.35633052963468154,0.07209986489635133,0.23134596006071553,-0.11143305992888757,-0.07172209821368443,0.008415249534110722,0.29938139282167586,-0.06729688734308203,0.3564062098181296,0.02403763633072916,-0.16051877001527928,0.06838095932744334,0.014932030861640735,-0.09552987918295833,0.07452881480835297,-0.05302979527765673,-0.2784856589999671,0.033040686854355,-0.025098274730012412,0.11092844085963224,-0.05996420166661392,0.05104158498281509,-0.0031683018185347496,-0.0584115274144284,-0.07627883388281229,-0.04011663708271133,0.021843630028473778,-0.15833943831096184,-0.14309303852906463,0.015354569859547928,0.05490776524325019,-0.01680602318745492,-0.05577199047458402,0.02619837053941011,-0.0015862876225568989,-0.04649868429837672,-0.0026159947180990264,-0.006138984825027697,0.001016075022672825,-0.9804943791207668,0.007026201607790465,-0.007485280258220111,-0.010349209600146623,-0.0033468403711158796,0.010563953478217827,0.021217062301049014,-0.006271182046736292,0.00185239787863415,-0.005207580769503718,0.028953769841967132,-0.003497209615367289,0.013435182889364999,0.0408071179599727,0.002490001396317323,0.007342180568525404,0.011611988336533954,0.09095462398631436,0.004027487255725639,-0.019019453991519435,0.026649478852391068,0.007069855230254921,-0.005113336012052145,0.0011076200729826255,0.009208344441255071,-0.03246670874050546,-1.2031719673982755e-05,-0.019012278263206492,-0.0027010948382210354
112,-0.16598316647916656,0.16659441588431467,0.6387855002773121,-0.03541853836165204,-0.02092469469557048,-0.25825707897811717,0.3235216228735507,0.06273053617968426,-0.020705284656580048,0.33950909823789865,-0.05530498009431135,0.12075767575027363,0.16685641018680158,0.09048488712801725,0.3977903973177358,-0.10080751759531899,0.041654753699925925,-0.21150959895539426,0.4175236286501669,0.1892940196291032,-0.018926864687568438,-0.012195744072228124,-0.07006067628096936,-0.474499988388885,-0.13500134891293694,0.028781481601851646,-0.21082659024936354,-0.08302827476254777,-0.040492442268335344,-0.058226248665561406,0.1183882208482115,-0.004110812455734359,-0.08509256254755342,0.3646107414409247,0.21646925567163894,0.2214634644787377,0.26599890070557475,-0.23786133780024393,0.1336452218673093,-0.31312323133627284,-0.2696422889710651,-0.34979706620383777,-0.0848245827076357,0.19381303316433027,0.0015359216866943028,0.050883175909489084,0.09688460567017311,-0.1103925078454955,0.051151922272917,0.15581646192645218,-0.21299949581656408,0.0010733395026524856,-0.003318850787728362,-0.09350923350335412,0.11971525934948175,-0.030600197983199077,0.21526197042562856,0.037491450587739214,0.0761004962084063,0.013399734692185312,0.027901354302664355,0.08014827105813303,0.01973314167672871,0.016690289042954897,-0.10301915753337368,-0.08317724885836372,-0.04951999601741682,-0.02485153679360795,-0.08011937402598525,0.002269433228066688,0.021449061140939675,-0.01671800883776413,-0.018283247864465595,0.006378543172723816,0.006544014651924165,-0.005096635419355231,-0.013594396381738504,-0.009895447121078392,0.0002255688571842996,-0.9804943791207668,0.007026201607790205,-0.007485280258220442,-0.010349209600146578,-0.0033468403711161437,0.010563953478218008,0.021217062301048875,-0.0062711820467363484,0.0018523978786339765,-0.005207580769503641,0.028953769841967174,-0.0034972096153676603,0.01343518288936524,0.040807117959972466,0.002490001396317608,0.007342180568525743,0.011611988336534226,0.09095462398631467,0.004027487255725776,-0.01901945399151978,0.026649478852391016,0.007069855230255047,-0.0051133360120519875,0.0011076200729828304,0.009208344441255085,-0.032466708740505584,-1.2031719674038266e-05,-0.019012278263206103,-0.002701094838220855
113,0.03298860750407536,0.15718640757732089,0.331345531000821,-0.41125741388048204,-0.23195072554086324,-0.43812460651805474,0.18551043153437982,0.20186133256646832,-0.3042473931222508,-0.04486465729361727,-0.17248320478709583,0.31176337558371664,-0.24639340024312628,0.06560920095149797,-0.11132244785152892,0.22678829958992425,0.04548850508605295,0.19745975892373027,-0.09162744281862782,0.07534094945501638,0.02001599204807439,0.01572595465089686,0.13939341335192454,-0.16407617460373147,0.4515565613055775,-0.29410581809541264,-0.2987758444021009,-0.3890661791104865,-0.24531828371339132,-0.002817145397133588,0.0729780071772214,0.03929007097483927,-0.027117926776085075,-0.3110404929939459,-0.06597337980275676,0.06971716762832988,-0.0039260758547817265,-0.033852358869626405,0.13358870005756074,0.11785274441895993,-0.00851475472502597,-0.07943265028295272,-0.21034227859624846,0.13351664394604879,0.019878099964425546,0.1710765571473883,-0.25018552946000655,0.1606021685358925,0.03939071624685373,-0.08759303963391248,-0.001079215671131621,-0.0079444413516824,-0.06551102104936582,0.054954771916207186,0.03757012210319244,-0.006885768287595208,0.18653214430731618,-0.08558160445634042,-0.13970279331667534,-0.04620932660135424,0.1013955821427614,-0.05525221367581898,0.04694503880481742,0.08069871687509385,-0.12123334990408655,-0.02174463124917186,0.03457385119437666,0.016613670566953048,0.027377727335594355,0.00771238831007471,0.03547053172157238,-0.01648377044944067,0.029499837308774937,0.009945189528322152,0.004673267930664086,0.01836491067816594,-0.005317647253139871,0.0002510468306984249,-0.0023437341841147153,-0.9804943791207671,0.00702620160779042,-0.007485280258220553,-0.010349209600146824,-0.003346840371115901,0.010563953478217966,0.02121706230104913,-0.00627118204673639,0.0018523978786341708,-0.005207580769503905,0.02895376984196694,-0.003497209615367563,0.013435182889365129,0.04080711795997252,0.0024900013963176913,0.007342180568525521,0.011611988336534018,0.09095462398631472,0.004027487255725735,-0.01901945399151978,0.026649478852390975,0.007069855230255033,-0.0051133360120522095,0.0011076200729828443,0.009208344441255074,-0.03246670874050546,-1.2031719673843977e-05,-0.019012278263205992,-0.002701094838221091
114,-0.4190273958311407,0.2231170308666837,-0.13097116372678264,-0.2869801220496229,0.40747953463111286,0.016487256668431406,-0.3523177356760751,-0.6158021229492538,0.03469839433053546,0.3327698649753351,-0.17868093460239862,-0.15861446740741644,-0.1933729577405072,-0.40696890513216516,-0.03778168310675227,0.21746864425366438,-0.09572295296487497,-0.23712040557866063,0.23784862374457097,0.06476832795966672,-0.4479170561639563,-0.03796385115047265,0.06394554220581694,-0.19765012990855663,-0.07497785089524402,0.3502552823900164,-0.2471192855283536,0.164465693285932,0.14562948525748926,-0.3501011936613387,-0.1821896259872659,-0.11046190738990831,0.15041108380068674,-0.04306921341643987,-0.23020443882000996,-0.3333390715780637,-0.24456603359404172,-0.1585850669352061,-0.0808588418057519,-0.1329601364823008,-0.16310768291741548,0.3176577586108432,-0.1923181580162057,-0.07970863117024717,0.18963427908733327,-0.004430287566072926,-0.09910385688208617,0.14472981323456352,0.017512381176707933,0.1287325946098311,-0.007568811704051356,-0.28641969982767174,0.15173610670384097,-0.003629358558179753,0.1269133726840237,-0.06007053658414639,-0.018779744791493264,-0.04122393163671323,-0.09561646468684425,-0.004746828723586519,-0.27574016411220964,-0.03703155225468019,-0.13633903625249236,0.005763420045926616,0.022230513832016102,-0.026194472163390783,-0.002637462644905632,0.13021620039452378,0.02415202843196265,0.06315048937127786,-0.007083623527907074,0.05923766608919978,0.07158241030135451,-0.04972980784790726,-0.007188675013230819,-0.008579383486614984,-0.010788678885107133,-0.003567107559906845,0.006708994189618335,-0.9804943791207676,0.0070262016077903885,-0.007485280258220359,-0.010349209600146706,-0.003346840371115743,0.010563953478217964,0.021217062301048938,-0.006271182046736277,0.0018523978786343814,-0.0052075807695038815,0.02895376984196727,-0.0034972096153674023,0.013435182889365294,0.04080711795997252,0.002490001396317887,0.007342180568525663,0.011611988336533789,0.09095462398631486,0.004027487255725638,-0.019019453991519723,0.026649478852391103,0.007069855230254915,-0.005113336012052226,0.0011076200729827547,0.009208344441255387,-0.03246670874050529,-1.2031719673816221e-05,-0.019012278263206284,-0.0027010948382208966
115,-0.15919524501334303,0.18694521141053236,-0.5155460302371524,-0.5282629612980998,0.3084254352823807,0.06840647344972207,-0.32446975645856,-0.1783971290390611,0.0507697973947782,0.3633444548066716,0.25285189908397054,-0.17826738495161842,-0.3248653162840909,-0.5272593143669692,0.048692066959823206,0.21090957420765233,0.08676711198355859,0.08463618312051613,0.25786220514060126,-0.11336388011988682,-0.5448452305272367,-0.0613272332849133,-0.3239716691872829,-0.020945067436906963,-0.015511101193791477,0.03836967931816137,-0.10262846847524838,0.2522612839528044,-0.1975746511900638,-0.3295851714041599,-0.1204462984177268,0.19154576532256343,-0.15608648675188205,-0.010074584405225845,-0.14466844485220354,-0.30112428345582626,-0.04354924021501405,0.009589673923641533,0.1998567707626098,-0.11839551323272024,0.19469158291318514,-0.10234926055246672,0.1746332850527722,0.22979505783390863,-0.10776764585309251,-0.01984779812982706,-0.08103985130193814,0.1200958021984583,-0.0839382562135957,-0.25795551125841626,-0.17261461447596338,0.10207556331559885,-0.09696817648643459,-0.08625772799057196,0.1212189094269502,0.05560505888862225,0.000808953125452362,-0.010820705356275892,-0.2099440455188714,-0.15564154493205146,0.0016497434783135983,-0.1993610334618342,-0.05363042037451719,0.09628134713167213,0.1647974178075157,0.04420958354972955,-0.14387570853229714,-0.0992199887539068,-0.12875204258705195,-0.10451223698031212,0.023278000049046076,0.013064564087866142,-0.05486768605934262,0.02946033407884731,-0.011564146795485584,-0.03952751190161407,-0.007914854413186817,0.013575253614015395,0.0014704607159084023,-0.9804943791207674,0.007026201607790411,-0.0074852802582204975,-0.010349209600146804,-0.003346840371115866,0.010563953478218013,0.021217062301048834,-0.006271182046736328,0.0018523978786344046,-0.005207580769503847,0.028953769841967177,-0.0034972096153674482,0.013435182889365214,0.04080711795997262,0.002490001396318,0.007342180568525767,0.011611988336533855,0.09095462398631472,0.004027487255725683,-0.0190194539915198,0.026649478852390964,0.007069855230254928,-0.00511333601205227,0.0011076200729827565,0.009208344441255303,-0.032466708740505515,-1.2031719673552543e-05,-0.019012278263206228,-0.002701094838220841
116,0.06355786038759166,0.12555045202081483,-0.20433317316040495,-0.2889206390270592,-0.3591794264506629,-0.22401145007791798,-0.21517136325404213,0.09244558903338562,-0.11040238366936374,-0.31702951874104573,0.2755721791785407,0.1316820247438678,0.0225569815528623,0.10188872607002421,0.016974244891957972,0.20360413502852984,0.15481049137997271,0.28569507887219636,0.16533922155079447,-0.08793365890009908,-0.16990695096691488,0.4260424697893355,0.14527857894696755,0.02777702981582588,0.19100884462413587,-0.3024512131449525,-0.16836673948394298,-0.37205804260719383,0.05793303878345727,-0.08108469079711358,0.11259425116713435,0.05199171921730443,-0.16856888020037097,-0.18185016765496634,-0.09611685195783444,-0.03709205166374844,-0.10763727241967819,0.17838749080679353,0.21417379927896668,-0.13167614329933147,-0.04935132080309721,-0.05229103242928772,-0.11108763379557264,0.1266211935028223,0.050019022355819856,-0.03491985478439951,-0.18289323213351222,-0.12468613269289754,-0.06200017717606366,-0.07017433995555099,0.13282685699112634,0.028368906597739774,0.06571054519334768,-0.10480055195188953,0.17986151268491987,-0.15841785073042908,0.053610667533727965,0.01965983512069852,-0.03095863319192843,-0.007278019068498383,-0.15389150663763745,-0.021214049065869142,-0.045267543056824754,-0.038707876780446716,0.12596117779223143,-0.05918966581643142,-0.051869224372182526,-0.005907370457779676,-0.0016891067365907282,-0.006040337422187061,0.013193730729546669,0.008067409067908293,-0.052989024080809695,0.03626610211756511,-0.0021699093470081703,0.010972520584167663,0.00015015582614778914,0.006425002978004597,-0.0012535563997144211,-0.9804943791207673,0.007026201607790393,-0.007485280258220572,-0.010349209600146873,-0.003346840371115937,0.010563953478218185,0.021217062301049087,-0.006271182046736323,0.0018523978786342502,-0.0052075807695041694,0.02895376984196717,-0.003497209615367485,0.013435182889365103,0.040807117959972695,0.002490001396318013,0.007342180568525572,0.011611988336534087,0.09095462398631451,0.0040274872557256565,-0.019019453991519844,0.026649478852391054,0.0070698552302549626,-0.005113336012052162,0.0011076200729826827,0.009208344441255309,-0.03246670874050545,-1.2031719673857855e-05,-0.01901227826320625,-0.002701094838221098
117,-0.07106492696838176,0.08853739969995283,0.029269934472912384,-0.23211518108952295,-0.13946261617122208,-0.1652284686476472,0.38869179269005466,-0.062035480038715826,0.28104867866418615,0.0678716378731612,0.14312866455369386,0.20762821502783171,0.024132347993973628,-0.24063148332652973,0.17294034395850558,-0.12417675049236915,-0.14461075408193882,-0.1121746313312941,0.08104875777533423,0.086380926201391,-0.07275156226048575,0.15564347494916658,-0.38972146765754306,0.009692994773905377,-0.01568967570999171,0.16297217235359812,0.04630421979086137,-0.07174639695154776,0.1725469446742169,0.07238810503671253,-0.08846126415923472,0.14277456561041155,-0.29541003356727885,0.008473870179486323,0.0644180910906402,0.014228424533391194,0.06880240738738963,-0.13564447035221378,-0.09147583101615914,-0.18623227002802895,0.08180281903454095,-0.002578215583154987,-0.05189080848690246,0.18187533647388998,-0.01734806658909774,-0.006841115268681502,-0.04884623828373058,0.009317275982513579,-0.06773745567691203,-0.18537868941051003,0.2850037686851016,0.04230472053372496,-0.15079819181591772,0.1605446508115896,-0.0949141067977378,0.06288859339448538,-0.20784121038691117,0.04732081047910788,0.008670928314490588,-0.24462855660294947,0.023850360207282872,0.23078709579045537,-0.13604878369083295,0.10086922528528043,-0.2291547508460982,-0.0827029557616514,-0.06786903860264482,0.10787986504092877,0.13971559167235167,-0.02028955505253582,0.059906263361218785,-0.0024521913052448084,0.04485599140149739,-0.010048169569751133,0.005905461245362183,-0.004104524575207385,-0.0031385670726972814,0.0029274434059274376,-0.00030183397464282044,-0.9804943791207674,0.007026201607790314,-0.00748528025822034,-0.010349209600146602,-0.0033468403711158384,0.010563953478217992,0.021217062301049038,-0.006271182046736439,0.0018523978786342034,-0.005207580769503729,0.028953769841967004,-0.003497209615367379,0.01343518288936495,0.04080711795997251,0.0024900013963176236,0.007342180568525614,0.011611988336533995,0.09095462398631467,0.004027487255725753,-0.019019453991519702,0.026649478852391256,0.00706985523025499,-0.005113336012052152,0.001107620072982916,0.009208344441255206,-0.03246670874050545,-1.2031719673816221e-05,-0.0190122782632062,-0.002701094838221063
118,-0.11010393279777612,-0.2533359177145857,0.396307924286956,-0.25253999181298886,-0.32492056603951636,-0.13865160984095198,0.1773072060820052,-0.10683181472394332,-0.024145055602347785,0.3232070398720809,0.032874008057191186,0.06674395399425818,-0.2776128269417771,-0.11928185939258806,0.14379798629116688,-0.10803556518333426,0.12555759899173244,0.08184212947032124,-0.5721547078781607,0.0341942244898834,0.15060809105987885,0.26123798497740947,-0.07676143759789941,-0.06246286763027033,-0.07234594721421055,-0.10920081941001898,0.13714873665929264,0.07447029925564919,-0.003675937425320441,-0.12728734903193778,-0.031034075960311963,-0.3006882403067,-0.01484672124697901,-0.19929746617002464,0.09344159206942271,0.08909949047136083,-0.017096600419020145,-0.02211072124776585,-0.005897239463787879,0.1795602408388663,0.11165563037900994,0.05969428749188443,0.05865061674330816,-0.06764352026210053,-0.06500092291452156,-0.08125726944006545,-0.005073262483953808,0.13000985964038472,0.00937503878409097,-0.01654712485965112,-0.09477691872062659,-0.12037651238606685,0.006635787280470309,-0.08712761258332054,0.10752233026857272,0.051968837129761705,0.06268770617053815,-0.08292969266115645,-0.026409402687505603,0.0700044432539544,-0.0001945703624427413,0.0688519166311603,0.01878194847111346,0.13652985408309573,-0.0011865051018040923,0.08430283098739337,-0.03178677000163313,0.08096189228673802,0.14220232923351345,-0.06198552204029384,0.028898289296884424,-0.00682343970282443,-0.029134283661194575,0.0029273075065644155,0.011302543527560844,-0.0021815982821509357,0.004265826720470422,-0.014289639255644472,-0.00841640599452253,-0.9804943791207672,0.007026201607790286,-0.0074852802582204446,-0.010349209600146656,-0.0033468403711160604,0.010563953478218126,0.021217062301048948,-0.006271182046736362,0.0018523978786342242,-0.005207580769503798,0.02895376984196719,-0.0034972096153674482,0.013435182889365165,0.04080711795997252,0.002490001396317659,0.007342180568525468,0.01161198833653402,0.0909546239863146,0.004027487255725621,-0.01901945399151986,0.026649478852391117,0.007069855230254817,-0.005113336012052244,0.0011076200729826906,0.009208344441254943,-0.032466708740505286,-1.2031719673788466e-05,-0.019012278263206145,-0.0027010948382212574
119,0.07131093277489318,-0.11865428933522212,0.18330122270692156,-0.02496008248845973,-0.40802327525464505,-0.34003271019881365,-0.18587577940033978,0.10991980197293912,0.13493761476552973,0.3180659708783255,0.08977335379352068,-0.03528579030196091,-0.18002746308171977,-0.08551065375870966,0.18062643237925124,0.01991788257830383,0.004193924337516015,0.2960308232687157,-0.3373827152388816,0.1058629868506303,0.194238078141042,0.21616275074582758,-0.027413439408468996,-0.17504328621102508,-0.04243961501343366,0.1066979936509492,-0.02405426169100289,-0.10333720825643866,0.0019167249050460612,-0.06776849559328402,0.05242096527182296,-0.08668528003780034,0.0038443793583813144,-0.24329987276948561,0.16323567382956256,-0.04941621008563807,-0.07915584639801015,0.00937647878479387,-0.006208501783083756,0.12601292271104803,0.15982737453689966,0.08547077765000323,0.07666332356819354,-0.06658439986326516,-0.05383778877759704,-0.02402100448385463,-0.05483777555025983,-0.02094854582144926,-0.07700137045502828,-0.028855040069512502,-0.04620902775087446,-0.05791092802342872,-0.016071862428467792,-0.11053489344150004,0.12297755717950716,0.055540203455755936,-0.0020023251069861943,0.04446062861965651,-0.013410736021114686,-0.027355043805433563,-0.020036667131797952,-0.09746288988852585,0.09657018288510914,0.09213326964225646,-0.1826786697318622,-0.07606899527343687,-0.13660861614624975,-0.17522821640007175,0.25006610253022205,-0.18218652104032568,-0.5576670240989685,0.29059128850825555,0.24331802502310135,0.4308655366604878,0.24245681485030837,-0.09297127478293192,-0.007604967493157083,-0.1150252919395111,0.003324747159051508,-0.9804943791207673,0.007026201607790342,-0.007485280258220423,-0.010349209600146582,-0.003346840371116017,0.010563953478218228,0.021217062301048948,-0.006271182046736425,0.0018523978786341895,-0.00520758076950401,0.02895376984196735,-0.0034972096153674413,0.013435182889365238,0.04080711795997273,0.0024900013963177078,0.007342180568525475,0.011611988336534242,0.09095462398631449,0.004027487255725444,-0.019019453991519882,0.026649478852391117,0.0070698552302548515,-0.005113336012052149,0.001107620072982878,0.009208344441255175,-0.032466708740505515,-1.2031719673843977e-05,-0.01901227826320616,-0.00270109483822115
120,-0.2818306632111738,-0.09714535439171099,0.161250798785695,-0.10889639436655756,0.15112658211419175,0.019127458003567445,-0.09761272123703393,-0.3136872868479333,-0.14869439862439376,0.12735509481383264,-0.21846530708308176,0.45226245407438825,-0.23614874374381825,-0.06949700872586312,0.16506942977329606,0.1619712800849295,0.016375817129377416,0.022604476634025837,-0.5946478048272565,-0.06198851160725041,0.08347220391895693,0.10176980819880359,0.08537756329946852,-0.07413922732850316,-0.19297206813136503,0.12769173744803247,-0.08578252373010481,-0.13292947780189573,0.16108130939732082,0.15202290768708138,0.20151818017867937,0.08918845586679289,0.2543493167446189,0.09349074468267696,-0.14852692457315503,0.15226737838414253,-0.2257566795496693,-0.36295992548216555,-0.20424918415673465,0.1384507389762084,0.0855593722626445,0.11193628088490529,-0.14655618646952598,0.008341211301927144,0.14004042509515474,0.1030367499885443,0.07516536211862852,0.006565905357180815,-0.07291685160900611,-0.0906073754148079,0.054281678832966154,-0.09474821517111101,0.013629624724171513,-0.004543004770500897,-0.03202865579351482,0.04665887709744417,0.011522962185875788,0.06538686964693179,0.09143096185002712,9.411203893851906e-05,0.16934631339132605,0.07434862955447503,0.1800223583568703,-0.0016965156044372349,0.07761402450155015,-0.00154097391251832,0.02558855069417073,-0.012435948601683788,-0.0005859391355078825,0.06713477407496193,-0.06024615385523265,0.012304640342167496,-0.06725642879262052,0.008547416141659974,-0.010853850232584457,-0.018332123521437715,-0.013708889024845138,0.006843009527674794,0.0009811041888208006,-0.9804943791207675,0.007026201607790288,-0.007485280258220543,-0.010349209600146783,-0.0033468403711160344,0.010563953478218062,0.021217062301048924,-0.0062711820467363745,0.0018523978786344091,-0.005207580769503701,0.028953769841967146,-0.0034972096153675827,0.013435182889365217,0.04080711795997255,0.00249000139631771,0.007342180568525365,0.011611988336534046,0.09095462398631476,0.004027487255725631,-0.019019453991519625,0.026649478852391075,0.00706985523025487,-0.005113336012052254,0.0011076200729828207,0.009208344441255054,-0.032466708740505376,-1.2031719673927244e-05,-0.019012278263206228,-0.002701094838221063
121,0.014574478787541053,-0.023488048733181142,-0.14355541146906253,-0.3601004493597261,-0.2585753400144898,-0.21711463398615244,0.25255889015307675,-0.3802853801228894,-0.028819872074479187,-0.12254532247086806,0.20858959275606506,0.25710826939320397,0.013760479875313045,-0.2355200493281871,0.030990073559902194,0.0013841104302283304,0.032274841503745155,-0.10442488021021472,-0.2106150625189163,0.4047155742995254,0.00826457370422139,-0.06775505965910116,-0.04935168121869336,0.17909597933133672,-0.06418440200756054,0.1694773622475861,-0.19451688258794572,-0.17731748363792071,0.07697790428806758,0.061394395759454254,-0.11679138138140119,-0.11023255923627519,-0.02419296770777194,0.11299008439200464,-0.09841757549098427,-0.1771616288659117,-0.004905635489793877,-0.0038759752175985653,0.03654597215657448,0.09695380616590982,-0.03218122860474938,0.02790664486738412,-0.04799421347522413,-0.1117044896231977,0.05655813889658932,-0.1537762123621035,0.23804588663201828,-0.022183249945646993,-0.19823560091395004,-0.06616735825370253,0.027741977407021445,0.11591078959333316,-0.221623408057477,0.0840221892900324,-0.1406291037733453,4.2397632146140596e-05,0.021870605270597476,0.038845098197868876,0.03335698520161837,0.024315619605283764,-0.10562112904046089,-0.03012758709330899,0.1481416748270246,0.16523194952090176,-0.002460748714711704,-0.07459096710617924,0.09141932623854675,0.008395088697552558,-0.029576393721471906,-0.05776823657635321,-0.011465879839281184,-0.011263225037799444,-0.07632541282913055,0.015334058057775506,0.001119431625812718,-0.011955926632337894,-0.018951969632760288,-0.0011990455420518035,-0.0037617263033629476,-0.9804943791207671,0.007026201607790231,-0.007485280258220503,-0.010349209600146575,-0.003346840371116123,0.010563953478217923,0.02121706230104902,-0.006271182046736397,0.0018523978786342034,-0.005207580769503854,0.028953769841967066,-0.00349720961536749,0.013435182889365144,0.040807117959972536,0.0024900013963176236,0.007342180568525482,0.011611988336534079,0.09095462398631458,0.0040274872557256695,-0.019019453991519757,0.026649478852391256,0.007069855230254699,-0.005113336012052291,0.0011076200729827357,0.009208344441255106,-0.03246670874050548,-1.2031719673816221e-05,-0.019012278263206256,-0.0027010948382211325
122,0.23648960707861294,-0.5420350889419893,-0.2976813509218945,-0.2351321473826008,-0.1001767321357175,0.14530997364378412,0.4647669937431371,-0.5609950020050138,-0.20701074413224113,0.44815225834606986,-0.08365698720711313,-0.17936177018401728,-0.16860579606626702,-0.023222742149221327,-0.20533620586795787,-0.4730461541034922,-0.13707745413657776,0.07771747894986987,0.11943152126066355,-0.22502939865535376,0.2414456148545092,-0.12471876993439368,-0.4059356384003763,0.013471900824641149,-0.12508846126883003,-0.10495010680881636,0.08396030114937507,0.049843973960798434,-0.01728895408190965,0.06192881113154416,0.2194834332142359,-0.036005160680573786,0.2742509020281158,-0.22289730677214645,-0.3422063010703601,-0.3358445052691773,-0.036175242819544685,-0.052232003469709735,0.053430496830798764,-0.08613071783508305,-0.05782083030809839,-0.1185328270500033,0.30598594715630834,-0.30499673708680963,-0.1629483576566135,0.0327875368645373,-0.11962117860190996,0.07387933765694957,-0.016509333955579842,-0.14498808450687048,-0.021738931295436734,-0.11671921883995885,0.09331253322422778,-0.11555176637657179,0.24009162793775535,0.1618775899979051,0.06233873060327638,-0.23188250792920187,-0.08648099531622523,0.07701565823430255,-0.07774410517200556,0.1446662707548482,0.046050774324101824,-0.025216479602111982,-0.04609313915304957,0.023421042106307452,0.31354530028596456,-0.049037055909360555,-0.08471712936105306,-0.09521594859001724,-0.01051777614694676,-0.01017316423376067,0.05877235965103998,-0.03794493203319467,0.008608656361200593,0.006611743798315665,-0.006110673550609178,-0.014141895885230476,-0.0024937991340333275,-0.9804943791207671,0.007026201607790314,-0.007485280258220122,-0.010349209600146696,-0.003346840371115698,0.010563953478217909,0.021217062301048997,-0.006271182046736303,0.0018523978786345989,-0.0052075807695038225,0.028953769841966983,-0.0034972096153674135,0.013435182889365179,0.04080711795997266,0.0024900013963175824,0.007342180568525579,0.011611988336534004,0.09095462398631475,0.00402748725572589,-0.019019453991519834,0.026649478852391283,0.00706985523025499,-0.00511333601205202,0.0011076200729826732,0.009208344441254922,-0.03246670874050542,-1.2031719673982755e-05,-0.019012278263205916,-0.002701094838221195
123,-0.02230141578095609,-0.10570957542639652,-0.11823046390253485,0.022153328716881828,-0.2953908643612468,-0.13773590172905156,-0.0025405041001610126,0.05389698727583078,-0.5241283264300054,-0.09034103257539296,0.02329288197718069,-0.002206413628703834,-0.19907961629895823,-0.22893940141984173,0.2192428621683592,-0.06456763726221404,0.2935942557133853,-0.23202102602888813,-0.18078622139883466,0.050658701534330414,0.19751793149678226,-0.13361783758139734,0.16457797605000582,-0.03288634964357058,-0.05953188625200737,-0.29329339276820227,-0.16087177751188875,-0.30703451962588635,-0.13248364402235688,-0.1711440844377609,-0.2082521324055748,-0.017123395091724794,0.017931432445000256,0.1847912850226117,0.16171181922281866,0.011200864897617594,-0.19258435679197147,0.01820642272912984,-0.2147348749738141,-0.0784919301565108,0.1938425287718553,0.164756082039104,-0.10492600294106975,0.14648040656257125,0.05350087737821576,-0.06799975557293088,0.03918539445741359,0.00450425694031526,0.039502201498122815,0.03938830647748991,0.15204120506137078,-0.041369342762814836,-0.04550913644204794,-0.1279890744597932,-0.09914136596631411,-0.01599816764543606,-0.0061725444465006215,-0.015484692309577209,-0.09545249154102531,-0.1442551694879291,-0.16701884526318486,0.06630257248729757,0.07542184801318462,0.11075482953168168,0.19193554019979228,-0.18335231974591387,-0.06327943888015297,-0.13419016177063214,-0.08497356084142921,0.048599106702329406,0.033442475620814094,-0.010859429290771619,0.04022983400957124,0.002582328275562182,0.004264386553858489,0.012990103776435235,0.0007343108131711994,0.0014942068069572702,-0.0035222177950926894,-0.980494379120767,0.007026201607790371,-0.007485280258220546,-0.010349209600146828,-0.0033468403711160604,0.010563953478218126,0.021217062301049132,-0.006271182046736293,0.0018523978786342819,-0.005207580769503822,0.028953769841967302,-0.0034972096153674313,0.013435182889365118,0.04080711795997266,0.00249000139631776,0.007342180568525507,0.0116119883365341,0.09095462398631458,0.004027487255725624,-0.019019453991519754,0.02664947885239096,0.007069855230254907,-0.005113336012052116,0.0011076200729825667,0.009208344441255109,-0.03246670874050539,-1.2031719674003571e-05,-0.019012278263206332,-0.002701094838220966
124,-0.1740322609899239,0.017398279973799856,-0.3824705980129809,0.042467544997199735,-0.3345760901772644,0.24090532369742063,0.056013529496092965,0.4606102924631855,-0.23140416185427137,-0.22636966087384122,-0.06483437788222339,-0.1533973593710235,-0.18835760434800672,-0.13870291916597213,0.008257515108606502,-0.3526862858908346,0.08655449763400978,0.09007430879230537,0.06369525235156519,-0.2380724545247179,-0.1703109415705284,0.16061565876862935,0.1523164006005542,0.07503620812571186,-0.21210113980735262,-0.19859241439394232,-0.0036348765000749324,0.28353092002469416,-0.09928122384978279,0.18162745973854338,-0.33402762882577347,0.1451223344611346,0.26234498285745456,0.01176438105947079,-0.04476148472635015,0.13771984071966295,0.10505193172053226,0.13105513984731337,0.06623125134666277,0.06962962429568116,0.29374270829080834,-0.019304283586872403,0.027658812074466816,0.238382013179185,-0.05184888298537619,0.14634021809416825,-0.27094892632268236,0.06742486524175344,-0.145834017515018,0.10979991361805641,-0.01498995892849619,0.12603674704580003,-0.1396934622386891,-0.03989222438821214,0.14829874494136844,0.01079237950140509,-0.07122241114120677,0.039604606970627995,0.11715753134645014,0.03225872169424148,-0.08292522821600522,0.02913285145129294,0.12045673845235559,0.05457037977732102,0.016434607013580876,0.08939582945260513,0.011681115097966549,-0.010672523778899805,-0.12255078702761038,-0.03273508283871615,-0.04034571406757441,0.001501196163467792,0.011416829719965068,-0.004771484825149068,0.004346295763800453,0.008741572379652713,-0.016348457978623908,0.008940275983485079,-0.0010376486146979334,-0.980494379120767,0.0070262016077901855,-0.00748528025822048,-0.010349209600147022,-0.0033468403711158783,0.010563953478218228,0.021217062301049017,-0.006271182046736309,0.0018523978786343564,-0.0052075807695037965,0.028953769841967247,-0.00349720961536731,0.013435182889365278,0.04080711795997253,0.0024900013963179424,0.007342180568525581,0.011611988336533994,0.09095462398631454,0.004027487255725563,-0.01901945399151992,0.026649478852390922,0.0070698552302549626,-0.005113336012052163,0.0011076200729825943,0.009208344441254906,-0.03246670874050543,-1.2031719673857855e-05,-0.019012278263206076,-0.0027010948382211325
125,-0.04663301220961683,0.10088863460143098,0.21571226650480133,-0.32346923072180966,-0.2306487205367738,-0.058942802459937375,-0.09634430627230056,-0.5267545609938877,-0.07071037622127721,-0.3012911544332248,0.028074982752813823,0.09403781550697037,0.13564720130236718,-0.21653068003563203,-0.24700840607725713,-0.25620508560018784,0.10976050407723267,-0.14273247700318478,-0.10324285897268938,-0.04321124294376677,0.3643813246407017,0.19530433935915106,0.018612011652077248,-0.17544378873246036,0.1531951534278785,-0.3519589480784022,0.11165255828640196,0.5193820085006341,-0.20761708326623912,-0.08797686339321303,0.10288490125312234,-0.28878861876509754,-0.3454436079977772,-0.35302487302578617,0.14224740908566205,-0.07697216435481898,0.22190914038716444,0.05031184684363792,0.06640705669785593,0.19726338139684324,-0.07675708741747914,0.18980669162608335,0.1469324754800695,0.09338694241605314,0.050482619793789145,-0.06801056261357953,0.07890998629144914,0.03764548797498625,0.012589417160024088,-0.053516356600161186,0.06150775434058835,0.0892017099920089,-0.04403827843533638,-0.06740350159337377,-0.023443379563859352,-0.010954666743033248,-0.03129997171613115,-0.2051417416439188,0.1316672994996972,0.1439512735791613,0.12123427617752074,0.017343945641678273,-0.003878883342087853,-0.040200214174516115,-0.09963653363250015,0.060938094310359105,-0.028579889453800973,-0.05690296277224824,-0.01776029057394468,0.00394055800710059,0.011505807091324935,-0.03159762515686934,0.009603969026860283,0.0057340389848427875,0.005205168282047718,0.0048929446263388295,-0.01410349879275382,-0.0031981315214438828,-0.009223753856408107,-0.9804943791207675,0.007026201607790258,-0.007485280258220247,-0.0103492096001466,-0.0033468403711159216,0.010563953478218015,0.021217062301048955,-0.006271182046736446,0.001852397878634127,-0.005207580769503576,0.02895376984196706,-0.0034972096153674343,0.013435182889365082,0.040807117959972494,0.002490001396317616,0.007342180568525531,0.011611988336533853,0.0909546239863144,0.004027487255725659,-0.01901945399151993,0.026649478852391172,0.007069855230254935,-0.0051133360120521314,0.0011076200729826663,0.009208344441255158,-0.03246670874050535,-1.2031719673871732e-05,-0.019012278263206034,-0.0027010948382213684
126,-0.2799997730763877,0.032201063898694135,0.012045540894132593,0.0650342503694598,-0.4980902579468557,0.20616333003264992,-0.16779958027243894,-0.34826469531016985,0.2742293287400537,0.35811850281809904,0.0801897680060713,0.23364580825970513,0.03281258993642897,0.05691787595659555,-0.005014085062563115,-0.24508801400304994,-0.11194946501848936,-0.32299668540097964,-0.15120162679614613,-0.26715960816150014,0.09445618050216585,-0.06172253333615937,-0.10982893528386678,0.009581416847965141,-0.09977760533673605,0.07838985907829928,-0.14165258604250205,0.00643116535858705,-0.14888491581582072,0.24005019669430425,-0.2177478593274262,0.07838846450866611,-0.1883868788240869,0.12402147549693289,0.0972710339345885,0.27556812517553864,-0.040908957979851134,-0.10088297362693711,0.14956680308594078,0.04505376356662548,-0.13761530615038653,-0.13560420492253375,0.05396132021701895,-0.11702876607126382,-0.029392416923338802,-0.1607459738996443,-0.14412832361694866,-0.2347708854288813,0.1358109026546914,0.09913963539258142,-0.4341040457594618,0.1113599610901712,0.12059708819460216,-0.08629827028616666,-0.14228274931520765,0.033910367566398904,0.2096853862727508,0.08377252645785739,0.05962346125681329,0.010242965177365606,-0.03335337433251817,0.05549516807800646,0.08892373171834507,0.0844251433834202,0.024735734746656097,-0.003291049425470866,0.2195470530244315,-0.0012611823823722211,-0.05908473032141657,-0.03555339394249504,-0.04996626222978134,-0.010437497689163808,-0.0019204442786146915,-0.018283438057560605,0.0015060482436027101,-0.0036750854508941304,-0.0007916727646669245,-0.005630431027232959,-0.0022157630330470832,-0.9804943791207669,0.007026201607790161,-0.007485280258220361,-0.01034920960014652,-0.003346840371116234,0.010563953478218098,0.021217062301048834,-0.00627118204673621,0.0018523978786342589,-0.005207580769503888,0.0289537698419671,-0.0034972096153675176,0.01343518288936522,0.04080711795997263,0.0024900013963177503,0.007342180568525614,0.011611988336533985,0.09095462398631463,0.004027487255725817,-0.019019453991519792,0.02664947885239113,0.007069855230254907,-0.0051133360120521314,0.001107620072982694,0.00920834444125504,-0.03246670874050547,-1.2031719673927244e-05,-0.0190122782632062,-0.0027010948382212227
127,0.14422586079800653,-0.47611256634388927,0.29015640956309907,-0.37492669306768545,-0.24725487759425074,-0.16699360005254144,-0.048376097739369156,0.048882724163772207,-0.15124201920863445,0.15470197370906486,0.2623632528663853,-0.05682793651171362,0.12449657395911096,-0.1087327961346293,0.26042669673832924,0.04145546284069796,0.0530204784873492,0.2778893299008235,0.04663277856316458,-0.11101076460297218,0.00026792512057302386,0.07147047421432345,-0.05589525161056332,0.037991451770398345,-0.09126587455279443,-0.2945272930215433,0.2906666740971554,-0.06109437964875936,-0.04940923816349214,-0.005233989021138254,0.07653342231374637,0.0813748607970523,0.07794262949079442,0.2699192527272668,0.19476992805274426,-0.34362229584406107,0.09095875414985423,-0.16489423683897605,0.0042415083285692766,-0.11548908062909935,-0.005126598433544717,0.1580199432714975,-0.008232250948122808,-0.05056259152627744,-0.16047777469127714,-0.13163292233763976,-0.12733884488836403,-0.02905447082556641,-0.047125965569421176,0.0575555227984629,0.11463087094482366,-0.24303598942652124,-0.1387720091302727,-0.08269353296544804,-0.01987488355287909,0.0035007771628841476,-0.01599947468435964,0.09463556445376464,0.026785629238391066,-0.07875229790649041,0.057211824924770636,0.15881820684135622,-0.056415291906710505,0.0975354566717416,-0.014748896663372126,0.032291628763325045,0.04467533952755727,-0.11176606815290607,-0.0006206316842291142,0.1424146183817582,-0.0015496147976008733,0.016055704218990625,0.0017360611192214657,-0.00625913740185002,-0.00543454618833282,-0.008379395615713199,-0.0008123763354204804,-0.006020648523304211,-0.018073275070986165,-0.9804943791207675,0.007026201607790286,-0.007485280258220268,-0.01034920960014671,-0.0033468403711159893,0.010563953478218048,0.021217062301048917,-0.006271182046736366,0.0018523978786342797,-0.0052075807695036004,0.028953769841967226,-0.0034972096153675107,0.013435182889365186,0.04080711795997263,0.002490001396317749,0.007342180568525565,0.011611988336534108,0.09095462398631463,0.004027487255725751,-0.01901945399151996,0.026649478852391117,0.007069855230255004,-0.00511333601205218,0.0011076200729827704,0.009208344441255123,-0.03246670874050547,-1.2031719673913366e-05,-0.019012278263206242,-0.0027010948382211047
128,-0.09488918897098786,-0.05002391799257661,0.04661179915494486,-0.20305915862418,0.1327405498011103,-0.08685267185616359,0.3102232154269782,0.20725560481635127,0.2982451084492868,-0.07201915555200947,0.2923862128762646,0.084369198010134,-0.12392100804901386,-0.13602070210399325,0.2616489242454505,-0.19905170162475613,0.21972656110768982,-0.23432265481425626,0.0024866564921745926,-0.020744281873558947,-0.011479724317927252,-0.046280209275820196,-0.04172741964306749,0.020709346108571298,-0.14378703641176993,-0.04282169172237816,0.21128076637026658,-0.014489800578603577,0.03348632885000351,-0.0004978588777322816,0.1433049026201652,0.0982803763465743,-0.27752019031092884,-0.23931621840347986,0.1359179340589308,-0.09041499023707124,0.10474316915714817,-0.08510364699757304,0.051087458374920805,0.1322626509334398,0.06448171608055912,-0.06317038536292632,0.23578887214408403,0.03582420320043138,0.012731386563112904,-0.057369431249364396,0.16849257072535118,-0.15336563881246174,-0.0390043709934697,-0.10968641922314279,0.11278389890704393,0.19193979719586118,0.048942258040329846,0.051196894507097544,-0.039364152289951125,-0.12787560062854542,-0.024248911510782983,-0.09983984846672297,-0.1043733701463986,0.005768910621152896,-0.06650673891716603,-0.08444940654743562,0.05078347324496238,0.0078036742858192155,-0.07318538567833013,-0.0111962443987733,0.07030500596530492,0.035467563875067366,-0.050096678892788425,-0.043946179713653534,-0.005728592487086048,-0.024147126874075872,0.010737170353393286,-0.013955696676427631,0.009018238938499228,-0.00039500965956055866,-0.0021156975029273046,-0.012785363898842552,0.007320322820281364,-0.980494379120767,0.007026201607790293,-0.007485280258220338,-0.010349209600146589,-0.003346840371116123,0.010563953478217999,0.021217062301048906,-0.006271182046736397,0.0018523978786343144,-0.005207580769503788,0.028953769841967122,-0.0034972096153674482,0.013435182889365117,0.04080711795997251,0.002490001396317653,0.007342180568525683,0.011611988336534077,0.09095462398631458,0.004027487255725722,-0.019019453991519785,0.02664947885239127,0.007069855230254872,-0.005113336012052062,0.0011076200729827773,0.009208344441255217,-0.03246670874050542,-1.203171967376071e-05,-0.01901227826320606,-0.002701094838221202
129,0.5807710565552178,-0.10223999501793626,0.14598782754366954,-0.46659122348581544,-0.25488507147130285,-0.27286982701851703,-0.028900437606114715,-0.4722197854505549,-0.007465122241601102,-0.35538849408584566,-0.12729399327581323,-0.3346410274914259,-0.29978564853328055,-0.029577309216134974,-0.3123063643013887,0.1441657990796438,0.034619879127919466,-0.41367189548515293,0.017149162256455033,0.16246794468802614,-0.15356503157696152,0.17234443293344576,0.20511876579546096,0.005336653556093059,-0.10102533692039202,-0.04163439040427526,-0.16395218188717062,-0.09695729723974625,-0.4427452149242993,-0.2877247404698025,-0.17054754530111718,-0.22239765084529844,0.022800822018172063,-0.06992334398425201,0.11598403714714159,0.4420176148812318,0.06807207140211605,0.13655672885088246,0.14267920740019824,0.22955677976817324,-0.012317319961818592,0.050616961100510255,0.1807533445210418,0.15671029510881415,0.12508023223594456,-0.09667143813091857,0.1649450273212765,0.16168922452033793,0.09052052963426774,0.08596583958938711,0.20149090590170948,0.16808597194667235,-0.08699114948201539,-0.1699334379287919,-0.1022614221307177,-0.14016396485245747,-0.06417957764582213,0.1284720251190823,0.0705079324285007,-0.06960424230369983,-0.10246031127941292,0.03400019612020936,-0.0937088399184771,-0.07534703222894157,-0.061770980271259796,-0.0380643900222486,-0.21040607361070524,-0.023050258110003326,-0.1553893081765854,-0.059626359598045166,-0.014843113523041549,-0.03038514840785786,0.0756740062857268,-0.0328448727801483,0.013805247662838947,0.010193659875693725,-0.03859529146175688,0.0057310605530720826,-0.0026072027401069803,-0.9804943791207672,0.007026201607790217,-0.007485280258220541,-0.010349209600146805,-0.0033468403711160257,0.010563953478218077,0.02121706230104902,-0.006271182046736487,0.0018523978786340368,-0.005207580769503996,0.028953769841967163,-0.0034972096153674205,0.01343518288936504,0.04080711795997252,0.0024900013963176618,0.0073421805685255515,0.011611988336533926,0.09095462398631446,0.004027487255725503,-0.01901945399151975,0.02664947885239106,0.007069855230254817,-0.005113336012052197,0.0011076200729827565,0.009208344441255303,-0.03246670874050523,-1.2031719673621932e-05,-0.019012278263206173,-0.0027010948382210354
130,-0.2792767709722419,0.3006116348056834,0.09300919830079511,-0.37085773301181346,0.19555139292526438,0.026072077440883367,0.141402437713845,0.24771657981650252,0.2915771103981786,-0.11093128739245732,0.0753519115294098,-0.08845670270555109,-0.3280018070864045,-0.13545876862910222,-0.18986081951852862,-0.3101557547352722,-0.2789792594868781,0.17450175270909835,0.14357293296969728,0.32705782195327404,-0.1916224366143505,-0.062306741499657314,0.031744439172441796,0.20706316097504102,-0.10536282623125583,0.2022109521214803,-0.21633890587373,-0.32240121777099956,-0.26871896274810847,-0.011042428530672813,-0.25119145703976214,0.18843667370413775,-0.14142746054366429,-0.23135535649042913,0.0028877295047257073,0.07905777526687344,-0.09544680797192295,-0.09641609226699446,-0.06176615033817285,0.003989390186252728,-0.15291839499276766,-0.14700472774350845,-0.041116612210364785,-0.043270495602999365,-0.17155547149872297,0.052843657500899234,0.07726571743209726,-0.03581826279341898,0.10191642257522958,-0.03384542304699131,-0.14712447437549514,-0.001059530848185899,-0.2562960926122078,-0.16805876767892267,-0.15490171832619629,-0.14079158563516803,-0.030129738380122388,0.006524848188600011,-0.0646016831807408,0.047013647296882365,0.02089083713697097,-0.046948282605363025,-0.1289096113411577,0.04487821837764451,-0.002729492986759303,-0.004670076358429143,0.005440219085509803,-0.14649206925090089,-0.017057987931922015,0.0837719198390537,0.05107628190834322,-0.002867183041546002,0.07614976457711034,-0.019150947915892134,0.00950416494153093,0.011823254785789526,-0.014492174054074849,-0.002303593738427182,-0.003060131150373838,-0.9804943791207668,0.007026201607790409,-0.0074852802582204715,-0.010349209600146536,-0.0033468403711159646,0.01056395347821806,0.021217062301049118,-0.00627118204673624,0.0018523978786341743,-0.005207580769503817,0.028953769841967247,-0.0034972096153674972,0.013435182889365224,0.040807117959972584,0.002490001396317369,0.007342180568525799,0.011611988336533973,0.09095462398631472,0.004027487255725703,-0.0190194539915196,0.026649478852391034,0.007069855230254935,-0.0051133360120521765,0.0011076200729825839,0.009208344441255187,-0.032466708740505536,-1.2031719673871732e-05,-0.01901227826320602,-0.0027010948382210354
131,0.46358242284141216,0.034157497415782306,-0.8746516194872936,0.3285464460327049,0.3244563729368196,-0.8138485775103989,-0.18856745480134193,0.022066914911014847,0.8062520128777636,0.01607214837398086,0.30322527172693026,-0.21175861645420282,0.07773729368020563,-0.3370298461590131,1.1813307323076454,-0.43290242896076175,-0.019702288673785442,0.8665902154788587,-0.3551774937824509,-0.060092465314348024,0.012540383603302783,-0.011121489095758592,0.3036035713206201,-0.41311604685917047,0.1686627255185736,-0.2996140562280482,-0.39922011137313757,0.39225590460313153,0.08695085978692388,0.3529231464498532,-0.07296681776586993,0.03580912396350502,0.18108680318459772,0.3485133947005921,-0.40707395045668177,0.5546526499250845,0.22928256843530972,0.13889643171059093,-0.0697737770430179,-0.2703706481178578,0.06155378174937065,0.5779729854176048,0.0037580770355683988,-0.2899799794261561,-0.14880881880988953,-0.22363877996639958,-0.047467106399337794,0.4755009293570436,0.3419522518239754,-0.3704454086263447,-0.09764692319208489,0.07109459370297484,0.02617379258834814,-0.05386705822124704,-0.18278937956950309,-0.3010044784726115,0.1942775682054324,-0.08871911658841906,0.03924165880717182,-0.13121106934995524,0.055315993666989555,0.07455375027941376,-0.11041503704191222,-0.04592187405067551,-0.047445018422878245,0.09379864893676408,-0.05980600388312911,-0.01071069260110495,-0.02989903332370044,0.012906943046691625,-0.09467878799391927,0.03919072857300825,-0.07871214291616181,-0.05624378243707218,-0.023168448749301525,-0.06846198901912817,0.015802864051431123,-0.019628476769880436,-0.002931979652927916,-0.9804943791207675,0.007026201607790175,-0.007485280258220603,-0.010349209600146821,-0.003346840371115859,0.010563953478218006,0.02121706230104873,-0.006271182046736536,0.0018523978786343352,-0.005207580769503403,0.028953769841966997,-0.003497209615367143,0.013435182889365366,0.04080711795997262,0.002490001396317679,0.007342180568525843,0.011611988336533928,0.09095462398631497,0.004027487255725531,-0.019019453991519563,0.026649478852391228,0.007069855230254886,-0.005113336012052551,0.0011076200729826628,0.009208344441254849,-0.032466708740505626,-1.2031719673594177e-05,-0.019012278263206117,-0.0027010948382208437
132,0.7208240512179586,0.14543492863537902,0.45654331253241603,-0.06104489307598433,-0.27618316520195957,-0.1450793375638411,-0.30393639099285796,0.16847499081811534,-0.49595897963530017,0.20066318919867557,-0.09786095760401813,0.23374786460473015,0.07343083650029408,-0.1352920579539206,-0.15891203376748647,0.1589296632885571,0.07646959670099207,0.3684193807584632,0.11893245968848633,-0.16917180436351142,-0.23481209843316075,0.142755310571108,0.1494588072557277,-0.3188142692187546,0.32133216176982055,-0.33942739910433856,-0.24259375397130475,-0.23625380611821195,0.1298088483928637,-0.22131811643390664,-0.050433006320549326,-0.15194740639640988,0.13932946246185668,-0.16601203848393553,0.17771687101874303,0.18245100051973678,-0.10389913526377725,0.054792627193498304,0.1238028999980213,0.06271394960003439,0.17823893979063796,-0.2173760198119212,-0.032935970140908724,0.1420642503729282,0.14725311797798263,0.09354498220601132,0.1648279963646352,-0.051535790881741206,0.07242508742811783,-0.037820383513138864,0.01653669007298612,0.1943359622860773,-0.09861749094114272,0.05484459954255454,0.10036957574355064,-0.09806418134996595,-0.13116997793489205,-0.06426463500759631,-0.27119489208880543,-0.2818743405615005,-0.020530094949335657,0.07968933569834952,0.16411372954584635,0.08134837725536719,-0.13524969887021088,-0.05970030442214712,0.1859474792048468,-0.04336208058353028,0.2160155870261518,0.08497700699993976,0.08660750417555904,-0.029024002932706496,-0.003820740351993026,0.048110824691125986,0.0010424510127289776,0.03341742044774388,0.0006586756056245276,0.0043702048012888225,0.0032783745349355318,-0.9804943791207669,0.007026201607790416,-0.007485280258220477,-0.010349209600146781,-0.0033468403711158245,0.010563953478217931,0.021217062301049153,-0.006271182046736647,0.0018523978786341292,-0.005207580769503863,0.02895376984196717,-0.003497209615367546,0.013435182889365127,0.040807117959972695,0.0024900013963179246,0.007342180568525285,0.011611988336534108,0.09095462398631468,0.00402748725572561,-0.01901945399151988,0.02664947885239087,0.007069855230255018,-0.005113336012052088,0.0011076200729827888,0.009208344441255178,-0.03246670874050539,-1.2031719673809282e-05,-0.019012278263206228,-0.0027010948382211464
133,-0.11102026976505099,-0.20004400410694853,-0.08514518104712328,0.4845557527705949,-0.6484803449969536,0.02367145811527521,-0.3450165826012619,-0.2827850423874307,0.35822594882314307,0.5746676040679378,-0.1433894048321945,0.06441873432421835,0.30656086692399137,0.014532756259699211,-0.060873074450168076,-0.061952117162237155,-0.18042412813372635,-0.36181692393924064,-0.08828959004752765,0.2515163626099826,-0.0965813305450291,-0.22315263394293935,0.2913699394604473,-0.04027496526408491,-0.18115185211804585,0.10224900213714894,0.02188807502243853,-0.0323043647453623,-0.029919681800630614,0.07884731750816672,-0.2865683975410329,-0.12782123669504064,0.22687871853278013,-0.39379400983635443,-0.03569771610922633,0.018091479992623855,-0.34174353799321816,-0.07210988697108645,-0.008124714098353882,0.2880043917022916,0.11988739099853914,-0.1562963520874707,-0.11235375046611641,0.23375419299143124,0.10601253022128768,-0.08450721967584111,0.11185869633692953,0.1933786233317923,0.0402076208503147,-0.04573500728409842,0.0920229988210931,0.016708408682900813,0.07992507911661463,-0.07577674813829251,0.20954953743081123,-0.1507178222989932,0.16102839583237463,0.07960531536254264,-0.009508556124012293,0.1835792326221666,0.0808778655383497,0.18243400721814906,-0.17723218356111495,0.14382762999997023,-0.1012231493009739,0.15848508216201246,0.11432136748160207,0.05104289238390666,0.09944819514466784,0.052297453013572574,-0.02860117073144174,0.025043359219214426,0.06188100659478178,-0.04538994148076724,0.0049400753512391544,-0.0008955820904497453,-0.013978064417868245,0.005517811016143353,0.004867570679093379,-0.9804943791207675,0.007026201607790161,-0.007485280258220448,-0.010349209600146642,-0.0033468403711160014,0.010563953478218133,0.02121706230104894,-0.006271182046736272,0.0018523978786341478,-0.0052075807695039335,0.02895376984196694,-0.0034972096153674274,0.013435182889365401,0.040807117959972494,0.0024900013963178283,0.007342180568525572,0.0116119883365339,0.0909546239863145,0.004027487255725748,-0.019019453991519945,0.026649478852391034,0.007069855230255053,-0.0051133360120521176,0.0011076200729826212,0.009208344441254852,-0.0324667087405055,-1.2031719673843977e-05,-0.019012278263206082,-0.0027010948382211256
134,0.026351306662686504,0.1217310658796079,-0.34719446557891903,0.4757973368093814,-0.01055265160473578,-0.0900072043503012,0.4960395416313187,0.0340591822973482,-0.29102000833875913,0.3940735044245394,-0.3473403016284739,-0.16897881700443346,-0.04503084003151773,0.08952203494451248,-0.25786977397225597,-0.0919059222316102,-0.07876044356406675,0.18564206973166117,-0.009358265493551432,-0.37368466181342985,0.34076619641667916,-0.14164098462484465,-0.16217051698554277,0.07788767642574566,-0.034035382384141326,-0.25428160463039395,-0.1269988354948332,-0.1830982899487164,-0.007801275314097508,-0.23111249913157594,-0.07054131657118214,0.3217455753614042,0.02899679088179334,0.12636930051908044,0.27120419494898307,-0.16188522160761237,0.2562704274602131,-0.06985740901232208,0.09100499981197618,0.19405173946314733,-0.15769259238069194,0.07040746902679508,-0.19332767032822062,0.05379302344184618,0.05185707935003846,0.015381756334537082,-0.23852530505328215,0.22504061584643895,0.13697423733667002,0.09640101310199013,0.01972835653904976,0.11480929450746846,-0.10023528770187226,-0.06335197046384053,-0.010745898651737428,-0.04837179841609949,-0.02232678832175692,0.1096241088363392,0.15849625366666711,0.17103821804584324,-0.128613220642997,-0.08215635843251895,0.09837975208605097,-0.021241111176970518,-0.00853146776129328,0.08307811361995457,-0.051744089403774104,-0.02828871758992187,0.0029935839630224875,0.0032105145638583825,-0.007398941901220532,-0.0007794279230052488,-0.01969421701940986,-0.028960418902542986,0.010541461757589764,-0.009876047600208143,-0.023790833211233785,-0.01659216621881337,-0.0022727424602108867,-0.980494379120767,0.007026201607790246,-0.00748528025822031,-0.010349209600146748,-0.0033468403711159147,0.010563953478218098,0.02121706230104905,-0.006271182046736279,0.0018523978786342437,-0.005207580769503891,0.02895376984196692,-0.0034972096153674174,0.013435182889365146,0.04080711795997258,0.002490001396317732,0.007342180568525382,0.011611988336534016,0.09095462398631475,0.0040274872557257485,-0.019019453991519754,0.026649478852391335,0.007069855230255053,-0.005113336012052116,0.0011076200729826639,0.009208344441255067,-0.03246670874050542,-1.2031719673715607e-05,-0.019012278263205947,-0.0027010948382212158
135,0.07705071387764748,-0.28788326012019066,-0.07088557660014459,0.08379468415309017,-0.028812383502714953,-0.05823415778248211,-0.15579152028779594,-0.012668035677717984,0.06832547307809207,0.04080120552999663,0.2022625943839153,-0.004788974424912944,-0.0428062977948157,-0.31388504359260533,0.25637913884710706,-0.12163745464090059,0.38630806868659573,-0.2201480208400224,0.11778418901783437,0.14523484384802338,0.22320377558825552,0.2815448179885203,0.03662065788670782,0.07806449243768064,-0.10813579238398799,-0.32371446376316604,0.24955266187058936,-0.21289386698199386,-0.05989302907265137,0.15424222852984185,0.05435260772652913,0.18592222982361342,-0.2055530986723389,0.07313009743962944,0.34815664538937335,-0.15627155625846523,-0.17412704508095378,-0.007016269309831674,0.21522681707745997,0.22440211469008908,-0.0064096690951580835,0.08437672612222208,0.03616301306292585,-0.18030245316076687,-0.012912838273934317,-0.08515848817450464,-0.08572060053686056,-0.13535831394713838,-0.009275911991881906,-0.019887854007258822,-0.1367757629206573,-0.2158950225226359,-0.0032377362746658206,-0.08412943693752827,0.056310298679147774,-0.15482558639378588,0.009636590556758034,-0.16153780767244913,0.047793878370416196,-0.07718366297205245,-0.13252627756364466,-0.033457398561982314,0.024144237909816967,0.06290922529250788,0.12947344382038165,0.018248342912060192,0.07679093248732863,0.07537496276962412,0.014239354912056858,-0.07655557838850031,-0.01614456494190533,0.00920784841442078,-0.031355290188382984,0.013360604797898586,0.003639061330258673,0.012172927347497154,0.022323481873240646,-0.0012867386365382012,-0.0028895972093432682,-0.9804943791207668,0.007026201607790317,-0.007485280258220215,-0.01034920960014667,-0.0033468403711161853,0.010563953478218131,0.02121706230104875,-0.006271182046736154,0.0018523978786343213,-0.0052075807695037115,0.028953769841967094,-0.003497209615367351,0.013435182889365203,0.040807117959972744,0.002490001396317815,0.007342180568525656,0.01161198833653409,0.09095462398631451,0.00402748725572549,-0.019019453991519875,0.026649478852391034,0.007069855230255032,-0.0051133360120520915,0.0011076200729826212,0.009208344441255133,-0.03246670874050552,-1.2031719673732955e-05,-0.01901227826320618,-0.0027010948382211984
136,0.1263562798031514,-0.2660345395695917,-0.28340136587240145,-0.5082962803326944,-0.5294676099843973,-0.1327291183431392,-0.35375665638997633,-0.04625336703519729,-0.07801664956025127,-0.017080791648983448,-0.054754860020742493,-0.17478446652518556,-0.3193061381233271,0.06075576599463201,0.05711702970004172,-0.015742589241936514,0.053107898105858975,-0.131042895282025,0.28123360064057,0.10999337708833351,0.09136221665847304,-0.42838158164234236,0.41153848934297865,0.10328578985766323,0.009266350674105498,-0.3211966081500144,0.38451019672350883,-0.11651557195743853,0.19513332158025123,0.4072035909503967,-0.09064964390630598,0.01365584283099973,0.2740109911699383,0.0498519809647534,0.13304472128571657,-0.040456290415329235,-0.07664040851237583,0.1523801183159777,-0.20411018596797334,-0.03463866711609085,-0.10137642451882664,-0.06307170763336988,-0.005045976319785686,-0.007816831172558691,-0.14415254259399551,-0.06806624719849473,-0.17686538613857433,0.02687019304996019,0.10216967616852266,0.08641354049809409,-0.06379178853695865,-0.12903053465718659,-0.2138584158104738,-0.12032566446237242,-0.13997767723342308,0.16021804950895208,-0.017801624597012605,-0.00848784593267342,-0.2916993233175593,-0.04829480492158645,-0.1442275857216512,-0.07777560545180777,-0.06334866093111922,0.013020975406651144,0.08466073205923226,0.05180999575332554,0.13214262271780122,-0.12333464931433433,0.06467240196797963,-0.033795953754199096,0.053283677902842955,-0.026130808285934858,0.078490621507516,-0.014282517500714744,0.016986115639351023,0.03919689344070421,0.023327489482473908,-0.014745397485040656,-0.00991031385692005,-0.9804943791207671,0.007026201607790342,-0.007485280258220354,-0.010349209600146804,-0.0033468403711159754,0.010563953478217961,0.021217062301049,-0.006271182046736276,0.0018523978786343907,-0.005207580769503809,0.028953769841967247,-0.0034972096153673858,0.013435182889365339,0.04080711795997251,0.0024900013963177975,0.007342180568525621,0.011611988336533917,0.09095462398631463,0.004027487255725827,-0.019019453991519737,0.026649478852390936,0.007069855230254942,-0.005113336012052038,0.0011076200729827704,0.009208344441254963,-0.032466708740505376,-1.203171967401051e-05,-0.0190122782632062,-0.0027010948382211117
137,0.16674098340305935,0.5808497708522548,0.12566857064903436,0.26870852173464393,-0.012465032689133867,0.10927942892444215,0.3539929547906182,0.04945572883587708,0.23132895569044828,0.33080520377943545,0.11604123069033678,-0.2474893528553295,-0.37274108989834404,0.02914520423914319,-0.195061790219682,0.31125282710208224,-0.4224164885798725,-0.04497191421903751,-0.444450278578552,0.28465141438235414,-0.073810369405769,0.16174582078139857,0.04233374465885356,-0.4344875710636663,-0.12243003786751946,-0.3412560224881463,0.5040357621206389,-0.39313301819305707,-0.14428202644160118,0.6519475360162413,0.10949213832790301,0.07831650755183757,0.09583944843848058,-0.22315202174529888,-0.16329866381325425,-0.1491637013791411,0.13226737777180816,-0.2951111397689607,-0.2126530138905231,-0.12452155912712634,0.34267640462152504,0.2721358563176152,0.09680560788373703,0.13320195550147565,0.055326345947676,-0.06482976559854337,0.05888063055532174,0.1589183588243941,-0.2699064192046093,-0.07602359936230432,-0.13116756525486986,0.18120031385234486,0.07534259069580433,-0.11469841196506193,0.13934169964459556,-0.03627584407886476,0.03329631091377131,0.09748508718666492,-0.04842478546859496,0.02674112967966745,0.12292221709343944,0.04888353031144735,0.0874655352881902,0.19744796189491032,-0.05568973842211328,-0.237815382973786,-0.09343046837732967,0.1289610749963753,-0.1384205928281557,-0.02939339233943532,0.025532056097743432,0.009273019330152111,-0.013434428623172791,0.02137472490665826,-0.01193869115510774,-0.03908716697904117,0.025359548510172608,0.004953421596153166,-7.377759799763932e-05,-0.9804943791207674,0.007026201607790272,-0.007485280258220435,-0.010349209600146876,-0.0033468403711159355,0.010563953478218096,0.021217062301049115,-0.0062711820467362305,0.0018523978786343768,-0.005207580769503715,0.028953769841966983,-0.0034972096153675454,0.013435182889364922,0.040807117959972675,0.0024900013963175733,0.007342180568525517,0.01161198833653389,0.09095462398631471,0.004027487255725704,-0.019019453991519473,0.026649478852391214,0.007069855230255108,-0.0051133360120520725,0.0011076200729827669,0.00920834444125514,-0.03246670874050562,-1.2031719674038266e-05,-0.019012278263206298,-0.002701094838220841
138,-0.3865633819042572,0.20097744120886357,0.32973686408439445,0.27741277404486187,-0.0840263123824353,-0.3587557584634749,0.13738435246927402,0.08997486711071252,0.2608560066414487,0.21421535619391222,-0.10276691511294282,0.02806451472706006,-0.11216349481833814,-0.06561091989897767,-0.040081990042702284,0.4004060361026303,-0.22774183035760745,0.05134695976799444,0.22251919769575393,0.026744296584560116,0.10329638056526977,0.0072045978776172455,0.10697606788962886,0.02583645762198617,-0.2009517162813533,-0.21699491728518608,-0.025447501122823377,0.2644015289477787,-0.026793754734220562,0.010614545193031906,0.059067944436900756,0.19547667414306463,0.0740041895814176,0.05475250969183142,-0.0202838964502506,-0.11786503943090758,-0.11147404257590363,0.020394106309105035,0.08207136318419031,0.21094052630519158,-0.12347401037621787,-0.045759261462714904,0.012627646753319679,-0.01392372035327556,-0.23467925383463303,-0.057814229211776286,0.10038870252677666,0.057822746082692576,-0.06101562208172883,0.07720005389555183,0.09119189290178999,-0.1585792247631272,0.2583256232391296,0.08631090937082846,-0.08830918090368414,0.15919893524461426,-0.05232656214072577,0.2597152589022516,-0.012076608921820647,-0.0003074391363205359,0.011323326795154484,0.06954026012315381,-0.06542679229414879,-0.1437413736586721,0.0560103592618275,-0.043013461484678106,0.1471794138486085,-0.10367705920756654,-0.0216927759573915,0.019844224731434934,0.011870040670158625,-0.009221325568028993,0.028242435279545227,-0.0018664577279869552,0.000997985901577146,0.00038216468370071344,-0.0032407401420796672,-0.0026941386042309296,-0.017912700037486205,-0.9804943791207674,0.00702620160779012,-0.007485280258220241,-0.010349209600146665,-0.003346840371116005,0.01056395347821802,0.02121706230104896,-0.006271182046736092,0.0018523978786342658,-0.0052075807695037045,0.028953769841967066,-0.0034972096153673927,0.013435182889365089,0.04080711795997251,0.002490001396317698,0.007342180568525524,0.01161198833653396,0.09095462398631474,0.004027487255725801,-0.019019453991519743,0.0266494788523912,0.007069855230254935,-0.005113336012052107,0.0011076200729827669,0.009208344441255175,-0.032466708740505335,-1.2031719674128472e-05,-0.01901227826320609,-0.0027010948382211047
139,0.5343313762549112,-0.4745048972906075,-0.15800723126870672,-0.13290474430222715,0.0249170921026789,-0.06361270153122853,0.3925535646926514,0.024992460772761634,-0.15472188053654365,0.1920357951328353,-0.01592646463722607,-0.3837725194761467,0.10655645960489347,0.06738439205443048,-0.19871336714343915,-0.10770908767789031,-0.09418083466177049,0.07321569124776962,-0.12887774544906924,0.07407913084250843,-0.07398182344499526,-0.2799458662424728,-0.2768579524055906,-0.372906843483433,-0.2625686139931605,-0.2293592920968957,0.14198539448891528,-0.1435924080037296,0.5098119501072306,-0.08746202901790036,0.08748350613848531,0.28071181232343156,0.213275813206763,-0.36349511122667044,-0.23998861459325396,0.2955574198598464,0.06225401854185205,-0.27183625809271816,0.06819156371399457,-0.030061933704148867,-0.00252208619295637,-0.2015357121082538,0.03171805670143505,0.09681903697495998,0.029020017586329907,-0.3332352412810708,0.14941270699082562,-0.0008897564762776745,-0.13198486975250495,0.04221341069471947,0.07605899391513955,0.06246746633059873,-0.22648806926279239,-0.23363295298596487,-0.11075804264506205,0.14175519275552928,-0.10785296157034013,0.010833253401696103,-0.0042765582226817105,-0.026451708197411727,-0.07490399200864545,0.07938980044793119,-0.09024519886902017,0.002967553198195929,-0.03763006352294785,-0.17552975057142461,-0.026612929781600972,-0.03544034873914571,-0.09919513057787516,0.07631087110517486,0.001852493330600872,0.0072570659192624,0.0004236182698225411,-0.00835995061113948,-0.004963049236131528,-0.014204659441549776,-0.0026447931607071285,-0.006951380296132336,-0.006363784294897913,-0.9804943791207673,0.007026201607790397,-0.007485280258220388,-0.010349209600146717,-0.00334684037111592,0.010563953478218147,0.021217062301049097,-0.006271182046736362,0.001852397878634349,-0.005207580769503614,0.0289537698419671,-0.003497209615367677,0.01343518288936519,0.04080711795997244,0.0024900013963176934,0.007342180568525649,0.011611988336533981,0.09095462398631472,0.0040274872557257094,-0.019019453991519514,0.02664947885239134,0.007069855230254928,-0.005113336012052152,0.0011076200729826732,0.009208344441255074,-0.03246670874050524,-1.2031719673788466e-05,-0.019012278263206055,-0.0027010948382210354
140,-0.01970682217345595,-0.0184496085529746,-0.22764573364033944,0.28935582464924137,0.12352336988796092,-0.1248886088233438,0.059827155289104386,-0.559427557000726,0.7704956236368721,-0.06657961562880406,-0.10899002625876579,0.2519688764399765,0.2771049939296672,0.13035094000807354,0.21723447911478744,-0.006651016804477341,-0.2562971291023399,0.44378733078145854,-0.07634524639662475,0.22589473694217713,-0.07964951007182491,-0.5557354978387495,0.22422147266249087,0.4024669640168016,0.05620613697521541,-0.18508584946603054,-0.17309951113957012,-0.3485783531336493,-0.2050405576864381,0.10230102299980781,-0.4037697309681821,0.0196462701137894,0.11733197616742728,-0.05329061925366353,0.3658716135492856,-0.2661025386560184,-0.05688675560841154,-0.050300566590092854,0.21575547677775853,0.03501726359434316,0.15317830963870255,-0.11314767636212315,-0.236206852050308,0.030715413861638414,0.003914755081134366,-0.08568562584771364,-0.0704322731437079,0.058794520534896734,-0.15120464352735363,-0.015396147352649759,-0.08973732273203207,-0.14796648272501595,-0.021412130126661065,0.2592778711753549,0.0830043488767267,-0.03170376491499203,0.22829972213563,0.008196042327208832,-0.09469089533107744,0.24564955467249325,-0.015496126253207539,-0.05931625597329223,0.01052279397031726,0.10358393402586216,-0.02729196233366588,0.07854814423675703,-0.013871490683558125,-0.06302627545331686,0.05438871791884053,0.164028265639252,0.03572626367364123,0.02919947775204218,0.023859538585619473,0.010436421482203796,-0.009274089804008186,-0.0020339965738633468,0.0009542277665399785,0.010157231739765243,5.0874160985709004e-05,-0.9804943791207669,0.007026201607790272,-0.007485280258220392,-0.010349209600146748,-0.003346840371115859,0.010563953478218173,0.02121706230104894,-0.006271182046736258,0.0018523978786341478,-0.005207580769503868,0.028953769841966914,-0.003497209615367462,0.01343518288936513,0.04080711795997248,0.0024900013963176323,0.0073421805685255585,0.011611988336534144,0.09095462398631475,0.004027487255725878,-0.019019453991519743,0.02664947885239131,0.007069855230255108,-0.005113336012052055,0.0011076200729824373,0.00920834444125464,-0.03246670874050554,-1.2031719673719077e-05,-0.019012278263206034,-0.0027010948382212574
141,0.29588553212690727,-0.29514362221754414,-0.26979692328219995,0.010326576378229582,0.2965087883482541,-0.12789627331486847,0.18333769820624868,0.39565538838655334,0.4814173089096518,0.14614999993013333,0.23767090310366923,0.14249231097812737,-0.1278249977722717,-0.41519057152149724,0.35115919310642063,-0.08759945472806457,0.031638641203275725,-0.3104235794422546,-0.08169699752850973,-0.16592892205923096,0.14896266582119186,0.23493015625346583,-0.2771054396438444,-0.0008314534725334397,0.4385663183762192,-0.2181005986773221,0.2696976322030206,0.1389168635759903,-0.12187201681803012,0.04820190391780898,0.021586621285236477,0.26227831610385194,0.3170786669372126,0.01017790467252796,-0.08699815481294622,0.16634176713928914,-0.13344559008283402,0.34411148039697814,-0.034604566378032435,-0.09029423833909808,-0.34410889614141976,0.017446534937514167,-0.15577671931251466,-0.19275331622936603,0.3517177043516115,0.11537787313431085,0.03783554046809374,0.07841302573327143,0.01307797577021136,-0.09065184190109943,-0.02188858981090605,-0.10708316835995751,0.2913840510200186,-0.27611072300069045,-0.0841339844007888,-0.09023109052564784,-0.28164487546085,-0.0030063963931455883,0.03223263540782121,0.4568966492816897,0.1109351177716879,0.16462597218530253,-0.171287157182909,0.12071934766516187,-0.07983417228521708,-0.11668895226484903,0.03169963809548759,0.01625548496964438,-0.04668010983800386,-0.06265600407461273,-0.0054863243597081755,0.039922448176417595,-0.03782146853163932,-0.17511531843310676,0.0029299585166622575,-0.17005332448422625,-0.013409857845445851,-0.08942010129118659,-0.005522552670693691,-0.9804943791207679,0.007026201607790199,-0.007485280258220527,-0.010349209600146712,-0.003346840371115925,0.010563953478218117,0.021217062301048847,-0.006271182046736251,0.0018523978786344046,-0.00520758076950368,0.028953769841967156,-0.0034972096153670458,0.013435182889365065,0.04080711795997277,0.0024900013963179814,0.007342180568525829,0.011611988336534105,0.09095462398631479,0.00402748725572549,-0.019019453991519986,0.02664947885239116,0.007069855230254914,-0.005113336012052397,0.001107620072983093,0.009208344441255258,-0.032466708740505404,-1.2031719673656627e-05,-0.019012278263206006,-0.0027010948382211186
142,-0.12257956697680346,0.06999064735487134,0.018403684204891087,-0.22487691547243657,-0.30441397009832727,-0.20978716926982588,0.03233088545033047,0.01664415637115376,0.07659459824266089,0.23106164621201317,0.10246598417052012,0.23824259157545,0.10159283665062444,0.04008081772789101,-0.07566096608051476,0.40211241481521787,-0.21289294437582557,0.2114014053465122,-0.3848658890975603,0.03289496699643939,-0.09304686668298953,0.09002021543271442,0.15537002913792844,0.1410460666524298,0.2106162714912545,0.15960162447068882,-0.205864523033685,-0.19051684993357745,0.10871191602518214,-0.029941295784726436,0.0018289493767505525,0.15723127288175603,0.23160316695110364,-0.0010201871322950374,0.16929613747766964,-0.10812451249222553,0.024391433420204597,0.01806104713397513,0.11865974627112252,0.15828832312994567,0.07468124124286282,-0.10836362288799202,-0.01248259441492468,0.03747909909320137,-0.15633596955134968,-0.0853353182007828,-0.011371486923090543,0.0018394908862819786,-0.07889757583045887,-0.22773991979695302,-0.10469796630117052,0.01725737820192723,-0.0268501518278824,-0.08798704367064926,-0.03340718955052141,-0.05182614831705936,-0.03540618998969976,0.18598802527933456,-0.13069611948609813,0.011386122039497433,0.0009569980716482841,-0.1700910573272875,0.06704846663977132,0.10622457209128602,0.028443088083229685,0.05625405409804587,0.13911878478597592,0.1296645410730353,0.1188253051524557,-0.04001271203468574,-0.011893042908601839,0.004557267980932887,0.03887997459133048,-0.03852295695128345,0.00740592834654797,0.0017161111690390098,-0.002063509628054857,-0.012534629880219682,-0.0046372565714250325,-0.9804943791207671,0.007026201607790161,-0.007485280258220603,-0.010349209600146554,-0.0033468403711159494,0.010563953478217957,0.021217062301049097,-0.0062711820467363,0.001852397878634238,-0.0052075807695039925,0.028953769841967115,-0.0034972096153674343,0.013435182889365214,0.04080711795997251,0.0024900013963178092,0.007342180568525392,0.011611988336534065,0.09095462398631479,0.004027487255725739,-0.019019453991519834,0.026649478852391047,0.007069855230254775,-0.005113336012052322,0.0011076200729829091,0.009208344441255182,-0.03246670874050542,-1.2031719673843977e-05,-0.019012278263206173,-0.002701094838221299
143,-0.31162686325885114,0.28072776609020594,-0.18086712752099296,-0.3479434003688864,-0.1293432749356086,0.18339125379836205,-0.5405212770527128,-0.4474317340560568,-0.3630326021150592,-0.01175349657738014,-0.08405860260955036,0.052127478448112184,0.3171522827827866,0.6119980626169527,0.39428919216888464,-0.19203426829590628,-0.503703032447969,-0.12321277776177052,-0.08185781476046126,0.4415351265734416,0.10005907342629866,0.38795397463282383,-0.053747868415619675,0.04075468750861132,0.11522462348061194,0.09781315943348247,0.04915813268012212,-0.030495481403404145,-0.09379117874956755,-0.16736522798966944,-0.08665854907809084,0.10725255072564575,0.0394079390115916,-0.14490304173026597,-0.38246149643755084,0.0056237657825911995,0.09325511618094467,0.4210261790334498,0.09174437574815875,0.24942813574951456,0.13158189487182662,0.1310363402536342,0.14660155216702941,-0.33581253171809333,-0.023998052819983306,-0.08435950899043212,0.010800014358690171,-0.02924789294053203,-0.10711670510534073,-0.06467492697574186,-0.028763828666015373,0.13942960673343466,-0.06105911213275022,0.12020989439196682,0.09958320418039693,0.09875872943683855,-0.10743617089844552,-0.022007408924455744,0.06951478358198308,0.18511168268489442,-0.1784860479227634,0.07639410275351093,-0.08824412151238158,-0.024251674847570445,0.12585047534427138,0.058918619943099944,-0.08109178229446805,-0.09129520535993689,0.03212866337252935,-0.0032390195385614464,0.03438122312900085,0.002563660729096311,0.033826682414550724,0.00801657085701444,0.010190683806559915,0.03378768796559184,0.0024596701265083573,0.007024839136166129,-9.356545101516348e-05,-0.9804943791207672,0.007026201607790143,-0.007485280258220312,-0.010349209600146464,-0.0033468403711160097,0.01056395347821808,0.02121706230104922,-0.0062711820467364066,0.0018523978786342988,-0.005207580769503975,0.028953769841967247,-0.00349720961536736,0.013435182889365172,0.04080711795997256,0.002490001396317694,0.007342180568525607,0.011611988336533919,0.0909546239863147,0.00402748725572574,-0.01901945399151976,0.026649478852391,0.007069855230254865,-0.005113336012052176,0.0011076200729827036,0.00920834444125553,-0.032466708740505466,-1.2031719673788466e-05,-0.0190122782632062,-0.002701094838221278
144,0.08694797527880493,-0.3408485581656134,-0.05811241775479258,0.3044713844702812,-0.08694436869309637,-0.07284908500813592,-0.5752945005560443,-0.21761458484932247,-0.44168973675568884,-0.11596837313357164,-0.6066026540242507,0.2686586781103753,0.06596333838420301,0.17194023740036748,-0.05767416616437602,-0.1269765710323011,-0.5744419306759603,-0.1951046510611742,-0.535950744580647,0.4263626297221085,-0.11400905435518019,-0.12768117110761,0.020302945897008276,0.23961725401702585,-0.1431633433306215,-0.005453192787847174,0.0046758310398066685,0.28472967425102796,-0.005885030041873929,0.022059024418510563,-0.1591765872750119,0.07195855493599711,-0.44929134239804536,0.20752894226538537,0.10030251584245571,-0.2751426932806579,-0.31160111736951623,-0.08521603001689315,0.24041980684507028,0.08853869309621655,0.039376587061456476,0.0033521369461366295,-0.19230346179319896,0.18121360676002604,0.3668234851839671,0.11614652012167388,-0.062234298741216346,0.016145240188278325,-0.11391248321062813,-0.10860408549870329,0.2092387710851378,0.022908280131659086,0.24389628154472395,0.10743261732924496,0.00728761696028432,-0.1912973676933172,0.234238379139292,-0.18897633910900238,0.14199451053547413,0.21133669472924896,0.07083206705478343,0.04594183285061018,-0.05772526858896207,0.009583403030496073,0.040465100102922064,0.1191754105983702,-0.16155805266150844,-0.02748758128060318,0.025396243270207185,0.027149307360556197,-0.026508517277270844,0.012219323118277408,0.0670598361619937,-0.03539877701603417,-0.0039868283374114655,-0.003510877799306069,-0.011956540247499602,0.015016548450863088,0.0008186915944719555,-0.9804943791207673,0.007026201607790243,-0.007485280258220267,-0.010349209600146911,-0.003346840371115833,0.010563953478218082,0.021217062301049094,-0.006271182046736416,0.0018523978786342704,-0.005207580769503715,0.028953769841966882,-0.003497209615367215,0.013435182889365214,0.040807117959972564,0.002490001396317748,0.007342180568525559,0.011611988336534153,0.09095462398631451,0.004027487255725601,-0.019019453991519997,0.026649478852391054,0.007069855230255005,-0.005113336012052198,0.0011076200729827088,0.009208344441255071,-0.03246670874050554,-1.2031719673816221e-05,-0.01901227826320631,-0.002701094838221091
145,-0.4050172464860098,0.10219485718999129,0.2769587999214936,-0.051735084287314666,-0.4523059924573785,-0.14466010628689108,0.1095902942572962,-0.1234822722129226,0.21660770033158921,0.3045024414639915,-0.0035438067485430358,-0.0716191518387942,0.24503170619202508,0.05043528689763455,0.08684401735830707,0.11330592176840726,-0.11305036413516124,0.08691331156110922,0.15980571252189552,-0.19369884392263015,-0.18054792483829862,0.11675649167037322,0.16096782177272292,-0.042600938369402215,0.16859581059312245,0.1566775891627651,-0.03127791987006657,0.17131759710912103,0.18331085231929312,0.06633429302733301,-0.07050371323632132,-0.025181479333649937,0.19770177471738767,0.03931733996406545,-0.23595254841558302,-0.0591838209098127,-0.02358962219376664,0.15978154306955678,0.08135207592723477,0.18920221293635184,0.0010703050357161992,-0.050249595398899095,0.09929609200493178,-0.0814503109725641,-0.07023739934166986,0.0683797982249296,-0.13907296800156513,-0.1611080548093654,-0.06828768548586554,-0.08327091418510647,-0.04541035225622786,-0.03815311195337321,-0.10676552974307023,0.07522338981879739,-0.06592258745021512,-0.05422516841495353,0.12937382587262833,0.014511081886750212,-0.08393620166650315,0.006059285994336133,-0.05346926054473653,-0.04471945882110197,-0.024178565124945397,-0.0520752034996469,0.09909942315270227,-0.08779350380031223,-0.04088406422008758,-0.04235422331954893,-0.05933443569043278,0.004161155936082414,0.00717282456197016,-0.014233322970702482,0.0538431460610196,-0.01650937015838538,0.004699951512713775,0.018745242483030403,0.009938993569557068,-0.01423373070486555,-0.0103326802387533,-0.9804943791207674,0.007026201607790217,-0.007485280258220369,-0.010349209600146606,-0.003346840371115977,0.010563953478218006,0.021217062301049076,-0.006271182046736286,0.0018523978786341687,-0.005207580769503909,0.028953769841967094,-0.0034972096153674205,0.013435182889365283,0.04080711795997251,0.002490001396317884,0.0073421805685255515,0.011611988336534027,0.09095462398631464,0.004027487255725919,-0.019019453991519827,0.026649478852391103,0.007069855230254886,-0.005113336012052197,0.0011076200729826697,0.009208344441255092,-0.03246670874050538,-1.2031719673903015e-05,-0.01901227826320609,-0.002701094838221113
146,0.3279162628244703,-0.49026913821109924,-0.2475829416695547,-0.20620072249606158,0.20303279257030207,0.191969325792813,0.2359086760406044,0.5507158293615461,-0.12485733784269334,-0.17377162250691916,0.02322687152443306,-0.33588487202271083,0.043104158302238474,-0.3650551627912595,0.10729638432655787,0.1660214666214865,0.02760237584358012,0.046432114144346046,0.30710502932012895,-0.04999553222076437,0.0805591495361935,0.6997336584416939,0.43015132121032174,0.09268900552294332,-0.2471078838203913,-0.17564443927664972,-0.08259207419117709,-0.0027597277894389712,-0.28646117880362904,0.17387145480459115,-0.187377681416248,0.1124776085458803,-0.16717502730576383,0.22330453334677072,0.23341691934248135,0.08333771863223682,-0.15113959087022927,0.25532362182091556,0.11352232687333023,0.33283125478953834,0.04570992354930073,-0.1426023842010316,-0.20663646438428732,-0.08843456885928994,-0.058197218722937545,-0.04803697332431144,0.05509461834652306,0.21477105367334248,-0.022819665365205827,0.05433281588210274,0.1261873227780697,-0.0523137319178577,0.05960326559980516,-0.03176967748974538,0.017639869927450407,0.34805992411113984,0.1206780438143865,0.3259810687503438,0.03496461612228823,-0.021330414790862146,-0.07164789466222936,-0.035691822611534293,0.019717183303587328,0.06961545358397675,-0.04789933388837575,-0.0561508152248677,0.07053363599937006,0.1492044465585197,-0.042969502454280245,-0.11037833498496494,-0.049713078756531096,-0.004194513283250213,-0.011741571188506935,-0.017545924306255293,0.00877428225162058,0.004767793237053057,-0.01490439634998519,2.322701748045493e-05,0.0031745202523197134,-0.9804943791207669,0.007026201607790177,-0.007485280258220383,-0.010349209600146913,-0.0033468403711160726,0.010563953478218025,0.021217062301048785,-0.0062711820467362435,0.001852397878634313,-0.005207580769503866,0.02895376984196698,-0.003497209615367192,0.013435182889365212,0.0408071179599725,0.002490001396317855,0.0073421805685254795,0.011611988336534129,0.09095462398631449,0.004027487255725507,-0.019019453991519955,0.026649478852391096,0.007069855230254907,-0.005113336012052329,0.0011076200729827955,0.00920834444125506,-0.03246670874050546,-1.2031719673598978e-05,-0.019012278263206082,-0.0027010948382211034
147,0.5637212436558625,0.414123562665032,-0.3513433363117974,-0.31722758327947986,0.038593075715561496,-0.7102492398515904,-0.1557748629507707,0.009565909092772976,0.10747514141694188,-0.09022627814501077,-0.1591554208706034,0.0180522700195396,0.17019312431037725,0.351642040886263,-0.15379920635324484,-0.17425703619841662,0.44947636918164935,0.138929825558136,-0.055623921975527554,-0.11623538667033981,0.14300009250411053,-0.0017980974502045926,-0.00326431580418123,0.01681842179891252,-0.1458290623289889,0.38283949033567827,0.191303560657022,0.03002209779073892,-0.26902225377570094,-0.13704527634042787,0.14791966974103096,-0.2581458698661022,-0.2528791563552766,0.39220853033410813,-0.14901793965556176,0.006890261666309225,-0.1318879339431152,-0.20594739743282134,-0.4031149566192245,0.4033177231774268,-0.004129342453016736,0.038885659897926785,-0.06468439106819217,0.14051152261102687,-0.21460838397434012,-0.3316368438188557,-0.1532163666899592,-0.1691125703209615,-0.05188259762022531,-0.08505396199097041,-0.23610913106549405,-0.13708897237513082,0.21947456723887154,0.07052833759571163,0.10616021156263819,-0.06254348395285561,-0.18101794478379096,-0.054229555439782674,-0.04236042566544955,0.03527696837317008,-0.008074149620942087,-0.10267354951663413,-0.07376489771602705,0.17123755418363804,-0.3838325793708723,-0.22937874218892923,-0.2222501358314902,-0.3983753302799575,0.12667853765296985,-0.12518216084058792,-0.38641434262386637,0.1479661493298869,-0.17422372601135505,-0.28804744597135,-0.1638110784361113,0.2527834402729114,0.014906441250556625,0.06666352827433593,-0.026695643201421402,-0.9804943791207665,0.007026201607790129,-0.007485280258220371,-0.010349209600146477,-0.003346840371116138,0.010563953478217921,0.021217062301049115,-0.00627118204673658,0.001852397878634271,-0.005207580769503659,0.02895376984196693,-0.0034972096153673255,0.013435182889365158,0.040807117959972584,0.0024900013963174163,0.007342180568525746,0.011611988336533876,0.09095462398631433,0.004027487255725684,-0.01901945399151983,0.0266494788523909,0.007069855230254893,-0.005113336012052092,0.0011076200729829742,0.00920834444125526,-0.03246670874050543,-1.203171967374436e-05,-0.0190122782632061,-0.0027010948382209933
148,0.38943439469817226,0.11505591849314002,-0.08351916745669329,-0.11826356513475327,-0.19415082439365863,-0.42801845524624976,0.23348340165575543,0.008902057480186028,0.13321295951796708,-0.19460122993866943,0.0012202343706359193,-0.23252924151870968,0.12057370822121535,0.10862839708400801,0.01863213959064982,-0.24198997668378922,0.38803069619069247,-0.16269735944361832,-0.36038182349589043,-0.04770297076341909,-0.12402222173126058,0.009968716712592605,-0.09459536390300156,-0.22658836981008243,-0.2505573943819009,-0.05403816258990594,0.18415548833433223,-0.010175197354871377,-0.17056995637084288,-0.30465063874126,0.04043745186698803,-0.0474923096169614,-0.12455065878696613,0.31003014237480975,0.11031991179065957,-0.08444193264065188,0.01663842302955835,-0.03805836709646985,-0.08065373145311909,0.1480128150396923,-0.06790934788171972,-0.08383536078884947,-0.04659747908515739,0.07592191275238871,-0.0061951638722925915,-0.003651170135706553,0.21741573271707307,0.02012808373057278,0.005317140659371387,-0.11812655235225154,-0.12034668568940916,-0.041157030312048704,-0.03866309891239177,0.1556514281028016,-0.1605074402782691,0.11073665673211457,-0.001526467539869281,-0.2323525955428071,0.035448042003566424,-0.13262504573832176,-0.04195888660873766,0.16588023387954592,-0.15240690446819313,0.07521525789465225,0.17855142979200272,0.10629501795774617,-0.03370108652013865,0.2013280317971749,0.01704247541451026,0.07981991358789603,-0.21547073332715488,0.06628105951873248,-0.0222270759399887,-0.03634554779502868,-0.0277206811264959,0.03629721974686526,-0.0035223611993881803,0.013539230429838947,-0.006708452317581599,-0.9804943791207671,0.007026201607790175,-0.007485280258220372,-0.010349209600146774,-0.0033468403711159667,0.010563953478217987,0.021217062301049014,-0.006271182046736466,0.0018523978786343144,-0.005207580769503566,0.028953769841967025,-0.003497209615367226,0.013435182889365304,0.040807117959972494,0.0024900013963176306,0.007342180568525649,0.011611988336534016,0.09095462398631447,0.004027487255725555,-0.01901945399151982,0.026649478852390992,0.007069855230254692,-0.005113336012052171,0.0011076200729826975,0.009208344441254963,-0.03246670874050544,-1.2031719673850973e-05,-0.019012278263206034,-0.0027010948382210575
149,-0.12372932427610032,-0.03535200008834663,-0.13155350300125904,0.06758680588888215,-0.19609198049144505,0.04691199976566463,0.02016122346625561,-0.18839391321707094,0.2669116598686202,0.15012617781176568,0.23267503148085092,-0.21579045635469207,0.017253755671597995,-0.05681459933909623,0.026454868903534524,-0.19249910912778465,0.16018215695512225,-0.3184323432964179,-0.387389391563211,-0.15022346630386274,0.11648405789789636,0.23738051210538672,-0.08122675936899582,0.10001594515539143,-0.19912672516166782,-0.0669764614570568,-0.10604883822636688,0.08539815978973148,0.13447338604915152,-0.0704611425897946,-0.19473270725076536,-0.12382925599861717,-0.00454109779467767,0.1571040231470377,-0.011021944945193601,0.08833887639996604,0.1378010953214554,0.26372236219057116,-0.14915998966190652,0.17816685019618575,-0.01708502121502004,0.0038865164771505908,-0.09589201931692418,0.04195988699444778,0.13449855883404951,0.07916756644571209,-0.1578361576717215,-0.08706709938275975,0.034264435906682385,-0.06605207713565632,0.1365448002379483,-0.18730194762382327,-0.15550324224393394,0.029484137992875924,-0.06624174233947572,0.07878718181057097,0.09229348573231144,-0.049440978854710056,-0.01960615320608582,0.04139229464673953,-0.10579183357430554,0.06190126586408272,0.2059708982368026,-0.014517863127239988,-0.0645615324245112,-0.055683794759362255,0.11516196632815232,-0.07270975577175266,0.07496415433977853,-0.02099401810246316,0.05892492130461354,-0.04693408373222046,-0.0670784148391387,0.03123576582872056,0.014508044500993623,0.0060218438102365695,-0.01235691251673498,-0.02011000390500154,-0.006206742176195867,-0.9804943791207673,0.00702620160779012,-0.007485280258220493,-0.010349209600146802,-0.003346840371116003,0.01056395347821807,0.021217062301048712,-0.006271182046736355,0.0018523978786343283,-0.005207580769503819,0.028953769841967115,-0.003497209615367337,0.013435182889365054,0.04080711795997252,0.0024900013963178656,0.007342180568525545,0.011611988336533988,0.09095462398631456,0.004027487255725803,-0.019019453991519875,0.026649478852391172,0.007069855230254976,-0.005113336012052291,0.0011076200729825657,0.009208344441254915,-0.032466708740505466,-1.2031719673854443e-05,-0.019012278263206218,-0.0027010948382212587
150,-0.15151909330753804,0.09307685094516223,-0.3046872648577667,0.08461972336582926,-0.014534011170917916,-0.10786284146445085,-0.3161743455555482,-0.2886870028591177,-0.032914959900760925,-0.14042989021206775,0.2577264374955543,-0.2937115395956083,-0.20965281105171693,0.08994159152490609,0.27824374817751363,-0.2092714834192837,0.051466534886421805,0.08413000816553436,0.1312937579432589,0.026200009645162205,0.04100798835938192,0.30725801595047303,-0.1974740714667631,0.09829202418951724,-0.21264765939340835,0.020494966724956633,-0.18592114228287557,-0.06973317555648549,-0.0747456468661131,0.15822052808543222,0.23953703382045405,-0.3807236141620773,-0.007447138253948308,0.18033359205260785,-0.20683014330957536,-0.3272362361111391,-0.06465508954849662,0.1378020023134328,-0.006909731323414023,-0.2212897789638382,0.03051266372130057,-0.210224968252418,-0.025533883331650808,0.5032316742092304,-0.2692356618822811,-0.16971357251055547,0.06627145961966294,0.013997915140138576,-0.03991538969373371,-0.26483164538543064,-0.042188801455178025,-0.06876720450862486,-0.30726712857140587,0.020800738595546153,-0.022306330868477622,-0.26564523021856534,-0.11565176421596202,0.07335134214864769,-0.20811412300115523,-0.10062137140844475,0.21741182581880675,0.23186264123182404,-0.023889548406119888,-0.009063306083185457,0.32726571299439794,0.09635031753536807,0.030434178703304154,0.11177075691939745,0.0419927728511494,-0.16681832668006427,-0.14933469619158757,0.006937057453016445,0.022259294508444098,-0.030119597846997023,-0.007442043411953558,0.028088599891946498,0.027858746949326316,0.01947845698568252,0.002243673008340465,-0.9804943791207672,0.007026201607790268,-0.007485280258220458,-0.01034920960014663,-0.003346840371116013,0.010563953478218088,0.021217062301048927,-0.0062711820467361845,0.0018523978786344861,-0.005207580769503968,0.028953769841967285,-0.0034972096153674088,0.0134351828893652,0.040807117959972695,0.0024900013963177147,0.007342180568525531,0.011611988336533876,0.09095462398631456,0.004027487255725573,-0.019019453991519747,0.026649478852390888,0.007069855230255032,-0.005113336012052037,0.001107620072982551,0.00920834444125519,-0.03246670874050564,-1.2031719674167633e-05,-0.01901227826320617,-0.0027010948382209586
151,-0.22566773718117059,0.1895546035787297,-0.1466445580206312,0.07768179924191496,0.08667430879244796,-0.04720661988249639,0.04291364858110162,0.011882648027569422,0.31008987653741293,0.04217539826262291,0.3292571437249804,-0.3719801174025841,0.12186563940728017,0.07232405339068512,-0.0254587288612258,0.008646562755817055,-0.04037645807498454,0.06032859566291188,-0.16893638952935583,-0.21831680556745367,-0.07856093000912114,0.1092377475292694,-0.07681493859407491,0.20229962702948828,-0.035195105973270656,-0.10799323631209592,-0.1802167501090179,0.13571054923392584,0.2763669889216661,0.1646195461137928,0.1213209094006771,0.1295444631824626,0.09463784052413139,0.02348124202740209,0.08689049713420119,-0.06294049986929821,0.129613783635818,0.10458606746921957,0.07602451266027987,0.1127049785860852,0.11847018089340995,-0.09430833535410925,-0.03878765201454218,0.08931448030881198,0.021055917718831068,0.12836852373920193,-0.20229880835587782,0.05006776961763917,-0.0472684713828596,0.1839460814838282,0.05954225351855063,0.12270561301492655,-0.0611050602453137,-0.026646658015598953,0.1359275329617348,-0.00807052646896139,-0.035543713410829104,-0.016121086119436093,-0.162752992644483,0.09701137345137947,-0.06548526063839642,-0.12055679008550425,0.13315728857615186,0.06532662893839605,-0.00971931222770989,0.11217439416648214,-0.01895274833354532,-0.02036569529445711,-0.15413286633835485,-0.003213114176672107,-0.03933661842672441,-0.009502674729752579,0.01704849185448799,-0.008581002492567318,-0.0027285106171997466,-0.008324362986962408,-0.002997289617184839,0.0014207536534629318,0.0020914452572646587,-0.9804943791207672,0.0070262016077901335,-0.007485280258220529,-0.010349209600146748,-0.003346840371115859,0.01056395347821818,0.021217062301048827,-0.006271182046736286,0.0018523978786343283,-0.0052075807695037704,0.028953769841967205,-0.003497209615367476,0.0134351828893652,0.04080711795997259,0.0024900013963178266,0.0073421805685255515,0.011611988336533985,0.09095462398631464,0.004027487255725711,-0.01901945399151975,0.026649478852391172,0.007069855230255122,-0.005113336012052308,0.001107620072982694,0.00920834444125503,-0.032466708740505466,-1.203171967375036e-05,-0.01901227826320611,-0.0027010948382212656
152,0.07011711875931258,-0.1217116668768597,0.18239573422266114,-0.01915891041203138,-0.4083901620393725,-0.33244809081775245,-0.19022168188235378,0.10834823272916956,0.13664552228400031,0.3131612237604757,0.09605846311489817,-0.03506549480717915,-0.18475137898795663,-0.09198354246980671,0.18121588151218856,0.022477659280015477,-0.006789539179159311,0.29222564008716234,-0.34239158844488976,0.10738634418275982,0.1965252435447208,0.2218508038358961,-0.023449462070037567,-0.17842840458406156,-0.03949349851704949,0.08999984148047624,-0.028871750656208565,-0.11215332098111358,0.009797651331606429,-0.07578312338730442,0.0376072555365714,-0.07481588898112285,0.011633966378408358,-0.2510010462032191,0.1720200532868751,-0.0551137395807811,-0.08174667067979147,0.0038099537194293525,0.035592505950560537,0.08829583320372861,0.14298995915653331,0.10382275032177743,0.09253941743724163,-0.07636305108124107,-0.03353967098548937,0.024888304001642478,-0.005861401170626062,-0.007163561299389934,-0.0624731788877695,-0.013176102177196485,-0.0007174133422493042,0.0007775701684991118,-0.08962421902004251,-0.09264405644614597,0.07086399569820467,0.10451868992566285,0.08024685062610142,0.04209134806311264,-0.007571869154245006,-0.08176186825338148,0.04385712388717019,0.02855095214084137,0.0684500152094707,-0.0024630737921440223,0.11367292730255626,0.2303656455199918,-0.0006108297193461409,0.3230182944276035,-0.10869354836557726,0.09767831390306948,0.5803135771524197,-0.2991440639081308,-0.18554916455652293,-0.43812756255146823,-0.2348749573132046,0.1076238874253545,0.026269580081692404,0.1178501376346684,-0.012650298912600772,-0.9804943791207668,0.007026201607790217,-0.007485280258220431,-0.010349209600146677,-0.0033468403711160257,0.010563953478217862,0.02121706230104903,-0.0062711820467363484,0.0018523978786342103,-0.005207580769503673,0.028953769841966886,-0.003497209615367476,0.013435182889365248,0.04080711795997269,0.00249000139631759,0.0073421805685254405,0.011611988336533895,0.09095462398631468,0.004027487255725815,-0.019019453991519834,0.02664947885239116,0.00706985523025499,-0.005113336012052189,0.0011076200729825587,0.009208344441255012,-0.032466708740505376,-1.2031719673878729e-05,-0.01901227826320623,-0.0027010948382211546
153,0.25153198433198193,0.012969961502503825,-0.030610967357373304,0.2084209989124977,-0.4914928712545012,-0.5338291911756141,-0.5534046673646987,0.325099849426052,0.29572819265187783,0.3080201547667204,0.15295780885122762,-0.13709523910339827,-0.08716601512789932,-0.05821233683592828,0.21804432760027295,0.1504311070416536,-0.12815321383337577,0.5064143338855568,-0.10761959580561062,0.17905510654350668,0.24015523062588398,0.17677556960431423,0.02589853611939286,-0.29100882316481635,-0.009587166316272598,0.30589865454144427,-0.19007474900650406,-0.28996082849320143,0.01539031366197294,-0.016264269948650698,0.12106229676870635,0.13918707128777688,0.03032506698376869,-0.2950034528026801,0.2418141350470149,-0.19362944013778002,-0.14380591665878142,0.035297153751989066,0.03528124363126466,0.03474851507591029,0.19116170331442303,0.1295992404798962,0.11055212426212702,-0.07530393068240569,-0.022376536848564856,0.0821245689578533,-0.055625914236932084,-0.1581219667612239,-0.14884958812688875,-0.025484017387057866,0.04785047762750284,0.06324315453113724,-0.11233186872898066,-0.11605133730432547,0.0863192226091391,0.108090056251657,0.015556819348577089,0.1694816693439256,0.0054267975121459235,-0.17912135531276943,0.02401502711781498,-0.13776385437884478,0.14623824962346632,-0.0468596582329833,-0.06781923732750185,0.06999381925916152,-0.10543267586396281,0.06682818574079376,-0.0008297750688685597,-0.02252268509696232,-0.006251736243433155,-0.0017293356970508329,0.08690314412777299,-0.010189333397544742,-0.0037206859904571556,0.016834210924573552,0.014398785868064916,0.017114484950801787,-0.0009091457590267338,-0.9804943791207669,0.007026201607790272,-0.007485280258220409,-0.010349209600146602,-0.0033468403711159754,0.010563953478217964,0.021217062301049045,-0.006271182046736411,0.0018523978786341756,-0.005207580769503885,0.028953769841967045,-0.003497209615367469,0.013435182889365321,0.0408071179599729,0.0024900013963176384,0.0073421805685254474,0.011611988336534117,0.09095462398631457,0.004027487255725638,-0.019019453991519827,0.02664947885239116,0.007069855230255018,-0.005113336012052093,0.0011076200729827391,0.009208344441255237,-0.03246670874050559,-1.2031719673857912e-05,-0.019012278263206284,-0.0027010948382210367
154,1.3271318778770607,0.6522732001192827,0.19386169858497845,0.09315525075922214,0.006209315078108968,-0.06235582691143954,-0.1111128725944579,0.08624310504592064,0.16080849194348087,-0.08446993112716203,0.17586120655650575,-0.05735661552508093,0.013385519625304381,-0.021238509411107692,-0.4907303476048807,0.10082583199410743,-0.26145113079526744,-0.28544368141240783,-0.32576777482745006,-0.12053727675897313,-0.21879560224233385,0.18160296012277077,0.43638580029473195,-0.46764172622696215,0.25826585105138317,-0.43398934239224557,0.462242999872289,-0.3784830526123593,-0.12173173013040833,0.3061104693472231,-0.24586510625309146,-0.04993987463315656,-0.08181665442339625,0.09309687687453981,-0.4125947212606838,-0.24895684898571444,-0.03512284118606243,-0.06333540305265964,0.1375024255443382,-0.14714440928144779,-0.2629764582077831,-0.16506666202111986,-0.1041028419064179,0.36414502329222603,-0.07066928337065502,-0.11958161594484108,-0.01972028266889558,-0.061957866463549414,0.2007108024801885,-0.0912764484437923,-0.0481727159736563,0.0036633974800262125,0.03349672010152588,0.4592805143225371,0.03831152355084249,0.07034928120938222,-0.12947415198328727,-0.20745832390623617,-0.047479197173218204,-0.054386145101054564,-0.01890626008698387,-0.19043603610693158,0.07228156951593091,0.02799926492217322,0.2066514003072046,0.001998514024585143,0.040952867544682824,0.05126571136909045,0.034044084625846724,0.11928123008431313,-0.0701522745327716,0.03939685406403041,0.04620009042353332,-0.010508639226377597,-0.017679164317451694,0.03325535576837944,0.008626850561091921,0.019276426240838838,0.004830540136393944,-0.9804943791207672,0.007026201607790206,-0.007485280258220343,-0.010349209600146967,-0.003346840371115833,0.01056395347821796,0.02121706230104883,-0.006271182046736473,0.001852397878634356,-0.005207580769503739,0.0289537698419669,-0.0034972096153670527,0.01343518288936493,0.04080711795997265,0.0024900013963178535,0.0073421805685255585,0.011611988336533713,0.09095462398631432,0.004027487255725581,-0.019019453991519757,0.02664947885239095,0.007069855230254768,-0.0051133360120520915,0.0011076200729827912,0.00920834444125504,-0.032466708740505446,-1.203171967393771e-05,-0.019012278263206114,-0.002701094838220898
155,1.2802197551185452,0.3704536097994863,-0.30839521713056994,0.37053290394862354,0.21658672928963316,-0.6542223005473866,-0.36256419715677796,0.7891227012948234,-0.03808544125921599,0.030772642530050978,-0.15983321363316916,0.0564723405125069,-0.030971866126307156,0.17561788020385102,0.5979505309087202,-0.44164194828703646,-0.6334334419554812,-0.09660673592449237,-0.07783150083162214,0.10184373610752658,0.1506795922762887,-0.013466785099007273,-0.3039306450717681,-0.41356297407351156,0.3493310270919981,0.05322586949415362,-0.280010026942056,0.07771852168641231,-0.041850430976768084,-0.23943520851632552,-0.14791614222221217,0.031340485154653576,0.031759933152423196,0.24835055702216952,0.01380311647935864,-0.07499869479999423,-0.13102989302271703,0.32566540801744137,0.05276028170261874,0.10584647713298012,-0.12646114217542945,-0.10603342291075249,-0.035968678329175635,-0.328954603784761,0.3010118771954778,0.27484656002065416,0.11721254776459096,-0.19649742710660165,0.24765436975451408,0.14576202105840025,0.11997142249978117,0.0517951336721872,0.07099084031827639,-0.08030061642469782,-0.17805770948395994,-0.1872444055967821,-0.20142189066596722,-0.06628984804364228,-0.18193163650724858,0.15038886833420367,0.13914894959580681,0.13047068024205713,0.008273762431591374,0.14585141415194286,0.22879649014038952,0.09194917889751324,0.2452346204982059,-0.06347834436548598,0.016670186963165794,-0.13476464292913515,-0.1729689509961955,0.002762500403857878,-0.010541166218283852,-0.1723017443549142,0.002127038372885935,-0.06753652608619974,0.002252159417029998,-0.05417101027697749,0.0010271050954714209,-0.9804943791207669,0.007026201607790187,-0.0074852802582203795,-0.010349209600146656,-0.0033468403711159633,0.01056395347821789,0.02121706230104909,-0.006271182046736605,0.0018523978786344172,-0.005207580769503627,0.028953769841967004,-0.0034972096153668935,0.013435182889365363,0.04080711795997315,0.002490001396317668,0.007342180568525604,0.011611988336534219,0.09095462398631468,0.004027487255725415,-0.019019453991520018,0.02664947885239085,0.0070698552302547405,-0.005113336012052255,0.0011076200729829414,0.009208344441255338,-0.032466708740505563,-1.2031719673821747e-05,-0.019012278263206155,-0.00270109483822093
156,0.8257343031327561,-0.2545135239138074,-0.04574814183496041,-0.16658368716949862,0.13125070035383152,0.15013686889875524,0.4579378383692959,-0.03505159511382187,0.12258304514077424,0.16605992677330056,0.15279914414281617,0.005180245572259923,-0.16084368123348802,-0.32585314526267267,0.26229960391754287,0.4582015907225402,-0.25437843058520715,-0.2018766323384547,0.20602874684809191,-0.4412197771316505,0.17984472137559349,0.27823952308072675,-0.03268211335041972,0.20345406673945488,0.07188580960946744,0.058317163110456025,0.16965285203530528,0.23929698385409148,-0.35265952916937343,-0.12832721696664084,-0.014767233936313344,0.24653658939798953,-0.1589623630636246,0.04877669751526725,0.15508945956936476,-0.06784311312270108,-0.388380863852106,-0.05244133082824012,0.05068897851765274,0.02945191467364872,0.10103699464194016,-0.3127752817283245,-0.22173406838435072,-0.24150310470342007,0.2572394216897327,-0.1771478104153216,0.05286417463421086,0.14369209611051534,0.15613065446088242,-0.1428891869097942,-0.18187571047785037,0.23889154192993892,-0.15554179130437995,0.1424962330503323,0.21025429189097608,-0.09852174943332932,-0.01764086772720254,-0.021702040606963634,-0.09020348627068582,-0.20852513675725257,0.19009034873067604,-0.05638770400498013,0.0840813056705442,-0.1414667153175797,0.13258562011769207,0.05789389247324227,-0.07222022314863981,-0.141700716920031,0.11647889457956856,0.020598943788944196,0.051369913593820454,0.002597495085680387,-0.056590569293764506,0.07229532568939005,-0.015958310911616577,0.012553180063384848,0.013226689012562812,0.022912103311884553,0.0011117481216742636,-0.980494379120767,0.00702620160779031,-0.007485280258220281,-0.0103492096001469,-0.0033468403711159234,0.01056395347821807,0.0212170623010488,-0.006271182046736515,0.0018523978786341964,-0.005207580769503618,0.028953769841966893,-0.0034972096153672886,0.013435182889365165,0.04080711795997269,0.0024900013963177407,0.007342180568525524,0.011611988336534039,0.09095462398631456,0.0040274872557256956,-0.019019453991519945,0.02664947885239127,0.007069855230254865,-0.005113336012052194,0.0011076200729829126,0.009208344441255005,-0.03246670874050546,-1.2031719673507498e-05,-0.019012278263206197,-0.0027010948382210714
157,-0.1109813864216542,-0.3264585499718048,-0.20844298130271,0.5783258691031791,0.1197697112802948,0.09106107785919454,-0.23315380492352666,-0.4672933933960932,0.5187653646487383,0.1579969660641312,-0.6601039318142069,0.4177121895476245,0.4837879000588267,0.2663955990892039,0.011064451997626809,0.07045336545832279,0.06141047047377512,0.30408761019964864,0.5962600081364879,0.3604547633657181,-0.014269398414851666,-0.5327234142524722,0.33678579141894777,0.14819322867128298,0.21287037429534628,0.19431279129667178,0.6123471977924448,0.0937029819483721,0.051688168032501605,0.30770745414508294,-0.4857480569276638,-0.48865160960221043,-0.003981308681005957,-0.08030784980051096,-0.11408872622839047,0.14494811244033134,-0.04012181007946583,0.15328673116008099,-0.06388063704211827,-0.21118754413790375,0.2946568156385869,-0.31897381066998215,-0.1806416434830189,0.0589184241936581,0.1554151775421769,0.008764934337684435,0.1232883335922982,0.11714875771522416,0.019378007420486218,0.08725971165166954,0.14706185843369832,0.015795369836129537,0.1801489077051421,-0.06373419518964628,-0.00841357673750051,-0.026880444385328675,0.15943311930779888,0.011656319447704979,0.05511568216002758,0.052442602860230995,-0.09450356731051558,0.04873875010300566,0.005974919237860801,0.05548611625427631,0.014105634442420344,-0.07031310812534226,0.06389631494737207,0.15000954476857783,0.19543087929575817,0.024603385709184838,0.01154737195222766,0.009703688118145723,0.042942195318917444,-0.033261470024975016,0.014413325020791158,0.05124247515857764,0.035587137469988525,-0.03285208168572459,-0.001593710508761202,-0.9804943791207668,0.007026201607790219,-0.007485280258220246,-0.010349209600146686,-0.003346840371115857,0.010563953478218108,0.021217062301049045,-0.006271182046736347,0.001852397878634271,-0.005207580769503809,0.02895376984196702,-0.0034972096153674955,0.013435182889365214,0.040807117959972404,0.002490001396317687,0.007342180568525357,0.011611988336534004,0.09095462398631464,0.004027487255726031,-0.019019453991519664,0.026649478852391207,0.007069855230255112,-0.005113336012051933,0.001107620072982662,0.009208344441255052,-0.0324667087405055,-1.2031719673920001e-05,-0.019012278263206162,-0.002701094838221151
158,0.44812888772762677,0.25878745398552583,-0.025392451961549566,0.0031859898227667824,0.1630248270156944,-0.7837911888807901,-0.28083819688659306,0.35121387493486245,0.29923236120103597,0.013340863201612487,-0.018580982774997708,0.12323930782458391,-0.0717969997610234,0.1213126050572162,-0.021300135140422352,-0.16577199171479604,0.14148858962934022,-0.04008555303496419,0.3414196634936761,-0.3144467047497915,0.5503115183719097,0.0924763237944488,0.2554333868655476,-0.20703388363002106,0.017889969516178713,0.024775154166103566,-0.4129998310857042,-0.046787281196621906,-0.3273046269372036,0.04859103529739794,0.3339404544654557,-0.20166350991989124,-0.25308416469495293,-0.18420787519110116,-0.050614012455468455,-0.38053618186874355,-0.06930330861460143,0.027386942801190275,0.15620596365731024,0.13836917964160922,0.05704906270775451,0.4390173524095147,-0.033182080016890055,0.19934802202655422,-0.11949425391527836,-0.14157982857892937,0.2277633763753513,0.273067747504785,-0.24808842753568594,0.3085904885045238,0.21303840015484962,0.0720201483111766,0.12654845362896158,0.08583696942718311,-0.1437460984882229,0.09978154183118029,0.152263523358855,0.1253127116146831,0.011379087115749614,0.0762427797932792,-0.011483372232382924,0.1296081509155418,-0.04348872230498949,-0.174138747733517,0.26285804680524494,-0.040613323231904426,0.18394208989867158,0.06503549876845965,0.019670223145967246,0.06294621787070312,-0.1783249689407851,0.022482802610879513,0.05187234946961926,-0.018166230826194275,-0.01478194687077571,0.09335116346573216,0.008128662477180068,0.02567604842841926,-2.10255279343901e-05,-0.9804943791207675,0.007026201607790156,-0.007485280258220324,-0.01034920960014673,-0.0033468403711161263,0.01056395347821791,0.021217062301048955,-0.0062711820467362235,0.0018523978786343998,-0.005207580769503905,0.028953769841966858,-0.0034972096153674383,0.013435182889365136,0.04080711795997276,0.002490001396317686,0.007342180568525452,0.011611988336533869,0.09095462398631449,0.00402748725572554,-0.019019453991519712,0.026649478852391238,0.007069855230254893,-0.005113336012051883,0.0011076200729827055,0.00920834444125548,-0.03246670874050534,-1.2031719674140936e-05,-0.019012278263206058,-0.0027010948382210896
159,-0.1753728118899984,0.30749053281078426,-0.08360509787996309,-0.36129419139850105,-0.06250398944904555,-0.22804084573392963,-0.25133393544981375,0.10270764482642251,0.10390527887295886,0.6295602324807632,-0.3530909821801353,-0.08195794009519368,-0.2654422572923451,0.37639065525386767,0.047701146955546336,0.009539766450998433,0.171079999606128,-0.12376434077338647,0.24939159806842842,-0.033608556549095614,0.19520409469171707,-0.13237746587829466,0.449750808875611,0.08558585036034373,0.2360883172923869,0.023893247244656007,0.27912019606384925,-0.41886541244143516,-0.02241227024276921,-0.0022433752704494997,0.07262057312583602,0.2705916172599161,0.20991692807096654,0.01547669336387818,0.13614110298193213,0.19016007508954164,0.08225202716468293,0.05865918338651416,-0.24929606690031103,0.1436662628004863,0.277532294234375,-0.140274988862917,-0.004357555282991758,-0.24043562095676912,0.12145425773222297,0.18372479724400678,0.08374120348129827,0.1717202472022264,-0.10815563024576307,0.06461251245954863,-0.13202480694134253,0.02294325820101403,-0.016051741101588142,-0.04198739890606264,-0.008482635722422086,-0.23308421519081068,0.028733635140382997,0.17683784376142217,0.02575788385791428,-0.1693588153762338,0.16422236034438972,0.11144815330396568,0.11361200988347848,-0.04574020964334284,0.043980650464562614,0.06307507885735732,0.024819362276668113,-0.03547512014908271,0.051449898483802645,0.09452741655588037,-0.04290613665600227,0.01785158436799087,-0.06375565347235336,0.013479184058448999,-0.007393553240136314,0.01395050010953899,0.015265596646484553,-0.008969383052263864,-0.005891664734711035,-0.980494379120767,0.00702620160779026,-0.007485280258220393,-0.010349209600146672,-0.0033468403711161263,0.01056395347821816,0.021217062301049066,-0.006271182046736251,0.001852397878634327,-0.005207580769503808,0.028953769841967174,-0.003497209615367563,0.013435182889365302,0.04080711795997276,0.002490001396317773,0.007342180568525493,0.011611988336533935,0.09095462398631486,0.004027487255725818,-0.019019453991519726,0.026649478852390933,0.007069855230255018,-0.005113336012052022,0.0011076200729829553,0.009208344441255404,-0.032466708740505563,-1.2031719673854707e-05,-0.01901227826320624,-0.0027010948382211347
160,-0.13950177703648037,0.013255624275261967,0.06035390562743646,-0.4894039180480933,0.4478969477877251,0.10306053479050249,0.18878584289791542,0.23118850513032774,-0.015905299597575286,0.20298491089772275,0.16906536090569538,0.04854028598031174,0.002238281631088741,-0.15818548879365094,-0.2175317001908244,-0.13041396594635257,-0.03558992295063757,0.20909221823558607,0.13215615149912632,-0.0412936684614194,-0.02609310955120264,0.22312192332358066,0.0824369651060757,0.2594103393385452,-0.10254046804957735,0.1909453684055988,0.173392211039732,0.2368582123888738,-0.10468368029405736,0.015394199194950199,-0.2126460244874143,0.20291279786722832,0.1160077118894147,-0.062448206604922306,-0.24954465204484852,0.20149755221833016,0.13347258947909427,-0.010312312074190928,0.13943525494704445,-0.0804511769642394,0.5897320138523954,0.14844827764702528,-0.21690266671761854,-0.04750433611387588,0.29178381253282293,-0.29816996759617664,0.21223949622983385,-0.14126622820629917,0.17426526090530456,0.08475212893792683,0.03300073385723706,-0.024212009416967075,-0.1339490300025539,0.01971444591413353,-0.08500448365937148,0.014514833010241847,-0.08343860223486066,-0.28050319945078533,0.13099474755656282,0.01425735512744608,0.05529912531035294,0.12866694219144834,0.09016840216179099,-0.05215320469235387,-0.10917955237822025,-0.1817862837172356,-0.07649191746800864,0.18515314712836403,0.0012641483599361942,0.013527077457399408,-0.019698368485733246,-0.01046489975832701,0.02021617345679996,0.0011674372223011075,-0.0009774790331590463,0.022790938661089763,0.023664267064821377,-0.006812621509213069,0.004246574888251592,-0.9804943791207671,0.007026201607790187,-0.0074852802582205755,-0.010349209600146667,-0.0033468403711160756,0.010563953478218154,0.02121706230104894,-0.006271182046736386,0.0018523978786343165,-0.005207580769503644,0.028953769841967222,-0.0034972096153676013,0.013435182889365078,0.040807117959972404,0.0024900013963178357,0.00734218056852575,0.011611988336533942,0.09095462398631464,0.0040274872557254275,-0.019019453991519795,0.02664947885239127,0.007069855230254758,-0.0051133360120521765,0.0011076200729826428,0.009208344441255284,-0.03246670874050545,-1.2031719673632371e-05,-0.0190122782632062,-0.002701094838221146
161,0.5369462485996266,-0.2339074550484874,-0.4111332395927498,-0.28811050156422474,-0.1712445264153764,0.03296859603672352,0.04644999805278401,0.09652512501772978,-0.12096076100981452,-0.21470036312785618,-0.34034743637501336,-0.3898603898788334,0.3773643878896341,0.3369845580959013,0.32001432204148045,0.09605245431706866,-0.32714724795163136,-0.4104678590834463,0.19847611750746735,0.026991135962347566,-0.31889361302962727,0.36897586504743696,-0.2712296084669866,0.334235359912782,0.4475849862916793,0.1380008912318788,-0.1834044202197824,-0.05763650969489712,-0.10674165811077045,0.3403288748553322,-0.08455821431374687,0.17968627378031737,-0.37482159448114893,0.25451246802315913,-0.11043415167631786,0.19450694631966686,-0.4572809131014505,-0.08004601741108443,-0.47911779572084534,0.5905824281875671,0.31400359812694956,0.008960464106540753,0.08035425588920103,-0.09966473544774992,-0.023814809478265902,-0.03492708267771501,-0.06351638638965969,-0.1182011287442843,-0.268535529706524,0.005584717689355104,-0.0054196262161804514,-0.18505405390171722,0.41967688813517917,-0.22154368374148511,0.1674596111167736,-0.11412358242043125,-0.14501519850427688,-0.0717232595640794,-0.05601515046128503,0.07552056645219718,-0.09168837542187123,-0.19861746694150711,0.13900259969136067,-0.03985003567392853,-0.21896455681921737,0.01689132444716532,-0.1045237870127416,-0.021445855020803446,-0.2639244370485177,-0.16100090461850416,0.2691149389770217,-0.09038000023022252,0.13292800536628946,0.06455279926070659,0.051259971420230255,-0.08480018398929107,-0.015981448689804504,0.0037752385445892194,0.012927951743382049,-0.9804943791207672,0.007026201607790345,-0.007485280258220286,-0.010349209600146615,-0.003346840371115807,0.010563953478218138,0.021217062301049146,-0.006271182046736584,0.001852397878634363,-0.005207580769503698,0.028953769841966955,-0.003497209615367143,0.01343518288936519,0.040807117959972716,0.002490001396317669,0.007342180568525635,0.011611988336534125,0.09095462398631467,0.004027487255725875,-0.01901945399151998,0.026649478852390964,0.007069855230254942,-0.00511333601205239,0.0011076200729829195,0.009208344441255597,-0.03246670874050545,-1.2031719673552601e-05,-0.0190122782632061,-0.0027010948382212934
162,0.8870698995931426,0.5245279169505861,-0.4046358053224388,0.04622076349549913,0.01347659850544476,-0.19616841970738097,0.6144776035374111,-0.12197743245431297,-0.5740037008795834,0.4172649499124299,-0.49725130494176145,-0.4006710352860617,0.27585129304998524,0.22075989322331677,-0.018347387977094204,-0.5709658494083851,0.12392460493290644,0.3495820055039906,0.20559785109874243,-0.45331882942409885,-0.05082845811969092,-0.065007856024365,-0.2573544424112715,-0.1804798024952422,0.12523084540935972,0.10759905087692882,-0.00945569421266543,0.019145973355001757,0.08554172144169891,0.17982678117864184,0.11650802955385021,-0.024978441577321153,0.23012592309064614,0.27317669897594166,-0.06931217501445229,0.13154408936714568,-0.07818786329617931,-0.32820956687260094,-0.07705193882644304,0.6115334755700258,-0.1009305678437584,-0.29023454704809193,-0.27583621861238533,0.10056090423203455,-0.04609062526020678,-0.30890535145413434,-0.03503731687427002,0.1213726180884776,-0.13214379691922992,0.11375812023472294,-0.2419080635432392,-0.07379632411280444,0.10481462983576594,0.18857137892214143,0.15298039716961065,-0.18316407915784585,-0.27977423844944765,-0.11918605279658355,-0.16813253455144958,0.07276027580759391,-0.06860696392046062,-0.045951011192193976,-0.006381078844274133,0.032418662706521134,-0.05416127674484403,0.04949260835619414,0.14401358438835837,-0.06902127573303957,0.08060061618078862,0.15360187342615023,0.21930303419040675,-0.022612731073297386,-0.0011969869070193085,0.09463217123120876,0.028137877426735743,-0.04046698245243803,-0.006768624710072251,-0.011112325181069839,0.0043948641297959,-0.980494379120767,0.007026201607790357,-0.0074852802582201505,-0.010349209600146575,-0.003346840371115731,0.010563953478218098,0.021217062301049215,-0.006271182046736633,0.0018523978786342506,-0.0052075807695036135,0.028953769841966907,-0.0034972096153673585,0.0134351828893652,0.040807117959972716,0.0024900013963175256,0.007342180568525646,0.011611988336533905,0.09095462398631476,0.004027487255725957,-0.01901945399151974,0.02664947885239117,0.00706985523025506,-0.005113336012052102,0.0011076200729827055,0.009208344441255137,-0.03246670874050528,-1.2031719673724603e-05,-0.019012278263205635,-0.002701094838221258
163,0.09614917091216733,0.02882684144786228,-0.8276368948367505,0.1010209571615465,-0.4551898609572778,0.09372347157583166,0.3421487670308476,-0.1263762853654177,-0.25403484247707436,0.1242544043125227,-0.08760059277626894,-0.262797691222141,0.12227014160571933,0.3236029744429242,-0.11289075672681993,-0.10156525975285922,0.02715340048467982,0.028920723614912013,0.025467389214103967,-0.4594915764313337,-0.046636906613200364,0.14156531242752846,0.07671728064140827,0.15002239483903765,0.17987424511072844,-0.05179486471548182,0.0536589066368218,-0.14888800098305566,0.3490960486214923,-0.14274438621215504,-0.06359189771191677,0.3631008729762376,-0.02083071682541669,-0.2638404374647317,-0.14033343839518386,0.06533416748759957,-0.0619246333338163,-0.30939638746711023,0.29617192143776677,-0.09754795843883819,0.17441376138923365,0.033671736628396384,-0.018353210556088465,0.051471641587165134,0.04644141654370026,-0.21285374908146215,0.05547380792385306,0.1386289090742007,0.03704313336572202,0.14240400512922374,-0.06739323368201011,0.044981373745771706,-0.06382498036662204,-0.07553306527515469,-0.09297526339710302,0.0075081800457687305,-0.11990092356929452,-0.06721829281252356,0.1385596002007488,0.22048623255235356,-0.006478413594730488,-0.001453606336065183,-0.05992708668487009,-0.08042415594090997,0.00946466955185593,-0.06048877568708885,-0.0712142446648381,0.07859349664825191,-0.04469426889504186,0.026086210797937884,-0.046226561956432814,0.02617690676630483,-0.02029186720834293,0.008506799476745656,-0.017680663309569012,-0.006429299287916112,0.005033397153075156,0.01795366985726235,0.00011775182337228931,-0.9804943791207674,0.007026201607790379,-0.007485280258220584,-0.010349209600146821,-0.0033468403711159438,0.010563953478218277,0.021217062301049115,-0.006271182046736324,0.0018523978786344098,-0.005207580769503843,0.02895376984196706,-0.003497209615367402,0.013435182889365262,0.04080711795997254,0.0024900013963179714,0.007342180568525503,0.011611988336533863,0.09095462398631456,0.004027487255725577,-0.019019453991519678,0.02664947885239122,0.00706985523025482,-0.0051133360120520855,0.0011076200729826689,0.009208344441255125,-0.03246670874050525,-1.2031719673744794e-05,-0.019012278263205975,-0.0027010948382212552
164,0.6136119440173112,-0.3419055432237347,0.28051934385929644,0.0592682066781567,0.005139905987703465,0.3723949625835277,-0.10320565887140096,-0.5731955698904339,0.41887259386368836,0.0005865884534592289,0.6838886512157656,0.2824916460984772,-0.5786266521109478,0.615098034894122,-0.49258398249276336,-0.26520788437930065,0.21355461028863643,-0.19564827757627976,0.4513528563577603,0.20706112209998853,0.09663634766096653,-0.18583845003634236,-0.13974671443425474,-0.3923943687994198,-0.04014514567888987,-0.3336735314746113,-0.34257585852220934,0.35750992643802776,0.004561340435873935,-0.32909038909956784,0.2998751096521164,0.07942096230886835,0.34429821632174407,0.10522495225320136,-0.1175366469403946,-0.14449016071688692,-0.25258766449066583,0.2632625133293179,-0.154602969199441,0.09222176257558697,0.14793658913773458,0.007041454880116576,-0.009309052875035211,0.029127877704037543,0.06354242550351362,0.0005938419073926287,-0.3350545888280654,0.08173076793460908,-0.11930247855471446,-0.22374580972020047,-0.04669953133803456,0.007310924522514799,-0.034451593707508374,-0.005296816371192491,-0.05459247003805483,-0.03154519606006859,0.059596821979927043,0.02346478192322055,-0.003136756685590902,-0.11932710727567483,0.029093301824405986,0.20683402976622098,0.10968259941283813,-0.07773736908291155,-0.011530006819114126,-0.15592599373414703,-0.07090151371779425,0.04047900342388363,-0.10154038162762855,-0.1237455242761295,0.018949315220256287,-0.018825704603567726,0.030304667348672088,-0.0020581537098052272,0.0031284211029238593,-0.0009836837868716344,0.009254305994873119,-0.004995328255346309,0.0016658327164517336,-0.9804943791207673,0.007026201607790217,-0.007485280258220272,-0.010349209600146894,-0.0033468403711158366,0.010563953478217963,0.02121706230104892,-0.006271182046736248,0.0018523978786342103,-0.005207580769503836,0.028953769841966893,-0.0034972096153676633,0.013435182889365006,0.040807117959972675,0.002490001396317912,0.007342180568525621,0.0116119883365337,0.09095462398631446,0.00402748725572572,-0.019019453991519834,0.026649478852390978,0.0070698552302549695,-0.005113336012052138,0.0011076200729827704,0.009208344441254929,-0.03246670874050544,-1.2031719674138937e-05,-0.019012278263206162,-0.0027010948382209603
165,0.554909688382971,-0.16356598693006139,-0.6629048993771584,0.4330904859504466,-0.4127429531823924,-0.32555362167070284,-0.36672343877049474,0.11994748686313354,0.18166878775447598,0.33402459870944995,0.13514612912062118,0.318090880246738,0.25351518765206116,-0.3306186918094309,-0.2375035911306309,-0.007058164458102887,-0.3367430391851131,0.39561911332581745,-0.02750025447267409,0.1532940138569041,-0.016658577636932594,-0.22862664995028,-0.2183510531305515,-0.08425279798180499,-0.19820532505188007,0.4340352759188919,0.02349793818650139,0.08301709288920837,-0.4301996588741237,0.041576125074965435,-0.11239744525651166,0.24450987052471548,-0.3607183826054109,-0.10392373925379765,0.32930168082082295,-0.20270513117093913,-0.2774332617307387,0.12155666087225263,0.1934994995774897,-0.2370459303684117,0.5353040925169394,-0.17545319782837146,-0.30416575313603944,0.1077232790733278,0.005323614658501214,-0.1771342892799649,-0.036130720623735534,-0.04387326157212638,0.279583316033753,-0.06076137667973175,0.2616331190646741,0.09669771774618544,-0.15324345259698735,-0.15869775032046124,0.17938383330444843,0.0961787085079631,0.3870012654836683,-0.086987837130512,-0.0019752901079731953,0.0539719098789379,0.20719272694073188,-0.03321406030130803,-0.11300682313060227,-0.08555410081360683,0.007862853956872964,-0.00019594968390835977,-0.11122382049955994,-0.05352636533208473,-0.00287582857979726,-0.23111695841056812,0.03233826897125409,-0.05971668961153043,-0.061377089129106846,0.06550058040184323,0.01186162166613736,0.02969244437452144,0.006951400439267826,0.01906120025851621,-7.028533799280578e-05,-0.980494379120767,0.007026201607790258,-0.007485280258220601,-0.01034920960014694,-0.0033468403711158835,0.010563953478218008,0.021217062301048823,-0.006271182046736466,0.001852397878634134,-0.005207580769503843,0.028953769841966553,-0.003497209615367497,0.013435182889365207,0.040807117959972716,0.0024900013963177867,0.007342180568525683,0.01161198833653415,0.0909546239863145,0.004027487255725734,-0.019019453991520042,0.026649478852391186,0.007069855230255067,-0.005113336012052107,0.0011076200729826559,0.009208344441254755,-0.03246670874050578,-1.203171967368444e-05,-0.0190122782632063,-0.002701094838220898
166,1.2601052651213975,0.9511776318952224,-0.09242014386222408,0.3308312240734299,0.0995641934970336,-0.12149765582610249,0.3274232504346239,0.21848032736302556,0.27279207093165597,0.12904374126897253,0.20490305523711969,0.06411230962263954,-0.3233972160382076,-0.27718736522481896,-0.1824755253048818,-0.1291131447883641,-0.7012236644315668,-0.0031548594462786827,-0.2605834687160163,-0.024014488926773988,-0.01427326848242133,0.21775675360798344,-0.18468726598277826,-0.7217529211575398,-0.07425493085927834,0.27987401994703653,0.4815139634886086,-0.21690962540752545,-0.05680598413628661,0.48103205571150787,-0.16468427582572132,-0.2815541549713705,-0.06326383876002692,0.20242361721681598,-0.09024078235259574,-0.017158364821196554,0.12167851232039827,-0.050911596278733165,-0.05106152984919086,-0.1403950374490915,0.13394907051775973,0.07254796851294483,0.12997051538429613,-0.017945576935661532,-0.24984853843576388,0.031016223061862885,0.02343320804433894,-0.1360455632614606,-0.2885864708658543,0.044533648711737435,-0.008302545678079863,-0.09505394924180026,-0.03235951816228514,0.008738403169582869,0.04006170327748106,0.005320748683015205,0.13318957860937541,-0.24499215648626121,-0.007654295263709175,0.07030691230418153,0.12154208671293734,0.07927687901549214,0.17622965587428988,-0.2557236118533725,0.14312686288689022,-0.10949019185914871,0.23398760538471133,0.027927053893300566,0.08800503483304681,0.14215599401069784,-0.0806834223209568,-0.004761473320061305,0.0347775085135176,0.01692627872909515,-0.013712272015407374,0.08260363726497133,0.015917433783410477,0.004183561875610647,-0.013761832406171485,-0.9804943791207666,0.007026201607790175,-0.007485280258220355,-0.010349209600146835,-0.003346840371115887,0.010563953478217869,0.021217062301048913,-0.006271182046736529,0.0018523978786342727,-0.005207580769503614,0.028953769841966872,-0.0034972096153671984,0.013435182889364874,0.04080711795997284,0.0024900013963174215,0.007342180568525524,0.011611988336534028,0.09095462398631464,0.004027487255725713,-0.019019453991519653,0.02664947885239116,0.007069855230254845,-0.005113336012052114,0.001107620072982635,0.009208344441255019,-0.032466708740505584,-1.203171967425343e-05,-0.01901227826320635,-0.0027010948382209187
167,0.5320186519152049,-0.11269653869579381,-0.05073749680637192,0.1690758576367421,0.12067477987439287,-0.44472388878091856,-0.42348014452660077,0.25119211509792605,-0.16031812833532605,-0.16528975576733282,0.32441865169572803,-0.02428100180897364,-0.0727774998270084,-0.05206224787853379,-0.10253551738697488,-0.28312148869287657,-0.2145782410638119,-0.27198022164743474,-0.07114764627546027,-0.13290735212697427,0.3811739435561402,-0.4512012762589095,0.02950773744152271,-0.3321059474924418,-0.15832982469047086,0.1984376193529016,-0.2542275662496751,-0.14503659795347626,0.36860265726641,-0.1332636906812551,0.09523723193216857,-0.1388636092549112,0.06358361243829104,-0.08685170669104736,-0.08618834221050294,0.050243415651028335,0.08411133262931034,-0.037144927511399965,0.20707921466078438,-0.04721710082670167,0.47017106774011946,-0.06798327694198754,0.26392782416209837,-0.0910021383079873,0.004383758232183501,0.11657323708386727,-0.14383840574435083,-0.13341000297639583,0.08960491440868093,0.1427889314822663,-0.024140175033406073,-0.2781333571000613,-0.050950800297600886,-0.24982547302611605,-0.03558703067962259,0.2435868025628104,0.036450374911935576,0.08765491688586867,-0.041923884717296814,-0.10240300829506194,0.043009930557686794,-0.023963806548397203,-0.009779706575410784,-0.1400379038909518,-0.020479658459148724,0.08518704764016555,-0.10017775084818091,-0.08692164167895265,0.03995733469251544,-0.04981255737378095,0.04638591621059392,-0.030569530800134193,0.021149310114546252,0.03049628350494029,0.010803286298983465,0.03395456355175618,0.003549160601591918,0.011790183286201496,-0.0008094573796306445,-0.9804943791207668,0.007026201607790357,-0.007485280258220421,-0.010349209600146857,-0.0033468403711159563,0.010563953478217876,0.021217062301048865,-0.006271182046736272,0.001852397878634372,-0.005207580769503697,0.028953769841967014,-0.0034972096153675215,0.013435182889365394,0.040807117959972716,0.002490001396317679,0.007342180568525577,0.011611988336533988,0.09095462398631442,0.00402748725572561,-0.01901945399151981,0.026649478852390912,0.00706985523025489,-0.005113336012052241,0.0011076200729826361,0.009208344441254986,-0.03246670874050538,-1.2031719674077619e-05,-0.019012278263206325,-0.002701094838221041
168,-0.34611641332091375,0.05937337279810474,-0.0357415378419569,0.1406057830772841,-0.2425352269052839,0.14404692562758067,-0.15437228398594466,-0.04106305078786889,0.02098352905143975,-0.23318023421261427,0.06279202560823645,0.1844686432419695,-0.3783596994477995,0.19465327154571924,0.3199489113110939,-0.07728383145484985,0.07001286652968901,-0.3147591182709317,0.28810662738410864,-0.18432053781500696,0.20007267843387194,0.1183817571549783,-0.07618647208110126,0.06215818036350249,0.0002576213294368036,0.10733016422698527,0.06852914302972739,-0.09119542096453681,0.045238381534116384,0.1771383713853619,-0.0786407709064266,0.011897762878696193,0.11810428675444674,0.030658554294844965,-0.3322363614806016,-0.042351917578017595,0.3157141835050578,-0.16069711265681333,0.1557467246634818,0.05641301229385869,0.11200402071201096,-0.19686273240314767,0.12031260226749922,0.16988188306374358,-0.07017589464220361,0.03301925978328868,0.06948920183910172,-0.03312285197338894,-0.015197790639067229,-0.024159924705183387,0.21971037555017195,0.07218693404889474,-0.055995877207123367,0.04557675854931239,-0.08107909608425126,-0.2505615238992895,-0.10239175308002942,0.13313557561708675,-0.16949266507213728,0.04179148175586651,-0.03032991689885223,0.05924486836058277,-0.07210768184803658,-0.14139087549404925,-0.1403744655133402,-0.013749536067825046,-0.0305342324245481,0.07042413452515701,0.06644306455414249,-0.052215284736905385,0.024568367949995864,-0.017450474551172237,-0.06975024511950427,0.04462423892299696,-0.0020170090914323276,-0.006328454046512328,0.0020614497253424744,0.008097934683172362,0.010099475934333274,-0.9804943791207671,0.007026201607790296,-0.007485280258220395,-0.010349209600146736,-0.0033468403711162283,0.01056395347821808,0.021217062301048983,-0.006271182046736289,0.0018523978786344584,-0.005207580769504017,0.028953769841967198,-0.003497209615367478,0.013435182889365103,0.040807117959972584,0.0024900013963177633,0.007342180568525371,0.011611988336533992,0.09095462398631457,0.004027487255725684,-0.01901945399151972,0.02664947885239111,0.0070698552302549626,-0.005113336012051988,0.0011076200729827938,0.009208344441255198,-0.03246670874050539,-1.203171967398115e-05,-0.019012278263206003,-0.0027010948382210974
169,-0.09409453393882967,0.39171275035209385,-0.07594318356303184,-0.30178636704370326,0.36449826707751654,0.026645808885221133,-0.02792058481654532,0.06433294787746897,-0.058163308601213444,-0.03466669871076941,0.017224669724738535,-0.2776272896204523,-0.02959085777601213,-0.03196642828352349,0.16507804147210234,-0.05775611400661022,0.46678926916748253,-0.19409696947562247,0.03138178291586128,-0.10633098582352966,-0.38137091716460914,-0.4097728216973381,-0.2846252569906488,-0.478192500605522,-0.09937602781534179,-0.06176571560993482,-0.22589564220651445,-0.03683798210744951,0.2500042773723017,-0.1413165153570783,0.0010485390646959329,-0.20940557607998833,-0.09765484362439336,-0.07209777772649432,0.1910709036889673,-0.2124817688394362,0.2445485377170142,-0.0922096509793503,0.32688436178789265,0.19200641592216447,0.14214189732482835,-0.08287959936004606,0.14363930526843693,0.07463431387417359,0.06684693025089576,0.30597348906994,0.039244779970818766,0.17910705673355024,0.03506257492451301,0.06419234557385542,-0.1887120660094653,-0.005642202397358877,0.2274518452320882,0.16074677334590845,-0.015498364413906975,-0.04892886603483385,0.0722179243050089,0.024190396048493434,-0.018221223947437377,-0.08106815982991772,0.0338563651455963,-0.021280755788587544,0.017751302633078385,-0.0040574242450863935,0.022037780909564493,-0.06607804927598757,-0.15986886774119066,-0.01412063223146991,-0.10964165454187344,-0.09203859551256043,0.012748990114143514,-0.01912873901345824,0.0326150079219929,-0.02018451199182828,0.007633863531385798,-0.008386355488784993,0.004254051717918817,-0.0071195330258179215,0.006328573891321835,-0.9804943791207672,0.0070262016077904405,-0.0074852802582204,-0.010349209600146887,-0.0033468403711160223,0.010563953478218036,0.021217062301048896,-0.006271182046736404,0.0018523978786342506,-0.005207580769503738,0.02895376984196712,-0.0034972096153675493,0.013435182889365233,0.04080711795997262,0.0024900013963178405,0.007342180568525813,0.011611988336533907,0.0909546239863146,0.004027487255725582,-0.01901945399151978,0.02664947885239098,0.007069855230255026,-0.005113336012052168,0.0011076200729827333,0.009208344441255154,-0.0324667087405054,-1.20317196738044e-05,-0.019012278263206076,-0.0027010948382210514
170,-0.3839120069752095,0.08184343106258175,0.24637130383098213,-0.018109686098875335,-0.0550152978858411,0.09017563019891514,-0.09781662954763301,-0.015808243137313698,0.3465000806897361,0.15890289033140645,0.20007088239252008,-0.05599539933025349,0.09188206358469282,0.31022529215187306,0.4686534482034997,0.004118790907614657,0.07143164169798281,-0.10121123069023295,0.12857399084317728,-0.13808421985347213,0.14207428417640025,0.33390365916177656,-0.1818741104630203,-0.0754927801123667,-0.12965884783254722,0.13416610667814194,-0.09410192408898817,-0.25727443650562515,0.08447372479272186,-0.024504576943780738,0.031213886244352985,0.06504965540135023,-0.05435660324870127,0.1248150303893399,0.034851519742513,0.10929982273310537,0.06931106169467792,-0.23451181205681218,-0.030209030728707224,-0.46024760785036567,-0.0689023563270316,-0.19690124818315233,-0.15022449111564148,0.25822766530406344,-0.011759425704720284,-0.14639877208181382,-0.11158880982821558,-0.10555895804787409,0.017368346539596957,0.04671094447303324,0.06879835664898568,0.1925271681023317,0.15839522477955742,0.013386661748711365,-0.28298660501124984,-0.0326200638770673,0.012115511046637285,0.1936796301808192,0.020959606636011485,0.0021418970914363735,-0.054333342055793536,0.04242667243604997,0.08020399210419756,0.0829439192060975,-0.11227030907347449,-0.0037320239048385475,0.08271978011297759,-0.05642488435749068,0.005391791176776821,0.04172691540916573,0.029946449805608188,-0.003590852368113194,-0.03502738887021181,0.010887262074651752,-0.0013655726571023476,-0.02072105495041944,0.0019480152071759936,-0.0052847567566094,0.0002469302646931448,-0.9804943791207672,0.0070262016077901985,-0.007485280258220447,-0.01034920960014661,-0.0033468403711161346,0.010563953478218101,0.021217062301048865,-0.0062711820467362955,0.0018523978786343543,-0.00520758076950385,0.028953769841967385,-0.003497209615367631,0.01343518288936513,0.04080711795997261,0.002490001396317694,0.0073421805685255515,0.011611988336534016,0.09095462398631465,0.004027487255725795,-0.019019453991519705,0.02664947885239125,0.007069855230255039,-0.005113336012052106,0.001107620072982877,0.009208344441255385,-0.03246670874050546,-1.2031719674021916e-05,-0.019012278263206252,-0.0027010948382210696
171,0.6112691820802822,-0.7630068673958421,-0.12974540786235575,0.12155445113602137,-0.05824721386471392,-0.03969122389468852,-0.17557843812391824,-0.6546275595859699,-0.3791895639877219,0.19031726398531315,-0.35812907780407194,-0.13526660895404816,0.05181505613359629,-0.22372601437070003,-0.0981282962359361,-0.370085007381802,-0.05543506377951289,0.4090908452100199,0.0021676523378413902,0.11431003215884204,-0.048046346783764945,-0.2828713117763629,0.03261840846843985,-0.14256475017456383,-0.6164614456053948,-0.16666680280814664,0.07049030700661389,-0.35920980749942033,0.3827719155875582,-0.2937370618210455,0.1499374888024272,0.29309543079710515,0.2697248471927857,0.06466472870998985,0.013619911695279034,-0.3262325202461141,-0.2831266461867462,-0.12642346167126545,0.1695730669112036,-0.043651729210437105,0.015157477468671625,-0.22912312907206372,-0.19612293097260886,0.2917524507427697,-0.03400693823437859,0.012178043090449718,-0.008579125940396354,-0.009793760806276034,0.1229347624589807,-0.08228575680802937,-0.0047028936923188885,-0.018591979165739687,-0.014772247962181826,0.035851068700797475,0.01247853973393629,-0.07241090120446306,0.36467707740723315,-0.01635925688704409,-0.04943598042528424,0.3116063633677852,0.210267995937641,0.1800669565029499,0.05682942224161386,0.04275542014868572,0.17508825070576992,-0.11516570266950248,-0.13021020114014978,-0.30003080878575544,-0.079892071719131,-0.046860730807900895,0.06003564929917925,-0.04466883632402083,0.03642169844132465,-0.02650052760744848,0.015939835746634178,-0.02379137735971059,-0.0041921070028512865,-0.00845072431518831,0.003164237591776456,-0.9804943791207678,0.007026201607790482,-0.00748528025822051,-0.010349209600146967,-0.003346840371115875,0.010563953478218027,0.021217062301048886,-0.006271182046736388,0.001852397878634312,-0.005207580769503729,0.02895376984196696,-0.0034972096153676243,0.013435182889365238,0.040807117959972564,0.0024900013963178036,0.007342180568525712,0.011611988336534205,0.09095462398631465,0.004027487255725749,-0.019019453991519875,0.0266494788523911,0.007069855230255158,-0.005113336012052122,0.001107620072982272,0.009208344441254734,-0.032466708740505494,-1.2031719673832383e-05,-0.01901227826320613,-0.0027010948382208367
172,-0.35162765110597616,0.3201087492447452,-0.15473688384209883,0.08964571467478272,0.0981614325312016,0.23131091035851006,0.020277601965068694,-0.020736123955422184,0.20807764857405292,-0.08232718554248487,0.30947027420386825,0.519941097378467,0.3727101614110718,0.16565532478832923,-0.048438442036393255,0.13455243337593234,-0.27652798328870454,0.4729076395324334,-0.09062121381210424,-0.16925834552800814,0.24814997912067727,0.16808591847513737,-0.3531035412954606,0.1786809695728834,-0.2674711937684964,0.271915487629917,-0.12554110511729516,-0.37212465587040644,0.07871309509103289,0.02899862991082688,-0.053167746241475695,0.15802462361996467,0.054334115035847154,0.16314105020610872,0.04420638109961527,-0.18159740330767962,-0.21194455489033862,0.20374162739891788,-0.48532871774405445,0.03411850513648959,-0.40882248707273044,-0.3733666840980171,1.1062564106016737,0.32198254281018207,0.721351918123375,-0.16024726588591523,-0.12608234120389725,0.6466527379965374,0.07876936144716018,0.5738447211346323,0.04134499820375797,-0.27866111492702594,0.12971434889228312,0.05314536389049322,-0.230396626816073,-0.1853261691556846,0.18490982184033147,-0.2225909828460528,-0.0065310377050822295,-0.19970005450887726,0.09977354195876109,-0.09985207203061941,0.04775745230862551,0.04501335246465931,-0.03999340842901859,-0.12609187285764498,0.05290759730531954,0.05266927161936524,-0.03244013337747355,-0.06530978061760302,-0.0029435880651425875,-0.019610648146068634,0.010756614717284922,-0.014581734382210946,0.0028024483259338063,-0.005539363521791454,0.00109773591031006,-0.007782527137833577,0.0017595868352533977,-0.9804943791207672,0.007026201607790587,-0.007485280258220631,-0.01034920960014681,-0.003346840371115784,0.010563953478218108,0.02121706230104876,-0.006271182046736143,0.0018523978786343335,-0.005207580769503954,0.02895376984196712,-0.0034972096153675267,0.01343518288936513,0.04080711795997253,0.002490001396318034,0.0073421805685255515,0.01161198833653403,0.09095462398631465,0.004027487255726156,-0.019019453991519775,0.026649478852391,0.007069855230255053,-0.005113336012052224,0.0011076200729828493,0.009208344441255163,-0.032466708740505376,-1.2031719673654155e-05,-0.019012278263206017,-0.002701094838221361
173,-0.12633346160331158,-0.3663416990197762,0.48577675023472705,-0.11752178893241555,0.14795793596980564,0.05139055951592717,0.08197589599007095,0.12443154838829933,0.15758461805243762,0.1372072536543938,0.05617563710225188,0.06439461709297184,0.14290165617744338,-0.11657354244766091,0.04650512327492549,0.08942756742725194,0.2201717266736473,0.09087171671881773,-0.22153311858934455,-0.19929436311528084,0.13333888793393103,0.2669029628166152,-0.17351080958387327,0.0053797274952462875,0.26163333963946483,0.042871835549012374,0.18985095150504427,-0.02545809560659201,0.12111105085510886,0.03445710642390468,-0.05774144166401315,-0.0372560820568585,-0.07984761318225113,0.12047393869257679,0.05054994552550969,0.0461373781835205,-0.1561310006304554,0.04290725620616632,0.03477407402377449,0.03317163376427293,-0.055365782505860925,0.08885112769397124,-0.0012255165507519352,-0.1267396952435602,-0.20633333796153097,-0.025610652962060793,-0.06374012741887276,-0.004007826130029704,-0.06217127710777569,0.01527496014785445,0.013595440494956023,-0.0020523296462218146,0.08402108093009045,-0.09813345515308741,-0.024388311375982834,0.047914670118237704,0.09429466298386258,-0.25490215015906637,-0.07060799946598789,0.038495715504990244,-0.05057831592141309,-0.0378397412664858,-0.10592396430608252,0.038560605605111015,0.1632044096448428,-0.11815505232442698,-0.09187443390096177,-0.05134232777528161,-0.06935272030794555,0.0012424941132165488,0.024803024865234728,-0.01045332903975736,0.03379697092419534,0.004190119849966526,0.0029137982576234937,0.014494851844627133,0.018074703416723424,-0.00814574139360555,-0.008018975385570096,-0.9804943791207672,0.007026201607790369,-0.007485280258220402,-0.01034920960014667,-0.003346840371116019,0.010563953478218214,0.021217062301048945,-0.006271182046736307,0.0018523978786342727,-0.005207580769503701,0.028953769841967233,-0.0034972096153674343,0.013435182889365016,0.04080711795997263,0.0024900013963177177,0.007342180568525586,0.011611988336534112,0.09095462398631465,0.004027487255725684,-0.01901945399151971,0.026649478852391228,0.007069855230254914,-0.005113336012052286,0.001107620072982798,0.009208344441255175,-0.03246670874050532,-1.2031719673802401e-05,-0.019012278263206138,-0.0027010948382211754
174,0.09635896950166353,0.35320278230451674,-0.13815304886632251,0.18882397209826235,0.22312246827211313,-0.19188511652793883,0.11142296182550172,0.1102362103502421,0.16433987352461624,-0.2565281401552516,0.10733274080115282,0.1694820549459146,-0.19557496361581425,0.11692863028303006,-0.007013498205797753,-0.11028547272351018,-0.2893919338392231,0.14136371000234504,0.26914391697387696,-0.24878485992258154,-0.04858142050213858,0.12084736354304622,-0.2794682125254003,0.08926049898616698,-0.23360897503548314,0.13025857744269168,0.08879094070192711,-0.049496739762549966,0.17327541594404536,-0.18608089021711324,0.011704210994139166,-0.18973762663069207,0.29088685770258943,0.1946932533172536,-0.021181071947007888,0.0562065731768239,0.3342338751705239,0.073042797703082,0.07954263822774121,0.19840807437810618,0.016794808097469423,-0.2568157524645524,-0.27640385621943586,0.32487637185689777,-0.16922691050370195,-0.05804503795192612,0.14258567358166543,0.22785055099115137,-0.12059055115918854,0.019621116357544804,-0.19072107005676683,0.14907207706343498,-0.03334076500392089,0.07053750148623157,-0.14467272550550048,-0.0606985337804354,-0.12462495853027267,-0.19463386606884092,-0.025431205439801444,0.010908810819021493,-0.07154386645058265,-0.014063228164650996,0.049709767787399016,0.06573761191904962,0.09971209319720009,0.17723900074351945,0.015423347536311104,0.22682220931185423,-0.2660498208122897,-0.027845500596164117,-0.24932445223796382,0.045062757747329395,0.08206256329602056,-0.09690129970538942,-0.01238711693435677,0.01322326390991623,-0.0110169861630571,0.006248002912076171,0.006837470286367358,-0.9804943791207668,0.007026201607790171,-0.007485280258220548,-0.010349209600146651,-0.0033468403711159923,0.010563953478218212,0.021217062301049052,-0.006271182046736323,0.0018523978786342294,-0.005207580769503732,0.028953769841967347,-0.003497209615367485,0.013435182889365283,0.0408071179599725,0.0024900013963177355,0.007342180568525406,0.011611988336534011,0.0909546239863147,0.004027487255725407,-0.01901945399151958,0.026649478852391096,0.007069855230254782,-0.0051133360120523075,0.0011076200729826411,0.0092083444412551,-0.032466708740505584,-1.2031719673847577e-05,-0.019012278263206044,-0.0027010948382211806
175,-0.09726008079314043,0.12429433452995657,0.24675985133473624,-0.13065138499893958,0.3899346246853119,0.016300468154745555,0.12983883270551558,0.008637049331858089,-0.05491767391212275,0.03009539066645337,0.015026736941794573,0.2850121922148813,0.3514294028627448,0.14407456251130474,-0.03411014285036996,-0.12556537342000612,0.10697087068924949,-0.1464226746813727,-0.11675540942128418,-0.17223029478841315,0.051764497731321406,-0.33721941052715343,-0.1420639630759443,-0.1810606110648163,-0.17535118885285597,0.021877620538963343,-0.1681666770079686,-0.25413625020455066,0.1475409783786291,-0.011647313006522648,-0.040316406664964874,-0.0790555251333105,0.12071807395398845,0.3313874168521209,0.02035902895635171,0.13950208410857948,-0.18547303370345836,0.14756920887157582,0.16787784629484748,-0.0468762740779949,-0.062357365548406596,0.043813408026944986,-0.16953411963313592,-0.05192238187244539,-0.02731954139343342,0.05395578259868369,0.23352310977883947,0.070724287652856,-0.0647940677183568,-0.018365368531127104,-0.026729510136477095,-0.01463690470860769,-0.07944811196234924,-0.021717620413561955,0.08271309008299037,-0.09316973597984796,0.16188257919709256,0.045805517946221896,-0.07788666674614038,-0.16836467981209,-0.04208516671350117,-0.09888758390728973,0.1870486557873966,0.1271159244777152,0.051817282657990064,-0.15027324735051242,-0.04055933296923456,-0.004552495522609098,-0.1059027323360526,-0.03489764590938567,-0.00269991864615193,-0.010508453642662874,-0.019539595793808703,-0.007155161763517888,0.004827525163417817,-0.012272429021568786,-0.011831169879917294,-0.003721664301229603,0.015521317505142745,-0.9804943791207668,0.007026201607790357,-0.007485280258220456,-0.010349209600146724,-0.003346840371116036,0.010563953478218119,0.021217062301049035,-0.0062711820467362235,0.0018523978786341812,-0.005207580769503794,0.028953769841967146,-0.003497209615367563,0.013435182889365122,0.040807117959972494,0.0024900013963177815,0.007342180568525674,0.011611988336534105,0.09095462398631468,0.004027487255725707,-0.01901945399151978,0.026649478852391058,0.007069855230254908,-0.0051133360120522095,0.0011076200729828027,0.00920834444125503,-0.03246670874050551,-1.2031719673905014e-05,-0.01901227826320621,-0.0027010948382210896
176,0.21247635728421468,-0.5112092867157669,0.3647139009883553,-0.17221659701677,0.21060145703006758,0.4954756183335117,0.3235890352190448,0.15425081459197423,-0.29153410225404464,0.2652857906583952,0.8898942920948282,0.5949262893327337,-0.18941619863974193,0.5123054927423685,-0.14751655402084904,-0.1289400316297642,0.080851388421339,0.19286462585330766,0.023755504914322986,0.03226076718878695,0.057532631119187314,-0.43277779758037493,0.2070919757050914,-0.31515772018035987,0.3893224752014979,0.06790574340445966,-0.12335061651447314,0.10336424900281162,0.21381993279866485,-0.24171418599782651,0.038910123358035544,0.06553866258454688,-0.11982080435171287,0.2802578230381168,-0.044250094526082334,-0.020057397846526128,-0.15967074602910492,0.2988180009890592,-0.02613874795880272,0.17562973312186234,0.07678984169896039,0.1987099682926737,-0.18759364283526647,-0.08476361698619149,-0.05228679255617695,-0.18243678023681453,-0.24877048705480212,0.05032035363787794,-0.14849686910546864,-0.0016874258280621028,0.03825633898630325,-0.07861850045196529,0.04158726430029423,-0.005587039354272697,-0.016222294560696966,0.038702119188124134,0.10938378435109636,0.14594835443590762,0.04013775269678885,0.09172080709518628,-0.007148348064176905,0.07731488315125913,-0.07805637218449221,-0.05628450227074644,-0.05358235486013278,0.11090018380545655,-0.004069108813032163,0.09648825523630612,-0.05062671365442015,-0.05578884872738426,-0.0633823463008825,-0.005002971710893222,0.04025192271704144,-0.05196367324749935,0.01402372470546328,0.000842070183993393,-0.010616995725709122,-0.015309843857143533,0.0019332220890061356,-0.980494379120767,0.007026201607790232,-0.0074852802582204,-0.010349209600146625,-0.0033468403711160535,0.010563953478218056,0.021217062301049017,-0.006271182046736376,0.0018523978786340182,-0.005207580769503891,0.028953769841967042,-0.0034972096153676256,0.01343518288936517,0.04080711795997249,0.002490001396317849,0.007342180568525563,0.011611988336533817,0.09095462398631461,0.00402748725572579,-0.019019453991519726,0.026649478852391002,0.00706985523025462,-0.00511333601205231,0.0011076200729828998,0.00920834444125509,-0.03246670874050536,-1.2031719673963127e-05,-0.019012278263206308,-0.0027010948382211243
177,0.04585831160390732,-0.4018051027868787,-0.015160320841350697,-0.31311118287648265,0.06402612921752494,0.09392336489892011,0.0030369277029685033,0.0891252354037283,-0.17064568146388373,0.00703093542580336,0.4193506251913449,0.265327013544378,0.26231544419772873,-0.2653944098411673,0.12281024721717322,-0.11373907214384149,0.0228725299325043,0.07806363474621197,-0.016059229324531146,-0.17364282607225587,-0.13814132162647041,-0.30044803113129165,0.009537234074827492,0.17062768965314612,-0.2401339688615501,-0.14718368610312627,0.30427865495753537,0.12919078281024907,0.15643901085760786,0.11952407216672827,0.03691094464968185,0.0008461768743408788,-0.03859262719091708,0.07459338155663703,0.22572396433235709,0.0696323704825261,-0.01650186567984389,-0.07085984603240492,0.14779365574130807,-0.06377403224453808,-0.0723943978786813,0.347036504430499,0.16656629530710873,0.21249321738626697,-0.19638877586015116,-0.045832904781134325,-0.16024994723314956,0.015350021291022831,-0.04849353355275846,-0.06852382720464015,0.07694328283915666,0.1099215426697049,0.10331662150894741,-0.020082795332782167,0.010122988877058063,0.09372727684320219,-0.2123420703148388,-0.023312084563248205,-0.10492361485005613,0.0210476552352884,0.10831498651067185,-0.20187531553495708,0.1055211291422783,-0.04004333370441677,0.1142128857913293,0.010570326380231275,0.14150380819840283,0.007890696997374934,0.019812871997965397,-0.01025238718951116,-0.02137611251877896,-0.019612885969569494,0.043131040965118196,-0.02085225155956362,0.005017268740659959,0.010157618916849227,0.005810568111823628,-0.00826221977853796,0.0009980746539537985,-0.9804943791207673,0.007026201607790272,-0.007485280258220351,-0.01034920960014671,-0.003346840371115892,0.01056395347821809,0.02121706230104889,-0.006271182046736338,0.0018523978786343074,-0.005207580769503628,0.028953769841967212,-0.0034972096153674274,0.013435182889365207,0.04080711795997241,0.00249000139631786,0.007342180568525746,0.011611988336533955,0.09095462398631463,0.004027487255725668,-0.019019453991519848,0.02664947885239113,0.007069855230254907,-0.005113336012052173,0.001107620072982798,0.009208344441255178,-0.03246670874050533,-1.2031719673909954e-05,-0.019012278263206218,-0.002701094838221245
178,-0.0196616569006192,-0.2525380406209174,0.17185834211921824,-0.1266464265995526,0.2160627069272251,-0.04444294940874701,0.0747610589858285,-0.060014031357755994,-0.32457966194800925,-0.11815021207772607,0.30359840709564545,0.08566786660781203,-0.1408182996937019,-0.17153653319150575,-0.07032461065095733,-0.2697066670589872,-0.2891327656705031,-0.1630733070461767,0.04383195078598559,-0.21962562357708418,0.23734057811955725,-0.4116679291343108,-0.010395964876310792,0.2586630406010951,0.07177727992579896,-0.11060204867227943,-0.1749457580221162,-0.2193831017394513,0.2559465771730693,-0.07411990999469568,-0.032019435791662276,-0.3180030716765097,0.21392560293692656,0.0009284405935806199,0.10723776403391336,-0.1341828795566404,0.07838803167374797,-0.046925836114965626,-0.1770075357378654,-0.03547341804281138,0.1929524742577285,0.1703699336573242,-0.04189338105603365,-0.11886578825402971,-0.13116577035560317,-0.08554784007638017,-0.11740518882266675,0.15329536149902118,0.06829832103556178,0.1550023745474547,-0.0198248170631293,-0.06254694352633296,0.1660923907433909,-0.05001210503490265,0.03534026408120937,0.05836498216413394,-0.06845831553006912,-0.07946225604592322,-0.005368993158762905,0.023153399251437647,0.08847086222819635,0.023640298181557606,-0.0036277078499842882,0.08291589769276038,0.18690770914705662,-0.09406562691433504,0.0013050574361146172,0.011039098089312761,0.014233149764984266,-0.057020717320640575,0.014643128000375535,-0.007731644889119061,-0.026890058914846006,0.015676541329524354,0.008783386729469274,0.008671116084585696,0.01563103314890358,-0.0053152049255639,-0.0007628931959429104,-0.9804943791207671,0.007026201607790496,-0.007485280258220407,-0.01034920960014676,-0.0033468403711159425,0.01056395347821814,0.02121706230104905,-0.006271182046736196,0.0018523978786343235,-0.0052075807695037245,0.028953769841967136,-0.0034972096153675285,0.013435182889365242,0.040807117959972584,0.002490001396317672,0.007342180568525549,0.011611988336533955,0.09095462398631465,0.004027487255725582,-0.019019453991519754,0.02664947885239126,0.007069855230254825,-0.005113336012052234,0.001107620072982761,0.009208344441255076,-0.032466708740505335,-1.203171967404119e-05,-0.019012278263206214,-0.0027010948382211277
179,0.23751333540966618,-0.31436756675636,0.21446171768793001,0.09617651579938911,-0.226288102055901,0.07529950386758379,0.11127593871992046,0.0006066272703108053,-0.10785832020344638,-0.29232699185415273,-0.0025390582960048533,-0.18216764110161718,-0.06033402382968963,0.281873705569947,-0.020648807581250095,0.7073741609008758,-0.3773173730025094,0.19941088509803462,0.4426586330877175,-0.14023988997158154,0.28292989136401253,0.039351162296525764,-0.04828705319603555,0.1835599297416058,-0.09850746296977063,0.2453140019565334,-0.007841497391251558,-0.1023377626780441,-0.05819726679181428,-0.0915949802026929,0.07140148811338043,0.010484433353406654,-0.14995450823015863,0.06005901451495522,0.12516101276681457,0.1516315160218154,0.2722293231071088,-0.22820169384206768,-0.035370303929988474,-0.013029136706761524,0.06270498843334711,0.24938342538381644,0.08502351845065308,0.020195834988594053,0.20446551507959848,0.2426279260387186,-0.03378761490258632,0.1188423471137559,-0.06388859560607647,-0.22453708926858953,-0.1337867404554108,-0.22518328673483057,0.0757616344217674,0.09348072703406872,0.12623637782304997,-0.14069058327943393,-0.0057634642849371046,0.1186093946815592,-0.0031087414282855138,0.08856993779881642,-0.15417624831701723,0.24769243672518404,-0.12919994806946983,-0.004649469696311816,0.129446154524558,0.15534992536550085,-0.0023655900814634257,-0.001225075541742544,0.036983288188419255,-0.20427895227926238,-0.018881533187030827,-0.00021192614100602305,-0.05938644377086124,0.01841354388521472,0.005895500520893409,0.005309025598863402,0.013404036257367677,0.009866828331339363,-0.003485423215364988,-0.980494379120767,0.0070262016077904,-0.007485280258220303,-0.010349209600146974,-0.003346840371115909,0.010563953478218004,0.021217062301049094,-0.006271182046736457,0.0018523978786343404,-0.005207580769503639,0.028953769841967115,-0.003497209615367492,0.013435182889365061,0.04080711795997253,0.0024900013963176384,0.00734218056852542,0.011611988336534288,0.09095462398631458,0.004027487255725764,-0.019019453991519636,0.02664947885239104,0.007069855230254845,-0.0051133360120521375,0.001107620072982551,0.00920834444125507,-0.03246670874050545,-1.2031719673904823e-05,-0.019012278263206474,-0.002701094838221177
180,-0.29838226258862177,0.07601979119918427,0.2392918185712329,0.009111108195543555,-0.12255743309938948,-0.09980739523647227,0.15978826417590922,-0.1458943773736837,0.019525848008470494,-0.17200558077816902,-0.30791124095742034,0.215313853110917,-0.34064393475517396,0.006590646533040378,0.07532741127787865,-0.22826792739009213,-0.016349167463494338,0.21865704709479167,0.08417938645376936,-0.11775640691117029,-0.2527914608805484,-0.12010126020137644,-0.24663790577542724,-0.13685479868947759,-0.05718048989535295,0.23436005853761818,0.21839469973084144,-0.034717848204415355,-0.11195434691145573,0.27201140245952304,0.2539709682676876,0.35091727937917505,0.03257532194341757,-0.12140693976658318,-0.1882050384716476,-0.11748148862697962,0.024880462277010306,0.025795628717810052,-0.14177034620248838,0.052171884199068944,0.21241951596088393,-0.005750949212448373,-0.09157421700744578,-0.25505401135999617,0.18944265409973488,0.07150505304411281,0.04929389690224474,-0.06463677233454558,0.22426206990318362,0.13991499950278913,0.08373029871347375,-0.07647966094323362,0.15574602848075414,0.17856775480508258,0.1399838480549715,0.008091612874708496,0.14740138312652754,0.1330115471212315,0.16464923255602368,-0.016925958754765193,-0.20289644867309042,0.09628285055912618,0.13143301709039543,0.04076228847022682,0.0744647800230896,0.05285104003627761,0.06214547170427511,0.038563348469999745,-0.031142926685774227,0.022330590423757114,-0.0750113835303659,0.024775234256124174,-0.07265735416660696,-0.00804109506723561,0.000889483034937042,0.01228833266515488,0.0021923914380198263,-0.016296105697776425,-0.005120946841592896,-0.9804943791207673,0.007026201607790368,-0.007485280258220227,-0.010349209600146797,-0.0033468403711158956,0.01056395347821795,0.021217062301048993,-0.006271182046736347,0.0018523978786344646,-0.005207580769503812,0.02895376984196698,-0.0034972096153675133,0.013435182889365287,0.04080711795997266,0.0024900013963176267,0.007342180568525483,0.011611988336534136,0.09095462398631478,0.004027487255725937,-0.01901945399151975,0.026649478852391315,0.007069855230254946,-0.005113336012051969,0.0011076200729827374,0.00920834444125506,-0.03246670874050544,-1.2031719674054861e-05,-0.01901227826320616,-0.0027010948382209478
181,-0.14245693445385002,-0.32640530146580965,0.2593436428038893,0.2737422704530894,0.005054063593028921,0.05383901192568711,-0.26657263510936,0.16187664046286074,-0.27865265520660376,-0.13052583332905612,0.08274078437886632,0.0077194194566355566,0.06881619128358031,-0.12510371981415094,0.04526266745847422,0.18241491465281237,0.39983113825132294,0.5558064776017148,0.08542374237444922,0.07209155459223412,-0.06018340951340363,0.10749419993669342,-0.4165444426856341,-0.034443375820722266,0.04576451751783046,-0.0010289516774976983,0.33183629654498126,-0.13845425821011462,-0.01549530881669728,-0.021155382853449232,0.0022874423928544527,-0.12092454855281909,-0.12365242696560057,0.09343915690521966,-0.3443231438756881,0.10533491879969543,-0.05683483670376896,0.18373148467532863,-0.07955378026649819,-0.09794238847049105,0.17967906317004384,0.004529656170259624,-0.08499272717543382,0.0066832242909579615,0.06930666472093203,0.03833182002253269,0.22076832025615198,-0.13305044151554127,0.18829045673960126,-0.030575548065053325,0.018802856867785007,0.06798420939266796,-0.022066678017198423,0.09997840206633073,-0.04148421620485205,0.1508321907134127,0.051048151545941126,0.008086604317602043,0.09541877413710896,0.08263599853046061,-0.1762045405325946,-0.18070578854832858,0.08521896937046927,0.017556300596348908,0.020704391953538917,0.01747982335354143,-0.04526505395853582,0.07366021305430356,0.055895798496164543,-0.06021205456008263,0.003665243431815126,0.00016132700045009854,-0.0023181144994841576,-0.025889031461230744,0.012010779313350935,0.011714463662749674,0.014860804451054012,-0.02250592358020871,0.004158121522691498,-0.9804943791207671,0.007026201607790365,-0.00748528025822035,-0.010349209600146672,-0.0033468403711160444,0.01056395347821797,0.021217062301048976,-0.006271182046736413,0.001852397878634375,-0.005207580769503757,0.028953769841967254,-0.0034972096153674816,0.013435182889365186,0.040807117959972626,0.0024900013963178257,0.0073421805685254336,0.011611988336534157,0.09095462398631461,0.0040274872557257745,-0.019019453991519678,0.026649478852391138,0.007069855230254876,-0.005113336012052224,0.0011076200729825474,0.00920834444125526,-0.03246670874050546,-1.2031719673885307e-05,-0.019012278263206287,-0.0027010948382210193
182,-0.3084004449226599,0.09411944151192227,0.12839547877455168,0.15300010383169693,-0.2197455975973805,-0.10744170856065369,0.14618951087299933,-0.11256102175364467,-0.009920069100437,-0.23275532411600913,-0.001616573509572567,0.037285102562910746,-0.20998861855664863,-0.004942614209551641,-0.06264439485620336,0.017065084267142126,-0.011039651131341201,-0.0650895249644672,0.10965537398355556,-0.021512914553124218,0.019746011264788827,-0.1928028321117796,-0.13297781743572504,0.06752765524665165,0.01390396121070817,0.007575361489810573,0.1158816984472263,0.09127474536276399,-0.04116414320500324,-0.017591040674716597,-0.1452233716709894,-0.1520093464915512,0.08208592902042407,0.028499026072453023,-0.1968126606795564,-0.11825392537644237,-0.0696288813195427,-0.036210375345271315,-0.043499345942651584,0.0438924025082357,-0.12614220870273746,0.15732124789150934,0.04596347331407334,-0.010228508441572871,0.06236429503616348,-0.09119948356411765,0.2331637131856935,0.005188082431313718,0.06880991044863417,0.09407660145054403,0.014758111574560338,0.2093791126422373,0.028695545639825997,-0.11116276805931403,0.042615240932283874,0.0784549189968999,0.0751367088601905,-0.036556649336637076,-0.155779505663361,0.025278229189165904,0.01988437248798091,0.05279255468537837,0.03539901211796939,-0.11857510820365276,-0.07076722477446201,0.07671442000284304,-0.02196940117793253,0.031179735190666906,-0.04380104724984168,-0.012531170095781217,0.14967948885303545,0.3246771698501825,-0.08619420183195695,-0.2214622689419325,0.5691387594817855,0.007675628848749767,0.012940798034473226,0.1756483761399534,-0.06680683434782596,-0.9804943791207673,0.007026201607790397,-0.007485280258220392,-0.010349209600146814,-0.003346840371116317,0.010563953478217957,0.021217062301049135,-0.0062711820467362305,0.0018523978786342242,-0.005207580769503722,0.02895376984196722,-0.0034972096153672123,0.013435182889365172,0.04080711795997251,0.0024900013963176843,0.007342180568525607,0.011611988336534073,0.09095462398631479,0.00402748725572569,-0.019019453991519827,0.026649478852391297,0.007069855230254796,-0.005113336012052197,0.0011076200729826836,0.009208344441255154,-0.03246670874050533,-1.203171967399322e-05,-0.019012278263206298,-0.0027010948382210228
183,-0.26247366746799566,0.05787105548806554,-0.0017425787427072434,0.21722321554227633,-0.33614204598739217,0.10824543920776988,0.060816266004994714,0.09789179379112599,0.0372154015931456,-0.30346143928013836,-0.05023675709047949,0.22431353520425323,-0.2754362062087469,0.14677864146416733,-0.05170548375867367,-0.08362744205098302,-0.012129333585287632,-0.10977415669982153,0.198438291492586,-0.37543410737961413,-0.011523862439010182,-0.1718948227964219,-0.20357226422044497,0.13422449909424664,0.10348180883928913,0.0916244625525153,0.28059414961690876,-0.016316503131816915,-0.0911399902898111,-0.15273045388346385,-0.2832085234280849,-0.017849263810666323,0.05210392469631808,-0.04171987861317948,-0.2372937526275106,0.007786021748431108,-0.024776467434778706,-0.004486256157510714,-0.07210918144138415,-0.03365567784498001,-0.05812054748555682,0.20257268854758467,-0.005777105110618148,0.08622828568098861,0.02824686299984541,-0.12688639530975904,0.29869353162187234,0.12322923936411707,0.06980354181355132,0.09078004551092192,-0.05917563406237404,0.23240137916649495,0.06854036984584379,-0.11685338087076119,-0.011733872775503971,0.05125056803141882,0.08881541975828142,0.07641822140050211,-0.11265809746408556,0.05172107458866717,-0.05954278319221844,0.06792059898657035,0.04837395636219171,-0.04752502780824164,-0.089575737545345,0.05001164374693425,-0.003041413792375573,-0.057328412399259246,0.016899968094060313,-0.017146959560223628,0.012088919052688012,-0.02692821434744108,0.03879613276323289,-0.0029832461884523585,0.0007538521592126419,-0.003360766443266895,-0.016972661278299613,0.013302744060074704,0.007035877308790506,-0.9804943791207674,0.007026201607790365,-0.007485280258220425,-0.01034920960014676,-0.0033468403711160964,0.010563953478218069,0.021217062301049163,-0.006271182046736303,0.0018523978786343543,-0.005207580769503857,0.028953769841967295,-0.0034972096153674504,0.013435182889365235,0.04080711795997254,0.00249000139631777,0.0073421805685254336,0.011611988336534027,0.09095462398631461,0.004027487255725778,-0.019019453991519678,0.026649478852391235,0.007069855230254848,-0.005113336012052092,0.0011076200729826585,0.009208344441255187,-0.03246670874050537,-1.203171967400934e-05,-0.019012278263206162,-0.0027010948382211737
184,-0.0671537277482807,-0.2532368970654789,0.17163483066706034,0.01924410991351265,-0.06112644188918498,-0.1138354635921036,-0.05028655840815024,-0.2618338508716618,0.09108285821047253,0.1611905495389098,0.04128553431878804,-0.16660551087339803,0.08295503378963164,-0.41366737289863137,-0.04788318456149409,-0.2069171851735578,0.08583174301399725,-0.135861640344131,-0.21137587318600515,0.3730647818666633,0.046101046186581666,0.2062368333235713,-0.27048838464253344,0.03384720755760245,0.13921185170730616,0.0427148740731569,0.12672826094064704,0.0794827609188442,0.2990011486445512,0.19193507003264437,-0.04418143872299872,-0.1773958760699654,-0.15072840210192226,-0.04206210729441231,-0.08126202157179564,0.29942590410866216,-0.171669550543803,-0.1648902787798927,-0.006462297080878721,0.03660203606644976,0.025669919089580134,-0.06558096719601551,-0.046960246438835035,0.0644250003564571,0.21907184329587567,-0.025171761784790928,0.00904045650945208,0.09216640641568118,-0.15152580018319378,-0.1688652169331899,-0.0709686856463073,-0.13213619983592392,-0.06789816205905153,0.08144924927303869,-0.32473764671030025,0.12165488188451044,-0.07080013497196741,0.1129454373984607,0.11138258244676419,-0.21032748216213665,0.07700731741794394,-0.22099857355595648,-0.025605604227167275,-0.10068721498658277,0.08027824004556597,0.045764617579977414,0.011891657964060033,-0.14344960260143877,-0.03876119649503698,-2.6704659841035015e-05,0.027570753823498356,-0.00570954642632661,0.1344023995083336,-0.044127511435227286,0.007394702592399896,0.01384115933216491,0.010697319397116493,-0.0025755519409310385,-0.015560948447378398,-0.9804943791207672,0.007026201607790314,-0.007485280258220175,-0.010349209600146587,-0.003346840371115849,0.010563953478218027,0.021217062301048837,-0.00627118204673621,0.0018523978786342311,-0.005207580769503524,0.028953769841967274,-0.0034972096153674413,0.013435182889365228,0.040807117959972744,0.0024900013963176483,0.007342180568525607,0.011611988336533973,0.0909546239863145,0.004027487255725754,-0.01901945399151959,0.026649478852391117,0.007069855230255108,-0.005113336012052397,0.0011076200729826246,0.009208344441255236,-0.03246670874050539,-1.203171967393424e-05,-0.01901227826320625,-0.0027010948382211407
185,-0.183491025952758,-0.12037346760498871,0.25846613517412953,0.2900273261522399,0.22832596603181254,0.11848978591531124,0.06562552062093707,0.3808119865840112,0.12301778615436187,-0.31920480812058577,-0.24137015385566404,-0.09315354910642351,-0.06154714188957898,-0.22163774233565123,-0.3636470026614473,-0.2729728437201431,-0.024130712419063262,0.1435210628047143,0.11357982036133753,0.37975161666466467,0.11674008345232169,-0.0196387542885188,-0.31463998916135916,-0.03463456224393708,-0.024120639792668472,0.024382857839280476,-0.021202992029258103,-0.10452634949509555,-0.05011443553302346,0.11469204760015173,-0.2357697234054447,0.021923522327773923,-0.07110713577245441,-0.0767052330831441,0.007942834755575015,0.005492607122189201,-0.20827415614823272,-0.1963553608827864,-0.1545292073328452,-0.06051504492393115,-0.08146251123928731,-0.11028215057221707,-0.05420530636783777,-0.2590322045406097,0.013016208475741453,0.06182195183461594,-0.029683421547085143,0.01842353191502372,-0.05363170252191656,-0.07070596680877762,-0.12957757846189386,0.057420104116015926,0.05363328070032693,-0.004327917519370157,0.08884938236524487,-0.11298138359383081,0.04213370169404055,0.18837533423940594,0.10811709143583977,-0.19581506078209882,0.021362645957159657,-0.08086319554206489,0.013080039776441451,0.10824816274502122,0.07688584297313865,0.07987673823880491,0.06566836251514627,0.055998609253182216,-0.022200768261058164,-0.05175926908834431,-0.050027003254886925,0.030014824949000204,0.03659334984922383,-0.040427192034153445,-0.0003197096817032662,-0.005618208391234772,0.006404121165955459,0.003623058531903041,0.0005582160759711113,-0.9804943791207665,0.0070262016077904735,-0.007485280258220085,-0.010349209600146705,-0.0033468403711158783,0.010563953478218011,0.021217062301049097,-0.006271182046736122,0.0018523978786343408,-0.005207580769503633,0.02895376984196716,-0.0034972096153673532,0.013435182889365311,0.040807117959972765,0.0024900013963173938,0.007342180568525535,0.011611988336534143,0.09095462398631464,0.004027487255725707,-0.019019453991519705,0.026649478852391193,0.007069855230254997,-0.005113336012052197,0.0011076200729827122,0.009208344441255095,-0.03246670874050555,-1.2031719673965438e-05,-0.01901227826320613,-0.0027010948382210687
186,-0.2861627415137592,0.23330232881076268,-0.09740817576539806,-0.15078389319909552,-0.5266577734111515,0.8661588319525174,-0.026591221907620966,0.4384767374602572,0.5175968701529062,-0.23195894732583025,-0.3935068838872326,-0.40221360229621844,0.19626018832072,-0.1761708280946178,0.001831953416935564,-0.5585759337750746,0.04665093961679337,-0.04029804501639032,-0.14881081984805997,-0.036795740562428535,-0.04467958444180366,-0.20614336941853664,0.18805942029296324,0.19122883393121382,0.0798150566272204,-0.01137544236858487,-0.19262188146836132,-0.006397490628494348,-0.026256496757408248,-0.2746583518506498,0.4512070837198378,-0.21498018617027018,-0.031872729656707795,0.26312845963092435,-0.2619784715719902,0.0623287696160416,-0.2302371126180112,-0.08935769392440619,0.11754811025730859,-0.041709452888037506,0.18454390309402113,0.16501618027995374,0.10829010112154974,0.04157177013791686,0.04285781189448983,-0.04825091984950168,-0.11953113439177432,0.013135625177654873,0.026636271922784123,0.12405988478013727,0.10272083978141529,-0.019950255558649533,-0.0833693165922026,-0.15845454809604553,0.06403843369810934,-0.0030819288742914763,0.0391727641572242,0.05423083417841189,-0.02653610240889317,-0.14796148922521885,-0.1293308522817473,0.06012309837464764,0.08860852315519438,0.06290113107348036,0.13755206998872305,-0.12372283961854535,0.06430391940512174,0.0417465363113633,0.08144767277825671,-0.06360616199606706,-0.011545153974901266,0.0002079586883336564,-0.06545635325372096,-0.0025740714240027798,-5.56709119885214e-05,-0.012524222168860582,0.004403961199672929,-0.009859590912692225,0.003204227514695762,-0.9804943791207671,0.007026201607790567,-0.007485280258220196,-0.010349209600146701,-0.0033468403711158262,0.010563953478217937,0.021217062301049052,-0.006271182046735886,0.0018523978786344883,-0.005207580769503913,0.02895376984196715,-0.0034972096153674,0.013435182889365361,0.04080711795997256,0.002490001396317787,0.007342180568525664,0.011611988336533952,0.09095462398631445,0.004027487255725806,-0.01901945399151978,0.026649478852391124,0.00706985523025506,-0.0051133360120521,0.0011076200729827677,0.009208344441255114,-0.032466708740505314,-1.2031719674102915e-05,-0.019012278263206214,-0.0027010948382212197
187,-0.021356039368059833,-0.2509380219923027,0.40689088909173143,0.3872620777162974,0.3043990293389688,-0.09065730418444523,-0.09867418776563919,0.25497821758620604,-0.00043246917923120653,0.13415850081204025,-0.031087743297226005,0.012057700542430933,-0.0025264696076311224,-0.13547417478747256,-0.2034361409001784,-0.1571915595231688,-0.11714476091070364,-0.10298156465753086,0.26527735844658973,0.04497986902063232,0.2520388516057061,-0.09457819720345638,-0.16194708518235357,0.1772327557362227,0.41483853391235787,0.13347594393717543,0.009491529817040724,-0.0684348880845904,0.09010963465888308,0.04977064952267208,0.017374555573022032,-0.1855325537441487,-0.0021977687671662126,-0.11828156980801954,0.1897259332897668,-0.10707422482358536,0.11964916437530866,0.08696802369424013,-0.03833635256433396,-0.044323521962225686,-0.09509749803934445,0.13727249949503437,0.017453590591769336,0.1327537340165471,0.16633692908612718,-0.11140070415281664,0.2698445969295276,0.19788936304505725,-0.05871949130945325,-0.03737315548737347,-0.23059522776894656,-0.07466952073151512,-0.0300661852803329,0.10232590099883848,0.1932001049056967,0.08423735392112121,-0.00778613529461404,0.10937994608091416,0.2634887196682152,-0.05801786146188446,-0.11947306064138838,0.17097574474292937,0.11628024432856755,0.1097587326286092,0.08228543869759739,0.00300562866087734,-0.11591950366145976,-0.08203472486652438,-0.08525766663719349,-0.06828488957031312,0.023707684904858604,0.002404395050973945,-0.0007229009109857137,-0.00122028859601346,0.007447015187206373,-0.014627183153595815,-0.0034460495606378964,0.0033826142040726055,-0.006351095632478919,-0.9804943791207671,0.0070262016077904475,-0.007485280258220227,-0.010349209600146623,-0.0033468403711159876,0.010563953478218042,0.02121706230104899,-0.006271182046736251,0.0018523978786341916,-0.0052075807695037245,0.028953769841967167,-0.003497209615367629,0.013435182889365153,0.04080711795997276,0.0024900013963177806,0.007342180568525424,0.011611988336534077,0.0909546239863145,0.004027487255725679,-0.01901945399151978,0.026649478852391273,0.007069855230254972,-0.005113336012052043,0.0011076200729826778,0.009208344441255189,-0.03246670874050558,-1.2031719673996087e-05,-0.01901227826320623,-0.0027010948382211433
188,-0.10390364127829377,0.10875912163238927,-0.1125598152875964,0.3731091120238153,-0.3840496274995757,-0.030545526350044292,-0.09474057523703162,0.13106661016588625,-0.20146376634937332,-0.16613415673550483,0.01519718756522256,0.0033604956073295354,-0.17593553888301827,0.061693491772012075,-0.03736952983855094,0.12591712950465464,0.02846002303127366,0.27256005769043257,0.23569922747127706,-0.017717619240087554,0.11258941663387746,0.14470843144102563,-0.12540765280213925,0.22808682971700378,-0.058416071943085096,-0.060246442616555845,0.16907742031953005,0.13997118528104985,-0.2055649431811433,-0.0953631541984183,-0.03062096297292004,0.00811108997804512,-0.12755398233710866,0.21674995346113313,0.33918559672504744,-0.02446152136426049,0.21946604697122082,-0.06621035962046364,0.04558461249985702,-0.11302021306889366,-0.2718800233525131,0.23482509781624408,0.026575023665556953,0.2957427075835526,0.23529678533559173,0.20982297397898506,0.1419204022773666,0.06033286150693661,-0.11138986579919885,-0.08383273566640184,-0.010701225126863832,-0.13893020174782533,0.04147621660115193,-0.13746528894873622,0.13204957855265387,-0.012549299134559206,0.02884039659109202,-0.07974726138051326,-0.007544601369012645,0.07183706739760876,-0.14801978559012316,0.20444411625984965,0.3535175821674948,-0.015082363248569262,0.044636893681232304,0.053408903094942874,-0.04679774234652895,-0.13566820383570388,-0.024652124707434317,-0.02016549798055419,0.015540667643645223,-0.041580725053702555,0.08963409245298226,-0.029617326630798375,0.0060708602658683655,-4.120227667695413e-06,-0.011550304220846725,-0.0001591984270913588,-0.0068443222456671575,-0.9804943791207672,0.007026201607790254,-0.007485280258220404,-0.01034920960014685,-0.0033468403711159507,0.01056395347821802,0.021217062301049004,-0.006271182046736387,0.0018523978786342918,-0.005207580769503673,0.028953769841967344,-0.0034972096153674365,0.013435182889365068,0.040807117959972626,0.002490001396317791,0.00734218056852542,0.011611988336534276,0.09095462398631456,0.004027487255725688,-0.019019453991519775,0.026649478852391,0.0070698552302550875,-0.005113336012052037,0.001107620072982478,0.009208344441255152,-0.03246670874050563,-1.2031719674099545e-05,-0.01901227826320637,-0.0027010948382212084
189,-0.12332768753862612,0.041764539472991656,-0.05435350560971485,0.13144373785663702,-0.36178697950342553,0.03746810223441969,0.15653426208557847,0.14978413533178206,0.18428830345837313,-0.07682289549723681,-0.007192910543709046,0.25179720152417384,-0.1833117175246545,-0.053856312778979155,-0.10614118217556903,-0.12731643267106213,-0.06524061363016023,-0.23518666266627672,-0.038674323815828276,-0.44782020381139653,0.006806666482347026,-0.16557215180667578,-0.19817125484954506,0.04815686183285248,0.12948016533242168,-0.03936538827104392,0.2421365367053394,0.07361814207399812,-0.11668197254674245,-0.03298090801307106,-0.31233795909596446,0.3375209358648342,-0.15282444042063037,0.06469471613613609,-0.058949922767329035,0.10605963534412552,-0.008097856186857846,0.0017609752347276153,-0.03898893281896502,0.19550021113669122,-0.02212794724674551,0.013654798258591686,0.060087398505619116,-0.09062460811629665,-0.054001626969979316,0.04452723984450183,-0.06255955106010538,-0.156080111779331,0.1979063000503962,-0.015360027802825357,-0.06354946742230788,0.06343387496366742,0.0555758697519895,0.0027293913960763473,0.11114356917753174,0.08457654567366776,0.1716794793048474,-0.02015714972076752,-0.08547947433655635,-0.13529491071801686,0.06667934865177559,0.16578482865945787,-0.0056982693300651095,-0.05416949523872523,-0.044071971164701254,-0.10411476513610304,-0.05882847357175665,0.0517925523671957,0.032168660702535816,0.02994682897832421,-0.015989998321375546,-0.011427324549413047,-0.028486043064453584,0.02424646626873725,-0.011757355407394476,-0.004235056704095375,-0.002016776042983272,0.009431306480523252,0.0014924640767511438,-0.9804943791207673,0.0070262016077903555,-0.007485280258220379,-0.010349209600146809,-0.00334684037111605,0.010563953478218098,0.02121706230104905,-0.006271182046736279,0.0018523978786343005,-0.005207580769503777,0.02895376984196694,-0.0034972096153672817,0.01343518288936511,0.040807117959972605,0.002490001396317829,0.007342180568525614,0.01161198833653405,0.09095462398631463,0.004027487255725822,-0.019019453991519834,0.026649478852391172,0.007069855230254886,-0.005113336012052069,0.0011076200729827426,0.009208344441254936,-0.03246670874050543,-1.203171967386832e-05,-0.019012278263206072,-0.0027010948382211477
190,-0.2908967294945336,0.004361834149036928,-0.025222072266181315,0.4274052841977097,0.1238091898043814,0.10252830802395506,-0.21925361685618333,0.16814469728122367,0.0036323259622196074,-0.37204380741431325,0.007911091265360645,-0.15169105576147432,-0.1889838582006573,0.10227549401081819,0.2338579421435549,-0.005663261781906536,0.13404038098259052,0.09191577638981868,0.3311307183862547,0.08696230342657617,-0.02954789957493016,0.053387488172271735,-0.3696061606995414,0.08544076914939436,-0.009826092909856775,-0.21946584164228775,0.15380581442001115,-0.3790311423903653,-0.11620642539988864,0.1800800156990064,0.017940742230434584,-0.029314172888944907,0.19487547500674648,0.018368789764183595,0.2723726955929534,0.006456382151446602,-0.19089747560701129,-0.1047752044629412,-0.062462171893431506,-0.28370368609281904,-0.10385213157489846,0.10944917603414019,-0.049503775122879165,0.07932568396316639,-0.306516738219777,-0.07350555689201432,-0.2084809085153004,0.19682208784889876,0.05264027450767987,0.02844457467076664,0.08621219444540507,-0.03457909125549703,-0.19727535887728584,0.20017659371617505,0.010703514253454456,0.03987157503048399,-0.17601653186664512,0.05654507025524414,0.032562336347799654,0.07144284279623153,0.04924080653483415,-0.05742589923835486,0.0004722724202214903,0.12237102396243914,-0.0756578197186991,0.025401047514905226,-0.07551316804808691,0.059876978854589716,0.05713205416960577,-0.008461754541786637,0.04743815917845697,0.01302439665041808,0.15063061696585972,-0.06285092538865253,0.012865964683328908,0.00048509356098848193,0.014412917378349807,-0.0002982622131537667,0.007827489928728126,-0.980494379120767,0.007026201607790476,-0.007485280258220263,-0.01034920960014672,-0.0033468403711159472,0.01056395347821817,0.02121706230104899,-0.006271182046736225,0.001852397878634396,-0.005207580769503736,0.028953769841967215,-0.003497209615367343,0.01343518288936513,0.040807117959972654,0.00249000139631759,0.007342180568525503,0.01161198833653399,0.09095462398631475,0.004027487255725622,-0.01901945399151969,0.026649478852391138,0.0070698552302551915,-0.005113336012052096,0.001107620072982832,0.0092083444412551,-0.03246670874050548,-1.2031719674062249e-05,-0.019012278263206093,-0.002701094838221066
191,0.1794627193046863,0.3824092480294335,-0.5541305080512892,-0.042270905549628174,0.19310201167228075,0.4176205066916586,-0.21041025751078982,0.2570147840440281,-0.39153920615888405,-0.08246145449500067,0.18949829547170333,-0.21216021785583408,-0.38217037608604587,-0.24987839390238017,0.3367327128702111,0.5262390013169553,0.2201638052834202,0.16939867400506753,0.1514536268489406,-0.2979894513486223,-0.40539658108523535,0.04150463001056707,-0.3450429536104039,-0.23196773307701646,0.07690990671010317,-0.1672098294962211,0.04960598003065892,0.18229589108975058,0.1383368670278334,0.00821443170869025,-0.2513452445514143,-0.17059394062604372,0.03621990336630012,-0.1565782627046568,-0.06227067503218503,-0.058462679016414,-0.023606092897749755,-0.2979047344321523,0.03134154591328941,0.06408029602468789,0.11818105865232215,-0.13102406277404502,-0.053039829899550216,0.11989754117539433,0.20667333435610077,-0.062112693242571765,0.08633031811699036,0.054432421887283824,-0.195181102045918,0.1436441668006173,0.17826511910828127,0.08253244564674032,0.010741975990010982,-0.07826903986762247,0.1011771588958383,0.042517189564922724,-0.08525592596229786,-0.2257715833088663,0.005345169803624938,-0.05391757922548138,-0.108799736000861,0.2050948734178836,0.0007189073536588368,0.036825231189290375,0.07046677816979176,0.14324174646037408,0.20601824911436947,-0.270780771177686,0.13544872430561936,0.0186748675138732,0.06202361625103197,-0.02478472026780477,0.0012646311105850548,0.03092898398256613,0.010285059522574608,0.024765076109299764,-0.011004782759874548,0.014686525952333395,-0.003354911483662529,-0.9804943791207673,0.007026201607790407,-0.0074852802582204316,-0.010349209600146991,-0.0033468403711160825,0.010563953478218117,0.021217062301048948,-0.006271182046736667,0.0018523978786344653,-0.0052075807695035345,0.028953769841967354,-0.003497209615367454,0.013435182889365193,0.0408071179599726,0.0024900013963178465,0.0073421805685254336,0.011611988336533926,0.09095462398631468,0.004027487255725591,-0.019019453991519636,0.02664947885239104,0.007069855230254938,-0.005113336012052304,0.001107620072982596,0.009208344441255222,-0.032466708740505376,-1.2031719673903088e-05,-0.019012278263206377,-0.002701094838221118
192,-0.27937540996929877,0.05908657097876254,0.0017065405659606545,0.08799372848896929,0.22386758342785926,-0.1735274370048978,-0.003721487181138252,0.03994981209815898,-0.06714311678919416,-0.364803765525203,-0.11175370250905488,0.005742782116714461,-0.36819042671620045,-0.027184167807531932,-0.039671333401343045,0.06763721643192666,-0.14998807455796823,-0.1613227145892366,-0.17738524375635412,-0.17277343130062578,-0.14322024583649054,-0.02281023398426847,0.18413900230574895,0.04313911922462547,-0.00975154676618284,0.17436803175561807,0.05069406397448267,0.09533386982897317,0.2444430562212733,0.061366941768789755,0.13311060001551667,0.2689520905312617,0.19254058853622386,-0.03742791841375999,-0.020624223630858612,-0.12554831151663431,0.026709714178852227,0.2231531155296601,0.10945061167267459,-0.06749441134711923,0.07280694480845801,0.05849161882225658,-0.08843025912476112,0.21722649066342242,0.1724962510415683,-0.16906944711857388,-0.12025984860724218,-0.15715002226831642,-0.013966687813170715,-0.1384021092491657,0.04664240590747841,-0.036884814099810884,0.0683176753725112,0.1792211959528285,0.024794028027242128,0.040714085144117354,-0.04240757916113954,0.07370972015148725,0.0883868819102749,-0.11403832450843772,0.0026186014070381436,0.021360704308979593,0.016294288268072294,-0.03156060983692233,-0.17242287145948268,0.012590297385727233,0.1648997352173879,0.020972841048582973,-0.06877603428615663,-0.0245556078112998,0.005576053491853829,-0.009477315971674794,0.10288945240781906,-0.03812629166231134,0.009875475782141242,0.000665399688152368,-0.011338992749552659,0.0013100242299473959,-0.0008861739791049769,-0.9804943791207673,0.007026201607790239,-0.007485280258220411,-0.010349209600146824,-0.00334684037111584,0.010563953478217992,0.021217062301049014,-0.006271182046736333,0.0018523978786343814,-0.005207580769503812,0.028953769841967215,-0.0034972096153673467,0.013435182889365106,0.04080711795997244,0.002490001396317866,0.0073421805685255455,0.011611988336533952,0.09095462398631471,0.0040274872557256244,-0.019019453991519834,0.026649478852391224,0.007069855230254884,-0.005113336012052129,0.001107620072982883,0.009208344441255109,-0.03246670874050538,-1.2031719674006289e-05,-0.019012278263206214,-0.002701094838221128
193,-0.2251378679112351,0.24800271316187564,-0.2356168410419949,0.03506419384404694,0.11573868830523992,-0.16923373754862103,0.3691773900141817,0.17004653947022408,-0.20516116007489368,-0.2342650597317881,0.1261462285474502,0.00305922477850332,-0.24488787901221354,-0.025092459130772706,-0.04265840035917324,0.0437215162361136,-0.27666009142360537,0.1923035918988912,-0.042077463480563265,0.016172011715792984,-0.018294099770845826,0.17440350989196923,-0.22746542598508643,0.12392392320965954,-0.006851199244174757,0.021114488565321436,0.1961911094567915,0.16477343984504952,0.03393236608646373,0.019400892122104853,0.02576519366568407,-0.118686838026059,0.14113896868923573,-0.019534562815284304,-0.05607939469601384,0.08843182224216047,0.23359929269534505,0.006023486668569129,0.0687779882489036,0.09966610108293539,-0.014904608830069374,-0.25364413107517425,-0.13138774210958665,0.15218835366611383,0.07517284255194333,0.08572157401674149,-0.21754190446795713,0.06619607693981402,-0.05547764433080243,-0.10018884659890182,0.14679206447482013,0.08266120852286583,-0.06964129447840978,-0.023120709720612476,-0.06120182114127249,0.08481993716776517,0.19385903270849678,0.14645352208652937,-0.07668692112345137,-0.11895601053754074,-0.14868412296048433,0.04385595006604677,0.0437610859383819,0.08626372840015938,-0.14080636819950076,0.023152461889303748,0.022431153997760855,-0.020421291305845413,0.004919920147191435,-0.08373934279744748,0.029904421067375436,-0.026386984679969888,-0.07585334599190409,0.020055384757792512,0.010043622995000966,-0.011486404109159453,-0.026325916026560064,-0.011259848871069554,-0.008577691543364435,-0.980494379120767,0.0070262016077903095,-0.007485280258220433,-0.010349209600146854,-0.0033468403711158605,0.010563953478218039,0.021217062301049066,-0.006271182046736316,0.0018523978786343057,-0.005207580769503791,0.0289537698419671,-0.0034972096153675475,0.013435182889365144,0.04080711795997247,0.002490001396317666,0.0073421805685254336,0.011611988336534054,0.0909546239863146,0.004027487255725823,-0.01901945399151969,0.02664947885239118,0.007069855230255067,-0.005113336012052363,0.001107620072982759,0.009208344441254969,-0.03246670874050549,-1.2031719673899488e-05,-0.019012278263206145,-0.002701094838221174
194,0.622362827429305,-0.24801461579894798,0.018456830907986096,0.26588581549670576,0.45035809513096364,0.6411729253084775,0.49594267191971103,-0.36445311909864253,0.21059362287515265,0.15966488372897264,0.7253333580318714,0.5721020574115655,-0.2983411249896536,0.3734915370197807,0.3095258017016466,-0.11696647105495961,0.1555038936312956,0.48828329691524774,-0.09966994947077246,0.11954115985224062,-0.05613574927012751,-0.16185939760265972,0.4513253779433113,0.08373158398186584,0.5952211603034201,-0.033049546483183465,-0.1479858513191697,0.801832347969773,0.17314987002023213,-0.05543624237222181,-0.3410932884239806,-0.05304527669686721,-0.04741143499647982,0.2714208915963116,0.19028477161387847,0.15188474756377196,0.07546874092174498,-0.09964672795153312,0.0766221070206566,0.23705269939693605,0.1153828373493887,-0.0355707405041457,0.05444671935142604,0.293151087021578,0.009676657867915685,0.025351580309376502,-0.04097629355341003,-0.02192168096787913,-0.31569265316461703,0.27808019409902307,0.1346565082120072,0.09417935621273553,-0.23958157324232204,0.10583396185471808,0.1841783930012367,0.17520853556808455,-0.14687187081599565,-0.03974474470485182,0.12083254263155176,-0.02571535849011693,-0.20896666409769732,0.028622515162968362,0.22204310569862146,0.12235754853251678,0.06973053603058112,0.04713940303471781,0.08081890223081739,-0.08977716358460654,0.03161086909026879,0.023761270406531955,0.025678732939217436,-0.02377329394649183,0.0364398920117342,0.012240368309417783,0.014537765334467368,0.0334710706964799,-0.021206361326314826,0.009853813636700444,0.000850362401195863,-0.9804943791207666,0.00702620160779004,-0.007485280258220411,-0.01034920960014661,-0.003346840371115977,0.010563953478218296,0.021217062301048827,-0.0062711820467366815,0.001852397878634009,-0.005207580769503444,0.028953769841967143,-0.003497209615367497,0.01343518288936504,0.0408071179599724,0.002490001396317784,0.00734218056852526,0.011611988336533789,0.09095462398631449,0.00402748725572579,-0.01901945399151957,0.026649478852390992,0.00706985523025472,-0.005113336012052163,0.0011076200729826108,0.00920834444125481,-0.032466708740505335,-1.203171967388561e-05,-0.01901227826320616,-0.0027010948382213684
195,0.2716258075740062,-0.3525251083790653,0.18196105810289903,-0.21556748337744353,-0.20450383372257427,-0.029730279723556755,0.1262309777184185,-0.3202042161834245,0.10349571797744729,-0.22276248874459276,0.07166516495779807,-0.5045658143424542,0.2209163064354895,0.03320818529968029,-0.21487268135765666,0.45736881829998194,-0.4874752252567298,0.012513506253781078,0.22786227467514394,-0.1297993720042731,0.05777485183528747,-0.13551147771779687,-0.04215692742960662,0.2360543410161389,0.003800442634684491,0.2310648425485094,-0.16451891767995858,-0.05404681488763271,0.06458866285552156,0.06721191651596993,-0.1036602105981167,-0.08385129621859878,-0.004996563746702964,0.13386767433074415,0.16210299254705024,-0.04758772440797027,-0.13185966131773813,0.059052659707308955,-0.12674031501693642,-0.06576387649583292,0.04792690682743148,0.3960373258594371,-0.08491078756844463,-0.03413058282632353,0.14963067580563771,-0.005415597333097987,-0.006320799721011636,0.18786028879063707,-0.11162749885813607,-0.11374925730625887,0.06543978044275019,-0.12482792663247637,0.042612629486261856,-0.021846441122149313,-0.08672886248014694,0.025629659687726278,-0.08925612121638805,0.1232077651355437,0.04531263201738218,-0.19496223453346598,0.025235801957462205,0.06750916210567884,0.01224612236796072,0.10249359695523083,-0.024198778703495672,0.13303947076291475,0.09012096880305595,0.07125239871542355,-0.03986491894134817,-0.11411669736872895,-0.0711260263542227,0.0084269053295131,-0.011214873688445292,-0.0018358874597540118,-0.00968095341943985,-0.009106373158441537,0.004633608917052073,0.020730441047902767,-0.009220412657203924,-0.9804943791207672,0.007026201607790307,-0.007485280258220274,-0.010349209600146824,-0.0033468403711157673,0.01056395347821796,0.021217062301049083,-0.006271182046736338,0.0018523978786342727,-0.005207580769503559,0.028953769841967136,-0.003497209615367365,0.0134351828893652,0.040807117959972536,0.0024900013963176483,0.007342180568525468,0.01161198833653404,0.0909546239863146,0.00402748725572573,-0.019019453991519737,0.026649478852391283,0.007069855230254824,-0.005113336012052298,0.0011076200729827287,0.009208344441255172,-0.03246670874050544,-1.2031719673857855e-05,-0.01901227826320646,-0.0027010948382211603
196,-0.1141619071363758,0.14817955404535382,-0.36746824705553044,-0.015372479035994365,-0.08750066356898147,-0.16544004674110468,0.09965801017382403,-0.14951810284775663,-0.35005609312172703,-0.44859175340470886,0.19377752210284951,0.18773759460693476,-0.20836942713082446,0.1240535965335282,0.002906175078323741,0.15141254735712129,0.10180745983684264,-0.09194512978323552,-0.22507325676743284,0.31817760974330056,0.11928279481943342,-0.09587909375826553,0.04760674483047345,0.15861254083428047,-0.09105017997949402,0.07515262432324617,-0.009340104101586224,-0.25204587638516784,-0.08781043709463461,0.006025055782818551,0.08226962343921268,-0.14143886671700567,0.04836120476370413,0.020334648304804838,-0.05242348719738447,-0.18871345149892643,0.03811571901131793,-0.20221246972913962,0.17014050284715776,0.028805148687789436,0.017925650404006545,-0.1646825825561589,0.08589512392155677,-0.21281773282632185,0.12647330391060083,-0.10309534208637033,0.13868063216826698,-0.08170032197514082,0.06559926280190198,-0.1108984184270262,0.051824150543643616,0.13433591345215518,0.12846172522114674,0.06962191781631641,-0.04860947040467624,0.05744850715303667,-0.06328226467933076,0.009454986137932863,-0.0033518601293010077,-0.035796254005448086,-0.045703750176798216,0.002865063901124496,-0.08356090039714206,0.061489427041467565,-0.07708281172318932,0.023206309379561786,0.08647253844552094,0.04071383375396777,-0.07476951445786,-0.0772320111206154,-0.03077484427466703,-0.004818101112917426,0.07713716206792627,-0.043704657991191206,0.006796640602206242,0.0018503088683550406,-0.012739688696491438,0.006577997830055954,0.005264032669401119,-0.9804943791207668,0.007026201607790296,-0.007485280258220416,-0.010349209600146687,-0.003346840371116131,0.010563953478217984,0.02121706230104915,-0.0062711820467364135,0.001852397878634382,-0.005207580769503868,0.028953769841967073,-0.0034972096153674088,0.0134351828893652,0.04080711795997256,0.0024900013963174996,0.007342180568525489,0.011611988336534033,0.09095462398631446,0.004027487255725587,-0.019019453991519733,0.02664947885239111,0.007069855230254775,-0.005113336012052224,0.00110762007298287,0.009208344441255114,-0.03246670874050547,-1.2031719673955e-05,-0.019012278263206173,-0.002701094838221136
197,-0.1957941622896607,0.13183726609365953,0.06634881663066929,-0.013984514651493089,-0.15845158391464664,-0.1402524044694771,-0.009726780807451142,-0.1792304560882252,0.3040403079428267,0.07353284524163735,0.203922650963747,0.1642200542053855,-0.2991551862166456,-0.23029853370231482,-0.040660828018718315,0.0024598999606365345,-0.3650362405762146,-0.19073318458523292,-0.015100896195223484,0.04171111340977415,0.16344329341901778,0.054644312277014204,-0.10079401766635512,0.2234983710724238,0.013647498440171416,0.07781227722834512,-0.09249572760663491,-0.014697767746985243,0.2601032548835063,0.16850621227548798,-0.14764647389437324,0.12436309013634352,-0.08077228457609564,-0.047963406785581975,0.07566338177776369,0.002576966156974766,0.025170962510550662,0.14735184035078364,0.23158869748816796,0.15974940841052654,-0.042845936979786566,-0.09648907705836092,-0.12121901105829132,0.17605852415093248,-0.008562823188619114,-0.1357621769018535,-0.07951497190605769,-0.09658465805590559,0.10665154340228333,-0.13275122902845526,-0.14961182290985883,-0.12424725629620915,0.026466642178597056,-0.1504000457158059,-0.09762345912924965,-0.09152116631067406,-0.10963369877511821,0.029720455537178263,-0.022057418711977562,-0.19461526895220485,0.02706868240070634,-0.04938298002761479,-0.0866128723745684,-0.08493174561556492,0.009314381201640352,-0.05578939711421118,0.07168407644648797,-0.05823589559631806,-0.08287215935153708,-0.00014202616884327428,0.03870451483772617,-0.013120642320842991,0.12017027202293376,-0.0212002597978564,0.006514413879519947,0.006229105440743189,0.01058778580532304,0.0006244612307356926,-0.010846370146423416,-0.980494379120767,0.007026201607790272,-0.007485280258220433,-0.010349209600146547,-0.003346840371115991,0.010563953478218117,0.021217062301048955,-0.006271182046736133,0.0018523978786341062,-0.005207580769503798,0.028953769841967184,-0.0034972096153674066,0.013435182889365047,0.04080711795997265,0.0024900013963177225,0.007342180568525621,0.011611988336533909,0.09095462398631461,0.004027487255725628,-0.019019453991519702,0.026649478852391172,0.007069855230254928,-0.005113336012052201,0.0011076200729826593,0.00920834444125514,-0.03246670874050547,-1.2031719673927244e-05,-0.0190122782632062,-0.002701094838221174
198,-0.04096755572500657,-0.05348083750868136,0.01286604780885219,-0.13172521278271962,-0.7161550577833057,-0.2200945782229594,0.14799301105728968,0.10770911302709703,-0.11887419570565165,-0.08945714504620515,-0.1785593827572052,-0.11119489852298789,-0.29211992798412423,0.09142804738372867,0.05851446203271246,0.039061432399539964,0.20017004001870728,-0.13479613381891162,-0.3195257077298643,0.015773594315287073,-0.1570070673403786,-0.04598835223955361,0.13881048923741476,-0.05654786145838428,0.25702226652059856,0.045295385423179776,0.1624902765710338,0.019316962982790252,-0.26536467873634245,-0.03955190717865491,-0.11533189727124935,0.15837619995757352,0.17261221428786552,-0.1378583242439103,-0.006928208115084022,-0.06324346533442785,0.046585742538782095,-0.10569139122607973,-0.045217851007484475,0.15404037094906559,0.06553784799931231,-0.011827632005234049,0.11106370597865217,0.12415165853575522,-0.06084340410561239,0.08270191006514116,0.18976455987358432,0.19046318805338322,-0.09210104441079599,-0.0002960152063555127,0.06475230821938986,0.1730683664184281,0.14133294593840834,-0.1647785853948682,-0.019994563067929967,0.11896940799812276,-0.02822075589619963,-0.011568902631114517,0.010401284065763548,-0.12040226847454166,0.09063270945888549,-0.03875376061711022,-0.04204847254129706,0.038995540347552926,-0.11913963679837429,0.09153934797811487,0.14772067668004008,0.029873655600784383,0.011986322956139649,0.005513656300526803,-0.03249864206379311,0.0015509237481901698,-0.0600449747177241,0.04851327168096508,-0.014571405811624367,0.005958048231912731,-0.018468533295613824,0.02333927105261772,-0.012801096774899873,-0.9804943791207673,0.007026201607790217,-0.007485280258220462,-0.010349209600146816,-0.0033468403711159737,0.010563953478218029,0.02121706230104916,-0.006271182046736418,0.001852397878634349,-0.005207580769503701,0.02895376984196719,-0.003497209615367268,0.01343518288936536,0.04080711795997255,0.0024900013963176696,0.007342180568525413,0.011611988336533968,0.09095462398631463,0.004027487255725718,-0.019019453991519875,0.026649478852391047,0.007069855230254845,-0.0051133360120521245,0.0011076200729829508,0.009208344441255123,-0.03246670874050536,-1.203171967388561e-05,-0.019012278263205923,-0.0027010948382211186
199,0.558810931350624,-0.2531937440847649,-0.06746948770715012,0.05642309758720211,-0.027918939006434627,0.410524047208196,0.19884622765302443,-0.4189606994359956,-0.5982640530256355,0.010765370548057892,-0.09660599400508582,-0.45324013183171163,-0.18798151182424871,0.023519112939339015,0.10210427271611464,0.3350239544499699,-0.16364155382588197,0.5134141442200779,0.2733253027785251,-0.29497750647390664,0.35019009346022695,0.2025519946774422,-0.005871450277426749,0.09997058905962275,-0.04397958318215794,0.036184405594999025,-0.08909992258551717,-0.29002929230476393,0.06983141692872685,0.03440370292752062,-0.12810131016871942,-0.3986047028032899,-0.19078351125655538,-0.02514974067527085,0.19628304392132673,-0.08797788048604935,-0.3942862999939096,0.012299544155294707,0.31852824497712545,0.11237363461771313,-0.34318193238735595,0.09035589402989266,0.08922444077676361,-0.2692778794653112,0.039599201665466204,-0.2636227882583922,0.38377015717027707,-0.18426667826236917,0.24682396983490656,-0.025386359620633785,0.09654135652633167,0.19073971101227566,-0.10526152410276862,-0.040736861832089716,0.19243408671284018,-0.26456723423471923,-0.0422226911593783,-0.14793103403383523,-0.048487782713467584,0.10225097934770645,-0.10206002454871049,-0.03459557653713178,-0.030820814007163785,0.017743213699517087,-0.04291857810645695,-0.03921660139140422,0.10739496601092288,0.12947376744425748,0.17291299249780698,-0.05275321585952754,0.0026245914994702615,-0.007844986030213783,0.0767403273717057,-0.04716435110366518,0.00876196461544166,0.014921216502277054,0.013931034020994798,-0.001408626305031526,0.018884017137889793,-0.9804943791207665,0.007026201607790573,-0.00748528025822022,-0.01034920960014649,-0.003346840371116166,0.010563953478218105,0.02121706230104924,-0.006271182046736559,0.0018523978786341947,-0.005207580769504041,0.028953769841967077,-0.0034972096153673637,0.01343518288936504,0.0408071179599726,0.002490001396317472,0.0073421805685252636,0.01161198833653416,0.0909546239863145,0.004027487255725542,-0.01901945399151969,0.026649478852391415,0.007069855230254702,-0.00511333601205186,0.0011076200729825821,0.00920834444125518,-0.03246670874050533,-1.2031719673726016e-05,-0.01901227826320621,-0.0027010948382212353
200,0.10959728148335787,-0.6180986042117671,0.0012632343155561249,0.1311132636221612,0.0270332283791046,0.07128434064351308,-0.3856580932276411,-0.08939700708919528,-0.071685497374477,0.29020971770602516,-0.3507937149872297,0.11785762552285596,0.043661680497682494,0.021025715221220268,-0.039106102703493094,-0.025706377051427517,0.20543716513323834,-0.15834216459874906,-0.23562673851709046,-0.13657998364208154,-0.20188249680725195,0.22529720042729798,0.3606344546153336,-0.027975056354735395,0.2762166650409851,0.38938110213415467,0.16482547690601435,0.04590080933314862,-0.3135912512313959,0.05558761513179474,0.42228505765896,0.14439999298413234,0.3552237721773036,-0.204263910124356,-0.09601012010047204,-0.4835899742718696,-0.2214250807699191,-0.04312224669435074,-0.01042870890005491,-0.031047024877659823,-0.0544647550080462,-0.24702582117971522,0.015007624845255672,0.011392830939097348,-0.04784767331154357,0.17788903369295783,0.15613244752217625,0.3174370275189219,-0.07992469874886705,-0.1584949818278174,-0.29831324092995887,0.15254564939641227,0.058165798334327654,0.009428178826896963,-0.0009125904850899707,-0.0025163611402482713,-0.04748001761045396,0.1819680970250359,0.018901895699544678,-0.09069194742398354,0.05131391203030938,-0.14255141416658065,0.07451749642745568,-0.023659446649170857,-0.02868352632914038,0.07029224672340308,0.20555635030228156,0.0010693596850233707,-0.08514605547795334,-0.1315833206070832,-0.013306933749795765,0.010927136896807662,-0.04130792086444894,0.02032126268932406,-0.0035127341788079173,-0.001966161523761725,-0.01939631222699482,0.010575273090611272,0.0002852571279666148,-0.9804943791207673,0.007026201607790201,-0.007485280258220315,-0.010349209600146821,-0.00334684037111567,0.010563953478217888,0.021217062301048834,-0.006271182046736361,0.0018523978786345202,-0.005207580769503757,0.028953769841967084,-0.003497209615367409,0.013435182889365523,0.04080711795997273,0.002490001396317932,0.00734218056852533,0.011611988336533865,0.09095462398631472,0.004027487255725698,-0.01901945399152003,0.026649478852390888,0.007069855230255123,-0.005113336012052143,0.00110762007298312,0.009208344441255208,-0.0324667087405055,-1.203171967388561e-05,-0.019012278263205937,-0.002701094838221122
201,-0.21333286536354393,0.0824568067486399,0.19219203221413006,-0.036669074892161285,-0.31032371164204503,0.050220277927046135,-0.26764417811295355,0.036930550749143705,0.1969098754063917,0.005178322087529633,0.014891712236974552,0.02703392054372806,0.009097773671954787,0.4349634962007937,-0.1444771079362527,0.10724839990355894,0.1957069251682848,0.07890569324300573,-0.25215947568527564,-0.3402461043155805,-0.07012058633000716,0.45124125786740577,0.04257992645507747,-0.08479506444517919,0.12855885867759875,-0.11444618112765534,-0.2032529438268527,-0.17939534657822667,0.03897712327699795,-0.24594891941821773,0.0017960968326079917,-0.25855886727449023,-0.09839779969161525,-0.2905333974171675,-0.05126105149870803,0.2933944814547973,-0.05076538626250611,0.049248300247769064,-0.026134875512314602,-0.08548263585285194,-0.07618545089802534,0.04159257190546234,-0.1548666753228506,0.15662068415956165,-0.006035981499169619,0.06333652589815832,-0.2031342591970805,0.16492003905757435,0.04724926054046715,-0.17272055818968185,0.13115824548633753,0.047649251252033835,0.10978778156562617,-0.2076678986621544,0.07375007352758413,-0.10597262467983537,0.09443512769097213,-0.05039537642049791,-0.017778580419355892,-0.0533611883122239,0.1872400741113779,-0.21470288543168395,-0.016995280524447775,0.11068333120222695,0.06873013912285604,-0.1716924281716718,0.150950210632251,0.03456627255461016,0.0634234015333689,-0.005444431998666216,0.04709011450253505,-0.010188679125431888,0.0032509292696112123,0.009758824534991394,0.009347344373334648,0.019794176199486146,0.011498080328594925,-0.011192021146867652,0.002774344836071588,-0.9804943791207674,0.007026201607790337,-0.007485280258220591,-0.010349209600146772,-0.003346840371115923,0.01056395347821818,0.021217062301049066,-0.006271182046736317,0.0018523978786342502,-0.005207580769503913,0.028953769841967153,-0.0034972096153674573,0.013435182889365096,0.04080711795997254,0.0024900013963178673,0.007342180568525531,0.011611988336533905,0.09095462398631465,0.0040274872557257155,-0.019019453991519802,0.026649478852391054,0.007069855230254994,-0.005113336012052238,0.001107620072982891,0.009208344441255208,-0.03246670874050536,-1.2031719673899488e-05,-0.01901227826320602,-0.0027010948382211464
202,0.19037246261068003,0.2288887460438284,0.4991771360407375,0.12482273776948533,0.2662578193813032,0.05834068571028201,-0.12102565431913306,-0.16587928421167272,-0.06317594329339707,-0.2258037996848339,-0.20511475360135864,0.0037441500591366503,-0.22707075791278747,0.03179358888104709,0.058246703855974545,-0.055497329547377204,-0.10132096781029619,0.08149584813368116,-0.1031701998316671,-0.45705609853997,-0.3637121793813739,0.07011769246737128,-0.1084901917557718,-0.14181078574008477,-0.05567824064483437,0.14381092902266485,-0.037645484860830115,0.08079923219050536,0.28850518388811164,-0.0527068742892766,0.12368198049141915,-0.02105705311457599,0.21936226370201337,0.36569386167756907,0.17376978701923035,-0.20312869117146076,-0.034626985492481374,-0.043851823716173445,0.06427924147593886,-0.16806069783546168,-0.04240616097699174,-0.2804245514621066,-0.05299540846922813,-0.13203432211172836,-0.05480891553508429,-0.10460028814750137,0.23338895959512718,-0.04413377542116022,0.02827589373026972,0.09716070405372625,0.09583313096786765,-0.07311231853942331,-0.24903929855954615,0.11137439997068396,0.11474994249198602,-0.11616942580642126,-0.1536644827593014,0.03992087824659752,0.1095061339276001,-0.011188100430496901,0.056373245747740115,-0.05069810848559716,-0.12964390824754266,0.09069307979562144,-0.13287348211167144,0.2175276450010148,0.2004558104518376,-0.15959791631911702,0.2724657439117333,0.10157057828890687,0.09397793101636293,0.008687311470662125,-0.030656691812207988,0.018550163937496415,0.015077351633719656,0.013611368044429377,-0.02786827040756445,0.0005275928003405385,0.00011341830919119182,-0.9804943791207671,0.007026201607790319,-0.00748528025822026,-0.010349209600146772,-0.0033468403711159026,0.010563953478217992,0.0212170623010489,-0.006271182046736562,0.0018523978786342981,-0.005207580769503618,0.028953769841967264,-0.003497209615367326,0.01343518288936529,0.04080711795997252,0.0024900013963176475,0.00734218056852533,0.01161198833653406,0.09095462398631479,0.00402748725572571,-0.019019453991519903,0.02664947885239114,0.007069855230254911,-0.005113336012052108,0.0011076200729829614,0.009208344441254977,-0.03246670874050526,-1.2031719673953264e-05,-0.019012278263206145,-0.0027010948382211186
203,-0.3153284565140791,0.07412785837300226,0.2033113108553417,0.03709785140224506,0.576768306667251,-0.03322339456146815,0.019272933976926185,0.021547216646486744,-0.1858397266237179,0.16228344477489498,-0.03553915847491106,-0.08486655494051042,0.07413151202811505,-0.12628459392363534,-0.11645498404835386,-0.10478756594636626,0.2885650785876362,-0.15540655588290947,0.05107093023284799,-0.09964797308250697,0.06061203009855404,-0.07645741655624562,-0.15297000551963144,0.11304286717243502,0.2216802196636282,-0.0032942357194502545,0.1267874149498614,-0.22804959295414218,-0.07855006583834716,-0.19247930131242819,-0.08132271082642643,0.14121806910985213,-0.011675573838982533,0.3409590024803735,-0.09939691079627476,0.3973135713548428,-0.11283452329710025,-0.06195716260976581,-0.06209941818199578,-0.027611400132754302,0.2684438668165746,0.2822266450528149,0.04261530427578222,-0.16215168200709318,0.17235022470921216,0.0011391075225807203,-0.008276064930671094,0.026956598715409175,-0.09104797558249585,-0.09285391681720001,-0.005588203433486364,-0.06158024049852765,-0.04287752915010507,0.11261537259087095,-0.11185981183294162,0.07146132174764311,0.11556509073648868,-0.048519900269349374,-0.022332389221586674,-0.05810630412808548,0.2009736193670696,-0.11076807277826743,0.05118513672452534,-0.05241692481188981,0.03424828624105539,0.013150348854763221,0.05698963517775583,-0.11749067478872426,0.01412898144093004,0.11258010047305024,-0.006809533601794736,-0.005759247825928274,0.06771872174811303,-0.020241076543212836,-0.0019358229789538,0.01913144668590901,0.004440176498874814,-0.0007601316863011725,0.0011076188218253535,-0.980494379120767,0.007026201607790333,-0.0074852802582202685,-0.010349209600146651,-0.003346840371116036,0.010563953478218036,0.021217062301048948,-0.006271182046736265,0.0018523978786344033,-0.005207580769503572,0.02895376984196726,-0.0034972096153674625,0.013435182889365108,0.040807117959972626,0.002490001396317673,0.007342180568525674,0.011611988336534063,0.09095462398631479,0.004027487255725804,-0.0190194539915196,0.02664947885239108,0.00706985523025497,-0.005113336012052397,0.0011076200729827333,0.009208344441255296,-0.032466708740505404,-1.2031719673874551e-05,-0.019012278263206353,-0.0027010948382210657
204,-0.06011408584270114,-0.19166912941296965,-0.07318568544337556,-0.0560376365982168,0.43637604572944344,0.2650334820276607,0.2036214751478085,0.4246295039163484,0.2104678855014854,0.0073918859916925796,0.10857581246247022,-0.198836615064811,0.23446976210961148,-0.12815771243424698,0.00019316570814407053,-0.30604038702324304,0.3523737556503056,-0.03983084568045974,-0.12590972393599703,-0.13473918350231115,0.06548550693424739,0.4249978284374654,0.03199106557509187,0.14271514068917224,-0.0405323345541039,-0.14131199039606757,0.08257072619866428,0.005547274931720526,0.0929705515498463,0.09491590876480663,-0.07660543929722145,-0.04440910168535967,0.3084656188317112,0.07612465258842667,0.10048233196407777,0.0022896758733355832,0.0056682294913846815,-0.034610118686376284,-0.154876709293655,0.162080958103761,0.10216089625539662,0.03352857667617635,-0.10640193405842031,-0.12890785663307303,0.0781088644193767,0.14400206280016287,-0.13267844056086367,-0.025660160410943475,0.05022912034117036,0.0841216225470507,-0.11798998508495656,-0.01701404636351815,0.024459626446998443,0.05911291232223179,-0.021815573894355615,0.08049135791611667,0.08790649470408693,-0.012264615034066267,0.1487284957412421,0.21593675209487737,0.10083246420727643,0.0731235327847408,0.11841309950993369,-0.27327324856624746,-0.026087570296904346,-0.035876146315979754,0.0534366640979584,-0.0408152239477664,0.08061301346721719,0.04906804788080467,0.016463132502014376,-0.0290372282378062,0.06347019332889815,-0.019095703213858898,0.013322055387626246,0.037493970504534395,-0.0006288228070466091,-0.01591897728039903,-0.0010035343426248804,-0.9804943791207672,0.007026201607790175,-0.0074852802582204,-0.01034920960014685,-0.0033468403711159546,0.010563953478218053,0.021217062301048736,-0.006271182046736313,0.0018523978786343755,-0.005207580769503649,0.02895376984196714,-0.003497209615367367,0.01343518288936521,0.04080711795997257,0.0024900013963178517,0.007342180568525702,0.011611988336534025,0.09095462398631457,0.004027487255725542,-0.019019453991519907,0.026649478852391138,0.007069855230255126,-0.005113336012052329,0.0011076200729826186,0.009208344441255088,-0.032466708740505376,-1.2031719673816221e-05,-0.01901227826320602,-0.0027010948382212956
205,-0.15573711840948445,0.21841197052376127,-0.3092825453400643,0.0916411045576323,-0.27943175619798616,-0.09884219844361807,0.12241390720095184,-0.044133843663322306,-0.058974690332425486,-0.22465880553629625,0.09968328007111923,-0.324341008495744,0.15781119485800926,0.23792550402946605,-0.10788234484195867,-0.07174336601378935,0.0926534282395642,-0.036444684629173406,-0.15470744656481572,0.013758589660744433,-0.12322076137646083,0.14075007040465115,0.004073936491220404,0.09992819145659126,-0.029778682654867075,0.036323101673603204,0.01931675105813079,-0.05576576143302467,0.013796909610483547,-0.197596082292016,0.08917260925055272,-0.11153293713713451,-0.3203394155032868,-0.12328959534677401,0.30437155726606907,-0.04321591094611742,-0.14083163998586928,-0.22782924413750014,0.009141413123377766,-0.28824863539242207,0.11804557027635418,0.007637660900595507,0.02433310727424235,-0.08952742808234344,0.09729616073977584,0.10321673955393519,-0.007446930232496722,0.10072302111138226,-0.03315983555490212,-0.10321311194965331,0.05661656569207519,-0.2155720296620826,0.12358187650120352,-0.03196307133338344,-0.14588792719820715,-0.15108994206882198,-0.04289419373567889,-0.040020878187478195,-0.02680037446658469,-0.12265852715468827,-0.11387883985849688,-0.008921941320523295,-0.08176964038698467,0.14126163951145473,0.020674420502379234,0.06110261360091598,0.15336799018289887,0.02512399938714828,0.051769610449344854,-0.11077010395845739,0.0076857420542165876,0.005608957293417598,-0.011382253772302496,0.0017902883090139315,0.004804680531374283,0.010385851959464697,0.006636599889629548,0.002181494907589638,-0.006960950301831079,-0.9804943791207669,0.007026201607790379,-0.007485280258220355,-0.010349209600146814,-0.0033468403711157425,0.010563953478218069,0.021217062301049073,-0.0062711820467362825,0.0018523978786344098,-0.005207580769503628,0.028953769841967198,-0.003497209615367388,0.013435182889365262,0.040807117959972626,0.0024900013963176314,0.007342180568525586,0.01161198833653403,0.09095462398631456,0.0040274872557257155,-0.019019453991519747,0.026649478852390957,0.007069855230254994,-0.005113336012052162,0.001107620072982766,0.009208344441255139,-0.03246670874050542,-1.2031719674038266e-05,-0.019012278263206284,-0.0027010948382212322
206,-0.08843491869188672,0.3948697282158063,0.05665700632541595,-0.1936609904018539,0.07140812708444033,0.02769716520152995,0.09395138522390459,-0.409017104940339,-0.0780914792594223,-0.27105518308343984,-0.022876000776486907,0.05510731226574379,0.6103784620693924,-0.03469197933317549,-0.15719196041908592,-0.04989304043846704,-0.1693171362691636,0.04217211042501925,-0.12203435585988323,0.20000252852150216,0.1086280975177194,-0.15786181691672138,-0.1345180036191024,-0.30960899983954276,-0.10698962452681197,0.05342382054007029,0.13496946877153732,0.39898881427541005,0.12488362653556186,0.08964938852153471,0.17509894291259345,0.08106424740002534,0.0672294978396071,-0.08706310167416786,0.43855840327458656,0.1188520059030659,0.09877739901750072,0.03811163618024081,0.2692802160705203,0.03198334527737015,-0.007041392714064622,0.04597735551032781,0.10610840132442854,0.12577228870887427,-0.22732323458928955,0.22038582224891515,0.1448815909723868,0.09883219164757544,-0.15677748688750184,-0.09015445514045807,-0.06711703556124378,0.09412874654713584,0.0407194313279466,0.11421217390537518,-0.04697645097050548,-0.05269644449156112,-0.27339572173226945,-0.09276070186765793,-0.06807430490508748,-0.04079215191645425,0.05780923792374454,-0.013678392331893528,0.021596013326786876,-0.05919425920367596,-0.1308509525850226,0.00865801108470565,-0.03465517699174666,0.10059502273780561,-0.07609651141712538,-0.08985106375759833,-0.011591359044107328,-0.018884178994980155,0.08793615885550964,-0.02459482441977958,9.444298552183757e-05,0.0011589914807595815,0.0007152199770575968,0.00591989887654963,7.241768980552914e-05,-0.980494379120767,0.007026201607790203,-0.007485280258220315,-0.010349209600146582,-0.003346840371115644,0.01056395347821811,0.02121706230104912,-0.006271182046736383,0.0018523978786340785,-0.0052075807695034235,0.02895376984196715,-0.0034972096153674482,0.013435182889365061,0.04080711795997245,0.002490001396317563,0.007342180568525683,0.01161198833653396,0.09095462398631465,0.004027487255725635,-0.019019453991519764,0.026649478852390992,0.007069855230255039,-0.005113336012052166,0.0011076200729828467,0.009208344441255133,-0.03246670874050542,-1.203171967394806e-05,-0.019012278263206117,-0.002701094838221396
207,0.20283722328933532,-0.5652357814676168,0.24151750168431732,0.14136508799459244,-0.00610497799047345,0.07812562517085588,0.2787221278624652,-0.16722249895481375,0.26531330169148737,0.08655262023036331,0.051137034128723176,-0.3816341685063689,0.004125279509842975,0.0326552040775473,0.19039373169998547,0.6633715020680844,-0.03712791447866957,-0.24373318251708154,0.5096765569623627,-0.08384573706710388,0.0675324373562794,-0.20216813252912177,-0.06343793269385381,-0.05428351619628678,-0.5299182497707096,0.14779054853192877,0.028468435533360675,0.35205913451826093,-0.49369186937429355,-0.03215853470176394,0.20622826993269383,0.11164454264440665,0.0829926505154511,-0.008516341589706418,-0.30864318843459654,-0.051134487465351236,0.03625747889695452,0.16856171664471584,-0.269512894485977,0.026429665396009768,0.27103706461997706,-0.05459380146666099,-0.10380075944049595,0.08743628116945831,0.12981311854241875,0.06360596159260011,-0.1449141151915762,0.16299139377698313,0.2529264281402764,-0.16036266470282673,-0.018173317052751374,0.21335019574677955,-0.22963603903103794,-0.1506853989653634,-0.08927828892579041,-0.10529329029812648,-0.023523470393355703,0.03510343916876725,-0.01937242016957729,-0.008929627529831369,0.1246420595392878,-0.1908010884302515,0.11128674636556753,0.02532466778753358,0.2225021787355634,-0.21212783455285716,0.06351450918623773,-0.04001357298797539,-0.12380124295765077,-0.06454842978889612,0.011475425810420383,-0.014861829587684798,0.013741243838428525,-0.004860926751834442,0.010163971537544728,0.03632214826811438,0.03547848430981502,-0.03151518956990237,-0.004574170295007102,-0.9804943791207673,0.007026201607790064,-0.00748528025822036,-0.010349209600146863,-0.003346840371115927,0.010563953478218006,0.02121706230104884,-0.006271182046736383,0.0018523978786343283,-0.005207580769503462,0.02895376984196692,-0.0034972096153674343,0.013435182889365297,0.04080711795997241,0.0024900013963176136,0.007342180568525635,0.01161198833653391,0.09095462398631468,0.004027487255725841,-0.019019453991519806,0.0266494788523912,0.007069855230254949,-0.005113336012052166,0.0011076200729827565,0.009208344441255085,-0.03246670874050547,-1.2031719673809282e-05,-0.01901227826320613,-0.0027010948382207994
208,0.04652825743641556,0.01012131662368788,0.03238637080709395,0.2928168406473072,0.192218176820335,-0.22346993838567586,-0.27823114956428374,0.5214369754562468,-0.2521146220870816,0.028171587169091974,-0.3133496881751458,-0.3725398372369378,0.06200505574329865,0.5304728840836328,0.1043091621025039,-0.32086411118833474,-0.3578216882036923,-0.25826735056890193,-0.34527049841606167,0.1401410426164635,-0.0768903294156125,-0.2547249035639452,-0.2402377760946064,-0.016294992059668025,0.14506900864466266,-0.36060806570086235,-0.10163721074488986,0.13031906025884513,-0.2099096093513294,-0.05175206700039549,-0.11772070335281266,-0.17971139541144268,-0.22421654265012617,0.010873073742282215,-0.11018021770722065,-0.11641494815691103,-0.1289915681352202,0.2521475137276346,-0.25835117370910754,0.13789274533898668,-0.1376213364094857,0.13309779746170428,-0.11855091936743642,0.3560457846083014,0.086471095526454,-0.05077036035906649,-0.04759319235701831,0.03153406009007596,0.28054621546388736,-0.07033322861795481,-0.09728909176457481,0.0056670488233859905,-0.1523293794963347,0.31130087905660847,-0.1230531283218144,0.08260315530218064,0.025030686383318575,-0.01459219982233138,-0.30590222115745674,-0.008700462834173044,-0.10314585011833347,0.04076871862643599,0.09281908757845314,-0.2228733528932039,0.11659886240077878,0.16445455213668342,-0.021375586139955584,0.13912310352440946,0.03768767821895429,0.1266479335614978,-0.18689795980836418,0.03243547919538688,0.010802374509585077,-0.01466746672224471,-0.03440072565464758,0.04036886390522058,0.01251275617511479,0.01576204378895294,-0.0015740581757580313,-0.980494379120767,0.0070262016077902185,-0.007485280258220234,-0.010349209600146741,-0.00334684037111579,0.010563953478217876,0.02121706230104906,-0.006271182046736307,0.001852397878634424,-0.005207580769503849,0.02895376984196708,-0.003497209615367223,0.013435182889365254,0.04080711795997263,0.0024900013963178127,0.007342180568525577,0.011611988336533891,0.09095462398631464,0.004027487255725693,-0.01901945399151978,0.02664947885239103,0.007069855230255051,-0.005113336012052019,0.0011076200729826222,0.009208344441255213,-0.03246670874050548,-1.2031719673982755e-05,-0.019012278263206044,-0.0027010948382210492
209,-0.26578659837020246,0.30926665339677023,0.16081302834656422,-0.16949639941555286,-0.31320889342943725,0.6855384795218661,0.1265410393311908,0.6005160960975936,0.5835506928940333,-0.1393123567133567,-0.24472076956522154,0.058570659350435754,-0.08282099552028195,-0.36743332059783324,0.009712128397368135,-0.1753213766189142,-0.3219499944807427,0.35561108188277457,0.12167320970734692,0.2910908904991175,0.054670756090552476,-0.09339033399438158,0.04295187062242805,0.28700115590604736,0.1558448017870098,0.14804803589012597,-0.340189388442924,-0.1965474571093226,0.17878266647008653,-0.39147545385527266,0.5477529681770005,-0.10432960303870065,-0.015941525264247938,0.33630891977501753,-0.08629213076809159,0.03512201713453189,0.21911201602477326,-0.023889971766722137,0.17788924737029968,-0.06579675346224045,0.07732556386202666,0.052713464844668226,0.009197164546115298,0.082539881584254,0.1387267454946389,-0.26870105261420396,0.004777495691243187,-0.13880405476329416,0.11071358571654534,-0.14466421343136607,-0.062425260550567116,0.01103508376956733,-0.04969221948355929,-0.007351939022512665,0.3374315387331107,0.13031840619629406,-0.0667427776503164,-0.006450578845708615,-0.1322466638315316,0.01764158762115292,-0.17316052047593108,-0.06973196603564208,-0.06635808331672682,-0.12211245244491492,0.048160347272997894,-0.06987732541677663,0.06708870286164495,0.04975555504315363,-0.002865403555273001,-0.12036774648641317,0.023271927274163624,-0.015897021383821274,0.04157435062045052,-0.034818209419567606,0.012588176264422655,-0.014845800324528398,0.005130844682221965,-0.016560768489536453,0.008707731521310349,-0.9804943791207668,0.007026201607790576,-0.007485280258220326,-0.010349209600146474,-0.003346840371115909,0.010563953478217845,0.021217062301049073,-0.006271182046736094,0.0018523978786342957,-0.005207580769504116,0.028953769841967198,-0.0034972096153674972,0.013435182889365155,0.0408071179599725,0.0024900013963177646,0.007342180568525646,0.011611988336534209,0.09095462398631457,0.004027487255725703,-0.019019453991519608,0.026649478852391346,0.007069855230254893,-0.005113336012052156,0.0011076200729828129,0.009208344441255139,-0.03246670874050549,-1.2031719673932448e-05,-0.019012278263206228,-0.0027010948382211325
210,0.07244829293568,-0.09104076517088303,-0.34266974936365935,-0.010805545209925032,-0.042404354981827916,0.028032052575940925,-0.039666930667320195,-0.0015329779450349473,0.12351152506184321,0.09528004080249003,0.38709599493707575,-0.2595936599985634,0.3680052511309524,0.18545824633060934,-0.18830532512954337,0.20093202751228306,-0.09474178421085118,0.01681264896186465,-0.19597933161612777,-0.19473535079157206,-0.12800066836293855,-0.1300880957314304,0.024202199855646877,0.15366265430745382,-0.08908431566601112,-0.033821427656863016,-0.10367763099188501,-0.011244953827165031,-0.03288741814090265,0.1792688529108449,0.19894716611606797,0.09693567337684522,0.16099084878453235,0.25744672135590935,0.11623028685749706,-0.15229275383292754,0.33154650409001785,-0.13474677421445466,-0.1615144883030094,0.18607250004037032,-0.14871734460458041,-0.04764556779582097,-0.17159790863478855,-0.20912537509288473,0.26584787881576055,-0.025011999985771947,-0.1015034029935668,0.08113080957000958,-0.24627406888065462,-0.07253178370142223,0.09015950609688701,0.1056070840641556,-0.16318810876674186,-0.2244587396758128,-0.15879881825806874,0.16431623580415125,-0.03680908373837948,-0.017526302291791748,-0.053298113420049795,0.0704185684480679,0.10611437434794753,-0.15020147926254496,-0.06266167865672412,-0.07345166442529284,0.05446993185796011,0.052230743644758826,0.14523574622932445,-0.08363547098312159,0.10542030352736441,0.0007224266715497929,0.005060590709370655,-0.027534420590483236,-0.01804458830585323,0.010867119152006536,0.00831746108520429,0.032567618525830795,-0.008458407135179244,-0.008217261734784391,-0.005620513495457742,-0.9804943791207673,0.0070262016077900225,-0.007485280258220323,-0.010349209600146831,-0.003346840371115906,0.010563953478217916,0.021217062301048896,-0.006271182046736418,0.0018523978786343976,-0.005207580769503545,0.028953769841967004,-0.003497209615367497,0.013435182889365339,0.04080711795997245,0.002490001396317728,0.0073421805685255515,0.011611988336534011,0.0909546239863147,0.004027487255725831,-0.019019453991519764,0.026649478852391228,0.007069855230255101,-0.005113336012052451,0.001107620072982812,0.009208344441255088,-0.032466708740505494,-1.2031719673788466e-05,-0.01901227826320614,-0.0027010948382212296
211,-0.38321817143516684,0.16191169041417916,0.23732249779916587,0.12514164862103078,0.02326613061047483,-0.030020252930079278,0.2628589916455751,-0.004331182815777048,0.06392604871190782,0.46742191134509464,0.026331802680051673,0.386567089057528,0.5112759339920887,0.037566659844252344,0.11493788419095731,0.17512815531169168,-0.0025573209253724276,-0.0043225656292523625,0.22649563735510087,-0.046056036447736565,-0.014695425026004036,-0.12155860955936695,0.059591548352208756,-0.16500102583427737,-0.10562231258307091,0.17728646354972535,-0.277012632525529,-0.277665116658578,0.14086894286015275,-0.08318679324078074,-0.00664339504288911,-0.08653332616626558,-0.10390152566010738,0.09728906515179157,-0.04223391723822848,0.0006017764851780515,-0.0994470682124306,0.10504265656148835,-0.0843574785519088,-0.08937377187329656,0.022593504635248146,0.19391340207911506,-0.14382711602724574,-0.16527674084106267,0.12523943882091956,-0.044255500172841994,-0.007666554085860635,0.05084854146759257,-0.07131607324470315,-0.12227826719762043,0.06918634702856767,0.03459023619337902,-0.040522839539530627,0.10199280015173018,0.058334019479646386,-0.087203412952105,-0.16875521770962348,-0.04394130840704944,-0.14476503014355752,0.06446039904410093,-0.1401721949567863,-0.05837614167509576,-0.010390255152368326,-0.046408683739882106,0.0391171737506406,0.08085060187155853,0.052513814124573004,0.008291232405249592,-0.023928001752637918,-0.07872776192143047,-0.004120455553423702,-0.014265233706863412,0.02635000071139254,-0.015627879330998674,0.014458093079003736,0.017166943991339837,-0.00048533861736649265,-0.009059941345156135,0.009079316384812,-0.980494379120767,0.007026201607790177,-0.0074852802582204,-0.010349209600146568,-0.003346840371115946,0.010563953478217945,0.021217062301049028,-0.006271182046736404,0.0018523978786341361,-0.005207580769503891,0.028953769841967115,-0.003497209615367452,0.01343518288936517,0.040807117959972466,0.0024900013963177763,0.007342180568525577,0.011611988336534077,0.09095462398631479,0.00402748725572579,-0.019019453991519684,0.026649478852391183,0.0070698552302548776,-0.005113336012052175,0.0011076200729827888,0.00920834444125523,-0.032466708740505494,-1.2031719673809282e-05,-0.019012278263206284,-0.0027010948382211256
212,-0.3956597230587304,0.13888194716944977,-0.07592950540508928,0.37395589866557877,0.2237959050025143,0.1705559309228927,0.03777608959508381,-0.5332824168066619,0.11217659015827354,-0.6152553279150498,-0.20166595902390072,0.009979290200091199,0.25284324835471206,0.2208484356163511,0.18287294285839176,-0.013792262747801274,-0.10971879603862927,0.35977399930888826,-0.16691660447530052,-0.12915527988244796,0.36979607603171605,-0.1895250466559136,0.13035340016114244,-0.08072083941324229,0.24439302252401898,-0.2876946719229123,0.1328264382228228,0.20428671008164062,-0.22430924236667107,-0.4196314167266707,-0.3956185890884404,-0.18624129284541543,-0.004871190617940282,-0.060849796823958094,0.10936121237445037,0.030133490778195358,0.16909453269858465,-0.013970763569910586,-0.2296901922786364,-0.18556790399487727,0.10924125640851295,0.10340744981680604,-0.06178778029156425,-0.06323177157254706,-0.1068178593150259,-0.06992025555084407,0.11636664190619353,-0.06751854258620348,-0.07721080784805118,0.00285909446341013,-0.07338535421984038,-0.1739919264154942,0.017376201881469946,-0.17255029313979334,0.03474691459595643,0.08430367834772319,0.07707015197471219,0.080237756249399,-0.14442933356503218,-0.147426179128827,0.0014446341963698318,-0.11634659556281735,0.12932394152371654,0.056981511835152175,0.025349899313506057,-0.06837737537555794,0.07129296853913289,-0.013026500910444905,0.06341273836868348,0.06256878907973025,0.04580296787809591,-0.005774733888392457,0.032780113176737444,0.015584696008156596,-0.003045169872856635,0.006802688387998666,0.0088765226763895,0.004611346443305822,2.2568518182160515e-05,-0.9804943791207666,0.0070262016077903095,-0.007485280258220251,-0.010349209600146632,-0.0033468403711157287,0.010563953478218159,0.021217062301049205,-0.0062711820467361646,0.0018523978786343335,-0.005207580769503441,0.028953769841967323,-0.0034972096153673532,0.013435182889365179,0.04080711795997249,0.002490001396317472,0.0073421805685253225,0.011611988336534068,0.09095462398631475,0.004027487255725924,-0.019019453991519636,0.026649478852391138,0.007069855230254976,-0.0051133360120520855,0.0011076200729824989,0.009208344441255007,-0.03246670874050539,-1.2031719674086838e-05,-0.019012278263206173,-0.00270109483822139
213,0.4899572455586349,0.27709956417196807,0.45743204258894926,0.34034515071344584,0.021262547456631486,0.5401287260371465,0.16339336130524118,-0.04174960649523161,0.07366934697031602,-0.11315266904200198,0.6473389047644926,0.0420657527294214,-0.6338580071488537,0.7606712144104852,-0.006152378294586153,-0.1477251535986987,0.22472416336827147,0.2716615068273977,0.1570599202722711,0.30989486342106765,-0.16013515496322658,-0.0678295724691933,-0.06222925824851129,-0.4665903959286909,0.207482592915879,0.14205735731831018,0.053311823432171904,0.2795910212142079,0.1723412613896751,-0.18647159198458824,0.13366128417097062,-0.011156651705353847,-0.078803507737297,0.11345595263021939,0.2826657519189487,0.03737911802670584,-0.4157119638436023,0.06999291749991039,0.1058746826528955,0.19110414208521237,-0.23042844745733843,-0.2945617018739205,-0.0867260466883081,-0.001414869445859713,0.03679709019984584,0.08019643029087702,0.18009825432501475,0.08288675752714675,0.021776832490472763,0.09746791281643133,0.09403293708234221,0.1573584689232973,0.14470374713200634,-0.15567698171377145,-0.16495991768336904,-0.11968191844476377,-0.15283908098806467,0.030683222658784603,0.0946840205805152,-0.18349821005526,-0.03331654424242592,0.12620570385341331,-0.1962554426344754,-0.11640002864157502,-0.08299741947626896,0.1334946743003344,0.013054908545657624,-0.2116731272267148,0.045293367910864496,0.11669802680893304,0.051065379420512695,-0.005352388033300469,0.03561141950067743,0.026987309576548196,-0.0015009229084977167,0.02475475727295869,-0.009708444375519229,0.013225086665460916,-0.013945662632354926,-0.9804943791207669,0.0070262016077903095,-0.007485280258220272,-0.01034920960014667,-0.003346840371116006,0.010563953478218173,0.02121706230104912,-0.0062711820467365,0.0018523978786338963,-0.00520758076950358,0.028953769841967243,-0.0034972096153675822,0.013435182889365193,0.04080711795997275,0.002490001396317458,0.007342180568525489,0.011611988336533718,0.09095462398631446,0.004027487255725719,-0.019019453991519567,0.026649478852390943,0.007069855230254949,-0.005113336012052082,0.0011076200729828389,0.009208344441255125,-0.03246670874050536,-1.20317196742048e-05,-0.019012278263206117,-0.0027010948382210215
214,-0.327043811923518,0.185663814174287,0.0534199504154711,-0.18198280426425625,0.5032445568936647,-0.04126884617821292,-0.2521196328298191,0.18392112483556777,-0.22952088641088564,0.1723002173082726,0.24681469713494547,-0.30770919629344895,-0.05883913153455395,0.008239199920215792,0.09441184423822371,-0.3053298305240973,0.0704847376879178,0.04732764844492049,0.11166806386586169,-0.1638694968092411,-0.028856822350179497,-0.20915156208546823,0.23716928285184938,0.13904350054513023,0.029444328633502718,-0.14508881502259363,0.0008010493819302609,-0.23983519748243903,-0.2944445500259433,0.04521278426073053,0.1644507525297978,-0.005819926403099388,-0.12365302374625803,-0.07651937365652088,0.3105599337428342,0.084497571600274,-0.16249379099612388,0.07839446145457148,0.14436545771789627,-0.06962230427087374,0.04685866409785685,0.11137659185783914,0.261324557349668,0.05521567588292148,-0.0514876279872155,0.09898185301480704,-0.05208864122876217,-0.10027437760768808,0.056363602873919894,-0.13429488900890116,0.18949932859709315,-0.15724780562674845,-0.06992699542036038,0.12998239178849852,-0.02716354988266677,-0.027927752322352607,-0.09874946361616616,-0.23452921724162065,-0.14315000868476924,-0.08477025708850855,-0.032280740768978265,-0.029845869613211822,0.12624311375729474,0.08141843514196549,0.010608774092238912,6.672065369033243e-06,-0.20516007325273142,-0.006741444291543461,-0.05904661461229805,0.02341632519683031,0.009054357595220162,-0.008689575361593064,0.022029058267672284,-0.004245968495600287,-0.00034474838236827113,-0.0071735050089434165,0.005831801096589762,-0.0013017691709949412,0.008031610139357577,-0.9804943791207669,0.007026201607790461,-0.007485280258220324,-0.010349209600146647,-0.003346840371116029,0.010563953478218126,0.021217062301048945,-0.006271182046736251,0.0018523978786343512,-0.005207580769503849,0.02895376984196717,-0.003497209615367591,0.013435182889365108,0.040807117959972536,0.0024900013963177156,0.007342180568525729,0.011611988336533959,0.09095462398631463,0.004027487255725651,-0.019019453991519823,0.02664947885239096,0.007069855230255074,-0.005113336012052008,0.0011076200729827471,0.009208344441255224,-0.03246670874050553,-1.2031719673920305e-05,-0.019012278263206134,-0.0027010948382210492
215,0.16964775286212333,-0.561741879180483,0.31992513590801697,-0.16425773119479903,0.14135859157386008,-0.03564408189310682,-0.1371081474756264,0.06264881813850406,0.11425900793400565,0.1252668267740099,0.36080427997417847,-0.07686326987514579,0.17427546455793164,-0.1691215540581727,-0.08937763548188678,-0.0412361990981788,0.020762084437264572,-0.03934164721460897,-0.056767543209144886,-0.28851287334644626,0.14618318972863192,-0.2703951714977872,-0.10775571599735624,0.14596592944365017,-0.08087783739243583,-0.07545387632256388,0.2974834979410118,0.32208603910188954,0.11165838043631393,-0.1258409740159176,0.13093568660185073,-0.04687530993448719,-0.18071830230805971,-0.06235554166380727,-0.2754461007459797,-0.23102318516495227,-0.01732978492348788,-0.12680666687857453,0.017882264654613227,-0.09738143627724684,-0.06495704795044352,0.08357195560287906,0.11859767815908716,0.08497837332036562,0.1343415828654855,0.18171373574475333,0.08887035360065879,0.020584009202744606,-0.07968072341639222,-0.07164733404857754,-0.15776609785000562,0.019053527293645275,0.06795348287869027,-0.0018571476094359585,-0.03587570869683815,0.08957537443756894,-0.09574393653209626,-0.051174395200376734,-0.030271347940020395,-0.006956363968254215,-0.03377358239463933,-0.10771767739155218,-0.010484921538461764,0.0064796564103733155,-0.12794007922124723,0.08626990194844174,0.0074819320011884965,0.006729738232741869,0.028227306102145022,0.2080080735946895,-0.0034328815250834915,0.05781105613416562,0.016598875773153454,-0.014666642992883108,-0.02484287203850777,-0.019797092946982855,-0.0036409519281024047,-0.0033471806047945685,-0.00033062499765467264,-0.9804943791207674,0.007026201607790279,-0.007485280258220206,-0.010349209600146703,-0.003346840371115795,0.010563953478217952,0.021217062301048906,-0.0062711820467363346,0.0018523978786343421,-0.005207580769503434,0.028953769841967212,-0.0034972096153674066,0.013435182889365252,0.04080711795997255,0.0024900013963177906,0.007342180568525635,0.011611988336533947,0.0909546239863145,0.00402748725572573,-0.01901945399151989,0.026649478852391145,0.0070698552302549,-0.005113336012052187,0.0011076200729827426,0.009208344441255185,-0.03246670874050539,-1.2031719673837038e-05,-0.019012278263206145,-0.002701094838221202
216,-0.09772512097434952,0.06944298261421564,-0.3060617226873456,-0.24297180074239713,-0.5217941438804254,0.002087260554081277,-0.0015721474841701635,0.11889387706631831,-0.045482165436344875,0.09717569275086084,-0.3259074681838391,-0.21207868617051442,-0.0957692852261908,0.5456197033523188,-0.056727199522623846,0.02394568258937859,0.31755871186354534,-0.038042329402523965,0.08365577892760889,0.06635619032847288,0.02388534136296972,0.03787986485765877,0.23406039923198702,-0.02185184699605161,0.2358252338741277,0.06229485347513945,0.4861309852135683,0.1325778301477816,0.13408278266570212,0.1653000155712319,0.031224618099101212,-0.16064179149986685,-0.12277246872143474,0.0404576300960826,0.24168573494657003,0.2840894961676286,0.08633012966627389,-0.11488547311999896,-0.1823096278988151,-0.338189348472274,-0.16801306864375068,-0.10925103813409809,-0.1108638307619831,-0.12943357761843913,0.17426704909285462,0.1376588662637568,0.29694609493468427,0.1775300793826104,0.0049514194104553514,0.13060887807780813,-0.12256320960119997,-0.12045895788276255,0.05294884391828968,-0.08802403645085617,0.1671766214520105,-0.1115472076044307,0.19768568022772903,-0.04443927247243739,-0.1236523331850937,-0.04888124337430415,0.00789584012763384,0.027246135666130742,-0.20940100545650364,-0.2714976442058385,0.018508794015041123,-0.10677316293483084,0.17066920317216844,-0.1478659416723763,-0.14999389339005317,-0.030843457654982503,-0.001998498380069173,-0.02257885294580299,-0.009712310175604163,0.040266460960538854,-0.006349763938949344,0.03411433486332584,0.016911649322068362,0.003711056856715825,-0.01030103872189313,-0.9804943791207669,0.007026201607790337,-0.007485280258220473,-0.010349209600146876,-0.0033468403711159438,0.0105639534782182,0.02121706230104908,-0.006271182046736428,0.0018523978786342571,-0.005207580769503659,0.028953769841967313,-0.0034972096153674504,0.013435182889365179,0.0408071179599726,0.002490001396317784,0.007342180568525642,0.01161198833653411,0.0909546239863146,0.004027487255725844,-0.019019453991519608,0.02664947885239097,0.007069855230255025,-0.005113336012051905,0.0011076200729828805,0.00920834444125507,-0.03246670874050549,-1.2031719674045205e-05,-0.01901227826320616,-0.0027010948382211603
217,-0.10167193761121796,-0.3140244752234491,-0.02700161995534636,-0.17102336724427433,0.43874681882827965,0.3726456687112957,0.12252269432697031,0.47706261344923806,0.09942601559620197,-0.2329700274064261,0.0855242476232195,0.18954039550163515,0.2879983686239682,-0.08961164317816422,-0.08582744659966014,-0.17895470952874334,0.3138159662829944,-0.2555975725166144,-0.14987089108268076,0.016090000425872875,0.0742906225114633,0.13906741466384703,0.1846419471675168,0.07930691972418676,-0.022997209621508315,0.1102538946787919,-0.05210194243852395,-0.053980799963835,0.0471881375148349,0.17750126033399952,-0.21257165274076617,0.017321842874625168,0.033044072192025244,0.005877318312372901,0.02184646077661423,0.00788681946437534,-0.21862366952839504,-0.059903102253749965,0.07864280391734495,-0.04625665649718281,-0.0026675869940234746,0.030657094227803303,0.05588488465433267,-0.032990346958248484,-0.18638618482454772,-0.10614738424293692,-0.003549583101110661,-0.037249805320419355,-0.02664504631829552,-0.03137200403801447,0.022190549811810126,0.06854217389234328,-0.0008243742615447986,-0.21534992368137731,0.011260508691052041,-0.12107212020846983,-0.002072975214995295,-0.0186441124916417,-0.02044195225327446,0.12621241730582097,-0.024380506015444867,-0.03732121251869162,0.11478865263373327,0.07249662355960078,0.1871239828540513,-0.14943954152166739,0.1131610172212003,0.06637177238054341,0.05474832038148506,0.004639011088690664,-0.017750309211643327,-0.002503797276096159,-0.051105013620315456,0.014253882284719993,0.002206290724067736,0.016926973070695156,0.006698349007172001,-0.009447036674410755,0.002881213868872585,-0.980494379120767,0.007026201607790279,-0.0074852802582204905,-0.010349209600146698,-0.0033468403711160795,0.010563953478218095,0.021217062301048903,-0.006271182046736216,0.0018523978786344588,-0.005207580769503809,0.02895376984196718,-0.003497209615367388,0.013435182889365141,0.040807117959972515,0.0024900013963177407,0.00734218056852566,0.011611988336534025,0.09095462398631456,0.004027487255725528,-0.01901945399151988,0.02664947885239111,0.007069855230254841,-0.00511333601205219,0.0011076200729828233,0.0092083444412552,-0.03246670874050535,-1.203171967382316e-05,-0.019012278263206034,-0.002701094838221174
218,0.25666426728045416,-0.4453659709930189,0.1826570945197035,0.022552563197201485,-0.013638877122114309,0.26210511736526004,-0.314357657750129,0.4351644104687284,0.1717951729332811,-0.20189050292758823,0.06417125192213788,0.049816196808450335,0.19216515874859097,-0.15948077672302413,-0.012576337270982601,-0.4317625113581583,-0.016616660387492883,0.15296071916786688,0.341872044990565,0.18983649939514685,-0.14316722284005162,-0.303854245918354,0.03327798078051648,-0.215098747702026,-0.656355246007609,-0.11309385772056853,0.10534040720767178,-0.3131055007373638,0.20005235950530434,-0.20393694903204068,-0.31469110463792077,0.11512648461290814,0.2179740172947093,0.05598311850057385,0.11914642044366323,0.07865186242712939,-0.03606472061962818,0.003591257332785893,-0.04033289860575642,-0.11256248719839694,0.28525832611748597,-0.2995802539968467,-0.12359133003855746,0.1648698931184661,0.15232703299252162,-0.03490732849865326,0.06569061506951725,-0.06642864372030653,-0.0989584338034523,-0.37363577582210583,0.2848009542168585,0.04183580507703999,0.27136586489468056,0.028596189094263938,0.08050739156730363,0.01260456245169425,0.09765928115329471,-0.09714903047307236,-0.10949539252396231,0.1105188467903209,0.11707263005103964,-0.04668419495268854,-0.049230884235488506,0.03864457183794163,-0.02008645401455392,0.06929737103930418,-0.02506772554160541,-0.09853752517496095,-0.0475990415813286,0.18528958509833549,-0.01212185319153061,0.02652563253556294,-0.08370374739487157,0.033845141483631894,-0.018199708566290062,-0.0258076600737197,0.00021563269445989692,0.0016001752745016147,0.005030984857487756,-0.980494379120767,0.007026201607790387,-0.0074852802582203795,-0.010349209600147001,-0.0033468403711159425,0.010563953478218067,0.02121706230104896,-0.006271182046736377,0.0018523978786342957,-0.005207580769503807,0.028953769841967198,-0.0034972096153675146,0.013435182889365325,0.04080711795997256,0.0024900013963178066,0.0073421805685258005,0.011611988336534332,0.0909546239863145,0.004027487255725644,-0.01901945399151988,0.026649478852391207,0.007069855230254931,-0.0051133360120521765,0.0011076200729826012,0.009208344441254795,-0.03246670874050562,-1.2031719673732955e-05,-0.019012278263206134,-0.0027010948382207873
219,0.04086046224539947,-0.5615022251892631,0.19865827712794734,-0.07330308558441634,-0.12229159766382004,0.133881474429718,-0.5078457720205913,-0.04647012381753524,-0.4184514591544709,0.19891259971168676,0.31240438500409246,-0.28684440127339766,-0.08233778633062605,-0.10119094377073178,0.1786603125542248,-0.46074031353278394,-0.04198619024204783,-0.20969272362173697,0.29914637127089916,-0.209352121768349,0.22480539655792547,-0.4113433676436856,0.05384707391617143,-0.12722387154647258,0.015105364720926684,-0.1375501120695202,-0.0877116457954316,-0.08381912752992024,-0.21080287210184964,0.26229593925604106,0.07243549442993903,-0.30574738734425266,0.06375113364929377,-0.05444752700471859,-0.2264628030891164,-0.09068499468912185,-0.05937916050149617,0.164574624053746,-0.012457108495508993,-0.2559692098536221,-0.2075065717351027,-0.07645504718839854,-0.04209142808973946,0.025502856962260588,0.18527458803394622,-0.008026284174777036,0.04969330301240898,-0.08599562988099539,-0.1500773100311183,0.17983785222711965,-0.36065570003414743,0.2699735301356671,0.2724541083934213,-0.10665194735583393,0.0990128247943827,0.17634156725048047,0.1055615303243205,-0.044302216390783355,0.06742995568139065,-0.12866158967690766,-0.10750749929806937,0.01590195450672914,0.0007215219629157255,0.03468606908874215,-0.1536997974520041,-0.09560305833029485,0.08871657714379946,0.16771481572066893,-0.020854161363708257,0.10137997970381961,-0.026481320353019967,0.06012337511291821,-0.10025793361524675,0.052303211898863375,-0.03172162544416345,-0.01125192262365,0.007494366131614313,0.011562050149133536,0.008159030032690114,-0.9804943791207669,0.007026201607790357,-0.0074852802582201505,-0.010349209600146732,-0.0033468403711160396,0.010563953478218,0.02121706230104903,-0.006271182046736196,0.001852397878634275,-0.005207580769503863,0.028953769841967125,-0.0034972096153676534,0.013435182889365436,0.04080711795997273,0.002490001396317811,0.007342180568525632,0.011611988336533947,0.09095462398631456,0.004027487255725665,-0.019019453991519865,0.02664947885239123,0.007069855230255053,-0.0051133360120519215,0.0011076200729827471,0.009208344441255187,-0.03246670874050552,-1.2031719674038266e-05,-0.019012278263206187,-0.002701094838220959
220,-0.08705601906898962,-0.1259082656245675,-0.3851515097774229,0.16334326389109066,-0.09262490662917282,0.09787489276076151,-0.3303157283596836,-0.12150829779737896,-0.4756984226928428,-0.21583856235564036,0.3391464318171399,-0.08487177238743362,-0.027690653884883128,0.19562478975339254,0.010853215895674449,0.2083924980785823,0.08247288720761826,0.1571603213983744,0.03861823936495766,0.03454967236170632,0.06671571725446696,-0.1687607153492286,0.051959705395746535,0.09586674103939496,-0.36781917950594895,-0.24536880996372382,0.12403896198503904,-0.10549229393738103,-0.10618490360964321,0.17838216777468266,0.21170805410129337,-0.1319891837449879,0.16457754168625138,0.2481368948783554,0.04600032966956522,-0.04258971406286777,0.15686330381938124,-0.2716389068562483,0.1164582843265979,0.04063004195716768,-0.002924160855405037,0.11049770365472296,-0.08521314231764374,-0.259241320597464,0.340705635495419,-0.23961057656487877,-0.02607371037809864,-0.008953115344430492,-0.10286898906658883,-0.1688950148951724,-0.062037076470720855,0.07260714894481747,-0.0923995073815678,-0.12370000276816387,-0.10609613075392706,0.11639675133654968,-0.0716743621949158,-0.055253822444319874,-0.11067518305879646,-0.03358068172818491,0.193930064944757,-0.19597884484129688,-0.12718238868580545,-0.04445714762692217,0.0385243344346347,0.0010289463038681292,0.1408004925468773,-0.001463992259303026,-0.009182523484108258,-0.02140035771564331,-0.026676184989333974,-0.006857797122226404,0.0195274495286214,0.005127373690040297,-0.005610368510772985,0.016557893307926303,0.019452663977372525,0.008359434912406812,0.003762628909473684,-0.9804943791207669,0.007026201607790233,-0.007485280258220251,-0.0103492096001468,-0.003346840371116131,0.010563953478218018,0.021217062301049038,-0.006271182046736318,0.0018523978786344237,-0.005207580769503597,0.028953769841967195,-0.0034972096153675684,0.013435182889365339,0.04080711795997253,0.0024900013963176522,0.007342180568525548,0.011611988336534035,0.09095462398631467,0.004027487255725611,-0.019019453991519636,0.02664947885239111,0.0070698552302550215,-0.005113336012052228,0.0011076200729827452,0.009208344441255028,-0.0324667087405055,-1.2031719673913366e-05,-0.019012278263206277,-0.0027010948382211325
221,-0.4546378973419275,0.31288145247387755,0.15496220272376937,0.30501574580051394,0.22115269364314005,-0.3317257819641528,0.198475743928325,0.1776710317042387,-0.21834083372858096,0.1770806409412411,-0.004200498257354979,-0.07778837150253634,0.0886721084948685,-0.0219534768774448,-0.10903269445780037,0.2493117792402716,-0.10878578983037683,-0.012681055987491741,0.2584417125094185,-0.20874050387480447,0.11811597844279222,-0.11585439340169346,0.2877543819484889,0.0006275635882311329,-0.1109364918839101,-0.28690432302884433,-0.23195222861556947,0.3523433087857033,0.05835837122950056,0.026056677024574544,0.16964028534492134,0.06483720882746419,-0.19004024469945247,0.18747159800407698,-0.1175839261585339,-0.07468362115936002,-0.04145786138078228,0.010801576899257759,0.2607036165068932,0.17711103156263208,0.18409505908444418,-0.07399183732074001,0.011049705598299384,-0.02366004161606433,0.006154664807165198,0.024905312178147395,0.016268991870011677,0.12089807100979116,-0.04811109048156275,0.09528757347315918,0.025813540190261823,-0.0936007940510919,0.05152072542956721,0.10580420889871102,-0.06316932661319202,0.21876152620309391,0.09910420400468473,0.17078371236013876,-0.20024929030535157,0.006775751294660189,0.1305109966208774,0.014404165135912481,0.02966693788534759,0.1073279930768498,0.02067052074946158,-0.1038578853381846,-0.0008784262359326999,0.03646491304724045,0.027066164306087125,-0.00386959414051407,-0.0006574148965742411,-0.009832769896755628,-0.022100093855735227,0.011757491303509804,-0.006325838020140199,-0.00502238814174871,0.011294371281179633,-0.0020423498877776484,-0.0021345478794366824,-0.9804943791207672,0.0070262016077902115,-0.007485280258220324,-0.01034920960014673,-0.0033468403711160223,0.010563953478217938,0.021217062301048986,-0.006271182046736085,0.0018523978786343408,-0.005207580769503641,0.028953769841966976,-0.0034972096153674383,0.013435182889365184,0.040807117959972425,0.0024900013963178023,0.007342180568525507,0.01161198833653397,0.09095462398631463,0.004027487255725832,-0.01901945399151978,0.02664947885239107,0.0070698552302549565,-0.005113336012052196,0.001107620072982761,0.009208344441255026,-0.03246670874050538,-1.203171967401875e-05,-0.019012278263206117,-0.0027010948382210354
222,0.009247997092126887,0.11289808373140016,-0.12444402725774688,0.029877621728881344,-0.18720833715054075,0.0919055710988753,0.05706311405080692,-0.12465745336988052,0.066409248625137,0.1529414304786289,-0.17066261056727572,0.17859037978372416,0.3106277071599252,0.15422259252351195,-0.26831426100711386,-0.16255468471890083,-0.10677454498743473,-0.19226368666836333,-0.18725053167639896,-0.46042779677549855,-0.18956775991532504,-0.09174317656273515,-0.14673533196855798,-0.11202847903319184,-0.16381638365340961,0.07909942141717184,0.17312621944046105,0.31746089679980033,-0.017094208899540046,0.11602587686300807,-0.1526941365742932,-0.017501557141122826,0.20083612236099152,0.2055527683950879,0.13236166995910348,0.27995691844670056,-0.02696959384056052,-0.060931998519066326,0.19444335794442022,0.08561454559779115,0.10072341435697524,0.018477388961071782,0.03654983190153106,0.010782267789977628,-0.08074168241945981,0.04539266117105665,0.03767174982126847,0.16275117101151385,-0.10292391103529083,-0.13502827456827274,-0.01378054376602896,0.0029085695956923394,-0.19575839661658506,0.051660475648432666,-0.0828117954624702,0.1525306659070269,-0.03850143252209533,-0.06952820136193238,0.11155949243812704,-0.28659638748163385,-0.1806736802834441,0.045269532210373914,-0.20840647790797853,0.18915339384418006,-0.02709492062004568,-0.051813348288912174,-0.12272588678348591,0.11559484006686231,-0.008584396008163048,-0.22815016186130666,0.011950359238682888,0.0026097966398432233,-0.13641124740250313,0.05222600302605645,0.005645714105203998,-0.009082479214093527,-0.02018117298417766,0.016011053110860478,0.003200477636243216,-0.9804943791207671,0.007026201607790272,-0.00748528025822032,-0.010349209600146961,-0.003346840371115861,0.010563953478218181,0.02121706230104902,-0.006271182046736362,0.001852397878634245,-0.0052075807695036525,0.028953769841966955,-0.0034972096153673927,0.013435182889365207,0.040807117959972355,0.002490001396317953,0.007342180568525579,0.011611988336533891,0.09095462398631453,0.004027487255725716,-0.019019453991519792,0.026649478852390992,0.007069855230254879,-0.005113336012052164,0.0011076200729829057,0.009208344441254776,-0.03246670874050535,-1.203171967376071e-05,-0.01901227826320606,-0.0027010948382212227
223,-0.19235643935270377,0.10044769467345946,-0.0638081652966384,0.13442547188330664,0.24572289477571868,-0.15812988118449456,0.27819946885197094,0.07677282906408373,0.30901089595353737,0.38994143810830006,0.13337971592228628,0.03957358853854421,0.07292237981150002,-0.2065640826157608,0.03149739605713156,0.12369107190521962,-0.3431859326733442,-0.06225099075901723,0.22954903936566937,-0.2633043409759453,0.09291263028704826,0.12010538541060461,-0.05170698118196856,0.10390984275946961,-0.04830897403901755,-0.14928770901370994,0.12082394721085109,0.32495503577390994,-0.15335952877598405,-0.021709929263363202,0.21105463441429842,-0.0634397616583635,0.27144051543463454,0.03896576494189281,0.1583808637341111,-0.1790039277982943,-0.08457547358838194,-0.21185466791643798,-0.2289829517243449,0.09623659250946924,-0.1503121818008175,-0.17464196973932808,-0.14230698766955652,-0.18582390465576965,0.13631190181147584,0.05427608755861435,-0.09685430431357386,0.08204057295987073,-0.1871748491205552,-0.0696097746326139,0.11473104787173494,0.018433210913899857,0.02276879783196219,-0.14456091949339236,0.07377537770080957,-0.01600895895729339,-0.03371128882086843,-0.1728585016152964,0.11114407321820333,-0.011714871866241075,-0.15139394796732555,-0.1753592457550501,-0.010497742812930623,-0.1085513210469557,0.04841550041705145,0.005524997607158468,-0.2556142122307981,0.1493845260808423,-0.0037585656198020397,0.11297718256940295,-0.029800323830595495,0.05820443736742203,0.06379256078211254,-0.05912562361150256,-0.005995230101449221,-0.0012336759363595331,-0.012035087737480812,-0.01909266388601083,0.0016291204344741667,-0.9804943791207671,0.007026201607790203,-0.007485280258220213,-0.010349209600146706,-0.0033468403711158037,0.010563953478218048,0.021217062301049007,-0.0062711820467362305,0.0018523978786341756,-0.005207580769503687,0.028953769841966955,-0.003497209615367462,0.013435182889365283,0.040807117959972536,0.002490001396317731,0.00734218056852551,0.011611988336534007,0.09095462398631468,0.004027487255725673,-0.019019453991519854,0.02664947885239131,0.007069855230254997,-0.005113336012052201,0.0011076200729828744,0.009208344441255078,-0.03246670874050543,-1.2031719673816221e-05,-0.019012278263205996,-0.0027010948382211464
224,-0.17124635696675203,0.2518389585814382,-0.24513960441381646,-0.4348141054146974,0.3237034544933062,-0.23213918456895807,-0.404717467272692,0.25811123496555605,-0.11262277632943504,0.13217281898769215,-0.2788500806392668,-0.04445140005391209,-0.39720015154107324,0.7320696993516749,0.16228166046161288,0.05880921240811472,-0.34907412937643645,-0.189059804785195,0.06646553606508471,0.5049559919726198,-0.09949396838676067,0.11951291264181911,0.10603478392171165,0.4695589979277477,0.13179400485375992,-0.022932430578077586,0.35219327636820685,0.046690961518285064,0.33655035451463117,-0.23201938243548342,-0.01258408765921441,-0.015321005939718952,-0.06931533941318291,0.05098845392935309,0.06972779907114535,0.18513350581457685,0.0880114468392753,0.20876903031811123,-0.12548153225295644,-0.14269816224482362,0.09639734729519027,0.05044722537682819,0.24699337302309726,0.17084457620144236,0.04307801861534342,0.04069250406682882,0.2037777142534267,0.006808946035797061,0.16397497362281796,-0.176595287370529,-0.04222957565875614,0.18998531496625515,0.06787660350870889,-0.09681719841265558,0.32921445341765354,0.1964617306390648,-0.034135598689877575,-0.07551853912608263,0.043240701196271186,-0.05670433812418704,0.10808000866954237,-0.17854462967868237,0.019861551898105186,0.09765444980275642,-0.07937945082335568,0.05898118134650079,0.14947536765460886,0.08829583826413287,0.10594652978468042,-0.08451406289180605,0.02251559851655428,-0.009607754917684433,0.09343168092049539,-0.041330747188528714,0.017414127142980386,0.021869298924173726,0.005191787335097346,-0.003712502985909583,0.010456309073325929,-0.980494379120767,0.00702620160779024,-0.007485280258220593,-0.010349209600146467,-0.0033468403711159854,0.01056395347821806,0.021217062301049177,-0.006271182046736441,0.001852397878634389,-0.005207580769503798,0.028953769841967292,-0.00349720961536727,0.013435182889365255,0.04080711795997239,0.0024900013963178257,0.007342180568525635,0.01161198833653395,0.09095462398631468,0.004027487255725622,-0.01901945399151976,0.0266494788523909,0.007069855230254803,-0.005113336012052134,0.0011076200729830644,0.009208344441255496,-0.03246670874050555,-1.2031719673945458e-05,-0.01901227826320616,-0.002701094838221202
225,0.6773645285466446,0.7927672191773691,0.32071506804360095,0.3538255462160479,0.1613718408399587,0.26010526539738676,-0.24316141309500722,0.11969259594197107,-0.7624891529527065,0.019963175391592716,0.003463465006048665,-0.05178963922348914,0.20475208969390224,0.014562727245829965,0.3684458028203785,0.06173872927999048,0.7736912924103296,0.23938037433926773,-0.0743829492131738,-0.2252079724536263,-0.1106417770792635,-0.5783545461036914,-0.1619279649773362,0.6665177073007024,-0.1743748176192352,0.1837735586654678,-0.22013934741017605,0.2566641801512408,-0.19340929693721684,0.4910808585076439,0.17514779400972078,0.07083575324613184,-0.2456900644409108,-0.14491767306142722,-0.05951929760893383,-0.023953199101979714,-0.13405426453419514,0.15800530228115908,-0.35945092323733274,0.14730136432097035,0.13669267997291207,-0.16003362113095845,0.11117990713469222,-0.01831885174993563,-0.01874054959259331,-0.32058128103653993,-0.09107164163532278,-0.33496495967012385,0.06793239354240518,-0.25259353650702426,0.07961888065564471,-0.1515387453612749,0.20935779278272895,-0.20092964371396724,0.1282446861826771,-0.012312057463261928,-0.16168690313144027,0.14534030049571017,0.03464790035924262,0.045345547418979865,0.08864898854921799,-0.05011134286134959,0.07706599307701331,0.1869523149971933,-0.16674472739381124,-0.07617394633286269,-0.03490296628827795,0.023388306912448,-0.06230432004095839,0.0014989240825351992,0.22880191866241567,-0.04909681377203825,0.0201166685448688,0.044447637313156985,0.04366578895267884,-0.08316176523168657,0.004562577441648273,-0.036188307338925085,0.006976117948473677,-0.9804943791207669,0.007026201607790486,-0.007485280258220289,-0.010349209600146599,-0.0033468403711158765,0.01056395347821805,0.021217062301048927,-0.006271182046736661,0.0018523978786341465,-0.005207580769503766,0.02895376984196693,-0.0034972096153672023,0.01343518288936484,0.040807117959972626,0.0024900013963175256,0.007342180568525604,0.01161198833653376,0.09095462398631454,0.004027487255725943,-0.019019453991519976,0.02664947885239096,0.007069855230254952,-0.005113336012052019,0.001107620072982775,0.009208344441255081,-0.032466708740505404,-1.2031719673767649e-05,-0.01901227826320601,-0.0027010948382211603
226,-0.3392062656611329,0.18257001449241916,0.26009295903343,-0.032739222831799135,-0.2768287878848606,-0.33520685086335117,0.30434427702989414,-0.14394237630191464,0.11992312461514643,0.12249322560771188,0.07574460557076827,-0.19426097789348437,0.08777111318316594,-0.11364701359272991,0.07853907851107167,0.1567282856415523,-0.13464778766733138,0.2701222013406631,-0.010886509519375148,0.19122445830617438,-0.26861381208128576,0.05281699268341665,0.012221620177074214,0.024305147707366383,-0.0024163543495615333,0.11849473734290294,-0.1490219844552828,0.1172326317166779,0.1688305989620662,-0.029452139512705,0.10198297401108584,-0.23644592697607533,0.02749059640796547,-0.052972556093210985,0.04799911324238863,-0.10995439214691764,0.059525089644302885,0.08779462653431469,-0.005366271527832218,0.1076750690004961,-0.060930646346115835,-0.1062271338730551,0.06726062206427103,-0.029513373744022957,-0.1888473887837854,0.1632885996965989,-0.13416936390635634,-0.033317236477604144,-0.14476660027060528,-0.03680178486790701,-0.080640856548334,0.10823363673364554,-0.09117486443902438,0.10627279014363579,-0.09218960812209763,-0.1183656884311642,-0.07629041184166413,-0.030685956767263114,0.1643728659604099,0.0993316966934597,0.06513507367067484,-0.16716861545827383,-0.2011009221723049,-0.06497544810019407,0.0811944203055711,-0.04464384710938881,-0.03620276738006355,-0.039253765646591374,-0.08182170518089697,-0.05387400210797522,0.025751467725948215,-0.004367279583488302,0.05354680503395973,-0.022585413795050132,0.015061291709420922,0.019972581992795793,0.00036882453555799673,-0.017399542898694963,-0.016148078495347547,-0.9804943791207672,0.007026201607790231,-0.007485280258220381,-0.010349209600146571,-0.003346840371115859,0.01056395347821809,0.021217062301049094,-0.006271182046736411,0.0018523978786340021,-0.0052075807695037635,0.028953769841967087,-0.0034972096153673927,0.01343518288936527,0.04080711795997251,0.0024900013963176045,0.007342180568525621,0.011611988336533966,0.09095462398631465,0.004027487255725767,-0.01901945399151975,0.02664947885239113,0.007069855230254893,-0.00511333601205226,0.0011076200729827426,0.009208344441255116,-0.03246670874050539,-1.2031719673927244e-05,-0.01901227826320606,-0.0027010948382211047
227,-0.17058228059707395,0.23278051447761744,-0.04146434777191718,0.05814647002281445,0.21925578807768106,-0.1567509327453778,0.42211115591607473,0.1682406282661855,-0.11041602609311206,-0.010362496329330546,-0.04882397395110491,0.1584632866394068,-0.20783910707071077,-0.2172858130858553,-0.046504183602930634,-0.1013229996097234,-0.23999145669091107,-0.13362332877660957,0.14902556061804345,0.023719779811631,0.10057944015387704,-0.3239836499630624,-0.3176343954352021,-0.03459304360164903,0.05295074936453386,-0.011803348255706687,-0.13367853375016817,-0.12992954760060674,-0.14144295502968568,-0.030711488008510018,0.08431534285895867,-0.0027062571432987493,0.011703312802894167,-0.11785986917243516,0.16413786279283576,-0.02050905590111747,-0.11080650424930447,-0.04816721494924215,-0.28610934776612384,-0.1599541159432854,0.1045091693246652,-0.031126116824222328,-0.0398679556795345,0.058616236317730504,0.02440228024330343,0.22535595662751595,-0.03066249139274129,0.10259072423197728,-0.03350055918745141,-0.2109010419399623,0.030419185692015953,0.10491359813289199,0.09262586417400354,0.03857007147540059,0.019918911485484456,-0.1352753570479388,0.008352529317915209,0.14935823992888714,-0.23075055182422796,-0.2005942987280505,-0.28926821543366515,0.04929378617615567,-0.15377851869478965,-0.01147187348058071,-0.09336824178510973,-0.19163926952137883,0.049380410146210106,0.13077332424032234,0.09536022860059902,0.14489172253757446,0.0353617504530616,0.062426969954424816,-0.0802817011115952,0.03684408621229441,-0.021579630746748655,0.0006576113882920217,-0.0029795515981926655,-0.009111746841208988,-0.00041095085268806473,-0.9804943791207668,0.007026201607790517,-0.007485280258220338,-0.010349209600146783,-0.0033468403711156163,0.010563953478217897,0.02121706230104928,-0.006271182046736182,0.001852397878634268,-0.005207580769503863,0.02895376984196692,-0.00349720961536748,0.013435182889365032,0.04080711795997266,0.0024900013963175802,0.007342180568525549,0.011611988336534084,0.09095462398631479,0.004027487255725846,-0.019019453991519643,0.026649478852391204,0.007069855230255095,-0.005113336012052001,0.0011076200729828443,0.00920834444125514,-0.03246670874050547,-1.2031719674003571e-05,-0.019012278263206145,-0.0027010948382210354
228,-0.11860841932130144,-0.06849941943023563,-0.07008555936010763,0.023429790834580903,0.25577101766032956,-0.07356627261248651,0.2742097068948992,0.15273875640107165,-0.12446716087860235,-0.35906354059361684,0.18426960331109168,-0.012107047385304808,-0.07053678871798125,-0.135875513885057,-0.039662283242420486,-0.1797166440791223,-0.013071019308627637,0.0443823453246494,0.03304555644363141,0.06954984366935127,-0.12995935376967296,0.13912455838555837,-0.17943052965469955,0.26525865372944174,0.2376712445514845,-0.02993433924346491,0.27526463552744906,-0.02658364756040628,0.1730161832311227,-0.04807587505726744,0.1085447335874308,-0.27036034466836506,0.039409089699963935,-0.2435166762425751,0.2280140388080532,-0.0007016110524158302,-0.08081560257575912,-0.09906174704444728,0.10110755756976582,-0.012528345603045275,0.08306959393418627,-0.052829207297464646,0.16444202828474866,-0.017707811604135384,-0.31217036745563953,-0.02484026868204166,-0.08042239588400052,0.12783332187348326,0.060667588364186266,0.14516782556145216,-0.18337324301999947,-0.01775824374168772,0.07146959298010869,-0.046600892824283716,-0.03774358590351598,-0.13937273385197094,0.16460609342837768,0.17463233797330271,-0.03410591754760688,0.1920100092372494,-0.06645787822702647,0.00597069422812348,0.07098139552460543,0.054479039589677036,0.0786993748622989,-0.02975306068728513,0.0694171776860467,0.053640577699743966,0.07814345439719014,-0.044793637363020916,0.0016418293358179497,-0.0016832518378356613,-0.08660285888803464,0.0146074838377706,0.004322781059525867,-0.0019300969065718535,0.002916698966674001,-0.020014428101158173,-0.012667766882355772,-0.9804943791207671,0.007026201607790518,-0.007485280258220416,-0.010349209600146693,-0.0033468403711158917,0.010563953478218122,0.021217062301048962,-0.006271182046736184,0.0018523978786343612,-0.00520758076950384,0.028953769841967205,-0.003497209615367551,0.013435182889365228,0.040807117959972654,0.002490001396317659,0.007342180568525517,0.01161198833653406,0.0909546239863146,0.004027487255725691,-0.01901945399151979,0.026649478852391124,0.007069855230255025,-0.005113336012052262,0.0011076200729826827,0.009208344441255128,-0.03246670874050536,-1.2031719673982755e-05,-0.01901227826320611,-0.0027010948382212713
229,-0.24761101582301967,-0.007020585390750982,0.024560742274678367,0.30375985935312816,0.06907010022384395,0.01784299536364317,-0.01577201793401908,-0.18358823044470635,-0.21262006315486703,-0.4579426716690173,0.0519887319643249,-0.19428522187844188,-0.22293466448543675,0.05789612479966932,-0.040596205027143444,-0.07909100882428406,0.21639596964535418,-0.11652121653241566,-0.07613884128234248,0.3082585741439794,0.18915244255294525,0.15273520695814946,-0.25569113518392605,0.11764732511407677,0.06878488480019102,0.10363486302188854,0.14961031905137326,-0.023950752775580824,0.1481938339068818,0.1983865766995267,-0.014718911822072717,-0.27059431263565636,-0.02157096701910725,0.007034050194187088,0.0023108527625775293,0.1411157632060436,-0.044743684820054704,0.03192900258790973,0.2645691922449552,-0.07112985122872485,-0.09129616086032742,0.07536714374013007,-0.041585121852737404,-0.07153009374419364,0.05965324891977789,0.08882937886906181,-0.2237341990525576,0.1720376217399887,0.05118398088559864,0.029328443297670963,-0.03399034300333251,0.08963577475053289,0.2854852405748529,0.06715998392551711,0.004140547346272581,0.1460104459964166,-0.11540915235828492,-0.21622146009495566,0.020603268869471444,-0.09122335104091636,0.24031279937515168,-0.0017281064076052162,-0.048050078997908266,-0.0407371908254217,-0.03867192771067386,-0.15153797421355775,0.015194173081493165,0.06662228418452226,-0.06781187678490491,-0.02555976835663579,0.014162603316667003,-0.013116654600119767,0.06896988271699205,0.02425690609920918,-0.01206568741469722,0.018453389995796786,0.03548782117460576,0.01568311786108144,-0.007914257037085554,-0.980494379120767,0.007026201607790386,-0.007485280258220319,-0.010349209600146783,-0.0033468403711159334,0.010563953478218254,0.021217062301049017,-0.006271182046736239,0.0018523978786343335,-0.005207580769503625,0.028953769841967184,-0.003497209615367329,0.013435182889365075,0.04080711795997271,0.0024900013963175204,0.007342180568525621,0.011611988336533886,0.09095462398631453,0.004027487255725511,-0.019019453991519664,0.02664947885239125,0.007069855230255122,-0.005113336012052238,0.0011076200729828597,0.009208344441255121,-0.032466708740505404,-1.203171967401745e-05,-0.01901227826320606,-0.0027010948382211047
230,0.6117936211638091,0.8369441831142419,0.22636724125674704,0.5253198824551966,0.31509106504746237,0.8545028550151715,0.16945798160602862,-0.2536481335912166,0.14681794046395924,0.47019904462599743,1.0191309557563613,0.013067751782906164,-0.5868479694473654,0.49631517717631896,-0.4639842491297452,-0.04840650701642052,-0.41471735662536147,0.25374163254645515,0.027241266490867604,0.16380772314433767,-0.19102581217928097,0.2615042081339456,0.3272332295863415,-0.29974120333495474,0.33224136599673876,0.060283409131197445,0.5204460753983654,-0.045312792829723565,0.009331138790533301,0.012852629539119368,-0.20154287817871108,0.19443500244839795,-0.46453612158126445,0.4158447325458476,-0.1989742280692759,-0.12799926404943096,-0.24412437401160256,-0.03154230253856108,-0.01720606153991993,-0.02947677716593574,0.021785221430190682,0.19464856958431273,-0.04937274008642924,-0.03448971162655956,0.06504815207713913,-0.016874803546849552,-0.2226895265884891,0.03389786345088982,0.09926531374780387,0.0034350323989660782,-0.01961171365645212,0.15781567847420724,0.004945833667495975,0.0370917620628994,-0.04372992455718231,-0.02885602808361107,0.040503438641043686,0.22013313508757004,0.0688003216701247,0.017212391556100177,0.04906677010124885,-0.06097723622349917,-0.057158520797153875,0.21470373333129,0.032291448000637435,-0.028996753922001642,-0.193560065618914,-0.08619846115463159,0.11476900239158117,0.08303553128569463,0.09653842589180643,0.012641571434651713,-0.0633141057917237,0.0403057966642709,-0.003554155503153474,-0.027028552717035866,0.006483151560338245,0.0035355052598596325,0.00016767480892298676,-0.9804943791207673,0.0070262016077903095,-0.0074852802582203,-0.010349209600146696,-0.003346840371116013,0.010563953478218155,0.021217062301048962,-0.006271182046736337,0.0018523978786340767,-0.005207580769503673,0.028953769841967028,-0.0034972096153674296,0.013435182889364915,0.04080711795997279,0.0024900013963176314,0.007342180568525524,0.011611988336533536,0.0909546239863144,0.004027487255725913,-0.019019453991519428,0.026649478852390957,0.0070698552302548585,-0.005113336012052318,0.0011076200729827226,0.009208344441255173,-0.03246670874050554,-1.2031719673982755e-05,-0.019012278263206395,-0.0027010948382208133
231,-0.2756281588744625,0.17357094929479333,-0.4006816793651854,0.2923339328699564,-0.4277626751775426,0.03579549719196153,0.07625150720324966,0.18905017060588372,-0.2054824719470929,-0.04807783318931047,-0.01436729598661422,0.473470052800976,0.01079208027099584,0.010511382465267451,0.14164100189425066,0.010587493884051396,-0.1014429697442461,-0.04825756797699118,0.3053913111239506,-0.17566078845974342,-0.27185468874546814,-0.20037680076447606,0.12158548887682114,-0.012028149224966818,-0.1541736363466931,-0.13321560621392825,0.36498514905250173,-0.06492095541494637,-0.37012617880821375,-0.05014071319226952,-0.18089016820586298,0.0034991110353848344,0.024536938891909766,-0.06643434403022921,0.0008626146340046227,0.14390528748884765,-0.2538797411871624,-0.11236910340187135,0.00010524284853965475,0.10187512073122179,-0.23414740990775496,-0.01603915548367239,0.11105263142937351,-0.03731658237559149,-0.15995912918370195,-0.012018015955595854,-0.16986446644461997,-0.09434157915088716,0.29586704833453414,-0.18939623004958467,-0.06800369714404567,-0.13624950293171467,-0.2114929937432371,0.11976919924642974,-0.051848218589190136,0.17924288051225531,0.047532952160208586,0.08570014431714996,0.0516191875594831,0.04570571643018316,-0.08129396895576138,0.04710133977149663,0.07776731099679243,-0.016565145696518006,-0.02311439442657743,0.07481265151113851,-0.05094855563817571,-0.000929551587010127,0.08444722252562212,-0.03174085596487567,0.00205293785578105,-0.010648988872980375,0.0052159670346800064,-0.029210930543112325,0.014087326613493073,-0.0016704200240638038,-0.027371848974598274,-0.009892841738459486,0.0009487083780144972,-0.9804943791207671,0.007026201607790365,-0.007485280258220314,-0.010349209600146774,-0.003346840371116034,0.010563953478217944,0.02121706230104901,-0.00627118204673631,0.0018523978786342363,-0.005207580769503913,0.028953769841967004,-0.003497209615367284,0.013435182889365318,0.04080711795997235,0.0024900013963178535,0.007342180568525572,0.011611988336533985,0.09095462398631458,0.004027487255725847,-0.019019453991519886,0.02664947885239086,0.007069855230254876,-0.005113336012052051,0.001107620072982707,0.009208344441254861,-0.03246670874050546,-1.2031719674041735e-05,-0.019012278263206027,-0.002701094838221077
232,-0.3330721065873473,-0.035764511265481504,-0.09393075259187965,0.1832043053899885,-0.4928419060217992,0.1929253904644953,-0.18270927608720985,-0.031175703804592683,-0.25666378737595724,-0.19027101426718107,-0.04357920207360283,0.34061541557376424,-0.4356954440198582,-0.04830706393948689,0.2519616372680327,-0.2644731452723176,-0.06630656903962345,-0.0619307279030221,0.2721096555235692,-0.21158164228722284,0.057616076694333225,0.10401607230128808,-0.28095338327023656,-0.017523497624941244,-0.05187672984560759,-0.1233070866461752,0.20615060963710666,-0.18120066251083167,-0.1414863327252761,0.021891323224956623,-0.32582154185289813,-0.056878087343987735,-0.015358621420561519,0.20624612284474153,-0.054270755719264596,0.15901819728408348,-0.03445473295411139,-0.11491295212783094,0.010561182078189435,-0.1901358584489256,-0.03777206688706774,-0.04778091268079177,-0.07639944478732427,-0.03028572599720945,-0.2178209188221838,-0.15236536565117278,-0.0059564282577170774,0.059550734768791413,0.06546397688527371,0.009509481613509571,0.21511445393187684,-0.13403222229420822,0.004508770578862974,-0.08313043651974984,0.208343185037001,-0.12170472021675116,-0.03474043743977025,0.11625206247658375,-0.0570687975206809,-0.14853433069305005,0.00951120793170676,-0.10753616148402703,-0.11517210901844793,-0.040342868244855834,-0.03222782450608,0.06857892081860761,-0.019981634825850796,0.10023867989335189,-0.013525749785867243,-0.05811693710425472,-0.02461055995146523,0.01572401271561343,0.00021342946364601956,-0.00760581789451329,3.964331261382912e-05,-0.01745245098538751,-0.005747524876949259,0.013721708476173922,0.011014974162445502,-0.9804943791207668,0.007026201607790462,-0.007485280258220286,-0.010349209600146732,-0.003346840371116124,0.010563953478218193,0.021217062301049038,-0.0062711820467361784,0.0018523978786343057,-0.005207580769503982,0.028953769841967254,-0.0034972096153673116,0.013435182889365179,0.04080711795997268,0.0024900013963177147,0.007342180568525461,0.011611988336534096,0.0909546239863147,0.004027487255725709,-0.01901945399151976,0.026649478852391096,0.007069855230254904,-0.005113336012052009,0.0011076200729828042,0.00920834444125507,-0.032466708740505446,-1.2031719674031327e-05,-0.01901227826320606,-0.0027010948382210354
233,-0.10131529591467363,0.1971864215234795,-0.047217883983414234,-0.322086507518349,0.034596156340908055,0.14226660605187216,-0.11450774856221523,-0.2077640625132606,0.17753706590953133,-0.048785152318534884,0.08005429336048255,0.3745960463647153,0.2638666737625119,-0.0030090405157411357,-0.4787788925324055,-0.1354619962249707,0.10367376837756828,0.06629600062081742,-0.07467376248476136,-0.06619251802866709,0.08673064369759069,0.24019078765846863,0.07250525103798786,0.12344763610085457,-0.18146403647936132,-0.19239785104087295,-0.5151525039035084,0.002266023140594092,0.14057545052714368,0.27050791981111916,-0.06086011253010019,-0.15828597069720124,-0.11030315360888691,-0.08154904455403052,-0.2227933562329253,-0.027134015082549885,-0.14137850832111218,-0.1903692968092349,0.1704583761339528,0.03175182968052585,0.19437052852228645,0.14215807119808146,0.11011111540204818,-0.03149946378849993,0.22332891930966756,0.07620630250027767,-0.11663003692671654,-0.1919086958282298,0.2677524018977089,-0.11050991651637339,-0.07161366353319713,-0.010820016672007927,-0.05047290316507881,-0.027228061865837656,0.07537656893639805,-0.039623242755207906,-0.06653586050977517,0.061743717040615334,-0.06355767185111529,0.06827840257843543,-0.028057257828050578,0.23860158715050808,-0.022713464003338613,-0.018718870178599318,-0.05035862853011538,0.041560649130608335,0.10520638412823197,-0.019287787804460936,-0.025014008265086117,0.04880270529571879,-0.05178909889064138,0.0017559481799841797,-0.006021973993282633,0.0024909822608361947,-0.009083683470697336,0.004251044651006419,-0.009743787450899596,0.012945924901396044,0.004893908401677509,-0.9804943791207674,0.007026201607790257,-0.007485280258220492,-0.010349209600146724,-0.003346840371115916,0.01056395347821797,0.021217062301048896,-0.006271182046736337,0.0018523978786343547,-0.005207580769503963,0.02895376984196704,-0.003497209615367511,0.013435182889365058,0.04080711795997261,0.0024900013963178045,0.007342180568525611,0.011611988336533942,0.09095462398631442,0.004027487255725523,-0.019019453991519705,0.026649478852390992,0.0070698552302549626,-0.005113336012052156,0.001107620072982563,0.00920834444125509,-0.032466708740505425,-1.2031719673830099e-05,-0.019012278263206228,-0.0027010948382212296
234,0.06919359680429374,0.03812696051623723,0.6154167184884652,-0.06688043816570839,0.2846549877441656,-0.1640109889874851,-0.4052954082979034,-0.21772175067131586,0.21729116419120348,0.058103275540176615,-0.44786583754396075,0.3400926541764657,-0.23517346703771094,0.01849926117300695,-0.3378165298344756,-0.014527764726149169,0.08383934562002335,0.10691992022140571,0.041510177045104964,-0.19017151423977963,-0.3342819320752991,0.4578459253096397,-8.257269492235108e-05,-0.19263368053645383,0.07624444997286482,0.08892894351431235,-0.004004800882034727,-0.3608197191807116,-0.017216155720065098,-0.3036842116583227,0.2221812166738106,0.22003765494798794,0.18867724907521996,-0.09184537536693795,0.07164094549011395,0.3729333542089069,-0.019255342571091565,-0.05298196047879832,-0.04995226412447425,0.1337581359729664,0.02475831885985095,0.12753784524274098,0.05998715645446786,0.0281392370067469,-0.029012697508987422,0.11937266422398478,-0.15432184948669447,0.19233154305658506,-0.06360942549665828,-0.04319586982406304,0.0005570480867912287,0.07288471476633386,0.057216293231644,-0.21075386111139524,-0.00015434835277923267,0.039470555562242236,-0.07456396106368916,-0.07981169388878724,0.08051266161334536,0.023908843656068317,-0.0020233659371800385,0.09296326362464995,-0.05223039946286456,0.17120844992115325,0.09583304267958467,0.002824506508769053,-0.12635895043353462,0.025784604245762552,0.15040779871958493,0.007704130535106688,0.042396789024356285,0.0022176244451544173,0.04785440331009736,-0.028292906184066987,0.020804977410993457,0.024642167532335967,-0.01271132190568591,-0.01164973008061728,0.0007646153582975628,-0.9804943791207676,0.007026201607790368,-0.007485280258220435,-0.010349209600146752,-0.003346840371115816,0.010563953478218055,0.021217062301048997,-0.006271182046736395,0.0018523978786343536,-0.00520758076950384,0.02895376984196716,-0.003497209615367548,0.013435182889365089,0.04080711795997262,0.0024900013963177862,0.0073421805685254206,0.011611988336534004,0.0909546239863149,0.004027487255725643,-0.019019453991519702,0.02664947885239098,0.007069855230255071,-0.005113336012052337,0.0011076200729828638,0.009208344441255402,-0.03246670874050529,-1.203171967376071e-05,-0.019012278263206145,-0.002701094838221063
235,-0.06936955926771265,-0.5593922004217761,0.4544425783832225,-0.23639030999474286,-0.16133679330119635,0.32232320912572876,-0.3012694362842168,0.10209032039871897,-0.07123610524549044,0.08572153581051023,0.03380750835586716,-0.03574956288435435,0.08439724483138093,-0.012290301721922412,-0.09714237765781115,-0.4822177765828719,-0.13594041490626535,0.07680509752887703,0.0755116673712374,-0.21786712830380092,0.2534239904492523,0.03536167890574002,0.07256263708720764,0.020874229911128667,-0.034754639696205764,0.030641895676028458,0.0013257338179455565,0.09934000807237334,0.10463380438398674,0.20592138466990173,-0.2298383553132701,-0.20976329565716004,0.20671979399417906,0.06807265351083794,-0.29921853562726297,-0.21267547346933324,0.14370727209147993,-0.4643459693425846,-0.08988582692086543,-0.07563261613389985,0.07842955314656808,-0.13393571161344903,0.08233453169191403,-0.18437196333862715,-0.03437679213995718,0.06230537543415479,-0.06319819525780866,0.011006026145310982,0.16594186607132919,0.09775019317110709,0.11600214546528036,-0.11975392687683625,0.05420490821518976,-0.052499952886635524,-0.04100888195240932,0.03534949086112088,-0.1356575554114682,0.1609604736265391,-0.0935982836577195,-0.11937989470391316,0.12152990277236336,0.11769890861830364,-0.15133646403575415,-0.022469087597231818,0.03168513417192944,0.050977524904279294,-0.13756076334918915,-0.02737862795606345,-0.013185003024371651,0.05359461885811801,-0.023917087331510784,0.010461133693921688,0.08346941280933184,-0.03526406933719895,-0.004077519843758172,-0.0028330030656383383,0.012158122816863435,0.007574096038781567,0.0032157029783809726,-0.9804943791207673,0.0070262016077903555,-0.007485280258220152,-0.010349209600146738,-0.003346840371115984,0.010563953478218088,0.021217062301049,-0.006271182046736249,0.0018523978786344206,-0.005207580769503696,0.0289537698419673,-0.003497209615367459,0.013435182889365332,0.04080711795997271,0.0024900013963176123,0.007342180568525516,0.01161198833653395,0.09095462398631447,0.004027487255725662,-0.019019453991519823,0.026649478852391068,0.007069855230254959,-0.0051133360120521314,0.0011076200729827816,0.009208344441255073,-0.032466708740505355,-1.2031719673982755e-05,-0.01901227826320606,-0.002701094838221052
236,-0.08442519053190758,0.0028555380933544127,-0.2762472771986912,-0.14482988508537492,-0.0006309038282211665,0.08466624045918521,-0.040026722409300775,0.01940202198091822,0.14318565321089502,0.10484670048358041,0.40430939504348595,0.008968107195771716,0.25944591124621835,-0.07205345871833915,0.20009584118315493,0.005408017021392466,0.2291039477098682,0.12613169191233548,-0.28018528746360877,-0.06641100602470852,-0.14944638680404485,0.043966790295906166,-0.14265255758102596,0.011207288303785331,-0.2342536485154975,-0.04249854623609342,-0.09177729035629305,-0.21690707805454124,-0.035444002111135305,0.24284648224321675,0.038178343221220025,0.04576017740098931,-0.14846781871910492,0.23012920610274581,-0.02576162074224746,-0.040977013161385106,-0.10400040121246863,0.2838777108767694,-0.0935121631408541,0.14766895377276748,-0.29538202525563173,-0.014158310170891865,-0.03781751014914844,0.03631192628726395,-0.00041791725010274723,0.21409976308813944,0.0813876906049048,-0.21683754486048465,-0.08139081880198622,-0.09075610270556014,0.19961453675667382,0.16601829710871802,-0.13452772967348958,-0.10077736501925076,0.16236633888716004,0.17125494635497107,0.029700834481601417,-0.059460059151256454,0.07031138179053964,-0.06347527772854492,-0.03213550644523383,0.07831581242036512,0.10637834933628103,0.038619411196717864,-0.06812213995534852,-0.08248542734521447,0.042832615283782835,-0.0755000928397727,-0.09684088764843228,0.0666338288021865,-0.02016617532328077,-0.015244475395331905,-0.018609501057132015,-0.001184510495877623,0.0008686773206311931,-0.004348385241490586,-0.033136055166444786,-0.0004478340791526871,0.005243131137769024,-0.9804943791207674,0.007026201607790161,-0.00748528025822052,-0.010349209600146668,-0.003346840371116012,0.010563953478218103,0.021217062301048882,-0.00627118204673648,0.0018523978786341964,-0.005207580769503791,0.028953769841967004,-0.0034972096153674066,0.01343518288936513,0.04080711795997248,0.0024900013963177624,0.0073421805685256625,0.01161198833653406,0.09095462398631461,0.004027487255725753,-0.019019453991519785,0.026649478852391103,0.007069855230255011,-0.005113336012052211,0.0011076200729827044,0.009208344441255099,-0.032466708740505605,-1.2031719673809282e-05,-0.019012278263206145,-0.002701094838221077
237,-0.23168099453441282,-0.03191941300500962,-0.0067885718599904055,0.399464395600974,0.2020476920602396,-0.14342645556962552,0.2906683241365422,0.009008353709070898,-0.16423100319150036,-0.30256744121957146,-0.27669839626121767,0.38703334944166945,-0.056430101201375676,-0.2833379646741485,-0.11957714871249549,0.17190780737075476,-0.14098199233291916,-0.09971240402914938,0.10535779851249487,0.21727638677873104,-0.35221811434451944,-0.06719720874907378,0.05930794866142391,-0.12066673346894362,-0.013277190129429562,0.2229141169127154,0.05969479955176547,0.08660179578527195,0.0033103284075412707,0.14596277673738609,0.22886777734862046,0.1739919992074427,-0.0777998830062521,-0.041019714768177756,0.09216622114238134,-0.03589109142562046,-0.15687723829251915,-0.2790123832166468,-0.13191768895890874,0.016185746402251882,-0.10896046325163408,-0.005672527484197679,0.06544680600099083,-0.11826532491818802,0.012026762998378404,-0.16462580664397616,-0.22255910536888043,0.15214737805328307,-0.10742597223347956,0.10805115812155278,0.08404381541103483,0.21622604356105476,-0.10300031581016333,-0.26855604577638975,0.007161126950657621,0.05277172220073528,-0.10828691938185636,0.053796721161729774,-0.05033317994435693,0.18775361139586194,-0.097909703813833,0.09345619207041864,0.05670546598505686,0.21485824427748992,0.22430335441937635,0.07321985549777876,-0.12767579422629122,0.06128325160093217,0.044057249236723106,0.014420045453299859,-0.06592719164808651,0.015211042529035561,-0.055542115643325674,-0.00937073909966323,-0.0012380048405608657,0.001779244176137719,-0.012250445018370384,-0.009031455499042634,-0.01149846967473044,-0.9804943791207674,0.007026201607790312,-0.007485280258220334,-0.010349209600146752,-0.003346840371115816,0.010563953478217957,0.02121706230104903,-0.0062711820467363675,0.001852397878634437,-0.005207580769503798,0.028953769841967,-0.003497209615367437,0.013435182889365235,0.04080711795997251,0.0024900013963175364,0.007342180568525303,0.011611988336534087,0.09095462398631476,0.004027487255725781,-0.019019453991519705,0.026649478852391224,0.0070698552302550085,-0.005113336012052309,0.0011076200729829523,0.009208344441255158,-0.032466708740505335,-1.203171967388561e-05,-0.01901227826320611,-0.0027010948382209105
238,0.6402277355971892,0.6463592331470625,0.4937221162896376,0.24696209916203646,0.04048458700178195,0.36646258624182715,0.03012126625276407,-0.13869685945590274,-0.2814973605249708,0.1244488536969506,0.2302365698236788,0.28766863955234423,-0.07827448101932333,-0.40942515636489757,0.5045984247946366,-0.1524807914142492,0.38437632957829804,-0.25713666659937673,0.052339374809013565,-0.23367184846395755,0.12360762987964828,-0.24279393788420428,-0.06290094744051819,0.7493545632304869,-0.06282715072283115,0.08106533113366612,-0.37464374852477395,-0.060888052633260095,0.46798980922544414,0.00018947953675784907,-0.26961814415309865,0.17069696552392338,-0.4486494547792273,-0.28234402157974664,-0.09006799938001352,0.02764447382731011,0.003262564908740834,0.08576012736413438,-0.10511690268394633,-0.03674884119256949,-0.01739630148689294,-0.13727040355045633,-0.11442694552609618,-0.15945675004686585,0.027488280458390253,0.057604590787008615,-0.013358238181839366,0.007104890987626336,0.09502561192365902,0.021256587116415777,-0.0841797920659149,0.054937638653459894,-0.10013659417664462,-0.1503646900894795,-0.08943596535289747,0.0009515008735965446,0.09490808159059054,-0.014085003045708113,-0.13436788774529185,0.046150202564140055,0.22779444047188616,-0.018012052857722255,-0.08148359215039261,-0.09004282967901969,0.03321560830539327,0.09285013940123824,0.040010724538411924,0.04746798379744955,-0.032408930960626796,0.012196169357880579,-0.12908973833745918,0.009881123327637515,-0.022623976082897092,-0.006217082324631706,-0.018956829143362327,0.01825080270918612,0.009464013599247548,0.015407047047374701,0.006665225907537193,-0.9804943791207666,0.00702620160779043,-0.007485280258220449,-0.010349209600146698,-0.003346840371115998,0.010563953478218105,0.021217062301048712,-0.006271182046736411,0.0018523978786339453,-0.005207580769503738,0.02895376984196717,-0.003497209615367147,0.013435182889364945,0.04080711795997264,0.0024900013963176366,0.0073421805685254795,0.011611988336533846,0.0909546239863145,0.00402748725572554,-0.019019453991519684,0.026649478852391058,0.007069855230254806,-0.005113336012052241,0.0011076200729824835,0.009208344441254818,-0.032466708740505355,-1.2031719673608054e-05,-0.019012278263206187,-0.002701094838221195
239,0.12609410111133842,0.2277191116146408,-0.18442170598727456,-0.16600971514269589,-0.16571524265069668,-0.30241017196899767,-0.021254463701328972,-0.02602286860232417,0.47099005720569764,-0.14225990290002852,0.17665148421966995,0.17559494927555025,0.03642637430628471,-0.022806156791329732,-0.15151824635444766,0.06355077242181394,0.1031465299885771,-0.232293399400579,0.164145599132599,-0.181893746895325,-0.08491726873342939,0.14640877438589364,0.08746277329554931,0.1424226973081128,0.12254661867772627,-0.23044595307053573,-0.20918486060726432,-0.28039074309284173,-0.032953530262506574,-0.12650688829914863,0.06724875179972849,0.23834265961351433,-0.10808617955923679,-0.11892040122881158,0.08796384572475933,-0.21302227392909254,0.10457125585732611,-0.06516374814606006,-0.09866363052473513,0.17722083785343795,-0.028058186974127593,-0.03140738780292081,-0.040885482287513944,0.08583615148355804,0.1341772881251765,-0.021679460756743464,-0.05177399720141826,-0.16469222910598824,0.10049216791918401,-0.226589934593725,0.16196601282697462,0.2242053191359599,-0.013616346702314137,0.08075370023968224,-0.10267694151913848,-0.05028343917318788,-0.0037866607495421183,0.055758858013830584,0.12801919133638057,-0.1384943903678934,-0.07576759855220766,-0.16847669213194835,-0.16347699749566466,-0.02126259466660463,-0.01817482858953911,-0.07223564909856149,0.12014778052402765,-0.018218281204855222,0.025178052062578206,-0.05756138052393412,0.030235900372202102,-0.00870750989854968,-0.017553521781540595,0.0067104933819342434,0.0147255920462755,0.01902923820556532,-0.01979251268381437,-4.164249422006417e-06,0.005712074913365985,-0.9804943791207674,0.007026201607790286,-0.007485280258220359,-0.010349209600146765,-0.0033468403711159633,0.010563953478217888,0.021217062301048986,-0.006271182046736397,0.0018523978786342727,-0.005207580769503909,0.028953769841966844,-0.003497209615367351,0.0134351828893652,0.040807117959972564,0.0024900013963178786,0.007342180568525586,0.011611988336533966,0.09095462398631453,0.004027487255725697,-0.019019453991519834,0.026649478852391186,0.007069855230254907,-0.005113336012052163,0.001107620072982805,0.009208344441255227,-0.032466708740505425,-1.203171967376071e-05,-0.019012278263206076,-0.002701094838221174
240,0.011743502187084254,0.20160925611811592,-0.9247275677190001,-0.5671676556872943,0.3975405154538887,0.144369904291821,0.010457000386562068,0.11656700212019766,-0.27851245565432614,0.5027627227501102,-0.6747026127006427,-0.04179044050933018,-0.24698584945633512,0.4465326408928168,0.1272199432124023,0.30710648743758323,-0.3390152800679348,0.05062190696864801,0.2085375331135839,0.07602866889399004,-0.13939179720214612,0.01943237426231095,-0.48210519627680426,-0.08708388185559794,0.08745905117463791,-0.2639981660971198,0.274123550090489,0.2450975779545121,0.7908893850263157,-0.09690512181152158,-0.2760456110679562,-0.08534842678258943,-0.2560543793362959,-0.11027609496659149,-0.07392512759742263,-0.1473779540263348,0.12492304083377166,-0.09543531907916421,0.11781111138913498,0.09845009960572768,0.03509260629220205,-0.019700862727604504,0.01668441653116614,0.09647446159307595,0.09468913481407518,-0.21378114724917216,-0.10719865143799072,-0.022942744672830726,0.12508186940002777,-0.2009525978278922,-0.023245671335214022,0.11281849187794207,-0.06654692112017667,-0.011930280422181149,-0.22209745297616526,0.10120604670534174,0.13895180621399883,-0.01196917691744361,0.1850336452777338,0.02189196628523915,-0.06362417014776592,0.002621307046772319,-0.01789117020274078,-0.15234113077389577,-0.0456979142996958,-0.1981047266140201,-0.06900672547544753,0.09496651685391147,0.03958529911999689,-0.10444605648967407,0.008964268738145329,-0.012065469410945879,-0.09318051500873727,0.0019708254329524745,0.000972639330104406,-0.02226071122729162,0.01462572911305192,-0.026007151729113775,-0.006883413618397315,-0.9804943791207673,0.00702620160779049,-0.007485280258220343,-0.010349209600146717,-0.003346840371116027,0.010563953478218032,0.021217062301049142,-0.0062711820467365245,0.0018523978786344028,-0.005207580769503909,0.028953769841966993,-0.003497209615367395,0.013435182889365075,0.04080711795997242,0.0024900013963180616,0.007342180568525517,0.01161198833653382,0.09095462398631472,0.004027487255725643,-0.019019453991519594,0.026649478852391304,0.007069855230254779,-0.0051133360120520785,0.001107620072982884,0.009208344441255475,-0.0324667087405054,-1.2031719673594177e-05,-0.019012278263206152,-0.002701094838221091
241,0.8853037097685859,-0.09352719374753585,0.0066730818480383765,-0.20745431492159636,0.20117031929170598,-0.1458903763881406,-0.11086904788057518,-0.2316951172319676,-0.06313369462895618,-0.4531212069097857,-0.08927243838809158,0.06761739505471204,-0.5486782713320806,-0.32187196439389054,0.20617445778825763,-0.05342304015197235,-0.1602931627491623,-0.2939037872508686,0.03248345496225436,-0.35584630359941405,0.19293911436501238,0.34523627564821047,0.24435671489988434,-0.23526605333235137,-0.03525141216194468,0.48973756403041213,-0.3120672992581499,0.29735961378560344,-0.08091273472546044,0.09415148041773637,0.27037304579121074,-0.4574085258293399,-0.24982315176665387,-0.42559874934036385,0.1204173103372654,0.14473185749001602,-0.37748180308552437,-0.09198560692344881,0.12170686917676901,-0.0905457228315043,0.25549352563507877,0.08494782075207757,0.37218569758883707,-0.17994699882761936,0.24002936663325147,0.08418127035461354,-0.3146711687189611,-0.06358831784556443,0.1064450550715906,0.014013091265176332,0.43369290981790065,0.13385903843459518,-0.05357848001699347,0.13797636228492935,0.14765782448404138,-0.029513626248535766,0.049608177657553126,0.031168073374467885,0.15385511458790987,-0.0020069091239984242,-0.041574582998633564,-0.1923290302798108,0.08909391746397011,-0.0402081232486163,-0.01984579969926779,-0.06130242903118982,0.17285287947273775,-0.0723866720617925,0.06502999213585776,0.27127520533320915,0.0074067533058063155,0.03833466789504712,0.01581949981544162,0.014794426984150616,-0.009961718050053713,0.05932460090443415,-0.008680833885427505,-0.00255300742523408,-0.00246273386930602,-0.9804943791207671,0.007026201607790472,-0.007485280258220303,-0.010349209600146876,-0.0033468403711158124,0.010563953478217853,0.021217062301048834,-0.006271182046736742,0.0018523978786343536,-0.005207580769503895,0.02895376984196677,-0.0034972096153672565,0.013435182889365155,0.04080711795997281,0.0024900013963174775,0.00734218056852533,0.011611988336533945,0.09095462398631439,0.004027487255725663,-0.019019453991519924,0.02664947885239128,0.007069855230254859,-0.005113336012052039,0.0011076200729829982,0.00920834444125503,-0.032466708740505106,-1.2031719673944706e-05,-0.019012278263206187,-0.002701094838220979
242,0.4426934961675621,-0.1869645563886663,0.2817987389050028,-0.37195380838476755,-0.027332106899006062,-0.11345126453858742,-0.23386451882563514,0.10316909827449146,0.0639912348522351,-0.15656922869050988,-0.1287025749072044,0.661073738607051,0.13019550466302277,0.51293952918388,-0.016932092089826045,-0.05615610690974829,-0.5306312814835089,-0.2519818134613439,0.1314635872961059,0.10926666183895686,-0.3895112262272443,-0.02161660520177533,-0.5930741065475816,-0.06534580341531315,-0.12052600913406031,-0.518712150504256,-0.10464255291085514,-0.10727014720593289,0.056434896286606084,-0.03812224930121266,-0.0202969111464465,0.14335710833063223,-0.051895986559965496,0.16913988471958016,-0.08597191446975327,-0.040340501341503056,0.22088664530186944,0.05018497783770548,0.14030220418443262,0.02944494697309766,-0.05741795911597001,0.035063491307031056,0.09548726985894983,-0.14192386475945645,-0.16079423243580862,-0.2225149415113912,-0.20171032345311773,0.0022592153812763015,0.013186962382376944,0.007195397533537632,0.14373432350063048,0.08534714138316889,-0.06111048801851717,-0.20810478888644068,0.22024824529152012,0.029553338451336283,-0.12032742378921568,0.02584642596314209,0.11265153206970535,0.02279208690638051,0.10816086655218976,0.019802338346821047,-0.06371996273555654,-0.07909178024757019,-0.053223867858796785,0.011850422487005897,0.09677768979087137,-0.006205012842080458,0.008188985094023838,0.07716327014588209,-0.01432885490022245,-0.0004628136240813855,0.007857341706697364,-0.00267935940811363,0.004951062311013849,0.014783289654814123,-0.01968528604493639,-0.0014328568500181092,-0.003104061375471378,-0.9804943791207673,0.00702620160779014,-0.0074852802582202295,-0.010349209600146717,-0.003346840371115892,0.010563953478218003,0.021217062301049028,-0.006271182046736456,0.001852397878634245,-0.005207580769503878,0.028953769841966934,-0.003497209615367379,0.013435182889365103,0.040807117959972564,0.0024900013963178114,0.007342180568525579,0.011611988336534042,0.09095462398631482,0.004027487255725637,-0.01901945399151993,0.026649478852391172,0.007069855230254956,-0.005113336012052173,0.0011076200729830757,0.009208344441255331,-0.03246670874050544,-1.2031719673795462e-05,-0.01901227826320608,-0.0027010948382211477
243,-0.09417781136060663,-0.24349851088608027,0.12733659545349074,0.3601324940741755,0.10191222600459676,0.11957600293222342,-0.32860875766015274,0.40587958115368067,-0.41776193219866276,0.14419216510664704,-0.01284051186831074,-0.04852308361743054,0.17161796623220094,0.024579723932050452,-0.10150111221109126,0.23250079045099803,0.15273067989838363,0.2507796397100181,-0.20446715813538807,0.12896042260984666,-0.031978249974500494,-0.20076256198386266,-0.07425620702001998,-0.23941618769753842,0.23786527717502326,-0.11635010216485131,-0.13379429132014214,-0.381848422074235,-0.15935744172010263,0.37252765482566647,0.04586750278128412,-0.02932377663511795,-0.10179435108455342,-0.12564728671692194,0.06213597379893512,0.1922514272698899,-0.20577769358442066,0.24543857772898586,0.0842963233453159,-0.042663380956270695,-0.055401816242390434,-0.09570895978041397,0.014192834762813999,-0.024154257618852745,-0.08939832225516207,0.08102190769496173,-0.15406831766396228,-0.0618128849004974,0.05771078708549641,-0.05098770715165302,-0.12071946387980041,-0.08146759171089402,-0.18236020922127147,0.13364798113365595,0.044142266996580685,0.11330726837587363,-0.13450017316417714,-0.0702355667947458,-0.21090177891808215,-0.00235411533192019,-0.1172416556825365,0.2066694983513235,-0.09683149128473711,-0.060527000717909715,-0.11981228022530933,-0.027346793126526624,-0.04916877658513957,-0.05833130565078118,-0.19142460900011204,0.04349318576459127,0.0021073427142179898,-0.005393805995996223,0.05419709559836523,0.009769198683495859,-0.008207316882282777,0.002839352069038489,0.00745378653239464,0.006927289199421267,-0.005150927344973856,-0.9804943791207668,0.007026201607790395,-0.0074852802582204,-0.010349209600146748,-0.003346840371115842,0.010563953478218147,0.021217062301048983,-0.006271182046736446,0.001852397878634275,-0.005207580769503905,0.028953769841967097,-0.0034972096153674625,0.013435182889364987,0.04080711795997269,0.002490001396317732,0.007342180568525535,0.011611988336534021,0.09095462398631472,0.004027487255725679,-0.019019453991519643,0.026649478852390947,0.007069855230255229,-0.005113336012052126,0.001107620072982775,0.00920834444125505,-0.03246670874050554,-1.2031719673885065e-05,-0.01901227826320615,-0.0027010948382210393
244,0.15920337538461168,0.08776780313079431,0.10188803171723075,-0.3127174290416441,-0.15897146807769005,-0.28235922509335337,0.3551891141780334,0.044515333284339174,-0.18348818837966835,-0.33826247299115003,0.11502479392628477,0.2041391259336902,0.01853885855278254,0.08749767696306048,0.1364667208664307,0.04880931742288878,0.07445906123049492,0.24357652394740173,-0.03417700301577559,0.14026002722541805,-0.12003169153064684,0.16298101412463237,-0.12324337623964363,-0.08201517974537142,-0.056760050403258065,0.03232513442917722,0.17779878227695925,-0.2866088968045805,0.25662684518041,-0.34611877037132943,-0.044072347236339175,0.0333344537639559,0.10650127447944437,0.09621991158439885,-0.0245649548060644,0.06379017652931133,0.006235757548390119,0.06995463043559116,0.3386882998334938,-0.10761179449627248,-0.01325215830359463,-0.16964974261696558,-0.2780138670007445,-0.1396417703038275,-0.08646867850548011,0.06423751828900498,0.08644640024789682,0.11305866398384452,-0.06183015118702049,0.16602439545675138,-0.184911321504648,0.008337015750771365,0.1254880776849306,0.12640392050119906,0.1067459982100693,-0.056989143899802655,0.10025489586514906,-0.06255799834869974,-0.08257363490239375,0.023213520726272155,-0.10158783806028755,-0.07914387744853559,-0.016125756210830643,-0.05853781824228092,-0.041479679992031816,-0.029347855946069187,-0.16626523054720416,0.07751368728899793,-0.04080237417188767,-0.1276469902164427,0.035407632723755876,-0.011483265967201778,0.018141244988293847,0.0055471040710305675,0.007008107867316682,0.0005171740420984084,-0.0004288539852436147,0.0043675044174209055,0.005862122300126993,-0.9804943791207668,0.007026201607790365,-0.0074852802582205825,-0.010349209600146842,-0.0033468403711159472,0.010563953478218199,0.021217062301049115,-0.006271182046736372,0.0018523978786341114,-0.005207580769503833,0.028953769841967243,-0.003497209615367471,0.013435182889365158,0.0408071179599725,0.002490001396317777,0.007342180568525683,0.01161198833653421,0.09095462398631464,0.004027487255725504,-0.019019453991519775,0.026649478852391082,0.007069855230254813,-0.00511333601205228,0.0011076200729827521,0.009208344441255052,-0.03246670874050539,-1.2031719673724411e-05,-0.019012278263206183,-0.0027010948382211668
245,-0.1254746224592238,0.01802941056107607,0.1971611903979058,0.027388794199730088,-0.3596630708786808,-0.3439203523852994,0.27673070296522567,-0.029571781926991298,-0.03223148326625922,-0.05723274825162941,-0.06496035937023387,-0.1358713248734761,-0.048569122896323945,-0.14890958796947615,-0.15379177752245263,0.16098677638109862,-0.07169676287440065,0.059200117720878936,-0.1396779193939789,0.2526709566118791,-0.15862671248841617,0.08093572077268969,-0.07378004370940162,0.047730063552894955,0.22632921710106146,0.06351934227392098,0.09092970060063829,0.19072155645432926,-0.007697973046718037,-0.00961261272016647,-0.05993738646306718,-0.03738276900602057,0.026460247658041374,0.015032621579267099,0.14059139375594054,-0.08518518626975194,-0.0073621533655399505,0.07947548245356802,0.07413503854011033,0.014666571368721008,-0.049059672516254975,-0.01632085570044745,0.08017071650281059,0.026902536057136963,-0.057241478929185276,-0.07473492388006611,-0.1263141161374488,0.060708219859475755,-0.05242160889286662,-0.03284240500255053,-0.019268698175314077,-0.10297818072689545,0.03006982439163128,-0.12884169496406722,-0.1544525132309567,0.08750430473631747,-0.04796862216264232,0.03016444169228386,0.07084301816111689,-0.024156680195697975,0.029549708781270292,0.13041396577064893,0.02736680436481424,-0.07447461613792486,-0.008438789585170213,0.05030653557170044,0.030903688509281223,-0.15669454741326136,-0.10849186465408715,0.12554085923577465,0.046354294321048886,0.15144013082767396,-0.17352156701161164,-0.07618734048644243,0.1498864464825726,0.11759880973939443,0.17002114034776167,-0.04670380398901606,0.4215672614769141,-0.9804943791207662,0.007026201607790206,-0.007485280258220201,-0.010349209600146642,-0.0033468403711157274,0.010563953478217937,0.021217062301048896,-0.006271182046736404,0.0018523978786343213,-0.005207580769503666,0.028953769841967392,-0.0034972096153672956,0.013435182889365078,0.04080711795997252,0.0024900013963178183,0.007342180568525593,0.011611988336534063,0.09095462398631463,0.004027487255726014,-0.019019453991519778,0.02664947885239106,0.0070698552302548585,-0.005113336012052161,0.0011076200729828259,0.009208344441254998,-0.032466708740505446,-1.2031719674041793e-05,-0.01901227826320608,-0.0027010948382210228
246,0.001598780378052121,0.036540351457435206,0.07895446253405626,-0.1673560639813986,-0.5861323897968546,-0.3258364992661756,0.24823688652169337,-0.06254032892178214,-0.018520178399837123,-0.04372826310517314,0.040098349306680124,-0.10433478343427362,-0.06827076105117542,-0.10619480613423303,-0.20788815807407474,0.08073394896943864,-0.09856690857008696,0.15861304238077187,-0.24614536021760594,0.18436781303883798,-0.23698126534782926,0.005653733387405504,-0.1293899219855109,0.1543683471153011,0.22351728629736967,0.1789102032080336,0.03535346147673656,0.1856912006260677,-0.1181104200518132,-0.01337659881397473,-0.08293892658730469,0.08022827469599254,-0.10333969395956359,-0.053646726816802916,0.20736478624506272,-0.09621717345683677,0.15576097041938583,0.2106811220032949,0.04464582785995328,-0.1089354623458329,0.18140353376982518,-0.08323486839067529,-0.1409641611591273,0.09754723248421612,0.02690715068870866,-0.15412796321803005,0.05467556521817262,0.07258540246905891,0.19566549961389024,0.04312537409749055,0.08483731382638333,-0.2014965995715428,0.07266863660858104,-0.16940451384241362,-0.24951386264708714,0.0052834729423289675,-0.08902948076660858,0.036406707617258914,0.15575826629091596,0.006606260453950972,-0.09862434817260848,-0.046363331595532034,0.14662016312878481,-0.0427130792323485,0.10597964488622881,-0.0759933899143449,0.0577478866118855,-0.031822335379556185,0.027075532814120513,0.08486477413662015,0.009464139614646124,-0.004381561379945802,-0.0540972801939683,0.02824902896333835,-0.003550693351210527,0.02233930684664713,0.011217395898796452,-0.025521688657466755,-0.03888119510275485,-0.9804943791207673,0.007026201607790175,-0.007485280258220542,-0.010349209600146694,-0.003346840371115816,0.010563953478218042,0.021217062301049014,-0.0062711820467363484,0.0018523978786342311,-0.005207580769503784,0.028953769841967143,-0.003497209615367462,0.013435182889365137,0.04080711795997263,0.0024900013963177078,0.007342180568525482,0.011611988336533995,0.09095462398631463,0.004027487255725789,-0.01901945399151989,0.02664947885239124,0.007069855230254872,-0.005113336012052145,0.00110762007298276,0.009208344441255227,-0.03246670874050542,-1.2031719673979343e-05,-0.01901227826320615,-0.002701094838221127
247,-0.16252959598673236,-0.06394074899140599,-0.2448571581853172,0.3797719927157933,0.4421911872622588,-0.02386782237840371,0.31079960873763024,-0.250355965594639,0.4760723830958157,0.05278215007153251,0.13776184725052473,0.39989936631877204,0.3951304257541331,0.2736975926320797,0.6267382832272517,0.012055686140500938,0.18206483406083013,0.1295145592355228,0.026670530899582386,-0.03761572492257708,0.026729768266712764,-0.05577841375009878,0.48295907947625266,0.12919886191385324,-0.18752671035299093,-0.17359172450527308,0.24138515528675028,-0.05872259028208007,-0.09991133451975363,-0.1651233333721097,-0.15169308607887771,-0.25375747129296233,0.0036554046987810587,-0.16696208819718186,0.0350211370106208,-0.08509346387542382,0.1604489054143438,-0.12761226138956197,0.1532720926530602,0.09160197227220791,-0.07238242626580492,0.004757056134466838,0.017684211838917732,-0.10441043274165467,0.055456532166677966,0.021757715648007766,-0.16587193723649094,-0.17230534249241394,0.16954309145999735,0.09922252602273185,-0.1370131781105702,-0.004678770456283337,0.09392063038983219,0.08933808935295082,0.08125217854439257,0.06234161679502149,-0.13148384776386016,0.1061396649297983,0.037937203410712154,-0.12093032271178973,-0.025559696307784343,0.07447804708603765,0.0841459337304009,-0.16396857606113352,0.004071859125613997,-0.20797225673863123,-0.036352198484888444,0.08824521736438451,0.07795611051626801,0.014577139510935908,0.05040137783784005,-0.018535285344852093,0.011063658205355332,0.023492540940003786,0.009026355710877704,0.02843255350874289,0.01012295394535496,-0.007273126390273204,0.007010947565985981,-0.9804943791207669,0.007026201607790129,-0.007485280258220319,-0.010349209600146668,-0.003346840371115989,0.010563953478218212,0.02121706230104888,-0.006271182046736323,0.0018523978786341739,-0.005207580769503777,0.028953769841967014,-0.0034972096153674088,0.013435182889365186,0.04080711795997239,0.0024900013963177494,0.007342180568525579,0.011611988336533884,0.09095462398631461,0.0040274872557256565,-0.019019453991519747,0.026649478852391138,0.007069855230255101,-0.0051133360120519744,0.001107620072982662,0.009208344441255059,-0.032466708740505335,-1.2031719673808546e-05,-0.019012278263205947,-0.002701094838221361
248,0.0562046216692337,0.10891355768034484,-0.39873402788939705,0.08410168863131179,0.12538904838913148,-0.2431680024634859,0.444529367371043,0.08339765106618888,-0.4141602375075858,0.08954443814176206,-0.16132827070170708,-0.17923651104718852,-0.05445805330286447,0.13209890442086575,-0.14494007504771242,0.054889295741080465,0.028199940497626287,-0.023575575152614263,-0.10582480963041582,-0.21270221252367896,0.3390482135563054,-0.24821762701341962,0.09624516695600736,0.030573496949601257,0.2008553915431464,-0.12155522084155114,-0.19758209557436832,-0.40588659441885183,0.17374121851741964,-0.147950313334837,0.035168621520331116,0.41539151011131725,0.07294409372063279,0.018789702874939043,0.004013151526320092,-0.294389457562845,0.0328051097415505,-0.00945917789633341,0.20363099835806034,0.08880577280479131,-0.018000165922707645,-0.07018569997666879,0.09797975167812303,0.10151636917026699,0.04795275917316853,-0.08844304347476382,-0.06386476867519048,-0.21476158540446186,0.2345003927994055,-0.22096316105899425,0.15162773198866503,0.05620898790945855,0.06803234338839961,0.02542831684954748,-0.059152423523859396,0.08922580926803599,-0.022509576365513848,0.0777464102553508,0.13978999953743196,-0.0307324939998928,-0.04999994825959556,0.09500359210601425,0.002803187364883161,-0.03267592200427173,-0.04062114843500278,-0.15049102109538215,-0.060861564766362466,0.042416532322475234,0.048721281882213814,0.10140909134089074,-0.0017186040814409192,0.016111573989942035,-0.012898467674822162,-0.010763481626477552,-0.007563429258293109,-0.009994571567335474,-0.007924883208783477,-0.005420349285954008,-0.00325836830019218,-0.9804943791207672,0.007026201607790413,-0.007485280258220435,-0.010349209600146717,-0.0033468403711159806,0.010563953478217938,0.021217062301049187,-0.006271182046736293,0.0018523978786343894,-0.005207580769503988,0.028953769841966796,-0.003497209615367341,0.013435182889365087,0.040807117959972564,0.002490001396317733,0.007342180568525493,0.011611988336534011,0.09095462398631454,0.004027487255725693,-0.019019453991519795,0.0266494788523913,0.007069855230254811,-0.005113336012051974,0.0011076200729828027,0.009208344441255192,-0.03246670874050541,-1.203171967389634e-05,-0.01901227826320595,-0.0027010948382210687
249,-0.08607816675747026,0.017817569108893823,-0.3617673555895439,-0.22107671340131319,-0.3139057095086777,-0.1160076630753961,0.03263088998619243,-0.3971420459252935,-0.18971272166151304,-0.24504409249917222,-0.021381767200932572,0.24522650291235432,-0.1079478346480694,-0.028616998285614967,0.0729871143909056,-0.2874014539020687,-5.5187509006735956e-05,-0.23670753098716044,-0.22413493839542853,0.08428748860666989,-0.29268959031492936,0.021760389749874782,0.3244513538175184,-0.002310378566561747,0.020660477205924958,0.3149122220046028,-0.11374377828347242,-0.25100229245289973,0.12469645087147631,0.22434168536744425,0.17021887740529557,0.20477890745862742,0.02792025385616211,-0.05044792200850862,-0.08280267622761017,-0.23294358969541137,-0.06511175345098887,-0.04400622010496565,0.09832765693333734,0.07589097837367915,0.05574696964369407,-0.10633970246799303,0.013165437413695854,-0.33509289135428866,0.2643865391674756,-0.13663613820744203,-0.006819638927679489,-0.07368212529013399,0.056174028030262134,0.02072335897754292,-0.0042070707772812075,-0.0014452579203580562,0.049644392545104596,0.16855246093476287,0.06606483633487896,0.14141067603356658,0.014763464520513138,0.13578410693846038,-0.06272451356943638,-0.03654217269383813,-0.12548019036728836,0.06306589468750001,0.025838395039623926,0.11394301010926028,-0.0028903330332883193,0.02496966622689739,0.09856234825322278,0.04247667978911632,-0.09055287876510146,-0.0030761079025334857,-0.0656247392174942,0.008673335813491253,0.09137709291334857,-0.05676813283546452,0.003827623373406231,0.01158037958703548,-0.01258552606469673,0.00399593941647291,0.004947452641924856,-0.9804943791207672,0.0070262016077902775,-0.007485280258220383,-0.0103492096001467,-0.003346840371115934,0.010563953478217909,0.021217062301049004,-0.006271182046736409,0.0018523978786344646,-0.005207580769504006,0.028953769841966986,-0.0034972096153673884,0.013435182889365318,0.04080711795997263,0.0024900013963177273,0.007342180568525504,0.011611988336534053,0.09095462398631464,0.0040274872557257355,-0.019019453991519827,0.02664947885239112,0.007069855230254863,-0.005113336012052184,0.0011076200729828658,0.009208344441255033,-0.032466708740505425,-1.2031719673894399e-05,-0.01901227826320613,-0.0027010948382210865
250,1.614443429226317,0.8739232484783555,0.20890476213162545,0.09208078354479263,-0.07173553696465691,-0.2944294808773904,0.08548711562447708,0.5124925663013378,-0.04763878901659045,-0.27687148814794044,-0.25035930598787876,-0.03398451279888171,0.06361050157184694,-0.06772504199193236,0.5053006819726152,-0.4825623495491604,0.5623703069368756,0.09349110006041488,0.19946001800324667,0.2683522981787883,0.2158743422598012,0.018858692501531285,0.0037874232494590696,0.3365230828289699,-0.38400516952907465,0.8640666463394419,-0.23717106528304674,0.39309938546209744,0.06322413703799663,0.03778840789779782,-0.23517115426474317,0.06255794058908458,0.18640745128279362,-0.1729100084130097,0.04394337325581613,-0.011807322806554315,0.028618226844511086,-0.1990488833394389,-0.3725062686842724,0.06152874238163465,-0.18533510431723377,0.11153421800232298,-0.18722938518879767,0.21885473271990716,-0.16089447815053906,-0.38447225375624666,-0.10595084770919558,-0.0350186075814135,-0.19171983404370313,-0.06937705193044819,-0.1876167256153113,-0.12222344532239604,0.061764289246350856,-0.03267239331243522,0.15834849002314844,0.1613587898526443,0.000148520523628066,0.10785285766471721,-0.09429675024461524,0.09125574963898653,0.07077505516436068,0.018652715297183924,-0.08379698958252466,-0.15327396482218011,-0.013064400428955887,-0.07186559632745843,-0.09364029521340939,0.0997778384451391,-0.03539576482731824,-0.02331489628608606,0.13236148018086027,-0.03499319427619865,0.03993469765879693,0.09921146348504077,0.015744639072962394,-0.012048141930930534,0.007120605877901735,0.02119413077336605,0.0036007119425548995,-0.9804943791207668,0.007026201607790427,-0.007485280258220428,-0.010349209600146802,-0.0033468403711158015,0.01056395347821794,0.021217062301048927,-0.006271182046736764,0.001852397878633973,-0.00520758076950367,0.02895376984196709,-0.0034972096153669924,0.013435182889365002,0.040807117959972716,0.0024900013963174115,0.007342180568525812,0.011611988336533843,0.09095462398631429,0.0040274872557255715,-0.01901945399151994,0.026649478852391054,0.007069855230254754,-0.005113336012052,0.0011076200729826914,0.009208344441254904,-0.032466708740505335,-1.2031719673656657e-05,-0.019012278263205777,-0.0027010948382211043
251,-0.05607365056434339,-0.09523353818794224,0.03971582506283883,0.37013279016792033,0.13233061365529394,0.000776693270547944,0.015386354587400657,0.06297902146998433,0.2975506249803492,-0.13052605905771936,-0.03986533202513654,-0.11627811221455783,-0.1880959428554603,-0.023857624519713082,-0.17989316439900066,0.23128957472894304,0.014714576305877546,-0.2495720014758146,0.08105525435732572,0.05716246518053417,0.17516263240014265,-0.0043530415099935485,-0.40897576603085684,0.06253079645716403,0.09079573710453173,-0.008918380378790416,0.015419895192208844,-0.04002788164648865,-0.08710275545252964,0.12735044157768843,-0.012340498534897252,0.18667408055508977,0.15062323606086836,-0.07840709382073373,0.010977855199632366,-0.07512386972972544,-0.18769742062982736,0.22422727059935543,-0.05484534097068349,-0.0783452261765028,0.06871951085174678,0.08147318722514356,-0.011350769283165947,-0.16321950966250431,-0.06938076019019658,0.021455421246956083,-0.1179355128816735,0.0056369387704839945,-0.21275079999464813,-0.0678026269429493,-0.21519647368242306,-0.05225847202460168,-0.005210845126217905,0.005464670006697485,0.15217331291223837,-0.09337099329564516,-0.02997144906160083,-0.1702516074569527,0.11233891326551808,-0.06914084894751114,-0.1337815661507683,0.27820571713908077,-0.060445427877041935,0.12232010528592965,-0.13934415779300163,-0.24474246525928378,0.18642221999505498,0.15767651576343486,-0.060459446753731334,0.2135231600078875,-0.01433636514282123,0.08571379482433868,-0.06796500163859184,0.04748390360895122,-0.03871411295455766,-0.007044020379795348,0.018365418051165823,0.004170638916890129,-0.014585717219188618,-0.980494379120767,0.007026201607790352,-0.007485280258220326,-0.010349209600146767,-0.0033468403711158384,0.010563953478218173,0.021217062301049097,-0.006271182046736203,0.001852397878634356,-0.00520758076950367,0.028953769841966955,-0.003497209615367365,0.013435182889364912,0.04080711795997277,0.0024900013963176657,0.007342180568525531,0.011611988336534035,0.09095462398631474,0.004027487255725625,-0.019019453991519743,0.02664947885239131,0.007069855230255004,-0.005113336012052085,0.001107620072982864,0.009208344441255095,-0.03246670874050555,-1.2031719673951587e-05,-0.01901227826320616,-0.002701094838221092
252,0.2977845515736262,-0.37872160335927657,-0.1887990844842049,0.1630187408464913,-0.22296483106677842,-0.2667309589355869,-0.29323352378167744,0.16189854625355327,0.1368491994273371,-0.25184707774782417,0.5650001870393246,-0.37843379170405556,0.24807243569750884,-0.13786961656291621,0.009051276796934488,0.05669577530658065,-0.1507714629564168,0.1263613822074229,-0.09597673449037339,0.10809296511663584,-0.15833664091114166,-0.28929393382240826,0.3949511493379473,0.2087574872671499,0.21510762870617497,-0.07934523759560314,-0.4580198680713372,0.1304849218763522,0.5371899301246447,0.026397511116902975,0.10813157517665754,0.42065384388475896,-0.07475751111994342,0.17480068330220044,-0.18616600629366248,0.12888333239825128,0.5761066875308473,-0.31325245291458237,-0.2732913516592625,-0.20754447200209739,-0.08687477853324908,0.10667904121914912,0.23331930019415403,-0.2433566599328124,-0.33830990827804014,-0.0634272761505617,0.11187388900855288,0.5849137691851074,0.406571131875288,-0.3788054377981433,-0.11224225717983345,0.1653067744177629,0.2773096616107977,0.1259022128783776,0.07440261310963353,-0.3567979153979939,0.2546658381735153,-0.31413048444182273,0.11544002977276746,-0.15691939810909736,-0.20216036824628542,0.1335983433134016,0.29632173235354736,-0.056795652730083385,-0.11783329695600457,0.05589651827350874,-0.07044047469192626,-0.17218910563497367,0.0779890060421185,0.10898389006521055,0.12259066848454876,-0.03386596893052651,0.1029431928790351,0.036855436004269854,0.006974637545652553,0.043596157412868645,0.006636206376219026,0.01364839061354124,-0.0010372567155366337,-0.9804943791207674,0.0070262016077902445,-0.0074852802582206154,-0.010349209600146911,-0.0033468403711158366,0.010563953478217852,0.021217062301048868,-0.006271182046736702,0.0018523978786344879,-0.0052075807695033645,0.028953769841967087,-0.003497209615367469,0.013435182889365266,0.04080711795997245,0.002490001396317638,0.007342180568525593,0.011611988336534065,0.09095462398631476,0.004027487255725772,-0.019019453991519764,0.026649478852391172,0.0070698552302548585,-0.005113336012052596,0.0011076200729826593,0.00920834444125504,-0.03246670874050569,-1.2031719673819748e-05,-0.019012278263206273,-0.0027010948382210575
253,0.8262343876256114,-0.3757771673286934,-0.18882683530120317,-0.09154721232640824,-0.07633493624726329,-0.4629785142096055,-0.3178187924394006,0.2608150938589497,0.13798957477637475,-0.12045303397400707,0.2848889309155496,0.11462082084780034,0.3049575740263736,-0.0084691442161409,-0.07395236706462964,0.09927033669994591,-0.03881833363624077,-0.21846307913291196,-0.16964202895946967,0.05991391376284676,0.2233059536005079,-0.40847448439918427,0.027382414973408143,-0.29847598769094374,-0.24593420211966235,0.3287291165315039,0.022076177713431462,0.09450827090457446,0.09791836238657309,-0.1947381937214637,0.06382588300041331,0.1642549767200255,0.29415929726988493,-0.035028005143394624,-0.1726374472204318,-0.12024554984590324,-0.13565166463583792,-0.06135625751549111,0.25426905780108566,-0.2566804317867432,0.08646768777673103,0.1372310399773226,0.11480432753936183,-0.005592719689387922,-0.04449873164573903,0.06193616001479453,-0.01921971950837079,0.049751839392302884,-0.23710145865456142,0.18197371423195333,-0.0288346601264134,-0.043595579372118096,-0.14887919733100385,-0.23037896921931958,-0.011290276777944405,0.16583584943565868,0.014137315170946395,0.21460696779661953,-0.08235701338759506,0.03326088652189665,-0.22914582811097525,-0.17960805525043572,0.12657930872913467,-0.1405298131118423,-0.061697373980847445,0.008964510207494222,-0.0012847974046867753,-0.01703386123899973,0.10281369477819985,0.17092432808201344,0.034820034596223445,0.03448286164384854,0.02277982919565774,0.016678239523028566,-0.015335412777961216,0.028636874387224398,-0.014120861450951018,0.007472483508378881,-0.0028080582290184487,-0.9804943791207671,0.00702620160779012,-0.007485280258220485,-0.010349209600146856,-0.0033468403711157534,0.010563953478217855,0.021217062301048906,-0.006271182046736321,0.0018523978786343768,-0.005207580769503656,0.02895376984196703,-0.0034972096153673997,0.013435182889365328,0.04080711795997263,0.0024900013963177836,0.007342180568525649,0.01161198833653403,0.09095462398631447,0.004027487255725647,-0.019019453991519903,0.026649478852391047,0.0070698552302548585,-0.005113336012052173,0.0011076200729828536,0.009208344441255158,-0.03246670874050533,-1.2031719673896076e-05,-0.01901227826320626,-0.0027010948382210852
254,-0.03895629813285431,-0.33387649300039596,-0.33704256695741064,0.44688405016749094,0.812022182507031,-0.020253606774352867,0.3698064120822422,-0.7666464553613895,-0.02319102383235537,-0.11908289383159136,-0.6552630248898643,-0.39006532374752517,-0.3323030903628639,0.11274715062844427,0.008765006644001589,-0.3117037606335073,0.15628872178474304,0.5020344239884076,-0.18513807648405187,0.1512092595972188,-0.1945720126604927,-0.07482678211137067,0.07808743808105967,0.04233793269306437,0.129725589617427,0.027019470127480582,-0.046837438950726284,-0.1755206709697758,-0.14758601306250366,-0.1288641635166046,0.008733926674805062,0.3125307721992972,0.09118092505233803,-0.16354978967978615,-0.13811805215253173,0.00640217703767809,0.057026378484185875,-0.05231592619458083,0.08577383635403951,-0.3072275569851094,0.03722329091370303,0.032896121613058625,0.18145288915022742,-0.040351897861814826,-0.1202913121506097,-0.22518163771206698,-0.28011619432214374,0.12546093680542672,-0.12450186827346783,0.1583111269708486,0.05211526302787114,0.26197874936678905,-0.07945182373840583,-0.16109945625746533,0.22044761144546218,0.27797157198382705,-0.2034580937700037,-0.050419970590031976,-0.036030755322334886,-0.06167178503295672,0.13211732965091924,0.004514742952725251,0.00464534935813834,0.05711597379680199,0.2189163353622907,-0.13962808181751746,-0.07704560072857944,-0.0698792723979624,-0.0379028951259387,-0.1346292743466044,0.05137958509075405,-0.03344260605615143,-0.03433291066663114,0.07002398793108923,0.0032499061365043247,0.018710587063800667,0.012608717251185734,0.02350910445614273,-0.0034981318220041317,-0.980494379120767,0.0070262016077903815,-0.007485280258220279,-0.010349209600146807,-0.0033468403711156354,0.010563953478218221,0.02121706230104901,-0.00627118204673634,0.0018523978786346312,-0.005207580769503743,0.02895376984196711,-0.003497209615367423,0.013435182889365096,0.04080711795997262,0.0024900013963174254,0.007342180568525462,0.011611988336533886,0.09095462398631496,0.004027487255725795,-0.019019453991519504,0.026649478852391446,0.007069855230255231,-0.005113336012052032,0.001107620072982758,0.009208344441255158,-0.032466708740505244,-1.2031719673769499e-05,-0.01901227826320584,-0.0027010948382209478
255,1.1582759593576872,0.12230478927723702,-0.39739373517762205,0.18376668630111587,-0.3936144554129603,-0.46643324110183587,-0.4493890342860726,0.3307114880095501,0.02511315385979398,-0.02998757615869125,0.10699718658988351,-0.06787495208350507,-0.0966737059012575,-0.36705905371556824,0.4812849644772696,-0.3107543983064981,-0.08044819842990414,0.08347881815180994,0.14543124236739313,-0.11979925390398385,0.055158121438856386,-0.09014581121189885,0.037819101267843575,-0.31325700899034253,0.374814004876503,0.2931552142865264,0.04293336063697728,0.5163717351330128,0.02290851443962975,-0.02794218196688284,-0.12442380002426832,0.12296582859975862,0.5648110511697589,0.11615260178768959,0.08729525822961598,0.16392925798515334,-0.20328448079174932,0.1391271568305128,0.37172933351072324,-0.3303644728466623,-0.18517327202642359,0.07958744253046117,0.2762406618501005,-0.0872738720854675,0.2769521675939557,0.4932109038281507,0.25918782363929405,-0.1370359712596743,0.12557498411986992,-0.027487072080874305,0.009778475959034253,0.1169018583491232,-0.03702348891225051,0.24998429686058313,0.09904628653180028,0.1274529648897802,-0.2970524848185342,0.089455881979725,0.07503190458636969,0.08975202669459731,0.10486319352910713,-0.16457248555416945,-0.19679357522759286,0.23522881964291123,-0.022603410539409733,-0.2958196100625219,0.03039826027381009,-0.12268453907487267,0.01104206502373502,-0.12264640157837671,0.09593258408574484,0.0321397159344427,-0.07545521107285567,-0.08130321544846664,-0.0060691638627130284,-0.12738141861684477,-0.0035674564527507857,-0.04108931375205071,0.00569001513356548,-0.9804943791207674,0.007026201607790456,-0.007485280258220461,-0.010349209600146925,-0.003346840371115809,0.010563953478217949,0.02121706230104904,-0.006271182046736591,0.001852397878634252,-0.005207580769503517,0.02895376984196699,-0.0034972096153669556,0.013435182889365318,0.04080711795997295,0.00249000139631802,0.007342180568525774,0.011611988336534157,0.0909546239863144,0.004027487255725467,-0.01901945399152009,0.02664947885239091,0.007069855230254727,-0.0051133360120519805,0.0011076200729830687,0.009208344441254887,-0.032466708740505376,-1.203171967380587e-05,-0.0190122782632061,-0.002701094838220863
256,0.07244284295366199,0.07198948617909481,-0.6322144145635437,0.09899979182654887,-0.09764309719153455,-0.01917461247539907,-0.00016654347080843546,-0.00810549325725359,-0.3004127915323389,-0.12269604049048868,0.26574276621035403,0.19730389731295325,0.3158688625227769,-0.18033221519624623,-0.09640485121832128,0.17489932778436812,-0.03503535540922255,0.25726771621136113,0.02670332949595504,0.0786196581798156,-0.30775587203840893,0.22007705866546537,-0.11344161723184906,0.29515345850497204,0.21537483072839764,-0.0299158058765315,0.11742118445002594,-0.3269542850879369,0.11211536368179004,0.06087241968545314,0.05932059554390881,-0.00014832820135960448,0.01912867227856812,0.11329224717695306,0.3364207217099101,0.06077607531124813,-0.22324191205672939,-0.12202929235964927,0.019056948259120965,-0.05852048587332385,0.1025903948576325,0.08166420882775227,-0.04937100830670476,-0.09844038304708547,-0.04729550285578616,-0.00924329731072037,-0.02518118236544285,-0.032360084804325444,0.07943475051243858,-0.0865509865908395,-0.26357472712605173,-0.040894270869142484,-0.024701523916928293,0.02941833137916165,-0.157252385086593,0.15921315535877784,-0.07696030226033976,0.11617326187284727,0.07849645493147007,0.04366581141765228,0.09359464574002542,0.1788104462772917,-0.05102316856837885,-0.16856941025732616,-0.030745481902716327,-0.11326922275493394,0.028382210676946896,0.07015597543091519,0.08286046685524565,0.044355535985347194,-0.020315722552304055,0.009076746027848656,-0.027476764918781083,0.022275786745637707,-0.015376868263673554,0.00903043879668617,0.00154104337406956,0.008398741261281664,-0.012991441143345928,-0.9804943791207673,0.0070262016077904,-0.007485280258220513,-0.010349209600146755,-0.0033468403711158223,0.010563953478218039,0.021217062301049045,-0.0062711820467363484,0.0018523978786342502,-0.005207580769503774,0.02895376984196701,-0.00349720961536744,0.0134351828893652,0.040807117959972654,0.002490001396317909,0.007342180568525517,0.01161198833653406,0.09095462398631463,0.0040274872557255524,-0.01901945399151972,0.02664947885239097,0.007069855230255046,-0.005113336012052321,0.001107620072982707,0.00920834444125519,-0.032466708740505494,-1.2031719673888776e-05,-0.019012278263206287,-0.0027010948382212587
257,0.38676343882810305,-0.3571312847826124,-0.2021069566993384,-0.09742768139096959,-0.2204094447230275,-0.1845896390479555,0.004023150328274823,0.07225444358725314,0.08112703191881948,-0.009083473968233396,0.42611201623117895,-0.19230220925103123,0.3757014000170966,-0.12572879289395417,-0.07503530356175021,0.06275312430377802,-0.050001299183780414,-0.1242012850645933,-0.1206253655741366,-0.008439864165747657,-0.0823673566331848,-0.13726514887087374,0.0803067468087391,0.16119490438299494,-0.01075855318657771,-0.05612618847677503,0.05337126273741163,-0.186374629806464,0.3639579930348136,-0.24543396851630278,-0.09505386704398958,0.31631491605237216,-0.05222269929035053,-0.09138658342649791,-0.08500879910400158,-0.10948983710109743,0.0772323928845055,-0.13894775362125675,-0.20616421427487558,-0.02703950023444222,0.16208479163329412,0.027194984721624394,-0.16090199889235543,-0.0011413100209324025,0.055332211739469915,0.14200005280173283,-0.17163693226355378,-0.09783803168757366,0.09623177551256112,0.06381498789678648,-0.05596105573184071,-0.026215733594558012,0.00704247886975414,0.2718519426193986,-0.08459067341016942,0.15942953324483142,-0.14452595991864828,0.03687541291467001,0.004580175761404589,-0.15803793378110564,0.013628912777713414,0.10513431419990008,-0.11486409261848231,0.010172248310478627,-0.09660284992678571,-0.0550855835798456,0.16063951198768903,0.024545653207442317,0.041922226501770195,-0.06057701810368486,0.020020622905343365,-0.002350770743630821,-0.05534157075348413,0.04247313702255139,-0.002372518072080693,0.005519679361290121,0.004711619006936055,0.013202420733669408,-0.0011711191296934521,-0.9804943791207674,0.007026201607790286,-0.007485280258220402,-0.010349209600146883,-0.0033468403711157673,0.010563953478218046,0.0212170623010489,-0.006271182046736418,0.001852397878634363,-0.005207580769503517,0.02895376984196701,-0.0034972096153673303,0.013435182889365266,0.040807117959972564,0.0024900013963179016,0.007342180568525676,0.011611988336533947,0.09095462398631454,0.004027487255725675,-0.019019453991519806,0.026649478852391075,0.007069855230254886,-0.005113336012052326,0.001107620072982687,0.00920834444125504,-0.03246670874050541,-1.2031719673715665e-05,-0.019012278263206287,-0.0027010948382211616
258,0.21881445177941125,-0.35727110318519417,-0.18982120929463925,-0.17342446703256584,-0.039238245476743934,-0.02255197549139261,0.2222375300840394,-0.07955874700579292,0.060094362448045016,0.35808535370540917,0.10928373053041367,0.2520994222856093,0.2279609624288508,-0.041419808602363786,-0.028515539401641803,0.0538537622849347,0.11188380932813334,-0.1589329645446397,-0.37339029378119953,-0.28166806706277403,0.1326571233020003,0.22534042854321462,-0.19176345131305447,0.15243927791389345,-0.01720174192777807,-0.04730456738423753,0.11595368959350759,0.23130261053361542,-0.5173074722314298,-0.1810370842725337,0.025836115088526353,0.07421983632895868,0.011460086740561011,0.35298570680375385,0.04491950835428126,-0.45814057640200323,-0.08576830566231884,0.05703425024194382,0.03848448601637616,-0.2883834200727496,-0.20157825497372941,-0.19571584198162742,-0.1979980555901693,-0.09468773194991092,-0.18096110511629282,0.050054977537415175,-0.10582979825708237,0.19679368158581018,-0.023299733541741592,0.013705189796512859,-0.007289757493137885,-0.10903688507626434,-0.19533772098502497,-0.033140380779886514,0.2605594362238819,-0.0760749554937532,0.08206407356408502,0.030185028819370723,0.019822962134719443,0.007945124719201915,0.05867042920127055,0.18315196678067092,0.13944988218105403,-0.03357056891095911,-0.09642435258006427,0.014570568719635139,-0.05078449247695982,-0.03041421539507298,0.0654587029686634,-0.07026267847488925,0.05810766517988561,-0.019525740414192118,0.11636664439209739,-0.060503726563646595,0.019802541346563247,-0.00206670527095803,-0.03132358482372757,-0.011306429420424135,0.00392943768851582,-0.9804943791207673,0.00702620160779005,-0.0074852802582204446,-0.01034920960014683,-0.0033468403711158037,0.010563953478218015,0.02121706230104879,-0.006271182046736376,0.0018523978786343005,-0.0052075807695037115,0.02895376984196695,-0.003497209615367226,0.01343518288936504,0.04080711795997252,0.0024900013963178327,0.007342180568525593,0.01161198833653402,0.09095462398631468,0.004027487255725739,-0.01901945399152025,0.026649478852390964,0.007069855230255011,-0.0051133360120522095,0.0011076200729830132,0.009208344441255054,-0.032466708740505536,-1.2031719673850973e-05,-0.01901227826320608,-0.0027010948382212934
259,-0.4692337134989719,0.27161133648474833,0.2850551763819348,-0.11106848939314884,-0.09208518019995247,0.14929116649399551,-0.033544187613011936,-0.0835278447879926,-0.3378115328120459,-0.13674555551717582,-0.17893137419894706,0.041813387844617314,0.34020140635023566,0.04111370644523686,0.11898511551490495,-0.051480755766833655,-0.09324618373051093,0.02051888277750075,0.1270391143092966,-0.309719158423997,0.4827651062640819,-0.11322006724589136,0.07306727759408034,-0.35296949167813496,0.39374880302119303,0.057411510321610716,-0.015383380956944,0.13825780045300032,-0.040484636927151076,0.05742862277434477,-0.030133048338602194,0.23459326588908094,-0.04256023458072458,0.005026526639763525,-0.13685011756178989,0.04507771897078004,0.1279207239866146,0.23933161258837743,0.04601669572369161,0.13957603212186473,0.0978127688326949,0.02241993389000019,-0.08649714714306424,0.018155731806647188,-0.12892176602871758,0.3023999494852084,-0.037095236829529074,0.030132627774385565,-0.26805986093650536,-0.11642784297368622,0.005181761765705694,0.011360758113783778,0.004726453536089881,0.10220989020195648,0.07283054726101296,-0.191394847632383,0.128530661517772,-0.045255007739871796,-0.10915600493676626,-0.04935515512625675,0.01088693380823226,-0.08978582322139274,-0.028314455493434896,-0.02775285740177941,0.13628563425372647,-0.01697853664087115,-0.08844470614584635,-0.025422730811761274,-0.00012350930300205463,-0.050005768218305914,0.018724186718093713,-0.004040010470818514,-0.023454241054408125,0.03024513867483458,0.00019644953717305407,0.017461483200185295,0.01718017855350562,0.004543744286356281,0.004197110763444119,-0.980494379120767,0.00702620160779035,-0.007485280258220248,-0.01034920960014672,-0.003346840371115849,0.010563953478218126,0.02121706230104923,-0.006271182046736182,0.0018523978786342055,-0.005207580769503697,0.02895376984196708,-0.00349720961536748,0.013435182889365163,0.04080711795997259,0.0024900013963176843,0.007342180568525563,0.011611988336534077,0.09095462398631471,0.004027487255725915,-0.01901945399151974,0.026649478852390995,0.007069855230254967,-0.005113336012052126,0.0011076200729827055,0.009208344441255137,-0.032466708740505425,-1.2031719673979607e-05,-0.019012278263206117,-0.0027010948382211867
260,-0.28634759094044737,0.15654171620111787,0.04998368504751316,-0.40110776985043595,0.19136707171604367,-0.0018825474049760835,-0.14916928041179695,0.420402586697771,0.3097426796819033,-0.10368304496267183,-0.317015965128449,-0.15750577446646674,-0.28803757325531654,0.3007935653252984,-0.2742907103229406,0.09216783508951006,0.02907984444140584,0.14938377107092762,0.0816508375583231,0.05281085415352353,0.35314463427738685,-0.05128815971146705,0.3734972267228777,0.11692152528713486,-0.17019263476466093,-0.1228215669200423,-0.10356136084520139,0.06780654042327283,0.23699179764833755,0.36979485388106276,-0.13046289906985506,-0.009688121983705913,-0.092720161959725,0.10193129551704012,-0.00838079768664304,-0.04893251260274791,-0.28479254544084226,0.29394531824819997,-0.06372084088075465,-0.30229381467519867,-0.1269702562202622,-0.24888883195355482,-0.19868266435226017,-0.1629973317966668,-0.22053215650041078,0.043838296524915936,0.14678118792700562,0.22689999322718932,-0.05983037838866798,0.07675823939136882,0.11698659956532927,-0.16788134189942955,0.19988932466378515,0.17753664427636875,0.009656767760004598,0.41498886028339715,-0.21229744221509966,-0.05815604507453027,0.09298570906604645,0.023557544090930346,0.13490946874458604,0.0541754409117503,-0.03763598320869183,-0.0026220131188740216,-0.024446252584408426,0.011281144521632484,-0.02043921263226464,-0.02478569589192219,-0.0030938021356275965,-0.031780355560270084,0.027298230566769072,0.00891227662425036,-0.03620360466407826,0.036334411079571846,-0.00743625007458974,-0.0086575602848619,0.017170182151310488,0.012221845094998246,-0.0061522109671075876,-0.980494379120767,0.007026201607790243,-0.007485280258220447,-0.010349209600146876,-0.0033468403711159923,0.010563953478218202,0.021217062301048972,-0.006271182046736219,0.0018523978786344137,-0.00520758076950367,0.028953769841967205,-0.0034972096153671572,0.013435182889365044,0.04080711795997247,0.0024900013963176744,0.007342180568525629,0.011611988336533869,0.09095462398631457,0.004027487255725634,-0.019019453991519712,0.02664947885239118,0.007069855230254765,-0.005113336012052017,0.0011076200729830835,0.009208344441255034,-0.032466708740505425,-1.2031719674054776e-05,-0.019012278263206034,-0.0027010948382210974
261,-0.09375349114309425,0.010110159584384618,-0.043169419130565906,-0.18361197946915864,-0.15133252963446656,-0.101052909249979,0.37126595862153405,0.1879790833425703,-0.29492370652789585,0.015689301979036438,0.028954834415274276,0.1336990603954732,-0.10813071573498212,-0.13139264896308453,0.008776760889668705,-0.5242612733960461,0.01922357584629724,-0.20539695018867873,-0.08580218203502402,-0.4271753058290247,-0.12858576573949074,-0.2163908655319235,0.0008827371768417312,0.025855447121537208,0.283366662686124,0.018100485782771434,0.15219201047803582,-0.011296857900484328,-0.18518339615452867,-0.07962584689164996,-0.04722345655643534,-0.23492433837646526,-0.22607364698736493,-0.09608375162666068,0.07249913659984827,-0.06878715561784235,0.044156788768742135,0.024542208179556636,-0.08272336737152203,0.11487819678098989,0.13273567401187414,-0.04958874833250846,0.17773119067979223,-0.06957993870451859,-0.012653957699604782,0.0675696020494264,0.14830195511113062,0.08325271187109713,0.11982139924593661,-0.03517948039448194,-0.043214339681349544,0.06649239166775651,0.033559194298443853,0.011598483540684625,-0.02584478191024711,0.16248800404122868,0.15490465028763142,0.038436974905918325,0.14106770362123447,-0.10532283202480006,-0.01309187183580222,0.11857526550380544,-0.16578880138115856,0.05098997141457761,-0.05261626543454083,-0.007699571164356606,-0.0981319499709294,-0.02548940365799861,0.04441280629630316,-0.035818692591309216,0.019352748826205603,-0.00563190429999836,-0.06961935549059979,0.020908499835644096,0.009000334052864094,0.0058518642230333635,-0.02772785396472448,-0.002158446967105702,-0.003866593763090407,-0.9804943791207672,0.007026201607790482,-0.007485280258220331,-0.010349209600146797,-0.003346840371115991,0.010563953478217987,0.021217062301049104,-0.006271182046736404,0.0018523978786342367,-0.005207580769503794,0.02895376984196692,-0.0034972096153674313,0.013435182889365354,0.04080711795997255,0.002490001396317738,0.007342180568525563,0.01161198833653396,0.09095462398631449,0.004027487255725818,-0.019019453991519893,0.0266494788523911,0.007069855230254844,-0.005113336012052081,0.0011076200729827888,0.009208344441254991,-0.03246670874050536,-1.2031719673954454e-05,-0.01901227826320605,-0.002701094838221152
262,-0.21059504874394816,0.1140331227640661,-0.14312621039460424,-0.3441375414328775,0.011170613248459128,0.04387944863204532,-0.3254020511992056,-0.3352553384552387,-0.11817625886114284,-0.19626372710903703,-0.24387886435809952,0.40686337226626,-0.21672676148450107,-0.3869485827770984,0.2185415239522392,-0.06533235823363877,-0.04386588644685618,-0.05016758348943924,0.2843379115926155,0.14027211769800824,0.40885327382415587,0.054259469281256446,0.3697914275378865,-0.25556936678224845,-0.18784455208855405,-0.05554979901464471,0.4732530738519932,0.2078082563277043,0.4694562764500315,0.13594007116956353,0.10105874084390833,0.3251549724369101,-0.4264256046808077,0.027247340695090463,0.2637763592685913,0.041821657766296795,0.0683997764221118,0.4422788548948234,-0.14777495089657594,0.008114846337626965,-0.09919319809869157,-0.029008648743067997,-0.2403148768361665,0.1654429826381046,0.040811845640776175,0.0020401254115143624,-0.004831217063799353,-0.1747480678897122,0.05341046194029121,-0.03713631382556641,-0.14482661830503948,0.0025771601007438657,-0.1800721628024819,-0.10108703712394274,0.04865353741454054,-0.12928305115416772,-0.07966425091382406,-0.011283728068873887,-0.15915481386257863,0.04325977949198145,0.06708664918267065,0.01763431639923044,0.20188813336271552,-0.08671876107224893,-0.09190440790570022,0.03739358509891915,0.017489846581549,0.005833956865069555,-0.0066263708693729065,0.045992785554724254,0.003154306413975501,-0.024803858699809705,0.04269286410073524,-0.02306111596463396,0.0045734581663650275,-0.004286141909669126,0.01545511159142068,-0.02208264076564167,0.0007994954875308233,-0.9804943791207672,0.007026201607790243,-0.00748528025822039,-0.010349209600146484,-0.0033468403711159303,0.010563953478217978,0.02121706230104893,-0.006271182046736381,0.0018523978786341038,-0.005207580769503659,0.028953769841967278,-0.0034972096153673745,0.01343518288936504,0.040807117959972494,0.002490001396317807,0.007342180568525566,0.011611988336534032,0.09095462398631475,0.004027487255725742,-0.019019453991519747,0.026649478852391,0.007069855230254974,-0.005113336012052046,0.0011076200729827096,0.0092083444412552,-0.03246670874050555,-1.2031719673869246e-05,-0.019012278263206325,-0.002701094838221163
263,-0.30639430004170015,-0.061338281591590445,-0.1250815816493295,0.08375731577365741,0.13906164911419944,0.31995521896523654,-0.6224992992133132,-0.24166533267196305,0.12251218876549902,-0.0050044979296747045,-0.1311267908341466,-0.11894645291721206,-0.410800555322024,-0.40126027221011523,0.2367379849521366,0.032953104721251916,0.39111811075139996,-0.07780372613108227,0.21149611387197534,0.020597149935060094,-0.48260327042683315,0.12570388236706276,-0.23658096529620445,-0.3855971307686474,-0.06552871953923299,0.13401262357657953,-0.15181200655681545,-0.19801721777836598,0.2551436757365173,0.10159925290427471,-0.05935661466955082,-0.06586141813387202,-0.12665372603930145,-0.014703537230729691,0.185595807127302,-0.39268721273277757,0.09160955901110736,0.10478718439733589,-0.02505778448787154,0.1578586304456634,-0.17401511447178067,0.2386153798615727,-0.07870639075214365,-0.03223989830962949,0.2352385430157937,-0.19920028662909536,-0.04597482779488959,0.09894393544697595,0.07060257153656867,-0.048893769776327506,-0.08200233120418969,-0.11242955311313439,0.18187843784603755,-0.06946520115409774,0.003811656994135349,0.1680499938692667,-0.08501752171370046,0.03545013222515794,-0.055990301611122034,0.08855816582971408,-0.099954131644756,-0.08036423494491135,-0.013359793479238404,-0.11930035604142519,0.04866564640027843,0.10775840922006283,0.09100703883425959,-0.06624269119498186,-0.06796486855961163,-0.012583409427027159,-0.015459734548329522,-0.00739320855802347,-0.08940590375051947,0.0471814547038363,-0.008480393677206773,-0.015031227458676532,0.0028474925766882207,0.002405603125469355,-0.008461260324349634,-0.9804943791207675,0.007026201607790437,-0.0074852802582202616,-0.010349209600146849,-0.0033468403711160795,0.010563953478217916,0.021217062301048664,-0.006271182046736395,0.0018523978786344924,-0.005207580769504034,0.028953769841967306,-0.003497209615367451,0.013435182889365242,0.04080711795997276,0.0024900013963179424,0.007342180568525483,0.011611988336533942,0.09095462398631478,0.004027487255725573,-0.019019453991519667,0.026649478852391308,0.007069855230255109,-0.005113336012052184,0.0011076200729827216,0.009208344441255309,-0.032466708740505466,-1.2031719673768632e-05,-0.019012278263206242,-0.0027010948382208888
264,-0.31384645312593823,0.1714442478183385,0.03695087590876019,0.06869607358056792,-0.0507530428732455,-0.01246892148053136,-0.043217614729327426,0.007524271248245591,0.13414749060254627,-0.14604966729192578,0.3010448929715309,-0.1990253755522065,0.04591256822963171,0.33564326109304926,0.06742257070292798,0.11358179078838929,0.01289078415456549,0.27802822623975926,-0.12153351434545843,-0.16783778727727475,-0.03041478178294294,0.1831849090524251,-0.10258015480760102,0.15532310727356485,0.04843578902551817,0.09763951596156317,-0.10722758899477479,-0.22125795570855997,0.34018716083103134,-0.10650587210452281,0.08341606296437312,-0.11089168475594939,0.12251634896044426,-0.0817678472930079,-0.06990714633242195,-0.0774883484330001,0.01781112970127804,0.22844506860142008,0.0891585188826756,-0.13909936924423386,0.0853462600303698,0.006394507542795561,-0.07003090124356127,-0.10381601465520114,0.019800119319446103,-0.017683284671524562,-0.09555522615613125,0.004858585832029156,0.07268081059003095,0.04418630930972006,-0.08102486481679151,0.0972260137890648,0.15313021669323212,0.192256770253124,0.144009995658704,0.04515359618801878,-0.061708986140073,0.017127763299651422,-0.09514312468491862,0.1554140461439438,0.00251100665895832,0.024796925734060383,-0.012267676631548666,-0.0697992584246203,-0.001815418089300153,-0.01911156517954916,-0.11692688773580516,0.005601604045699706,-0.049048763824117124,0.014191199516286813,0.018869273848672413,0.0005135858014494776,0.02173283910750131,0.011619890635625754,-0.00696654623655383,-0.004232846500626072,0.0195245162482016,0.0034705458399548203,0.0014950839288972967,-0.9804943791207673,0.007026201607790323,-0.007485280258220562,-0.010349209600146727,-0.003346840371115961,0.010563953478218164,0.021217062301049038,-0.006271182046736344,0.0018523978786342988,-0.005207580769503982,0.028953769841967257,-0.0034972096153674504,0.013435182889365075,0.04080711795997264,0.0024900013963178327,0.007342180568525586,0.011611988336534016,0.09095462398631463,0.004027487255725629,-0.019019453991519747,0.026649478852391262,0.007069855230254928,-0.005113336012052224,0.0011076200729827521,0.009208344441255135,-0.03246670874050539,-1.2031719673883139e-05,-0.019012278263206183,-0.0027010948382211945
265,-0.22442501973346823,0.30955664178315095,-0.2708577556948356,-0.02224552709827916,-0.09211128086817733,-0.2575116636694862,0.43768932733192445,-0.061071103649777546,-0.08791632156637949,-0.18330183579634157,0.27078130990794336,-0.051833968828097945,0.14186782958327124,-0.0821349518324093,0.021043929430813905,0.12300061451616189,-0.2615016472086402,0.11512550236901609,0.17987090497300146,0.1928533011755778,-0.32366934187333424,0.0384840000633947,-0.027587379412029857,0.1461423038457218,0.0867322233078989,-0.013561176916940648,-0.033142748449058214,-0.025989028676989812,0.3200020428243778,-0.09552353203056707,0.1264814577295998,-0.20020097311629806,0.01626759647249741,-0.2802150641249557,-0.06732218434107606,0.05044570631282845,-0.24937696099859205,-0.23363345367891175,-0.10204941449871269,-0.14006472262639288,0.1266644014699463,-0.05755711624450439,-0.01536737756193742,-0.035607552713065954,-0.05174180353136214,0.06152137021461899,0.05700427608051891,-0.028747815699674783,-0.01813644902042737,0.1994965511980286,-0.11507849610311088,-0.07406619817909642,-0.0033123132189888838,-0.06643006631999387,0.011892563312438625,-0.15938607628663828,0.029767409880574244,0.04915954546426763,-0.0190776355249685,0.16921018442531738,0.09579389564874732,0.21074769959808096,0.054863984429258945,-0.17385286708429531,0.015227035854698269,-0.06536188348779477,-0.06921078868647315,0.06900364062959179,0.043058549772978634,0.016900453822670948,-0.030591955628755996,-0.001653103183321447,-0.01964351887262906,0.009374458698624313,-0.009921747456685254,0.0020260716122294364,0.0023890308077112185,0.0015837252453911783,-0.009155247228250233,-0.9804943791207674,0.007026201607790393,-0.007485280258220579,-0.010349209600146651,-0.0033468403711158085,0.010563953478218143,0.021217062301049115,-0.006271182046736275,0.0018523978786341877,-0.005207580769503774,0.028953769841967163,-0.0034972096153675753,0.013435182889365283,0.04080711795997256,0.002490001396317701,0.007342180568525579,0.011611988336534018,0.09095462398631461,0.004027487255725629,-0.019019453991519705,0.026649478852391054,0.0070698552302549626,-0.005113336012052259,0.0011076200729825648,0.009208344441255163,-0.03246670874050536,-1.2031719674070489e-05,-0.019012278263206225,-0.002701094838221153
266,-0.33863771475099785,0.18537825243514108,-0.14205647974107996,0.048298903350239134,-0.12777836322895683,-0.1843479253215738,0.2056586418132338,0.1066852558671557,-0.44066581403512745,-0.02589215792385262,0.000571725217560808,0.07017190803744938,-0.019254718177989055,-0.27053603160387196,0.25362659357712397,-0.09010295772333682,-0.017366266079216347,0.004599686299123006,0.4613242314667988,-0.16046015597742946,-0.26420994382729884,-0.38523352867801525,0.13109759551661504,-0.014638101381031025,0.14626030230836679,-0.2488683147546357,-0.047079457589045616,-0.15276457258140622,-0.021008026683303236,0.0543478377358225,-0.03910015959733075,-0.08244690719943848,0.3321714941457509,0.11453703952606427,-0.15989272065026142,0.008749241642518338,-0.21382800629163926,0.0193858162279276,-0.1955187086147636,0.11500286727003185,0.16362048119321979,0.10665117550223982,0.008038561478218265,0.006204177857893266,-0.08043422771092694,0.07593831212434986,0.18427730122922703,-0.10033444034318013,-0.11858190739774456,0.10531965199872026,-0.08611479294467243,0.1570374494121147,-0.1290764230558951,0.10477506448245685,0.1234376521189516,-0.06672045270290215,0.14937844374420983,0.08690308230180735,0.15213469754741088,-0.020306855618341453,0.1587359851743126,-0.14883054373018725,0.014156908153748737,-0.19239977927743682,0.04520453047573492,-0.0777849376263626,-0.03247559005833624,0.024870268658786585,-0.1186935472810955,-0.0092603757051857,-0.059682442808129336,0.002693224102247641,0.05998454828741019,-0.034576846360375973,0.0030189648648429705,0.014397826531282475,-0.015203591374056497,0.007524803634678105,0.01076442150639846,-0.9804943791207671,0.007026201607790406,-0.0074852802582203865,-0.010349209600146706,-0.0033468403711160396,0.010563953478218063,0.02121706230104918,-0.006271182046736251,0.0018523978786341118,-0.0052075807695038355,0.028953769841967087,-0.0034972096153674383,0.013435182889365434,0.04080711795997248,0.0024900013963178717,0.007342180568525604,0.011611988336534063,0.09095462398631472,0.004027487255725721,-0.019019453991519823,0.026649478852390995,0.007069855230254856,-0.005113336012052071,0.0011076200729825806,0.009208344441255081,-0.032466708740505425,-1.203171967402818e-05,-0.01901227826320616,-0.0027010948382209924
267,-0.44396530636830667,0.3119600586229941,0.061655453590068694,0.4313251135455698,0.07540567073218998,-0.13975811801005844,0.1147081455718643,0.048352587832586044,0.05324548147140466,-0.08562482262561907,0.05973852894771292,0.06810901660461476,-0.029756533260484053,0.11558066085811085,0.021503255256975006,0.32397546323751786,-0.1164276722281779,0.058367434614883404,0.4094652573536219,-0.12059610064593632,0.08771481686350716,0.01965241028962862,0.03828223809994482,0.10503625959001947,-0.20290416790483656,0.02231579057433727,0.1525964029222441,0.26007593602814066,0.03823616884969967,-0.07522653086558398,0.10203730005948045,-0.0534205741169428,-0.09807544632516532,0.04025019496327183,-0.12302747407993639,-0.1204975865908762,0.0988876925954244,-0.21739451349122862,0.18305881947528665,0.13807598799529813,-0.012055696290781393,-0.031213998774302896,0.01671454147181134,0.07641198731796402,0.14066993580108325,0.07803351370838792,-0.04413400952722426,-0.04429114250184179,-0.010569993741564799,-0.11192688171947825,-0.05934103677539302,0.14345374677970746,-0.1278160094794721,-0.08050332674303913,-0.16816353372811071,-0.14787522409815954,-0.008097509326800815,-0.09695897082994137,0.008821895986212672,-0.0008929932360137124,0.06813501383847154,-0.0392913726262135,0.02514237981668329,0.08325697699127373,-0.030545264036606137,0.024600142839818838,-0.11433105029573624,0.036279978260553465,-0.040415031839215694,-0.06966678089793595,-0.010983819227946832,-0.010709444549587015,-0.055749740557155834,0.017806415535270105,-0.0037994734543521304,-0.016314801199513174,0.003121742264075745,0.000747925551414422,-0.0001703082136457761,-0.9804943791207671,0.007026201607790268,-0.0074852802582203014,-0.010349209600146712,-0.0033468403711160756,0.010563953478218067,0.021217062301049073,-0.006271182046736282,0.0018523978786342363,-0.0052075807695035935,0.02895376984196713,-0.0034972096153675337,0.013435182889365283,0.04080711795997242,0.00249000139631768,0.007342180568525454,0.01161198833653397,0.09095462398631451,0.004027487255725629,-0.01901945399151969,0.026649478852391096,0.007069855230254952,-0.0051133360120521965,0.0011076200729826966,0.009208344441255093,-0.03246670874050553,-1.2031719673904823e-05,-0.01901227826320614,-0.0027010948382210696
268,0.30273636343131916,-0.363113881443031,0.26451086542168906,-0.4371633055846739,-0.008752285231363448,0.5469010191247988,0.08638783558329793,0.06189072889183405,0.07606593119219957,-0.2970794864524834,-0.17529972048356376,-0.1020473423031017,0.3398006094300812,0.3056933597017302,-0.23427327908201412,0.05866518235343372,-0.330942164610564,0.0023419987018167064,0.18872343600715322,-0.3257007454506456,-0.06529818244468809,-0.3190503243127822,0.07914315545179929,-0.15097947217990462,-0.347923772345665,0.2202031530978778,-0.19719569764927508,-0.15741020119720292,-0.15775304691994332,0.37307694511989914,-0.26760819641930844,-0.08219633588374291,0.1978735115635795,0.08287204654127991,-0.0666439145966907,0.3390025676959843,-0.3308043788263762,-0.19263635993860426,0.02798235944513002,0.08208186957375396,-0.03895152513672459,0.0577344079260776,0.05567687605730878,-0.18717849221418587,-0.12943458903591568,0.31324402406764074,0.05805378652139643,0.12874626792200192,0.2270421570724995,-0.029521076204074608,-0.16985016348057902,-0.16981632677434777,-0.12010123160441323,-0.12471337262334889,-0.08277145544413396,0.1074607957072544,0.034280499692929116,0.0479540441846811,-0.13988546826876638,-0.08080459431121889,0.030828279127225248,0.19501531099519576,-0.04336204707701222,0.08164148223767621,0.0020398757255891253,-0.013286050834366233,-0.09446693105474313,-0.008887889247738827,-0.16981988316222915,-0.03025106732929931,-0.07116931129586841,-0.002238407348795692,0.08975781093510411,-0.042209884001997225,-0.0036900477159114977,0.004848284206518065,-0.004638286450077034,0.017474019136247496,0.010218246649355228,-0.980494379120767,0.007026201607790425,-0.007485280258220393,-0.010349209600146946,-0.00334684037111588,0.01056395347821806,0.021217062301049087,-0.0062711820467363805,0.0018523978786342957,-0.005207580769503613,0.02895376984196708,-0.0034972096153674244,0.013435182889365276,0.0408071179599724,0.002490001396317574,0.007342180568525703,0.011611988336534053,0.09095462398631454,0.004027487255725669,-0.019019453991519657,0.026649478852390846,0.007069855230254883,-0.005113336012052173,0.0011076200729826567,0.009208344441254809,-0.03246670874050538,-1.2031719673886291e-05,-0.01901227826320609,-0.002701094838221059
269,0.3846806254137405,-0.580986840304181,0.3084062504864663,-0.3579784231246062,0.017833992399453425,0.05237116916477642,0.48526456511713084,0.08519315774343686,0.19240246962408333,-0.1604143790711141,0.2557222952642832,-0.11069276546782882,-0.06960578104284267,-0.16572443519491312,0.1640491004592889,0.10223558434063988,-0.27982711494379475,-0.15651669138321136,0.289485027039141,-0.032227292677171775,0.06276804500827335,-0.1507671992956669,-0.12809767730572338,0.09425409426104782,-0.11966424861549343,0.16694295934386313,0.21358974517942758,0.04302763835394113,-0.057595990966773,0.019492049843656947,0.005320827760074271,-0.0723852096933021,-0.21041173091182389,-0.08919084869689282,0.22794920255357265,0.1976452696068566,0.19633541238060395,-0.09242046812496651,-0.236238612984388,0.126459960678486,-0.24300771294465964,0.29117481733364364,0.14207849338333875,0.1334744123542936,0.1758787243501173,-0.06045729930066325,0.13742440623630628,0.1269624052705827,0.2144559904354966,-0.12486882471644009,0.05876124547815461,0.09787717260976246,0.04328143109783318,-0.03425590213094229,0.2642319897746524,0.2107109822453817,0.11996571874050051,0.2513422870582688,-0.1588010040036622,0.0381465381430215,-0.032815264481943746,0.0886996992921862,0.017235221475639648,-0.056632586092434295,0.06404339139169597,0.004783197119449136,-0.06669446347168399,-0.023714109532970446,0.05040028799706974,-0.03280018649874152,-0.012063593560832628,-0.027492190857946304,-0.04897673537433734,0.014657021751022693,0.0018238009609625042,-0.00148170688915737,-0.006164542121343348,-0.003771190215385538,0.00027833935788181306,-0.9804943791207674,0.007026201607790418,-0.007485280258220308,-0.010349209600146755,-0.0033468403711159615,0.010563953478217892,0.02121706230104889,-0.006271182046736508,0.0018523978786342172,-0.005207580769503753,0.02895376984196701,-0.0034972096153675384,0.01343518288936513,0.04080711795997245,0.0024900013963176414,0.007342180568525649,0.01161198833653421,0.09095462398631454,0.004027487255725869,-0.019019453991519778,0.026649478852391394,0.007069855230254886,-0.005113336012052121,0.001107620072982701,0.009208344441255081,-0.03246670874050537,-1.2031719673781584e-05,-0.019012278263206176,-0.0027010948382210436
270,-0.12101841526982687,-0.24763004957588697,0.18515254909120782,0.12326079856881013,0.06681205486608607,0.11868503747616321,-0.02412907649388393,0.3475475527302852,-0.3186128504004133,0.34796693680256313,0.01329851080450599,0.2768364835793339,0.2452825248019568,-0.03453400233807357,-0.2674139393741072,-0.010014026997539517,-0.1865742712254577,0.03904446703788747,-0.362991343888182,-0.3027299483183434,0.021700355320720656,-0.2164292665596603,0.08766129318753238,-0.04204522745485392,0.2371750781658029,0.11332713342781521,-0.12196771266643633,-0.025709184625141584,0.006600197083401552,-0.14799810627467816,-0.10977055491001429,-0.3194062221303617,-0.10718066453353409,-0.15722224076315286,0.23342143811982444,0.13723542908829164,0.053549083282196555,0.022744187437127743,-0.06791854589186849,-0.1414709915335273,0.12125437039953266,-0.08562495091764881,0.046153455839937796,0.027672479105289305,-0.1059818038363539,-0.13622549340233917,0.1016115242577049,0.0370776926132288,0.03438767466872644,-0.050968034960974906,0.08202142253141627,0.021276215381972947,0.05762182742772281,0.0530932642571641,-0.07096789288588015,-0.16698913736182208,-0.14760470083872304,0.07819875693748372,-0.21131331184741087,-0.017931738879898258,-0.20027242766671574,-0.024500395035276134,-0.07672268946971444,-0.09673151732576461,-0.011302423676681363,-0.032600828228148714,-0.02678392869673504,0.03150168782673042,-0.14671164575116624,-0.12348246701181985,-0.0032513902468846276,-0.029475256507956352,0.07667500266580739,-0.04891523542688391,0.019254461102143024,-0.0037963326507337,-0.010251819506782237,-0.01813636194692498,0.00550152550968285,-0.9804943791207666,0.0070262016077903295,-0.00748528025822047,-0.010349209600146623,-0.003346840371115894,0.010563953478218126,0.021217062301049108,-0.006271182046736404,0.0018523978786342263,-0.005207580769504044,0.028953769841967222,-0.0034972096153675423,0.01343518288936506,0.04080711795997255,0.002490001396317856,0.00734218056852541,0.011611988336534037,0.0909546239863147,0.004027487255725721,-0.01901945399151978,0.026649478852391086,0.00706985523025486,-0.005113336012052137,0.0011076200729828582,0.009208344441255234,-0.03246670874050534,-1.20317196738868e-05,-0.019012278263206246,-0.0027010948382212943
271,0.04072130407118332,-0.12296695621532172,0.45449084893707076,0.01511188114831843,-0.005073760015917364,-0.041442640688330354,0.07607270804990704,-0.24498448447962465,0.21748622208278,-0.08325480630543831,-0.051663250935655686,0.1501942516367094,-0.016743551293709098,-0.1675652081553194,0.11118414874404578,-0.24479483645876068,0.29335210488021546,-0.2102637066115549,0.058936040743975786,0.20091110491153433,0.06132881754784796,0.20114485124889622,-0.5200221247544763,-0.22355101241112435,-0.1261182351557391,-0.07082855222231371,0.10030222550890755,-0.0969917088658456,0.1764736369222773,0.10945601256915677,0.023567418516143128,-0.01468847640612474,-0.0875327114872765,0.3190538924960708,0.1304075666822224,0.12398370602607364,0.060766434048068134,-0.23125474237250823,0.12586599091040215,-0.03672219838423794,0.045407521212703285,-0.12830706261377958,0.17178828679064548,-0.09743160339011919,-0.10927818037475838,0.029657582839912607,0.0449855829148139,0.16090248169252308,-0.029716521924899732,0.05743557569335642,0.13811612586781613,-0.10874204963183111,-0.05407203882986664,-0.14593332277368662,-0.038790125050077694,0.026915123560886697,-0.17546188882114724,-0.04048139380125195,-0.22648153924796582,0.0698469388354906,-0.04776307160400898,0.07282004459290395,0.026023672332228732,0.005117866679834296,-0.012638471416205315,0.12248778235295663,-0.2740781297542583,0.0600202702531643,0.13714936347742634,0.03167484615532355,0.014026679648797563,-0.0011684334321358728,-0.06606747579652453,0.035283563608804816,-0.010681368358533276,-0.012449754108842607,0.008554747486081909,0.0010645472156831078,-0.005137811006558644,-0.9804943791207671,0.007026201607790307,-0.00748528025822027,-0.010349209600146684,-0.003346840371116005,0.01056395347821802,0.021217062301048778,-0.006271182046736279,0.001852397878634356,-0.005207580769503795,0.028953769841967247,-0.003497209615367462,0.013435182889365037,0.04080711795997269,0.0024900013963175096,0.007342180568525475,0.011611988336534167,0.09095462398631464,0.004027487255725667,-0.019019453991519674,0.026649478852391172,0.007069855230255122,-0.0051133360120522164,0.0011076200729828016,0.00920834444125512,-0.03246670874050537,-1.2031719673819748e-05,-0.01901227826320608,-0.0027010948382210505
272,0.23107336961793984,0.3366324880131148,-0.3901566461276809,0.4270252810215165,0.0696116597321833,-0.15764575859993957,-0.21730640972921345,0.2315130242577927,0.2940189895840845,-0.08288270857246381,0.028505077293465533,0.2488429303610992,0.14281757274037896,0.3629218236279437,-0.0804894570798445,-0.10759893316304121,-0.07951182886745646,-0.12856521133775786,-0.17355655994703464,-0.2827418544517088,0.20640371308586167,-0.05535437819865193,-0.2143286453851251,-0.3281483385333948,-0.44239087209577005,0.42787710834007653,0.0491969487743835,-0.07421013764438128,-0.04752068840459861,-0.19153439409311226,0.04748126890493288,-0.19806297321771776,0.06359133997511006,-0.04795561043595588,0.3937725413054373,0.1920634009087148,-0.15802446092046613,-0.1511402655216065,0.13971075825359508,-0.20108801914660884,0.137432054491624,0.20793137101791914,0.15550722950147072,-0.1587597918868098,-0.148333917042945,0.07757915075366095,-0.017560704202829056,-0.004257546163320421,0.10460454091157116,-0.047773634596161185,0.11066086392343522,-0.1188555361224571,-0.03813964016906094,-0.1675910971695482,-0.09406535048791816,0.13372387244582912,0.02522208765168668,0.04113152194116121,0.1377592686514234,-0.12392690790392734,-0.11740377314515206,0.010569368627337495,-0.15977318688369374,-0.13908193274452393,-0.09454890229959052,-0.04311429614997653,-0.0077413060455586765,-0.00314562401002306,0.08105485112791422,-0.17993919299424993,0.0725703047010233,-0.035047215616610616,0.0011574144646793454,0.025265856375035315,0.02418538361324693,0.03923278860907748,-0.014980804432070073,0.009121485789083785,0.005921319280747977,-0.9804943791207668,0.007026201607790323,-0.007485280258220418,-0.010349209600146897,-0.003346840371115902,0.010563953478218048,0.021217062301048983,-0.006271182046736387,0.0018523978786342849,-0.005207580769503736,0.02895376984196696,-0.003497209615367381,0.013435182889365207,0.0408071179599726,0.0024900013963176522,0.0073421805685256695,0.011611988336533978,0.09095462398631446,0.004027487255725577,-0.01901945399151979,0.026649478852391,0.007069855230254938,-0.005113336012052051,0.0011076200729828805,0.009208344441255,-0.03246670874050537,-1.2031719674094341e-05,-0.019012278263206246,-0.0027010948382212414
273,0.2823202515474076,-0.44024438537084387,0.21169962933665692,0.34342250431222326,0.46045841506061613,0.08475058820870827,0.09713462243409554,-0.6117331628098164,0.6296539227523418,-0.46037221416249546,-0.3589761551704781,-0.2555872341572197,0.16237901493325857,0.017424180403877162,0.11340867900437854,0.1543574898320461,-0.15543106631951936,0.20137185392342438,0.1127803084059094,-0.04187457491883239,-0.12827452067093223,-0.29545680612816205,0.045013959937372866,0.12497240431337314,0.0577473386756087,-0.014007860598567035,-0.051934148795029396,-0.08231720739887596,-0.11239459231329234,0.02117374810404029,-0.4503592219706162,-0.4379582432805878,0.09998657611691777,0.27966149935644413,0.29608917562841536,0.19839827204290034,-0.003099250953499797,0.274357082897667,0.2315632796850033,0.2393572662022757,0.41937890706340913,-0.2184536472905265,0.1518985397951534,0.15672828970420113,0.0411766317606854,0.019155925328956873,0.23954693287754725,-0.014111343284171199,-0.17974958342547254,-0.2370967163110423,-0.029705849115273852,-0.07851917634321141,0.0401712624213521,-0.08335173656030828,0.01754046011488986,0.037130197174994176,0.43403473327173026,0.06109236879797397,-0.027495405477428278,0.08041590176866159,0.10493985797904354,-0.03713373139980366,-0.08512639751019038,0.09096916888249368,-0.17526308281148523,-0.0012284815872986136,-0.12984860784211458,0.07926283921495546,-0.027222527492570633,0.11776408136643537,-0.02157606312741773,0.021417970391890195,-0.05782983259524747,0.02718449736916333,-0.01895776267273345,-0.018168042337001138,-0.00812764093748101,0.007527714345255508,-0.0026360374094285917,-0.9804943791207666,0.007026201607790335,-0.007485280258220355,-0.010349209600146809,-0.003346840371115939,0.01056395347821811,0.02121706230104895,-0.006271182046736314,0.001852397878634141,-0.0052075807695037704,0.02895376984196697,-0.0034972096153674066,0.013435182889365162,0.04080711795997237,0.00249000139631761,0.007342180568525399,0.011611988336534278,0.09095462398631454,0.004027487255725792,-0.01901945399151975,0.02664947885239134,0.00706985523025499,-0.0051133360120522026,0.0011076200729825136,0.009208344441254675,-0.03246670874050546,-1.203171967361852e-05,-0.01901227826320612,-0.0027010948382211407
274,-0.004726811129710343,0.16005159422165788,0.33821636605395033,0.09589735582107159,0.2287822570662906,0.09024060052086547,-0.3994194683340951,-0.6611373362213041,0.10032290936457161,-0.5123896288029114,-0.38618177448024604,0.4160385458343393,0.1491271387126075,-0.19836689184079828,-0.28972454577447043,-0.2581042474750926,0.024340229441306562,-0.27303285628537854,0.29184467026353633,-0.11544945211440982,0.19407451832622324,0.3579507640991906,-0.013664588931421452,-0.4305021210103385,0.0034871246733306537,-0.12324433109910243,-0.004504202574230156,0.026760281591396318,0.17115981007325684,-0.16573050384131865,0.2163249781973556,0.12298341827884689,0.05565659794291697,-0.029984912577106,0.24928611827641753,0.08725800823278083,0.1435081290099577,0.057060517722118384,-0.07178733952625382,0.20264885679844888,0.01319856852819884,0.08413413650427387,-0.09005176860121582,-0.12603416626725827,0.09129285921574389,-0.03365088115856215,-0.06592566992805113,-0.0061666340925038265,0.0540210588705889,-0.1813026975563177,-0.053631831731104404,-0.06006680520904988,-0.04645711767038528,0.03694107794720815,-0.14554609272183303,0.05086541193746222,0.0009237842390514244,-0.16069672696304604,0.08308734838783734,0.040415380495492946,0.043922903805173524,-0.09069573132094225,0.10361436276106345,0.0859231364228258,-0.015144121104658214,-0.08622709919767176,0.04076693835628814,7.591739087498391e-05,-0.07073686272898509,-0.013728282956527145,0.015577547254489423,-0.022270767984430614,0.08080613743225121,-0.04081541625344925,0.01722975334148149,0.01335903750339443,-0.0008787993813397206,-0.017297783593934385,0.00424603406228228,-0.9804943791207673,0.00702620160779034,-0.007485280258220192,-0.010349209600146654,-0.0033468403711158297,0.010563953478217916,0.0212170623010489,-0.006271182046736312,0.0018523978786342426,-0.005207580769503618,0.028953769841967084,-0.00349720961536752,0.013435182889365117,0.04080711795997259,0.0024900013963177307,0.0073421805685254275,0.011611988336534046,0.0909546239863147,0.004027487255725643,-0.01901945399151977,0.026649478852391134,0.007069855230255071,-0.005113336012052268,0.001107620072982732,0.009208344441255097,-0.0324667087405054,-1.2031719673925624e-05,-0.019012278263206103,-0.00270109483822118
275,-0.19679996037136638,0.10596393608781329,-0.3455856501157948,0.07122695955003248,0.3039296761206132,0.17052572847347774,0.11000514892406572,0.12025567554511275,0.006366857015439069,-0.08872475153893701,0.2644211364319284,0.09384099496477281,0.17035574556972377,0.23242610008145123,0.18738855717110198,0.16058013594545412,0.2524538292961081,-0.004601966452403619,-0.31337340626713656,-0.17391875846924848,0.06948206459517292,0.03372992618622427,-0.14338669439922105,0.11065909710477267,-0.21407850342096757,-0.031014619190407145,0.11017375948575651,-0.15114854823783225,-0.002885276434171071,0.07512389510257635,0.06962668956567117,-0.03518127289817411,0.13888234098600288,0.16025730074783143,-0.20051508095388443,0.17993873171347213,0.02547969799498704,-0.08286159241419822,-0.053722932725243006,0.14718058841646678,-0.22145846080365536,-0.04177134065845413,-0.25068513427736855,0.012956725343597045,0.04865538267517931,0.3221609797171754,0.04052747615550029,-0.04767418250932776,-0.06339358091197775,0.07801619078709578,0.05446349009429407,0.1811572370999551,-0.0037500698590374856,0.11974672940591334,0.040510412467974224,-0.0744401296007595,0.15149636578623152,0.03682056178134812,0.12353775423974428,0.09373686082267883,0.14000580860312772,-0.03541127317027223,0.048912596003171126,-0.2778733827800155,-0.08050656690984945,-0.12418354009450686,0.11058048099867587,-0.08155758458779042,-0.04469279453602753,-0.0232397548544372,0.009351707587208819,-0.03939773330273314,0.05369297846727026,-0.025111311458897632,0.01658910928808128,0.01960591299784644,-0.024246312655707987,-0.005092239672443684,0.0161577185388748,-0.9804943791207672,0.007026201607790171,-0.007485280258220534,-0.01034920960014682,-0.003346840371116055,0.01056395347821822,0.021217062301048892,-0.006271182046736427,0.0018523978786342918,-0.005207580769503628,0.02895376984196706,-0.003497209615367492,0.013435182889365144,0.040807117959972446,0.0024900013963177633,0.007342180568525704,0.011611988336534004,0.09095462398631465,0.0040274872557256565,-0.019019453991519678,0.026649478852391054,0.007069855230255049,-0.005113336012052287,0.0011076200729827036,0.0092083444412551,-0.03246670874050546,-1.2031719673911762e-05,-0.0190122782632061,-0.0027010948382212917
276,0.07039594723156693,0.03355472429338494,-0.14841256495494798,0.14663405350548747,-0.20489714065724718,0.17374834563571875,-0.27973319594486634,0.29514438064143717,0.18659548935556075,0.11621825783752511,0.0029654830447731237,0.02164752964353644,0.07909684517986483,-0.2796311889551741,-0.47470059408871784,-0.23823159588604903,0.016330134996164033,0.47822521047036654,0.32899487934742366,-0.23035919382318412,-0.18337794125670087,0.4164176109638751,-0.04514038931495553,0.06272928563116441,-0.354991326119949,-0.5817281952919177,-0.448587899249651,0.20457019253744532,-0.06796903341172995,0.08474007110507835,-0.07166277623993844,-0.058729395248036054,-0.44199860751068587,-0.20366518304807477,-0.06388561660247202,0.22964146319600154,0.008701237690286209,-0.13830699892694814,-0.18394130828639602,0.03978620783163775,0.12903232527431555,0.032483524175033876,-0.1671297268412414,0.09330855347879252,0.16619706354197306,0.15214161502268786,0.24996744261905104,0.23848417394116805,-0.2604510341685834,0.26655824309266296,0.03772516482835092,0.19051168546079295,-0.043514738935004106,0.06797707889756173,-0.02149699053299757,0.1752122605384362,-0.19389988338348507,0.13630830731053997,0.08883621892532437,0.16997855335943826,0.1321842045093811,0.1226506399789873,0.10911021238070158,-0.14591765933053172,-0.10609941779427035,-0.038289334640091495,0.0014952371603158409,-0.03288729404784911,-0.11643310906286458,-0.009142571893742348,-0.036106260678423804,-0.021237357842534447,0.06233113008154009,-0.024370738964321494,-0.0008596499836914947,-0.004275815797193132,-0.019129835948333118,0.014334513080923466,0.010612902115918643,-0.9804943791207675,0.007026201607790179,-0.007485280258220376,-0.010349209600146899,-0.0033468403711158366,0.010563953478218148,0.021217062301048875,-0.006271182046736393,0.0018523978786342333,-0.0052075807695036525,0.02895376984196713,-0.003497209615367518,0.013435182889365084,0.040807117959972584,0.002490001396317912,0.007342180568525491,0.011611988336534035,0.09095462398631467,0.004027487255725549,-0.019019453991519726,0.026649478852391096,0.0070698552302551326,-0.005113336012052201,0.001107620072982452,0.009208344441255198,-0.0324667087405055,-1.2031719673787195e-05,-0.019012278263206193,-0.002701094838221224
277,-0.39734614515030386,0.18423392225816002,0.08268394700589428,0.09607045274130227,0.19937313938932885,0.24646171530778657,-0.03293921755885681,0.2962826509241431,0.1889313610286926,0.049470654535296935,-0.0512589516895516,0.04144693281374334,0.045812048799757324,0.20193875225932706,-0.060645564591305816,0.042889117352732056,-0.046208560750994214,0.00832261337081102,-0.05586340942578984,-0.039358484888304644,0.2512420173421389,-0.0017848011303391242,0.08014977394451757,-0.057156921955077766,-0.37737884170739605,0.07550483168511866,-0.27395956559652757,0.09596180981812232,-0.20596583522173742,0.3190296337220506,-0.06046944592435852,0.22297388949757582,0.13990198813170024,0.10003256078493092,0.17962541365057308,0.09892719412631552,0.03758676856099895,-0.33542247609539677,0.11747025295774474,-0.17364813813069607,0.03844131231447745,-0.15439192431269824,-0.004647515676634803,0.10028312121990773,0.17049970933635844,-0.18367650461719434,-0.2469469704644109,-0.19959206308889563,0.03661115361281444,-0.08824623042354036,-0.18841262272732348,0.5092429837641109,0.2050176466358008,-0.06063847719882204,-0.21485587444883825,0.11145624883238787,-0.09461259802763403,0.06390807337294328,0.08017474880304636,-0.07426799594746963,-0.045075715641242596,0.03998716254012475,0.0026684314431462885,0.17213037995105546,0.023744124111124438,0.021737658120773468,0.053967853988027864,0.01355368476581837,-0.11889532355052396,-0.025554215070354755,-0.04851856898630101,0.007776845287687065,0.051303146760205906,-0.028140635379076125,-0.0033475574155554504,-0.00396622874802341,0.00721419647776533,0.007478367415529123,0.004057389569314773,-0.9804943791207668,0.00702620160779009,-0.0074852802582203535,-0.010349209600146745,-0.0033468403711160825,0.010563953478218084,0.021217062301049024,-0.006271182046736282,0.0018523978786344172,-0.005207580769503724,0.0289537698419672,-0.0034972096153675874,0.013435182889365217,0.0408071179599725,0.0024900013963175824,0.007342180568525632,0.011611988336533973,0.09095462398631454,0.004027487255725565,-0.019019453991519664,0.026649478852391207,0.007069855230254966,-0.005113336012052142,0.0011076200729828545,0.00920834444125518,-0.03246670874050548,-1.2031719673915998e-05,-0.01901227826320616,-0.002701094838221049
278,0.008938143449260676,-0.32106680738965065,0.13793174317976387,0.13373680815384512,0.4751389585327107,0.07873963918809547,-0.3149452586621468,0.1631199548796342,0.2935920631121677,0.3303182884132057,0.2181886429973996,0.02013942088135164,0.2670761481425506,-0.07729723961204511,-0.14123318699758886,-0.08479937025654677,0.2561656558168411,-0.28720207249998636,-0.10006864715121565,0.12502071463595604,0.05413295999930332,0.03869450676387057,0.02098862542520055,0.1393374111090512,0.01607533530776542,0.12786710277761665,0.4161533459716692,-0.051910997966329316,-0.1464559501335641,0.009940014143746371,-0.04278754311510804,0.3068623071262003,-0.2600124518375867,-0.14316214593714863,-0.02678392313213884,0.20995201365803534,-0.05094506061231477,0.049084530857303355,0.33062422346033754,0.1437452986337494,-0.20432359052784413,0.07046379765614369,0.16104225561166693,-0.06419405687492268,0.012414990297762659,-0.13089852554436723,-0.015041595001783254,-0.021371189729678303,-0.007731790345661765,0.08942144593543949,-0.05275557744757074,0.06775069258814748,0.0032948575349066186,0.023986878235229516,0.11691309844037118,-0.13956273483337941,-0.16440002629750086,0.07171139183051344,-0.006105220410440464,-0.025241724421438422,-0.04234851082597967,0.013946357394367587,0.06856365880725587,-0.050247935199009046,-0.012582944993605197,0.12989087046019987,0.028145079214643348,0.009960602523526043,-0.012596661451981192,0.002402001317876948,-0.03305747800789881,-0.004098928063186223,0.04468025222513863,-0.029155128427276394,0.004500821109344744,-0.0016907689153799076,-0.003902897347655486,-0.0009515906587968472,0.0048874970966942865,-0.9804943791207671,0.007026201607790144,-0.007485280258220234,-0.010349209600146448,-0.0033468403711160847,0.010563953478218214,0.021217062301048677,-0.006271182046736286,0.001852397878634349,-0.005207580769503753,0.02895376984196724,-0.0034972096153674413,0.013435182889365075,0.04080711795997263,0.0024900013963177455,0.007342180568525753,0.011611988336533869,0.09095462398631463,0.004027487255725625,-0.0190194539915198,0.026649478852391145,0.007069855230255025,-0.0051133360120522164,0.0011076200729828259,0.009208344441255444,-0.03246670874050545,-1.2031719673663623e-05,-0.01901227826320616,-0.0027010948382212795
279,0.16578786955422195,0.31510813610685456,-0.7230273955390484,-0.3901670016734486,0.2308910121552049,-0.09388932495265084,-0.4222057993660933,0.30538266292286015,0.5785421487495461,0.14221500084141514,-0.16664489056236598,0.2232331952035903,-0.3264223273271337,-0.003949274413103016,0.1251093321542964,0.4459495859652765,0.16249362436710715,-0.1763192574054458,0.172816765865483,0.0413972324366913,0.12237236266934369,-0.597577091481958,-0.11453822201171468,-0.3392849761052877,-0.10236200558476073,0.42879721859732167,-0.07650493205941454,0.058234322203031805,0.32528137413479447,0.2252503878783768,-0.26352860985164994,-0.19653880752018626,-0.056025339910440335,-0.3495845508901086,0.24483565548987324,-0.16767025000056207,0.06192926658152036,-0.060088866883037974,-0.010491850467890279,-0.040686372909602815,0.12930009258593209,0.21642588822598707,0.1718371660081353,0.036264201338934036,-0.41268082153669594,0.11953203099504482,-0.16991020838923424,0.06998565474451807,-0.10878144426342772,0.26358709576702744,0.017171858945972028,0.056637456260426544,-0.3151820884314883,0.1887293914250102,-0.1349285307014791,-0.03451266392476059,0.048213386063757954,-0.038125697711555766,0.10551976447187393,0.22892810734406352,-0.09154878012876974,-0.005216622352897398,0.11766780434782236,-0.11817382448638815,-0.09325026815524674,-0.0438006337646111,0.060399400771685055,-0.016389761574975088,-0.07823736114393155,-0.2469333973780287,0.028354123796069077,-0.05760202827752631,-0.047656925208761816,0.018635749273477213,0.02419393600765072,0.013968738611937826,0.0011983937730753796,-0.00964860306286368,0.0030702109412032307,-0.980494379120767,0.0070262016077903555,-0.007485280258220584,-0.010349209600146856,-0.0033468403711161506,0.010563953478218069,0.021217062301048764,-0.006271182046736633,0.001852397878634356,-0.005207580769503861,0.02895376984196699,-0.0034972096153674205,0.013435182889365089,0.04080711795997248,0.0024900013963178075,0.007342180568525586,0.011611988336533778,0.09095462398631464,0.004027487255725614,-0.01901945399151962,0.026649478852391103,0.007069855230254754,-0.005113336012052034,0.0011076200729828953,0.009208344441255189,-0.03246670874050541,-1.2031719673826687e-05,-0.019012278263206284,-0.0027010948382211477
280,0.05175769507239935,-0.40024622845992575,-0.039987818116770886,-0.29037018614423993,-0.4750505751677683,0.1395461153166424,-0.15885510677007592,0.11296370346320717,-0.47438263694866134,-0.0507173185323897,0.23388108276521333,0.3188532053910585,0.10851855876379926,0.12279006932261854,0.1366664709741993,0.06875426626909902,-0.06728837881555715,0.381281380433347,0.21072417242531188,-0.26010651088177655,-0.14862782311684575,-0.04964529748223006,0.19332872323067335,0.1099531999320669,0.05761634649555984,0.16100141029285064,0.3207925302850057,-0.1331441810682596,-0.1303370277911951,0.05757990466576205,0.030662990186474247,-0.20215736656994002,0.1535045472861123,0.027755640281399117,-0.01397035335859788,-0.15066949846335181,0.22505339309053032,-0.01656465535474196,0.16075089765832326,0.0768927091337999,-0.10754080103517585,0.08310670955303417,0.14846381366740735,-0.09441447897996086,-0.12677664203396483,-0.04186285719999237,0.0220289354974708,-0.007994349851437033,-0.19777368523004046,-0.14098468828827157,-0.04891150438292217,0.12840075971521617,0.020019901034462682,-0.10575510911695198,-0.2538256788636874,0.030598289270464197,0.011278782399620196,-0.02478337751427589,-0.08605041391364965,0.05099789118765001,-0.05466285272569923,0.09317667765931902,-0.045403355045536935,0.010695380802154679,0.1190716850042747,-0.19180039636780402,0.05765839145678279,-0.06695099023072552,-0.007298342327558333,-0.02060177529357901,0.025878606045466438,-0.030445256186688148,0.01288707754898147,0.0016516789560047822,0.008870885832738089,0.025937621967208075,0.006287910849671146,-0.017095178200712383,-0.010151743587223202,-0.9804943791207673,0.007026201607790351,-0.007485280258220362,-0.010349209600146755,-0.0033468403711160756,0.010563953478217984,0.02121706230104921,-0.006271182046736471,0.0018523978786342988,-0.005207580769503902,0.028953769841967205,-0.003497209615367603,0.013435182889365228,0.04080711795997249,0.0024900013963178465,0.007342180568525465,0.011611988336534098,0.09095462398631468,0.004027487255725764,-0.019019453991519802,0.02664947885239104,0.007069855230254834,-0.005113336012052162,0.001107620072982766,0.009208344441255229,-0.03246670874050541,-1.2031719673965538e-05,-0.019012278263206197,-0.002701094838221198
281,-0.08691760372085683,-0.3400933997641114,0.17409158239558448,0.03211127462199856,-0.3119011973381076,0.07606902635336292,-0.2509295836443091,-0.02683843444925622,-0.3451673228176516,-0.06313935125675117,-0.008534091270788443,0.16612074006381203,-0.1346525297898094,-0.002785788318610563,-0.0422046647363983,0.05634877364813286,-0.0788144059763712,0.26906658179265774,-0.1419287214241054,-0.2345909663245831,-0.06342268364402738,-0.0068967056237303976,0.1261599330596489,0.018677724569402507,0.0020806714357810155,0.1651148731275453,0.10912971569115004,0.012016233591816427,0.009658249649427976,-0.02712990221141016,0.00686467896301811,-0.18046989498158053,0.015773158845851187,0.035393834629609405,-0.06871541139262001,-0.07434566567753048,0.20103481274096285,0.0018736240658465992,0.0043331986427157364,0.08076346030355509,-0.0763172089638203,0.021055405719597325,0.05998719695664171,-0.0369799817757646,0.02417959584839839,0.01417587790019237,0.038926365523163184,-0.09573360178113209,-0.07055011282357755,-0.04715189411870149,-0.008597541501286311,0.08755769244434983,-0.06198024167526716,-0.003327816663243299,-0.24034663676900836,-0.010527754340371936,0.03056563270572228,-0.014420919497454934,-0.08884992005185507,0.0833806431946429,-0.00512358238500184,0.1538312185498776,0.0017345272817843329,-0.08491614868160084,0.10612234368117539,-0.03460068788660201,-0.007034280154928952,0.017605733387246907,-0.14426133406641825,-0.14310397743466352,0.4122222747226124,0.7255380877009117,0.07507035055141263,0.02878670599862083,-0.2521432969387213,0.08725632498220746,-0.12283677361686239,-0.09834497609561987,-0.01322207854767697,-0.9804943791207679,0.007026201607790406,-0.007485280258220288,-0.01034920960014662,-0.0033468403711160552,0.010563953478217999,0.021217062301049038,-0.006271182046736423,0.001852397878634437,-0.005207580769503632,0.028953769841967278,-0.003497209615367437,0.013435182889365228,0.040807117959972564,0.0024900013963178452,0.007342180568525407,0.011611988336533917,0.09095462398631482,0.004027487255725781,-0.019019453991519823,0.026649478852391092,0.007069855230254887,-0.0051133360120521635,0.0011076200729827539,0.009208344441255265,-0.032466708740505494,-1.2031719673825444e-05,-0.019012278263206214,-0.0027010948382212045
282,-0.14810813320016789,-0.16031439719544724,0.3833374404810179,-0.36899448856739864,0.4631714989455115,-0.056390180399429946,-0.22603645671819023,-0.19483914529230356,-0.20151725017885544,0.788333810477576,-0.19078641528712714,0.16214362472636365,-0.20839274637127242,0.19880931852724668,0.6245608837996465,-0.41701282634853054,-0.41421533598752514,-0.42948280528722854,0.16300900643287725,0.24208793274268875,0.21043404018816597,0.3022790079072242,-0.3762087327181791,0.16452218397947926,-0.0913063017850982,-0.16101685731930943,-0.21183783131449915,-0.0045925492271503155,-0.4942745831826292,-0.25961042494504266,0.09058325410953585,0.03648097183071849,-0.11926603623314626,0.27284004735698203,-0.029736468012597456,-0.14166258285294428,-0.0618587845162231,-0.04763189165640575,-0.043613741799454146,-0.42048357696889826,0.20876278353782152,-0.12743220358422475,0.07544782742815435,0.10464387324041916,-0.10804606125847575,-0.04175004638752061,-0.15679845146026974,0.013954408407559208,0.03455837983832623,0.012564575951111216,-0.13711232698528492,0.26753646229462863,0.11897473889117499,-0.006644170926884141,-0.11617715567051468,-0.14004323144520744,-0.011474319223553686,-0.020722655804556202,-0.0631854838821146,-0.01709040076520246,-0.1022441580903982,-0.0010004186021178722,0.0337162160964174,-0.13015048448625746,0.03210882427943945,0.016690422325691914,-0.04991799125303415,-0.12219663631592648,0.003030585037336336,-0.09559708615078404,0.09118585324892924,-0.017396715197483245,-0.022172346568252958,0.041221299420138295,0.008665864570852482,0.007556041756223676,0.0004395787358008403,-6.598898876663365e-05,0.003918504830023832,-0.9804943791207668,0.007026201607790142,-0.007485280258220255,-0.010349209600146564,-0.003346840371115953,0.010563953478217987,0.02121706230104886,-0.006271182046736279,0.0018523978786343998,-0.005207580769503905,0.028953769841967278,-0.0034972096153675215,0.013435182889365115,0.04080711795997276,0.002490001396317646,0.007342180568525702,0.011611988336533973,0.09095462398631483,0.0040274872557256374,-0.01901945399151988,0.026649478852391016,0.007069855230255171,-0.005113336012052043,0.0011076200729829414,0.009208344441255682,-0.03246670874050552,-1.2031719673918892e-05,-0.019012278263206256,-0.0027010948382209994
283,-0.1319978058081196,-0.08901950850297122,-0.012316602022189588,-0.1366208201383909,-0.515296287641161,0.22161720321624925,0.12863032857436285,0.32028143049595525,-0.21782350506436404,-0.19955179011031193,-0.24515465170203712,0.34196205364707855,0.05786716880563271,0.12059045868025184,-0.30190706883182655,0.011759585690799393,0.036715036510382645,0.1166289707230565,-0.14780132010344912,-0.16509693658794045,0.026914975263704993,0.018232425661270604,0.211685207946075,0.030800369442236755,0.10099083427267357,0.22286444572484673,-0.09390293499559357,0.08171250451945614,-0.2127690478657092,0.02792095889548641,-0.5172912552689363,0.16644452460940207,0.14547832426172488,0.21586709876825233,-0.20296666439471234,-0.04836195364751599,0.08022418057235697,0.11534963465032075,0.23635331172848165,-0.0007895343644185016,0.03175289266646885,0.047395403796832436,-0.08054074272355563,-0.2533793221800777,0.021742854655540343,-0.09106667085431318,-0.0594994048892344,-0.045771979762578636,-0.11629355493790529,-0.04753929805020666,-0.15667418559636553,0.06518905537109099,-0.013569076149336156,0.06796509557412275,0.08750474035318576,-0.05926346757548417,0.048831734910018125,-0.011688232098683492,-0.015194865671427107,0.0924009680498434,0.023895793769653614,0.09891176878827647,0.07899535981788662,-0.08079580834361441,0.011399852531849337,-0.04669722536103149,0.005851345948671657,0.09383174669718242,0.009341565071540206,-0.02675064559782111,-0.036726992043820184,-0.00870664618024801,0.01574146582861699,0.0036613120737332885,-0.006922817361675813,0.01367462457545004,0.001525939972916626,0.008341071955778379,-0.0009267129057888428,-0.9804943791207669,0.0070262016077901855,-0.00748528025822048,-0.010349209600146863,-0.0033468403711160656,0.010563953478218062,0.021217062301049177,-0.0062711820467364066,0.0018523978786343287,-0.00520758076950398,0.0289537698419671,-0.003497209615367282,0.013435182889365111,0.0408071179599725,0.002490001396317859,0.0073421805685255186,0.011611988336534132,0.09095462398631464,0.004027487255725639,-0.019019453991519976,0.026649478852391117,0.007069855230254643,-0.005113336012052156,0.0011076200729828302,0.009208344441254996,-0.032466708740505404,-1.2031719673770715e-05,-0.019012278263206103,-0.002701094838221205
284,0.45438110538535886,-0.44203092696502005,0.1943811092186792,-0.23751362220366748,-0.09917678606780311,-0.0812552591656252,-0.2543480526006868,0.17715403605467603,0.18982092568505005,-0.03005507040635049,0.2211155045415691,0.4918235800878738,0.2060445375069444,0.00246905994108694,-0.4023704204977711,0.13494710392793535,-0.155946062823041,0.004213087829983044,0.12254882704237201,-0.15034649951694282,0.012551182842390448,-0.27711768772438927,0.10486917400742114,0.08958387470926168,0.18991954550380566,-0.20149187045497863,0.06237319685151579,-0.1680726422905745,-0.2717678302647409,0.04557552074224082,-0.005901503505680642,0.05007228851664419,-0.15081994151381092,-0.2620049249608776,-0.035205173267626316,-0.18778089254959687,0.20612731737890053,-0.21719767629632308,0.011900614497291242,0.15065856957510548,-0.5659102028743813,0.0026378894406944783,-0.16553435968168437,-0.02072216195352456,0.017931450999392074,-0.04991981415138364,-0.07795949611320857,0.03423493030045193,0.12231436881581348,-0.02572517664934217,0.14335306793883834,0.1235362457547078,-0.03649016976461797,0.06202327301469417,-0.11047561581250907,0.0694454737299905,-0.1155205030357481,-0.09352865361919324,-0.022570439601188697,0.04736390606512254,0.027076327619209077,-0.09432599580464647,0.004469606630720296,-0.2204627846135992,-0.10956806089911118,0.04370751638330576,0.018817998426842508,-0.03500149055991394,-0.0015934500640941843,-0.059819776579103076,0.001518010541302748,-0.03847846938204237,-0.17034647153796784,0.08529739158169411,-0.005138172573310257,-0.010733096093030662,-0.027285228661234947,0.00888681157471878,-0.0004625719649510276,-0.9804943791207674,0.007026201607790286,-0.0074852802582202164,-0.01034920960014687,-0.0033468403711159615,0.010563953478217904,0.021217062301048827,-0.006271182046736501,0.001852397878634245,-0.005207580769503809,0.028953769841966872,-0.00349720961536749,0.013435182889365224,0.040807117959972494,0.0024900013963178183,0.007342180568525538,0.011611988336533905,0.09095462398631458,0.004027487255725706,-0.01901945399151989,0.026649478852391297,0.007069855230254983,-0.005113336012052138,0.0011076200729829508,0.00920834444125515,-0.03246670874050544,-1.2031719673653215e-05,-0.01901227826320594,-0.0027010948382211685
285,0.4506752605454149,-0.6654215472163767,0.0325547293692427,-0.4202218064754801,0.0018258283560926437,0.12072570904401264,0.1437549720192002,0.15019182382104754,-0.09726509157729327,-0.43447975187310817,0.30047306415843955,-0.25672078167525864,-0.08106758206791019,0.16828868788857684,0.275493977516929,0.5269931169265839,-0.17042317517294442,-0.18763982738266152,0.23936839886021835,-0.277131995245642,0.21736795521731767,-0.01887221439467013,0.26570337758274215,0.1950450714109204,-0.0617154263072435,0.17673502318883572,0.07542929488096216,-0.17829373031105974,-0.23368459256521157,-0.1650156153398053,0.03323931018042697,-0.15080473795658167,-0.15015491610516077,-0.2043883496283882,-0.17325590842348626,-0.030145723608101922,-0.11172632429403646,0.08734012031878423,0.08974527845224317,-0.07345969575209545,-0.11380030253247714,0.013652661256945758,-0.13448037374971855,0.043359847956122924,0.005285407729222809,0.1380094693326262,-0.06429824270338533,0.22475343489072416,-0.14423724804721802,-0.1180314640523137,-0.14953798985949063,-0.1323437155883361,-0.14548556630692672,0.035832330931753385,-0.15129142832258777,-0.1398575269913623,0.04753500946950238,-0.10861110398690571,0.006506229154223619,0.23081759290425108,-0.15841824490960202,-0.08420583713645342,-0.006794019787171095,0.10263255297192514,-0.03196608606498322,-0.08340460469351814,-0.12371131587148346,0.14977044617824534,0.1019217906923406,0.02737170127751101,0.053215218232849824,0.04378004926866052,0.03530474428618376,-0.027172699436038155,0.002184946577986915,0.008359675537704166,0.010415436661946264,-0.01703221261916069,0.006990438951347843,-0.980494379120767,0.007026201607790379,-0.00748528025822047,-0.010349209600146939,-0.0033468403711159507,0.010563953478218067,0.021217062301049052,-0.0062711820467363875,0.0018523978786342849,-0.00520758076950375,0.02895376984196706,-0.00349720961536736,0.013435182889365144,0.04080711795997236,0.0024900013963177355,0.007342180568525572,0.011611988336534042,0.09095462398631453,0.004027487255725584,-0.01901945399151983,0.02664947885239104,0.007069855230254709,-0.005113336012052224,0.0011076200729827452,0.009208344441255104,-0.032466708740505355,-1.2031719673746095e-05,-0.01901227826320617,-0.0027010948382211217
286,-0.3384739025646877,0.40423404318837763,-0.4671498740996405,-0.19911777189599356,-0.08449502233353409,0.33912290478493967,0.15055405064398078,-0.2876172934919608,-0.1672919511871003,-0.0555018447814515,0.11563939893196838,0.07764710551064295,0.6568018187075673,0.12397520813776539,0.04169843318526079,-0.15701152884632572,-0.28446893975726967,0.17961687425125505,0.019110721354560843,-0.07561472381804034,0.08563427504592747,0.22430001468717412,-0.15121460702861184,-0.2806586610116282,0.17447091521230673,0.14775041024932883,0.2056574062332728,0.15175354688866666,-0.08541724336839296,0.24052237294723894,0.1244125263202061,0.036362411943514944,-0.040817464710435104,-0.14350709355413402,-0.039042938718833874,0.2275500091627623,0.04198025311437821,-0.13599838335914316,-0.13538616110425805,0.11127178019888331,-0.17397762906857836,-0.15088855069714244,-0.32706537172689276,-0.22080577706101065,0.07105016358622779,0.18857504454952465,0.11271463454298333,0.2016162482722366,-0.1853586869822331,-0.008428630606831375,0.10388274876431498,0.11619433278892477,-0.09444169581209179,-0.12828659034287015,0.05114358841475761,0.09449196679721288,0.16726630106804188,0.025463689898388812,-0.16345956712253726,-0.07919584358405876,0.015375467769726784,-0.0535298438158737,-0.09955487751008084,-0.04827529672795612,-0.05708883888103343,0.012518110547742175,0.04754759559117313,-0.029863463950647456,-0.06629773731161832,-0.03716798566780821,-0.02990286308989408,-0.015483645323216626,0.026856440307947385,-0.00828422352795646,0.0017946817479006015,0.017546256969962804,-0.015977513957093327,0.00829385490576545,0.008410856811666628,-0.9804943791207671,0.007026201607790282,-0.007485280258220312,-0.010349209600146595,-0.003346840371115746,0.010563953478218095,0.02121706230104915,-0.006271182046736289,0.001852397878634167,-0.005207580769503587,0.02895376984196709,-0.003497209615367617,0.013435182889365366,0.04080711795997256,0.002490001396317548,0.007342180568525579,0.01161198833653403,0.09095462398631475,0.004027487255725962,-0.01901945399151958,0.02664947885239104,0.007069855230255185,-0.005113336012052363,0.001107620072982773,0.0092083444412551,-0.03246670874050556,-1.2031719673903955e-05,-0.019012278263206072,-0.0027010948382212778
287,-0.10610495007612031,0.0987104176441376,-0.0986641189022869,-0.4292439816278413,0.5537779064595687,-0.1309108986496322,0.3509078816307669,0.1283221196290672,-0.27666823359322484,0.31089793624345047,0.244491838754179,0.2479345615765065,0.05539184273897807,-0.21603113907997376,0.04199655169696243,-0.31385434320665445,0.020597011494788747,-0.06764068198795241,-0.17061081598047925,0.012599681209725782,-0.10734731013078581,-0.12696874154427906,0.04489894194633032,0.15660720171917994,-0.001699850351054055,0.159612105805706,0.08931341644015425,-0.24117208934292247,-0.30766708669603987,-0.16266000118401827,0.032288286562761156,-0.1287123638998088,-0.06376412328379444,0.05512232207913655,-0.001079466619718104,0.11976628302169409,0.18622620650862542,0.09575009312958761,-0.040942983797645875,0.19111361835761118,-0.07399114561974392,-0.057078418213277755,0.08869759309903161,-0.009991985854901563,-0.042577928778501625,0.12725840484753154,0.10393858818789597,0.0438503772204043,-0.06231467360617591,0.00299175535812269,0.21453223479172293,0.13607607851330988,-0.09474106931676549,0.0009262575039612534,0.006170327984768579,-0.010013825504124493,0.0898706635340392,0.1342589182840818,0.04754738289172546,0.021276605326164426,-0.17326575898329097,0.04085983426789532,0.0014352807446046392,0.013715908106033787,-0.09886077452176929,0.0886194725369031,0.08936416071093332,-0.12070705959229353,0.027150561026583468,-0.03695368134798299,0.021742112834418834,-0.035559691191522094,-0.013624859070744033,-0.03546228409641282,0.03563010881134061,0.01287008889309629,-0.06290209445399035,-0.026046408252450103,0.005453282931698724,-0.980494379120767,0.0070262016077902185,-0.007485280258220449,-0.010349209600146592,-0.003346840371116057,0.010563953478217966,0.021217062301048927,-0.0062711820467364595,0.0018523978786341986,-0.005207580769503933,0.028953769841967104,-0.003497209615367577,0.013435182889365205,0.04080711795997245,0.0024900013963176254,0.007342180568525646,0.011611988336534007,0.09095462398631475,0.004027487255725846,-0.01901945399151981,0.02664947885239103,0.007069855230254959,-0.005113336012052348,0.001107620072982775,0.009208344441255293,-0.03246670874050545,-1.203171967380787e-05,-0.01901227826320614,-0.0027010948382212214
288,0.013495046774477047,0.11147711826971293,-0.09464875451935481,-0.20180504286009548,0.3207365416021948,-0.1643123345827061,0.21381412702919397,-0.002135270887525844,-0.15140784959401485,0.05511686233323048,0.0033521376423681485,0.42790172374694696,0.11431281834836138,-0.15232325170519315,-0.17890579242906796,-0.1608115335632412,-0.0012858082190062969,-0.15710839454408845,-0.14371741392444506,-0.21080923885402617,-0.36312724424098775,-0.026262409561992495,0.16780405687182662,-0.03074268437875428,-0.10785112557031848,0.023695383543330447,-0.028429033701258342,-0.08539628600832871,-0.18019814072458154,-0.2603241350548201,0.08509971261586098,-0.15565404539587824,0.04914811055758653,0.10693536680564947,0.010850974021536421,0.09500274697191173,0.13451878136433162,0.061356367879738326,-0.12161913544213454,0.19390116229801985,-0.19221537423110702,-0.1119461035532655,0.028145309652537715,0.030774772414672517,-0.03373022861017232,0.12508465919498596,0.0308319495965882,-0.029901272049277543,0.03338609985390742,0.02091283469437706,0.2357692539532755,0.0807909115459,-0.15038288516504625,-0.11443302456354378,-0.0009643236903844248,0.01959705952614651,0.12224529192792752,0.0892839705062428,0.18708296946158984,0.1278983583172105,-0.1691489544590052,0.01922317817533624,0.036526028483695586,-0.038068056134740964,-0.09482214536234423,0.0855725645973049,0.11144627080812576,-0.09971315241723475,0.02587721803553091,-0.13849229246164377,0.06014903446128611,0.2350549701708591,0.15122146854217025,0.08099109892462547,-0.23991498102493233,-0.2604443744954185,0.6038552977247476,0.17873608329879498,-0.04465838193753356,-0.9804943791207682,0.0070262016077902185,-0.007485280258220397,-0.010349209600146738,-0.0033468403711157013,0.01056395347821811,0.021217062301048622,-0.006271182046736548,0.001852397878634201,-0.005207580769504242,0.028953769841966973,-0.003497209615367666,0.013435182889365418,0.040807117959972286,0.002490001396317554,0.007342180568525566,0.011611988336533834,0.09095462398631453,0.004027487255725795,-0.0190194539915197,0.026649478852391086,0.007069855230254797,-0.005113336012052358,0.0011076200729827756,0.009208344441255047,-0.03246670874050522,-1.2031719673878671e-05,-0.01901227826320613,-0.0027010948382210943
289,0.09413476952792296,0.07930798244673593,0.03745223230658936,-0.06649282468654316,-0.09107605596232317,-0.1746907345366622,0.24939607678117667,8.187496700585675e-05,0.16006653234022633,-0.16051805786709744,0.08018897765363515,-0.21001790810234788,0.07719527428989263,0.05156758203724011,0.04984424939541637,-0.2834311091812288,0.33933300452636533,-0.22747619443377273,-0.35446862633539017,-0.05255610293808623,-0.2173285779180106,-0.06493505433695611,-0.17232329375596914,-0.1421549052732554,-0.3630427358426498,-0.2399642739540134,0.1723114781867769,0.12006321960319583,0.16097475694380575,-0.212896765528589,0.04523584378128243,0.054512976810406504,-0.044283477911715295,-0.0005209944798105753,0.22682644666181817,0.2222535972872909,-0.04262294986866854,0.03232263616854939,0.18553889364076778,-0.005282054317654273,0.17716930920978746,-0.04881798495254988,0.14839681825704262,0.02945353889325696,-0.10234049917832287,0.13565384898272448,-0.03163439214486306,0.0613425775186233,0.001028471776696705,0.0900887839935783,-0.1486853442564366,-0.11033190650305473,-0.026144541550521778,0.13205443159938166,0.07610476035268247,-0.04116684709779422,-0.008363660021858283,-0.005252146937723844,0.10785354157261019,0.005413646505869267,-0.03235843457291469,-0.04141070490553925,0.03832418503453288,0.05748552459916914,0.0009829622261402265,0.059066614843896297,-0.03614947591994689,-0.012141068307708695,-0.01725007792664619,-0.04767482515969445,0.015670353263804004,0.0013690388704259368,-0.0037934030156786718,-0.008521706124194756,0.0102051054740569,-0.0008391946080233151,-0.007009758491288299,-0.006545246816934929,-0.002519227174894662,-0.9804943791207671,0.007026201607790258,-0.007485280258220427,-0.01034920960014685,-0.0033468403711158696,0.010563953478218195,0.02121706230104884,-0.0062711820467363415,0.001852397878634238,-0.005207580769503552,0.02895376984196713,-0.003497209615367351,0.01343518288936522,0.040807117959972466,0.0024900013963178006,0.007342180568525815,0.011611988336534016,0.09095462398631456,0.004027487255725645,-0.019019453991519875,0.02664947885239095,0.007069855230254935,-0.005113336012052164,0.0011076200729827252,0.009208344441254852,-0.032466708740505286,-1.2031719673816221e-05,-0.01901227826320609,-0.002701094838221202
290,-0.14724739986626628,0.08934660204808978,-0.1773271299564857,0.2717876134358986,0.024119500105856874,0.01859220868826282,0.1038275998634279,0.06873064046470412,-0.29799086177021966,-0.11805971126092372,0.11475294189463722,-0.04145272355016172,-0.20744836953466195,-0.09649015574525524,-0.06875276642696651,-0.17748602896182827,0.0449964627511556,-0.3309480428942775,-0.3356501263849845,-0.2589131474272134,0.22196338057758389,-0.16791158333950937,-0.024388101624355507,0.12475833231088514,0.06455666764674445,-0.13434390843916513,-0.29193974383950844,-0.1186590858955973,0.02975985257029845,-0.1247500483100906,-0.18043948739679813,-0.16437970576141933,0.0998466420529052,0.17329182430745466,0.13590085825396137,0.10149769762022937,0.15936448978152812,0.09621789815137854,-0.27963980375309194,0.06625554106816599,0.1362912528390634,-0.038652070292901124,-0.05384622147223071,0.0817157750819244,0.015372523411014088,0.22952874095945372,-0.19555767759373996,0.05757753668638575,0.2004229493768886,0.13843001444014452,0.23216377350204184,0.07106109341910108,0.18725360548546793,-0.008903353995253856,0.04568187522520565,0.13623352412991138,-0.09616207519514276,-0.12241369009675761,-0.1213871312149028,0.05622573698886939,0.0039706961493831,0.09836880509822298,0.09693809471398877,-0.13171099800605787,0.007744330483302568,-0.09498570939190053,-0.11803381833257896,-0.01129945513203968,-0.008780452848631992,-0.017644713087231315,0.027759877352421646,-0.046100533988425875,0.045052038838581304,0.0016013806437209786,0.010925175424656507,0.01726948341151875,-0.008276313146248989,-0.004659172994159903,0.0048751350638957715,-0.9804943791207671,0.007026201607790274,-0.007485280258220595,-0.0103492096001469,-0.003346840371115894,0.01056395347821814,0.021217062301048972,-0.006271182046736362,0.0018523978786343616,-0.005207580769503849,0.028953769841967094,-0.003497209615367334,0.013435182889365007,0.04080711795997259,0.002490001396317753,0.007342180568525466,0.011611988336533988,0.09095462398631461,0.004027487255725651,-0.01901945399151981,0.026649478852391113,0.007069855230254983,-0.005113336012052241,0.0011076200729827055,0.009208344441254998,-0.032466708740505335,-1.2031719674003571e-05,-0.019012278263206107,-0.0027010948382211186
291,-0.3926164806558353,0.06021200854276323,0.019588019627482606,0.5239174774965701,0.05089462234181393,-0.16117070992384253,-0.009915718410769367,0.11682560320437839,-0.09355206572769822,-0.0982082626514061,-0.19950095651298677,-0.18188003251816234,-0.14732846729256152,0.09206734672433904,-0.1248608993075584,0.20544494912046937,0.012656174805935403,-0.18329906500859744,-0.009403396569990773,-0.2585430966372522,-0.190194184039015,0.11149008123535128,0.5197383858160652,-0.055901545030656835,-0.2827878427049375,-0.0636744204764707,-0.16813304008994426,0.5904143202444719,0.060598511143277,-0.09901168764178207,0.28055750975727706,0.22667115507832875,-0.2536484354110464,0.14114999113328103,0.06900420138219072,0.016519875705581825,0.0863144868068943,-0.15418745152378496,-0.0024408283968252054,-0.019738319200950302,-0.05230564643606074,0.02300502704180891,0.051176982892954075,0.0508956833641191,0.09056630327022366,-0.05364571155304865,0.11354149370756346,0.07574984406638316,-0.036294969698137995,0.10785876813684088,0.0876248286843963,-0.19596286104736127,0.0032608985757919913,0.12856523346998164,0.17943548339172308,0.33214785882575587,0.08403753223335364,0.009378725132141795,-0.050182089318153635,0.21858575769581753,0.08057305919900373,0.0014798488814276615,-0.0508903967156526,0.1670838296532678,0.13628983771292594,-0.21317234535140084,0.07512690763819849,0.023117972476945498,-0.0001504071918362354,-0.05912637367446711,0.01753154919126179,-0.01564309015980841,0.01070286900431843,-0.004904029963153756,0.00856842341661309,0.007787290281009134,0.002723765219790823,-0.004823368561720927,0.003037768196882397,-0.9804943791207675,0.0070262016077901595,-0.007485280258220433,-0.010349209600146876,-0.003346840371115979,0.01056395347821804,0.02121706230104886,-0.006271182046736319,0.0018523978786344785,-0.0052075807695035345,0.028953769841967007,-0.003497209615367319,0.013435182889365148,0.040807117959972286,0.0024900013963179077,0.007342180568525504,0.011611988336534056,0.09095462398631468,0.004027487255725747,-0.019019453991519844,0.026649478852391068,0.007069855230254873,-0.005113336012052066,0.001107620072982805,0.009208344441254838,-0.0324667087405053,-1.203171967408814e-05,-0.019012278263206117,-0.002701094838220966
292,-0.41307165776158355,0.25683903528874946,-0.029723424458091417,0.2950475115019306,0.08863292389675255,-0.14015536306411097,0.06526436387385123,0.11617528738112737,-0.014846373923034084,0.001634082445146933,0.048035722795499114,-0.1753619064266511,0.077232894352898,0.24394783487301022,0.07897115746367783,0.30259041856996105,-0.022313095094732612,-0.02826866921222227,-0.004926884334493892,-0.039535605516427146,0.07522153491267469,0.16123225154815274,0.181422809186512,0.016975498072119847,-0.03915643142381286,0.030205741952046217,0.10115565720658069,0.07321210142795603,0.024489897166589312,-0.1052063948406867,0.07978431784984225,-0.17567744553266373,0.37267245562676976,0.015370783692458178,-0.08319993581063292,-0.05797592513431096,-0.06834673298997136,-0.07974633016269128,-0.11247012217583027,0.1135614643730708,-0.24133896420748815,-0.03125789798696855,-0.09315762019724347,0.21508127588748352,0.08290762691855395,0.3236477652034274,-0.10565260885907489,0.035830069525056796,0.0824234161459663,-0.13532832592529495,0.29488926830775686,0.054624522918173754,0.24076362827582987,-0.19524835177344696,0.07238974513133996,0.13050076542466033,0.013334163082632598,-0.06292475308668856,-0.0508671885965714,-0.12786987726809615,0.14010311599052566,-0.043911906102079,0.2020334799123289,-0.01764736669873364,-0.14718005144421822,0.05233381204536435,0.05579717878357942,0.169761617716146,0.21074151364359003,-0.09323176390965328,0.012302133913089592,-0.037651519044688275,0.07556702860942742,-0.035742950648782176,0.01513132663026047,0.015318264759153294,-0.010720271317992565,-0.005073596513968709,0.00919663715781114,-0.9804943791207673,0.007026201607790157,-0.007485280258220447,-0.010349209600146746,-0.0033468403711158536,0.010563953478217963,0.021217062301049066,-0.006271182046736275,0.0018523978786343682,-0.00520758076950367,0.02895376984196715,-0.0034972096153673532,0.013435182889365339,0.04080711795997239,0.0024900013963177078,0.0073421805685254474,0.011611988336533914,0.0909546239863146,0.00402748725572567,-0.019019453991519872,0.026649478852391027,0.007069855230255077,-0.005113336012052252,0.001107620072982877,0.009208344441255184,-0.032466708740505466,-1.2031719674128472e-05,-0.019012278263206013,-0.0027010948382211603
293,-0.20010262136171778,-0.2301293569309915,0.12760048673695779,0.10064629056373586,0.06878148317967249,-0.06431822483992551,0.11262171249511192,-0.0464753267989173,-0.11805176722466651,-0.09844957894887911,-0.23771475106534665,0.23553743483643488,0.09853107359109406,-0.2837969605348033,-0.016330931734791096,-0.17035653918141058,-0.0764587581056238,-0.29014002234877573,0.24556935555476914,-0.3492425463215281,-0.3119235291059785,0.20054136342216208,0.3857524587254735,0.010624521441547716,0.3794393402035647,0.37674577326621556,0.336550974692954,0.26054213886451627,0.16475632875868448,0.08318749611124547,0.04476635058955333,0.0018880707178357595,0.10070417677627069,0.05108929360672903,-0.034662584515668664,-0.17023305412727932,-0.13952738898294306,-0.009230901735680802,-0.025358445893542563,0.11024345470513891,-0.1509076897426415,0.11886981039009327,0.06933271724159937,0.011771696874891855,0.031163216672638314,0.011429841411654368,-0.12907249098614337,-0.041916627776486984,0.0984204718907486,-0.02657768462417346,0.08951861916307124,0.0304862298840981,0.11582990780666001,-0.023964324715046604,-0.16492652318582662,0.28230266515445857,0.029167017214012665,-0.1669992947060076,0.08394166970601108,-0.018962874277108403,0.056006444812679974,0.11975923445049394,0.02320932754679418,-0.050607254208025594,-0.00022499450611071747,-0.15234370130143152,-0.14409679963094113,0.12418842226155088,0.09718480071545103,-0.03186737184749465,0.005105796967808287,-0.027957762762542467,0.014385035799354427,0.005504500418065312,0.003476618262096504,0.023203339229548224,-0.004110903622643836,-0.004872046532016735,-0.007597193256858161,-0.9804943791207678,0.007026201607790354,-0.007485280258220289,-0.010349209600146807,-0.0033468403711158436,0.010563953478217874,0.021217062301048962,-0.006271182046736381,0.0018523978786343814,-0.005207580769503743,0.028953769841966993,-0.0034972096153673537,0.013435182889365332,0.04080711795997245,0.0024900013963179424,0.007342180568525448,0.0116119883365339,0.09095462398631457,0.0040274872557257155,-0.01901945399151996,0.026649478852391176,0.0070698552302549565,-0.005113336012052198,0.001107620072982947,0.00920834444125516,-0.03246670874050524,-1.203171967394806e-05,-0.019012278263205964,-0.0027010948382210475
294,-0.32026488540403714,-0.08894507462405382,0.514900648115454,-0.23039683498305896,0.04127701526586826,-0.07517759733284742,0.12774903849773472,0.02082993176045424,-0.08794895193332207,-0.05642105142391691,-0.28523576695318076,0.14301071485379957,-0.3246239156858228,0.03041079372496133,0.2195011069879654,0.09378684909230306,0.051928944967177114,0.3192771197036391,-0.43378765076976733,0.0009062514996437831,-0.11286898419240782,0.08707986736019004,0.03300338084894506,-0.2821562734566616,-0.028132292114143805,0.18721128215907804,0.015211346730879559,-0.13622907644598692,0.039978260229950865,0.1132708276297741,0.1807275289295489,0.16880838820029265,-0.11066725553825563,-0.13817096221499808,-0.09950462294119869,0.13794502644470805,-0.2063323326488024,-0.13470759597250978,-0.08218752229379424,-0.006915718080305487,-0.1885125891084047,0.05284016551911348,-0.2329368420530815,0.07177730352027907,0.01640172161764192,0.2948464927663025,-0.12944795871707213,0.07474348572468997,-0.038248073448285035,-0.08051606863311342,0.055969963133483736,-0.04140361136849972,-0.06468415166477567,0.11660899374292241,0.000916648417649799,0.12066420862747877,0.14131348135997698,-0.23799098318447526,-0.23960641774109637,0.01981884871334939,0.13174851280590866,-0.04960280620856105,0.13611843055240125,0.15437180925099125,-0.105114715330731,-0.043569079338651465,-0.053946009775081856,0.05710806604612699,0.04149681105591966,0.00384855350644845,0.032158849655344976,-0.019613519033342863,0.04483900435842152,-0.0041969327887685795,0.00010862033815470853,-0.0008765847160393275,0.007178985499449136,-0.0017509455703664473,0.006951607065476766,-0.9804943791207673,0.007026201607790423,-0.007485280258220501,-0.01034920960014681,-0.00334684037111584,0.010563953478218006,0.02121706230104901,-0.006271182046736444,0.0018523978786342981,-0.005207580769503673,0.02895376984196716,-0.0034972096153674578,0.013435182889365106,0.04080711795997244,0.002490001396317571,0.007342180568525573,0.011611988336534112,0.09095462398631485,0.004027487255725777,-0.01901945399151966,0.02664947885239106,0.007069855230255064,-0.005113336012052198,0.0011076200729828554,0.009208344441254925,-0.03246670874050542,-1.2031719673871732e-05,-0.019012278263206117,-0.00270109483822098
295,-0.1096628308026429,-0.12258054343973271,0.3436503748248166,0.012450214760496939,-0.19058711105979564,0.00665498898912557,-0.07395593493360653,-0.006593745185768402,0.33908402276190747,0.0036106746706684955,0.2974957216276062,-0.061487109611049404,0.018042259459011837,0.056428751901616676,-0.11668904120397461,0.12203482949692165,-0.17392488207051268,0.2190399815229448,0.07891153666312821,-0.28317150108136113,-0.0210615727820267,-0.2007182921359725,-0.25834943822199546,0.10566863473175075,-0.0674191817334139,0.03736990290609843,-0.0975678877332373,-0.0951824738966463,0.20225148937026396,-0.008178039513293182,0.11236424755769711,0.0970753032689617,-0.21452588585309504,0.03236593604010693,-0.020440491831868888,-0.14863273070960673,0.22992917288390533,0.01737903762470048,-0.12122527905828558,0.04758490947096727,-0.005072117298701401,0.10102429416848213,0.13983983940084255,-0.11337510971721831,-0.00013132239527774021,0.054913995496665244,-0.09257589776364383,-0.01879009032436753,-0.15918287388664462,-0.11968054215636142,-0.09955764606030057,0.029829862911045356,0.026212614932606505,-0.1941545301102897,-0.05024943698496692,0.013418938049813464,-0.15033748095833932,-0.08126681131644854,-0.14577327734580559,0.20061336483423284,0.026800668617089518,0.025113979076488373,-0.11720162068428726,-0.02472635953841756,0.15711518615965323,0.1597282217125173,-0.013535270626060995,-0.08409032361369691,0.19653413214626222,0.01385546006907999,0.03829862328799438,-0.006177349700691777,-0.06993937900215194,0.043335767488443706,-0.00046786987591107586,0.013652325407990369,0.018691836745766417,-0.00678428439688729,-0.010955136693008457,-0.9804943791207674,0.007026201607790272,-0.0074852802582202884,-0.01034920960014671,-0.003346840371115934,0.010563953478217944,0.021217062301049007,-0.0062711820467363484,0.0018523978786343838,-0.0052075807695037115,0.028953769841967177,-0.003497209615367476,0.013435182889365172,0.04080711795997259,0.0024900013963176587,0.007342180568525538,0.01161198833653408,0.09095462398631474,0.004027487255725831,-0.01901945399151968,0.026649478852391256,0.007069855230254935,-0.00511333601205227,0.0011076200729826316,0.009208344441255172,-0.0324667087405054,-1.203171967388561e-05,-0.019012278263206256,-0.0027010948382211603
296,-0.4691682572835329,0.08094804314239473,0.01955049417946162,0.2277012977629024,-0.48935008066279706,0.07387411283228237,-0.03734030391969745,-0.07989746597527324,0.06075544589920635,-0.011674390525164115,-0.017122815722907695,-0.17239020702653304,0.24073496308415002,0.3884733094867168,0.168394809032015,-0.10038693670219366,0.0676602185606812,-0.2369944023360554,0.24758380966635882,-0.28725695454270533,-0.20291992882331228,0.23084699096292594,0.11416000350358088,-0.04703494936487286,0.08913245082282564,0.2017368847886577,0.04460740604986617,0.09127064413394226,0.04966740321763157,-0.15669127041074243,-0.17134676750174957,-0.2578701493744896,0.109222186012847,0.1342375777413751,-0.19908297531843866,-0.051336548907756935,0.024729149644812064,-0.0016640564980922974,-0.013975829356782486,-0.2800931691569873,-0.033338584434880456,-0.050753859082723306,0.000258249909782507,-0.09083753570416837,-0.06418301137241679,-0.09199421401703538,-0.08073901510368281,0.1088592277622321,-0.023327550677988442,-0.013284369901098225,0.30169980012115655,-0.1539048714434712,-0.09130957416055747,0.054218818594055904,-0.00948475389172408,-0.04825369627099468,-0.054636752056326315,0.03826969618286727,0.10825908205616501,-0.00931812715630304,0.16075851090837778,-0.05095228520392803,0.050436269995431264,0.043439945706467455,-0.06225822438390562,-0.0481346785353329,-0.02452242500619442,0.06594515339739429,0.00017805382104048355,0.0280782103321793,-0.00943933834481704,0.00448353564588264,-0.019203687119792985,0.0014995970849346321,-0.0036141781708032565,-0.006876902977330809,0.00019689811512966815,-0.0029684557508608705,-0.0033154710458116574,-0.9804943791207673,0.007026201607790212,-0.007485280258220376,-0.010349209600146696,-0.00334684037111602,0.01056395347821811,0.02121706230104901,-0.006271182046736331,0.0018523978786343265,-0.005207580769503871,0.028953769841967212,-0.003497209615367256,0.013435182889365346,0.040807117959972515,0.0024900013963178327,0.0073421805685254336,0.011611988336533905,0.0909546239863146,0.004027487255725799,-0.01901945399151997,0.02664947885239115,0.0070698552302549105,-0.005113336012052092,0.0011076200729829811,0.00920834444125511,-0.032466708740505404,-1.2031719674052144e-05,-0.019012278263206034,-0.002701094838221018
297,-0.3431535469512514,0.4118191034951169,-0.6478770897748451,-0.3493394395580234,0.1600202769623225,0.5147629400417855,-0.452246045540406,-0.18528275018191362,-0.13276611409366826,-0.06330919444677162,0.18137516854164915,-0.15569079437507713,0.5224294907034069,-0.0679661726418153,0.24679912371003176,0.3411632992775236,0.06717202111498047,0.09443998669766891,0.06897098865336848,0.07124784413473552,-0.09862717713671307,-0.007230169863369119,-0.2292166859504722,-0.5805663972514681,0.07816307474851938,0.009283325403489827,0.030828737412103648,0.0388984122352976,0.04177271252833277,0.039100111270950026,-0.13132707348398642,-0.06387657758057809,-0.032220775996389145,-0.2804421213987696,0.19950535871176886,-0.12535098916749018,-0.10953328745792489,-0.00984297264064789,-0.060078196731055106,-0.004001195715941506,-0.34800749041977685,0.2286814393356619,-0.3419718198051679,0.10679845380671046,0.030715335414100858,-0.08369095257188665,0.13945208998701225,0.09145591054843498,-0.0783797007604786,-0.13285244368020524,0.04310297550276768,-0.062210801600349495,0.12694016550323692,-0.09126396546036827,0.08030019790088723,0.021250418340742563,0.04522378254575025,0.12917395473916374,-0.05072840837901401,-0.1402140908676242,0.05682701099637667,0.0822896191848214,-0.05129869362021018,-0.20566425943375274,0.09323175079323373,-0.20418005792836025,-0.02548262971846233,-0.0018311914369895915,0.04402557533162261,-0.024817318204936916,0.02326818862882368,-0.012660750572622658,0.017408851272942404,0.011069138604200994,-0.005323888670371508,-0.0013253681612009438,0.01139466980702823,0.008897094513732889,0.004029583100430371,-0.9804943791207676,0.0070262016077904344,-0.0074852802582203535,-0.010349209600146713,-0.003346840371115902,0.010563953478218053,0.021217062301049087,-0.006271182046736309,0.0018523978786341947,-0.005207580769503739,0.028953769841967156,-0.0034972096153675337,0.013435182889365172,0.04080711795997256,0.0024900013963178673,0.007342180568525801,0.011611988336533843,0.09095462398631475,0.004027487255725712,-0.019019453991519678,0.026649478852391068,0.007069855230255143,-0.005113336012052099,0.0011076200729827036,0.00920834444125542,-0.03246670874050554,-1.2031719673913366e-05,-0.019012278263206228,-0.0027010948382211325
298,-0.2712559285250485,0.1619683568022979,0.11558391743917318,-0.1119238377616287,0.05219511167422746,-0.15372306405023559,0.4205852612690138,-0.086174493458088,-0.16719755829175867,0.2149679946683492,0.09369675053245978,0.14015822890250218,0.5580898172267295,-0.05198751347110185,0.04475162200225539,0.027802625774245655,0.05752393898063599,-0.09168801736937794,0.03782703615223316,0.22275311270130121,-0.11717175161150624,-0.24097889094133365,0.0618155344479095,-0.15868867926135713,-0.01376079743870432,0.15370810755274764,-0.22464381862645136,-0.05031014792799012,0.10321270509841649,0.1703268227160015,0.053268009770931844,-0.17273047190833404,-0.33226999857446493,0.002312927837073771,-0.13012742975260724,0.0033868020354894625,-0.3467991241167793,0.020028770017020865,0.06529132352465837,-0.16591150526269016,-0.1891454920568269,0.2063872761248427,-0.13017944259861855,0.05244927319863503,0.11127186319496328,0.14998047058166086,0.07165176473607408,0.1454852340065289,-0.07686928029342442,0.11959161411371333,0.09292186696018692,0.030169042418150667,-0.03983057459417804,-0.19938817506665826,0.11523653124280599,-0.09136035928880305,-0.04506831115362161,-0.021796905875921282,-0.1559748713048551,-0.04529632174668608,-0.004968882460718685,0.1409007477071361,0.07155768985393905,0.01397292426375627,0.040709825932767146,-0.02360422824710886,-0.006789107527986554,-0.019349732107916216,0.004649056482894048,0.02873938669927923,-0.021672298276184925,-0.010427063666328883,-0.03680814641749953,0.0316360272807754,-0.009347123638890304,0.012317400678307052,-0.006541093367717999,0.009675767916978877,-0.0026899262618935494,-0.9804943791207673,0.007026201607790246,-0.007485280258220456,-0.010349209600146599,-0.0033468403711158,0.010563953478218008,0.021217062301049056,-0.006271182046736293,0.001852397878634098,-0.005207580769503711,0.0289537698419671,-0.0034972096153675215,0.013435182889365219,0.040807117959972494,0.0024900013963176375,0.007342180568525702,0.011611988336533962,0.09095462398631465,0.00402748725572579,-0.01901945399151967,0.02664947885239103,0.007069855230255051,-0.005113336012052161,0.0011076200729827471,0.009208344441255279,-0.032466708740505466,-1.2031719673934183e-05,-0.019012278263206207,-0.0027010948382210354
299,-0.043043688253665224,-0.23796023334366942,0.1791325872262544,0.10185173560082471,0.013438779648642566,-0.11642720823632836,0.014378035638187264,0.010420492223482722,0.10688924151121819,-0.2353863745769204,-0.0039059365564835307,-0.22669455625482035,0.11743267582632586,0.04436413032596071,0.06849250071966305,0.22654196207402907,0.5028127090213379,-0.20272656732711558,-0.049251262726137966,0.045839766867717485,0.09090203884655913,0.09360630442810616,-0.1832088309882728,0.04112803637573202,0.19131191730196262,-0.0810230468536272,0.06754939493399705,-0.1394520692061292,-0.05110284485053686,0.01750484897410282,-0.07702902213879124,0.18122101639136337,0.11649315139077487,0.3968215597405897,-0.08065642483718884,-0.31283631960619296,0.008930392860034156,-0.08966621244937627,-0.05731626384242281,-0.08210399456830658,0.036141971386466895,0.1662979836680358,-0.024982607104548308,-0.06206573893959076,-0.030632651428910425,-0.1393915600883395,0.12156290202979278,0.0037132559119595005,-0.09707234999473342,0.12471048920365209,0.13173328402164416,0.13538471119862117,-0.24269532281271647,0.05030121969804909,-0.0286598741991349,0.03837872663157175,0.04699292516550331,-0.0025536797161434823,-0.04183158572159188,0.07260925898362416,0.06970557066865345,0.041826878089913144,-0.026543209093903484,0.14213054397974237,-0.1820816700028344,-0.02591117062466002,0.045029566952081684,0.048284700255038795,0.0798903779747258,0.05396239614328896,0.013088394883913921,-0.0035861504930213947,0.09237820386310244,-0.03281304092641649,-9.612022530740314e-05,0.007615082082192802,-0.00033423410021868577,0.006535259812121176,0.005092272455029125,-0.9804943791207674,0.007026201607790179,-0.00748528025822036,-0.01034920960014667,-0.0033468403711161368,0.010563953478217937,0.021217062301048938,-0.006271182046736404,0.00185239787863446,-0.005207580769503566,0.028953769841967143,-0.0034972096153673094,0.013435182889365092,0.04080711795997258,0.002490001396317645,0.0073421805685254474,0.011611988336534112,0.09095462398631465,0.004027487255725681,-0.019019453991519834,0.02664947885239124,0.007069855230254914,-0.00511333601205223,0.0011076200729828744,0.009208344441255206,-0.032466708740505404,-1.2031719673795405e-05,-0.0190122782632062,-0.0027010948382211325
300,-0.050449100282336484,-0.6481716502930692,0.22833111675556836,0.3208866180273452,0.6812403664446858,0.112044985968669,-0.35407636804482123,-0.18926111378217045,0.028510905875910326,-0.002465615979217679,-0.6154860051421464,0.3367408305986843,0.2495747660784852,0.3464126035563839,0.46849680301575997,-0.2626191683610132,-0.4109805796114021,0.24581960158622726,-0.43778950888448664,0.20731069831279506,-0.41383197010925044,0.16040177722634322,0.01945856094339233,0.09903567964547548,0.3722099805007318,-0.15719760386783702,0.0012418674570522606,0.15843871659287642,-0.014308200223762316,0.1418815406722965,-0.08895029184623048,-0.2225316190517777,-0.26086614714509654,0.12502089791127727,0.152966886564653,-0.24645365437835845,0.1477634512980784,-0.1835680942382716,-0.04463110489086373,-0.10696466983134457,0.044505471732259404,-0.08139102820753259,0.21822473284405303,-0.10422079900214322,-0.06565287972073582,-0.07603601386104991,-0.07106367293402838,-0.13807698880289998,-0.02366865796947324,0.11176120181799305,0.08573622336647924,-0.05460879865197975,-0.038562184395479635,-0.11141407794785253,-0.08086284159679165,0.08062043768866346,-0.16733363532579446,0.25394595063297637,-0.1001650942856166,-0.14038824624809332,-0.09237282265787644,-0.13267227542154153,0.028009928932505493,-0.12477393856582862,-0.03507280882357961,-0.07282765424514158,-0.018996640397408008,0.05612976470345099,-0.03964258411352352,0.1000500739912687,-0.005075683374642513,-0.0009660349475291128,0.10967670222770945,-0.032658891760348925,0.00047965586634199977,0.018290563485044223,-0.0022511947587845584,-0.005976196482570564,-0.0035084215094804334,-0.9804943791207669,0.007026201607790201,-0.0074852802582200395,-0.010349209600146516,-0.003346840371115698,0.01056395347821804,0.021217062301048972,-0.006271182046736416,0.001852397878634437,-0.0052075807695037704,0.0289537698419672,-0.00349720961536734,0.013435182889365214,0.04080711795997265,0.0024900013963176336,0.007342180568525226,0.011611988336534066,0.09095462398631489,0.0040274872557257676,-0.019019453991519723,0.026649478852391138,0.0070698552302552896,-0.00511333601205199,0.0011076200729829568,0.009208344441255472,-0.03246670874050537,-1.2031719673830099e-05,-0.019012278263206034,-0.0027010948382212435
301,0.01986815697066918,-0.22112221717986064,0.05742254725337658,0.38359059195103035,0.35485789390142736,0.1641455426721198,0.005156067198892355,-0.3650247273261714,0.513008517352065,-0.26057199998770114,-0.3357542393388646,0.44388096214527806,-0.008479140820699975,0.3072901738564213,0.3346586000833005,-0.19059064353020472,0.25776837920485923,0.05302781457386501,-0.3922381332142589,-0.2659273992957594,-0.30673323576095085,-0.22308474141362009,0.26978998943680277,-0.27498653964531117,-0.34668801967616725,-0.013367651766859086,-0.04016543932805292,-0.18554906101031923,-0.10197110014891397,-0.1786069820183842,-0.18737060890566143,0.04618313955751962,-0.14361546653358814,0.14140296263110588,0.10494406290729735,0.11164870565005224,0.2473034274936814,0.15661789643450727,0.05620122135452615,-0.07278019864327655,-0.08017456129848098,-0.05841442307624807,-0.1257444943636466,-0.15026456469186977,0.10047462784418912,-0.07154325469846956,0.20922157063157704,-0.09138796716349497,-0.15833997625993768,0.1086229765833139,-0.15957208448526,-0.16618880991013485,-0.051469558176088614,-0.1878696934177755,0.13131221166394758,0.01654047258209193,-0.1307803559000115,-0.03035611528440081,0.03098844144399054,-0.09707279096018388,-0.09422607884550668,-0.06058019666722136,0.06879086234475908,-0.1065262330625468,-0.07066499041541846,-0.07895744969830694,0.09668620860117881,-0.0007210342698585584,-0.0753065999392721,0.032694809827632405,0.02401915826918749,-0.008735946666791087,-0.12768262843806763,0.0848843265491077,-0.0022074361887842254,0.004088272276051934,-0.02108911933454063,0.007784159128884102,0.005621992869733195,-0.9804943791207666,0.007026201607790114,-0.0074852802582204,-0.010349209600146807,-0.003346840371115958,0.010563953478218207,0.021217062301048827,-0.006271182046736416,0.001852397878634201,-0.005207580769503701,0.028953769841967174,-0.003497209615367333,0.013435182889365155,0.0408071179599724,0.0024900013963177828,0.007342180568525469,0.01161198833653408,0.09095462398631489,0.00402748725572567,-0.019019453991519684,0.026649478852391214,0.007069855230254977,-0.005113336012051969,0.0011076200729827825,0.009208344441254915,-0.032466708740505376,-1.2031719673703573e-05,-0.019012278263206117,-0.002701094838221181
302,-0.48547974174038466,0.3004786443462675,-0.003666065812548364,0.09650105186602888,0.0950353630226829,0.17385710820016237,-0.2293738573150213,-0.33435609008172584,-0.17594199655175385,-0.46403348812863454,0.09902081891715514,-0.11825729585620617,0.10868304750796315,0.17210778714983457,0.11124212143763738,0.08448123924657824,-0.041954419662843835,-0.039814277809176214,-0.07042640504205529,0.05503799945036452,0.6005046510181509,0.10700924881747689,0.014572875976910782,-0.17380082027541466,0.009264786217085019,-0.0817395373635979,0.04329634536911684,0.013651821592393861,0.06289427209076145,-0.17347053908584908,0.05580008399729358,-0.01677346739126085,0.23360006301622654,-0.04455649553909959,0.005345305294591046,-0.07705755610781495,0.07409272468334882,-0.004854919799868757,-0.1497854142946468,0.01894705895335518,0.0647509018485943,-0.05761301948097332,-0.07538573528487762,-0.16040969148079223,-0.06592227543225583,-0.01459728752051235,0.08065760008086093,-0.1021935919344715,0.1083947817735491,-0.14257600129799827,0.17806741830752038,-0.053971315480994486,0.16828439235846873,0.07536923300678475,0.04027771769270435,-0.007317735519075986,-0.011022810422780298,-0.05916146392038977,-0.14669400012592027,0.01629652871432602,-0.0020524086215821333,-0.14165685501122882,0.004468059687402992,-0.03925277651800891,0.0073516359802951545,0.032244118480999465,0.05358229951339565,-0.030598924609665498,-0.1250428050513393,-0.0020393387756785213,-0.023106934776855204,0.00016999607011058707,-0.06777645732592143,0.03859844027152474,-0.01275009232758429,-0.018832585901226266,0.009044792497995668,0.009162724950912854,0.0036712234668789946,-0.9804943791207669,0.0070262016077903095,-0.00748528025822034,-0.010349209600146635,-0.0033468403711159785,0.010563953478218157,0.021217062301049066,-0.006271182046736226,0.001852397878634389,-0.005207580769503698,0.028953769841967274,-0.003497209615367478,0.013435182889365172,0.04080711795997261,0.0024900013963175135,0.007342180568525461,0.011611988336534039,0.09095462398631457,0.004027487255725698,-0.019019453991519705,0.026649478852391207,0.007069855230254907,-0.00511333601205221,0.0011076200729827383,0.009208344441255066,-0.032466708740505466,-1.2031719674055613e-05,-0.019012278263206117,-0.002701094838221183
303,0.055891799160575545,-0.0644798474569177,0.2496792256953483,-0.0224424781497336,-0.7361491853729745,0.6762122253923699,-0.18763528751105193,0.6622267840142547,0.5536768094796113,0.12869350141393843,-0.38331046527480045,-0.19970912276360156,0.10254351204229038,-0.24405362713877365,0.10044798623373617,-0.07129453822049875,0.1212130239137402,0.2765398038070061,-0.3541706603854625,0.3563385857860406,0.16134680740420906,0.05471789598713099,0.2840858093806016,0.04548186733909574,0.009741434185024177,0.07050312143754721,-0.20365587165243412,-0.35314248626642974,-0.09892354143619936,-0.6364899089996479,0.42590661823504633,-0.047480642903502894,-0.31882014903910577,0.1341199898314747,-0.25640109500318475,-0.036596517208973584,0.005886783932367868,-0.08746661310907441,0.11399076410802882,0.12399465656594291,0.01640741624083272,-0.01104500676860424,-0.2882576516983489,0.0416437762383668,0.2270691947856243,-0.00601208815935063,0.039590532907414044,0.06385049852581878,-5.102235493536743e-05,0.08987030960615273,-0.13314983190392307,0.13215510822046964,-0.09992791825141427,-0.18167636259892478,0.028916119976997445,-0.03598021374785005,-0.1712605116944557,-0.08036530185041497,0.07117199538393329,-0.17602114929463392,0.08811603985343938,0.04308417034931433,0.0789062374815395,0.024422834077874284,-0.11512393420320376,-0.08509389772445845,0.024787470687418788,0.13660325462259473,0.06401817760809442,-0.081906177792027,0.014759671412398796,-0.007852587279711849,0.0172496876012404,-0.023060190189415443,0.0031598169997515955,-0.02269928743329017,0.007822907886816537,-0.007007592854107694,0.007597996470397745,-0.9804943791207669,0.007026201607790401,-0.007485280258220307,-0.010349209600146573,-0.0033468403711159893,0.010563953478218016,0.021217062301049076,-0.006271182046736219,0.0018523978786341986,-0.005207580769503743,0.028953769841967184,-0.003497209615367393,0.013435182889365306,0.040807117959972584,0.002490001396317671,0.0073421805685255324,0.011611988336534007,0.0909546239863145,0.004027487255725535,-0.01901945399151981,0.02664947885239109,0.0070698552302550215,-0.0051133360120522355,0.0011076200729828684,0.009208344441255274,-0.03246670874050554,-1.2031719673774588e-05,-0.0190122782632062,-0.0027010948382211464
304,-0.2686837828052484,-0.011564325126529891,0.3357239115938671,-0.1018895494532712,0.02477872596264882,0.05800620842555346,-0.04747938781932931,0.25345063467168805,0.12134696852662544,0.25977738452402127,-0.0022325026742185125,0.040023176870487336,-0.114489082194343,0.28227590852420653,0.35507876629693796,-0.23158880458462572,0.0841402505723451,-0.14589511249024142,0.23309484972574165,-0.3791232277985789,0.07398140070717801,-0.20031083809147338,-0.048545895787360786,-0.06631204631029894,0.21296511057851678,0.04652496633801435,0.01203648571811136,-0.2828490479374524,-0.38071404407850606,0.43830953354038943,0.1357954495043854,0.10146135032037225,-0.0032203213207640394,-0.16165282071351747,-0.041871646780017674,-0.21731794051302897,0.14472360639402854,0.058091205874795555,0.07011601243247109,0.01684893286985609,0.11217049552641928,-0.2488219299016955,-0.21236493858506705,0.03261207459255894,-0.18247060749959254,0.04676357239128811,0.14847072440723497,0.12527796274925734,0.33372396931656767,0.1908602402564483,0.15626847300407642,-0.2289222256606642,-0.14866125024283314,0.045470269536285794,-0.048900728830620244,-0.18465333596352304,-0.05387920225536089,-0.04258116777770712,0.23603535334469647,-0.018895517725360435,-0.07863818677701472,-0.09415146935379168,-0.18197770505315977,-0.010567673329676782,-0.020214923272435927,-0.05391812883896421,-0.06616782827205578,-0.005496501236757818,-0.04294774656225432,-0.015370326002177106,0.05174170387372023,0.006930956802699009,0.08494607522837469,-0.03929490314927147,0.030686006388409143,0.03903441677303062,0.010011489043328547,-0.020677967663256518,0.0065889275909975595,-0.980494379120767,0.007026201607790343,-0.007485280258220324,-0.010349209600146661,-0.003346840371116161,0.010563953478218167,0.021217062301048896,-0.006271182046736251,0.0018523978786342402,-0.0052075807695038355,0.028953769841966986,-0.003497209615367577,0.013435182889365254,0.04080711795997262,0.0024900013963176635,0.007342180568525632,0.011611988336533834,0.09095462398631468,0.0040274872557257485,-0.01901945399151981,0.02664947885239107,0.00706985523025507,-0.0051133360120518,0.0011076200729828582,0.009208344441255154,-0.0324667087405055,-1.2031719673996633e-05,-0.019012278263205784,-0.002701094838221032
305,0.10868143127001942,-0.172789300963478,-0.4099245565490334,-0.4003601614339365,-0.2842378525399037,0.14143773054025566,-0.637137337189958,0.037036097889905334,0.046064046233907974,0.3517239546596699,-0.2301306193727585,0.12204667960160781,-0.3046797444503213,-0.0045030283148055975,-0.1576592622194189,0.5838554179221018,0.40861269901982766,-0.258845033851778,-0.42675817872299043,0.17907183646390692,0.0378026843625679,-0.32381753490317233,0.19360777712554103,-0.24769756981197677,0.14491575359092768,0.07173479048694398,-0.008932181102948727,0.0032256775584372567,0.2694886677173888,-0.15323502032068084,-0.47599748306624184,-0.24958852959841096,-0.18868011767012685,-0.03840755226132177,0.10390837815998652,-0.1956437605042077,0.22410931608332413,-0.12471032157509675,-0.15459466150813114,0.20323204134619785,-0.11425511141253934,-0.3606802811776116,-0.035921614186180936,-0.1314239061602582,-0.0699755798156663,0.016239544012196995,0.13535119341072063,0.09578144133362684,0.12318372250199708,0.11784919549555348,-0.0630929984887875,0.053822114839957726,0.11362400059704787,-0.12144821171729012,0.005576697505277374,-0.04493587020614661,-0.034206344520730195,-0.0035678144577842275,-0.023116321459305058,-0.06320446493513596,0.17604747750965244,-0.0001463082615528428,0.2249795767903367,0.08172865806912037,-0.01671239924284112,-0.06909904228091387,-0.0020471713578296543,0.16046408744104887,-0.1302227728733361,-0.09253835427801173,-0.09692682245351905,-0.013591609669895663,-0.10905222016002118,-0.0029967273589739806,-0.011820703075229477,-0.0518281313346598,0.003713801468028923,-0.013188419452479764,-0.0013120565856704017,-0.9804943791207671,0.007026201607790258,-0.0074852802582206605,-0.01034920960014674,-0.003346840371116293,0.010563953478218167,0.0212170623010489,-0.006271182046736605,0.001852397878634356,-0.005207580769503864,0.028953769841967184,-0.0034972096153673164,0.013435182889365248,0.04080711795997266,0.0024900013963178873,0.0073421805685253225,0.011611988336533865,0.09095462398631457,0.00402748725572556,-0.019019453991519848,0.026649478852390992,0.007069855230254616,-0.005113336012052197,0.0011076200729830653,0.009208344441255241,-0.0324667087405055,-1.2031719673649688e-05,-0.019012278263206152,-0.002701094838221063
306,-0.461855713486147,0.2169539397322765,-0.07400019669318161,0.2767873001136545,0.12809790290666925,-0.013691663190712354,0.026795597019793924,0.06540846809942066,-0.07944570703022114,-0.14659803691515805,0.09388682542538006,0.0660513398540716,0.277012941789588,0.3364975778679299,0.044467408275609396,0.37173487943747335,0.08045133973457183,-0.03921386812711838,-0.03242532748791234,-0.008155086150917644,0.018813040903809034,-0.0804260308968259,0.1845066991194784,0.002568091527834288,-0.1478280600719863,0.059493464034653006,-0.006390307136930406,0.04266043482443423,0.014531170423432176,-0.0266133419833457,0.14365758350544625,-0.1304975846794428,0.16471206991344053,0.06668147377321368,-0.10476488938469268,-0.04643999356149349,-0.14381899006732102,-0.19713247628005526,0.06615447710484514,-0.057067912148787744,-0.108710461587863,-0.08338078160620485,0.17378636620889334,-0.07359061452408751,-0.0719934313009181,0.10910314074361473,-0.09651292672537488,-0.1296126184896411,0.03198565621188041,-0.10789806227512459,0.25892635304658496,-0.006622515215040426,0.14657889616814312,-0.02185289501912447,0.02156482527871773,-0.15050471496565096,-0.05828155393042039,0.030152678182645953,-0.046526107882198374,0.0694398996340109,-0.025282845457114306,-0.031102825554480455,0.12047682682141198,-0.05460564200720064,0.1409689116986846,0.011648181297066155,7.640701337907564e-05,0.013316637275312663,-0.05598105470435998,-0.0013683834956848392,-0.06899235520122095,0.0029855947116443184,-0.12428032585006306,0.030755100411616634,-0.012385977149438211,-0.014664694026612945,-0.005363370967723837,-0.002548063239472704,-0.0028896253755428263,-0.9804943791207671,0.0070262016077901985,-0.00748528025822044,-0.010349209600146746,-0.0033468403711159646,0.01056395347821813,0.02121706230104901,-0.0062711820467362955,0.0018523978786344306,-0.005207580769503857,0.02895376984196715,-0.0034972096153674643,0.013435182889365228,0.04080711795997247,0.00249000139631768,0.007342180568525475,0.011611988336534004,0.09095462398631457,0.004027487255725754,-0.01901945399151979,0.026649478852391068,0.0070698552302549175,-0.005113336012052113,0.001107620072982891,0.009208344441255142,-0.03246670874050539,-1.2031719674074695e-05,-0.01901227826320611,-0.002701094838221056
307,-0.378696504431862,0.1642334291594511,0.0871109038185595,-0.20861327529071172,-0.5615190972166151,0.17568181651650516,-0.08127765921299533,-0.6732875708831642,-0.05855104525181406,-0.1414492228329047,0.01584989411360005,-0.262145459208766,0.3284324053757785,-0.1346933789597553,0.20378607671096013,-0.5068335090194452,-0.10963162094144895,-0.24853197308574207,-0.012991929800158565,-0.016289755029800543,0.24194931217753607,0.06311504691103398,-0.15944114412644836,-0.2641887359700893,0.17752250840073297,-0.06612882849721484,-0.11972499700923125,0.3298759231514209,-0.09455921614389813,0.0758837591621881,-0.12049725727271929,0.0058249193515425264,-0.11971127365465371,0.03270879840487176,0.2036781994570512,0.13377560670255206,0.12238389901027265,-0.21496947155245072,-0.15598038761402702,-0.2372523328499166,-0.01403922587917099,-0.084560047447143,0.03594053068926902,0.06904979550057339,-0.3086829185054643,-0.03814012978884544,-0.08102821641725375,0.02636965240839121,-0.0752306306571582,0.339186883823329,-0.12160648602152917,0.2224301437224597,-0.024632890050794613,0.04016543550356293,-0.05070771465747361,-0.01808903207317513,0.10987439988394772,0.15716998228131168,-0.04674941958830368,0.23708583435109065,0.08119835030750464,-0.08090789721457632,0.0834686506782082,0.12578990264171422,-0.03994188054833227,0.10693395786744796,-0.012994101401357408,0.16039498455161624,0.1928118875293771,-0.06711464028728817,-0.012654481564099474,-0.002786339495156703,0.005940875989827596,-0.023308475541692405,0.003324836577895038,-0.003195511810212778,0.006784556469462125,-0.0021608512459086408,0.006196449492617965,-0.9804943791207671,0.007026201607790217,-0.007485280258220257,-0.010349209600146486,-0.0033468403711159147,0.010563953478218056,0.02121706230104894,-0.00627118204673621,0.0018523978786342866,-0.005207580769503694,0.028953769841967212,-0.003497209615367462,0.013435182889365304,0.04080711795997255,0.0024900013963174987,0.007342180568525565,0.011611988336533999,0.09095462398631467,0.004027487255725928,-0.01901945399151989,0.02664947885239113,0.007069855230255011,-0.0051133360120521176,0.001107620072982701,0.009208344441255144,-0.032466708740505314,-1.2031719674038266e-05,-0.019012278263206117,-0.0027010948382212643
308,0.29367250940139106,0.02886266079450457,-0.22795538194833478,-0.23418174739593225,0.10215402887148597,-0.5966056327546975,0.295146265093917,-0.26830678088214055,0.441647777082509,-0.4657799062331543,-0.19368518245459504,0.24031696297877045,-0.1660440947386992,-0.13297135592060266,0.2963777438971236,0.014381665826024195,-0.0057577030991119455,0.4111551624225582,-0.11531242753857307,0.1488398718285546,-0.08858367672987057,-0.273641633104328,0.1754710673970463,-0.007975983936747984,0.7314913656098211,-0.7936583685147008,-0.13928365910324814,0.17530583560861557,-0.37731302939605904,0.1708021932516724,-0.20598311179212345,0.04947737045319392,0.19915788009653465,-0.22668874586067217,-0.24172207473660998,0.22074924454500303,-0.00675428702798031,-0.12182554191981991,0.19918938232717479,-0.22877916416130945,-0.18655922259507338,0.1658329290254154,-0.0018387134587609572,0.02193463175262848,0.4763155620812463,0.07304685280045702,0.014089405175208068,-0.09590724670833797,-0.058998453109873755,0.020181472489617325,0.06675538510381247,-0.22374867782130795,0.0319250713724725,-0.10472600470862288,-0.22054579196706695,-0.12424715278770639,-0.17477709798542407,0.17974415266093904,-0.2787746474063352,0.254159812313592,0.1406399407021772,0.0460443070462068,-0.03014388134377182,0.12244190970609131,-0.026767595172661886,-0.02262366768747881,-0.03355680583703082,-0.0571436121972268,0.013305965890223032,-0.2586092512411571,0.0130334307622141,-0.027756282569094418,-0.08106776513729963,-0.11111758940594285,0.005178026165568193,-0.1607966341699942,-0.008953952694553506,-0.05176367236951011,-0.00322623049904462,-0.9804943791207676,0.007026201607790335,-0.007485280258220428,-0.010349209600146859,-0.003346840371115769,0.010563953478218027,0.021217062301049017,-0.006271182046736258,0.0018523978786344046,-0.005207580769503663,0.028953769841967233,-0.0034972096153671984,0.013435182889365033,0.04080711795997262,0.00249000139631783,0.0073421805685256695,0.011611988336534115,0.09095462398631478,0.004027487255725704,-0.019019453991519743,0.02664947885239106,0.007069855230254983,-0.005113336012052142,0.0011076200729827287,0.009208344441255067,-0.03246670874050521,-1.2031719673719077e-05,-0.019012278263205992,-0.002701094838221174
309,0.06473114855993996,-0.0016448275275136293,-0.04435494165374765,0.01705726277495567,-0.2036931899744865,-0.04704011600141404,-0.009868201997585334,-0.27152825106186235,0.18371965642555008,-0.11699429227453388,-0.11260324286242192,0.4152089614336867,-0.39030939612660226,-0.22983009432727372,-0.37173138815789025,0.06271242739312582,-0.09722516718181014,-0.3556889109002632,0.08734491178253082,-0.18104839912182055,0.19759815392549746,0.014681480087183684,-0.3523945660006356,0.08801872324330269,0.03649463220037851,-0.36013151431485674,-0.2109304648695899,0.09936922044534648,-0.15044862081735122,-0.12119972384326844,-0.16374131826827384,-0.13543344089319878,0.14488117096272224,-0.17617345128469905,-0.11084313867270912,0.25239462649744926,-0.12999174082666684,-0.14168779676276458,-0.308304854505955,-0.15325753707115364,0.182753607816895,0.21963098552469484,-0.06750767576417509,0.008488386282918026,0.1478726146012215,-0.1496415387658294,-0.024484724085727372,0.0340173617778583,-0.2021122955076977,-0.1244464560511933,0.0982493612640398,0.008987547996874621,-0.021385842263808658,0.051551199201982464,0.02760651266098309,-0.15824192330402015,-0.055143597775507994,-0.19177841652105024,0.0897648188089079,0.003909017409968628,-0.10763013060192397,0.07499292917433352,0.025475083478416122,-0.12503263229616737,-0.052900282077704884,-0.26385070807505356,0.059799270347537015,0.128779253249315,-0.038882752494475,0.1536861392892755,-0.010629807554769308,0.04922293986035216,-0.008337962628745123,0.009588277874846767,-0.022625567848986637,-0.0025857938978572303,-0.002087920635605139,-0.0005345930507522372,9.838995320285216e-05,-0.9804943791207672,0.007026201607790383,-0.007485280258220389,-0.010349209600146854,-0.003346840371115835,0.010563953478218056,0.02121706230104911,-0.006271182046736307,0.0018523978786343074,-0.005207580769503826,0.02895376984196704,-0.0034972096153673927,0.013435182889364874,0.04080711795997263,0.002490001396317843,0.0073421805685254336,0.011611988336534002,0.09095462398631474,0.004027487255725628,-0.019019453991519737,0.02664947885239134,0.007069855230254845,-0.005113336012052069,0.0011076200729827495,0.009208344441255109,-0.032466708740505335,-1.2031719673941121e-05,-0.019012278263206242,-0.002701094838221174
310,-0.27268185999853545,0.14622246890419457,-0.027620229525279916,0.010046415327972331,-0.016302691008858384,0.11407425766615839,0.2626857886084946,0.2641149342286293,-0.08173243671095935,-0.14310329897761556,-0.13302670504369374,0.033616252161684776,0.08193122285841657,0.022532745312568967,-0.39035752980019855,-0.20738289607027427,0.060265177261412166,0.1396907377113961,-0.39450004729287147,0.06470172716122871,-0.04420586243517673,-0.09136158572435184,-0.05797362209475266,0.00909109871069988,-0.2599486364565651,0.010271490728806839,0.035043567333249634,0.32264716972823976,-0.22446157816424372,0.12174926670339482,-0.18080563938059804,-0.0944138429453319,-0.05087795377247565,0.10456267006356194,0.1532934334701419,-0.0002479123530799495,-0.016967686955213893,-0.05033408210371636,0.12673419015693393,-0.029912036319227966,-0.12117889387580173,0.1042817237548681,0.07843798447383525,-0.03133903822251104,0.16318773147670926,-0.0035365875932350434,-0.13961450964171968,-0.009189742255801174,0.24281765412959913,-0.21169381696732076,-0.13373266103146542,0.06699474273602286,0.025910443122388625,-0.01766925218563136,0.03538371260164858,0.11980122588789059,-0.020789861881160155,0.2833001303999744,-0.03902771759795224,-0.012466544239006599,0.09734327966635214,0.07444662903012907,-0.061650260639128984,-0.14710519452538867,-0.10230868715224473,0.12596590678789515,0.06284099657094135,-0.020394612180401794,0.17462577640019836,0.06267123894811792,0.003946046371091806,-0.008407109715674006,0.0336088119798589,-0.012889062141613032,-0.002065128456887237,0.01154305607728816,-0.013703950161546442,-0.002448244230507308,-0.00933809066684766,-0.9804943791207671,0.007026201607790206,-0.0074852802582202945,-0.010349209600146814,-0.003346840371115795,0.010563953478217902,0.021217062301049024,-0.006271182046736337,0.0018523978786343218,-0.005207580769503757,0.02895376984196706,-0.00349720961536731,0.013435182889365195,0.0408071179599725,0.002490001396317623,0.007342180568525678,0.011611988336533966,0.09095462398631456,0.004027487255725729,-0.019019453991519865,0.026649478852391103,0.007069855230255008,-0.00511333601205217,0.0011076200729827886,0.00920834444125499,-0.03246670874050537,-1.2031719673961938e-05,-0.01901227826320606,-0.0027010948382212158
311,-0.33023501304648634,0.0733409048214408,0.31463126481683773,0.13711834102397544,0.07950232590275814,-0.1804042463475561,0.18890118600567063,0.05079214972704316,0.3315944563034134,0.20044207475346884,0.11817238465023659,0.08479398999286002,0.07920967950861885,-0.029171494483788255,0.013181155234296837,0.10189464539658706,-0.16738626919508526,0.02138262994457347,0.2527644806294235,-0.11419702152200356,0.03401525233880093,-0.021377246051384753,0.05191735143781885,0.057016735724200095,-0.03979613350335415,-0.08415094696457388,0.10499743451859178,0.09406776803213378,0.03193713316207353,-0.10472347584437183,0.06683149340229548,-0.06300749230445987,0.15016618571274112,-0.011533234699302017,0.17963001755081343,-0.3024415851101309,-0.012269273017437987,-0.00612045741799713,-0.012572362009962791,0.15004439319215324,-0.08210180822725704,0.0012199187728132838,0.10504617537263942,-0.30707587984508367,-0.06321297421758972,-0.17044958157576415,0.02281865349956674,-0.21120771875284575,0.10136777670829529,-0.02187584180265402,0.04461971343329404,-0.0874539586137894,0.08688820390055293,0.04743403887042611,0.12845660921800794,-0.1423790078330189,0.042304171289715864,-0.0919960328048656,-0.007390521437394957,0.0503496687350626,-0.006157067950895813,-0.021765892779708088,0.16778246795181717,-0.09282888250282612,-0.031687361821090644,0.0610574612323825,-0.0062986308312649305,0.08887611159963689,-0.14023113225912545,-0.00772423422995871,-0.08645542356278628,-0.0032055880893578155,-0.09577640945666706,0.01454879780403317,-0.012045651014122326,-0.030792460789585523,-0.002436813859335981,-0.00958153955555978,-0.005383232877228206,-0.980494379120767,0.007026201607790265,-0.007485280258220255,-0.010349209600146554,-0.003346840371116109,0.01056395347821802,0.021217062301048924,-0.006271182046736272,0.0018523978786342172,-0.0052075807695038815,0.028953769841967108,-0.0034972096153675037,0.013435182889365228,0.04080711795997259,0.002490001396317731,0.00734218056852551,0.011611988336534098,0.09095462398631463,0.004027487255725673,-0.019019453991519938,0.02664947885239138,0.007069855230254803,-0.005113336012052048,0.001107620072982805,0.00920834444125505,-0.03246670874050548,-1.2031719673899488e-05,-0.019012278263206076,-0.0027010948382211394
312,0.20672711307473302,-0.018412671368192496,0.33439984440896087,0.39551205359085667,0.038351928751043554,0.028395729368881188,-0.03871540493988574,-0.1777928118075671,-0.11171291904707582,0.3641486308399801,0.1408049326946823,-0.2376729769794929,0.08944014370231602,-0.283014136524007,-0.04320132857165508,0.12956352865413606,-0.28180103212487057,0.02438863072415967,0.04189895802863292,-0.0012453291123309985,0.0762730897270913,0.06559654828021133,0.19524968816266974,0.13624160878191177,0.031000758016358147,-0.0737727937344728,0.014388205278801618,0.5409315578893849,0.2953659199396852,0.06322391474062437,-0.169719181585875,-0.4184089517056072,0.24972455448719838,-0.19978521733423432,0.10248160764210679,-0.08091790413597014,-0.1289668206700127,-0.2078952343498217,0.06328957175550724,0.20775306291788664,-0.0005101144071153954,-0.16779280518129905,-0.06695447826903118,-0.1370987242063479,-0.02031853401927158,-0.13085172086282812,-0.02192841520713484,-0.09738272100725531,0.1687172513376579,0.3650000761113232,-0.032362564083712034,0.15978532020088707,-0.2992062612558435,0.2204018176435414,0.017895137434306783,-0.26804361250158565,-0.1549980347837106,-0.1859655508269881,-0.12301679793384104,-0.08827152139566746,-0.018323377333151605,0.04264222670620075,0.025543002536008223,0.08627451103315667,0.021687731539249234,-0.14803749986201387,0.14876696797865843,-0.04995544819258457,0.016788020401716508,-0.024231856023946084,0.05351971860944977,-0.029442130697076054,-0.05873402423206956,0.06209804061492998,0.0005417199925574903,0.016073000256314564,0.021813832545537398,0.0005871044250320268,-0.005415710496401158,-0.9804943791207669,0.0070262016077903035,-0.00748528025822026,-0.010349209600146606,-0.0033468403711159824,0.010563953478218258,0.021217062301048892,-0.0062711820467364525,0.0018523978786341132,-0.00520758076950351,0.028953769841967205,-0.0034972096153675246,0.013435182889365235,0.04080711795997265,0.002490001396317687,0.007342180568525357,0.011611988336533841,0.09095462398631453,0.004027487255725571,-0.019019453991519785,0.026649478852391228,0.0070698552302549626,-0.005113336012052133,0.0011076200729826246,0.009208344441254929,-0.032466708740505335,-1.203171967376071e-05,-0.019012278263206145,-0.002701094838221202
313,0.09245201064228818,-0.5601270490415258,0.39829382914757505,-0.11795969613798318,0.17914270344958605,0.16080646894977296,0.16384692803943324,0.10858968096929573,0.24397726586789967,0.03695321452772163,0.039050003679158715,-0.3810169408361648,0.12527148257638457,0.0008799057360448191,0.22207203340472412,0.37747409921311165,0.18504858227274093,-0.11195794225743678,-0.10936727297019211,-0.25042791375547563,0.10143340441202073,0.36387767367739193,0.03224725869105889,-0.025174905598543025,0.08256206616049377,0.08037437144152342,0.12252636608621095,-0.07525184411205511,-0.010847575613450356,0.056125354221020746,0.019772078529255874,-0.11911422312447122,-0.01736920443173577,0.0013693947335892114,0.16600766030513506,0.2124572556749035,-0.10978636961778818,0.24597448349403422,0.03501024520707317,0.2501742024629006,0.15896306690924644,0.06692078869493417,0.19157871995632741,-0.09011889925981775,-0.04377206148220423,-0.11859218344029784,-0.0878242638734816,-0.006584880834733852,0.15372372652658647,-0.09119445728806569,-0.0030151094238751717,0.007841548087146027,0.008133352676414787,0.0894525141368503,0.016009591213465832,-0.022368272593038575,0.11268219525955274,0.18579664754098224,-0.10466099580879698,0.12260353672574759,-0.14023783481564991,-0.08809254394094093,-0.0674550114098894,-0.06522519041811004,0.02104177852093615,0.08781578801676398,-0.04078610322048124,-0.006097341231456375,-0.1631574541596139,-0.02090799444895289,-0.05028743672765206,-0.005461440940927671,0.06134395537109391,-0.046815852942806574,0.007773763152393885,0.003156545032452994,0.005716717400098033,-0.01689918536585206,-0.003169602841779649,-0.9804943791207671,0.007026201607790269,-0.007485280258220348,-0.01034920960014667,-0.003346840371116102,0.010563953478218096,0.02121706230104879,-0.006271182046736418,0.0018523978786342727,-0.005207580769503958,0.02895376984196717,-0.0034972096153674205,0.013435182889365072,0.040807117959972564,0.0024900013963177906,0.007342180568525517,0.011611988336534084,0.09095462398631456,0.004027487255725726,-0.019019453991519827,0.026649478852391256,0.0070698552302548585,-0.005113336012052293,0.0011076200729827842,0.00920834444125516,-0.03246670874050525,-1.2031719673594177e-05,-0.0190122782632062,-0.002701094838221174
314,-0.25885931377437754,0.08079454744957303,0.10444202260519281,0.03463283111652038,-0.5646169330252869,0.042966786374730066,0.07532407023045364,0.0020831250700055867,0.40460367231492955,0.02669796343251126,-0.051288240938326485,-0.21947929984853712,-0.1340195580664316,0.21900622973948608,0.04439938759983525,-0.35676082091559397,0.039427954003780234,-0.1658037649275559,0.047056308163123735,-0.05365131454323565,-0.2193535989244824,-0.08629386356663592,-0.14038790469114892,-0.07346910109689246,0.05185782456438668,0.08740730060973728,0.10127991345043655,0.02326199493122623,-0.15418141030903412,0.2024066873953996,-0.12572931605003576,0.05194032210507356,-0.04932360582060496,-0.2802466645979186,0.07104365007574541,0.07809410175291716,0.05204855576700076,0.2552173240475273,0.07401839347487807,-0.009225657528449045,-0.15184824434262947,0.06227180139024101,0.026702422164286387,-0.07909243784744158,0.08196872799125357,-0.12199126949536664,-0.0714954352018805,0.19738171094408608,-0.05068314586912627,-0.09592817609507746,0.011441881921553943,-0.1268459230036643,-0.11311889168341462,0.23877939962896652,-0.05159720029649568,0.1315641273846064,-0.07092918788883705,-0.06467173579713231,-0.08045558286144325,0.04787452834830665,-0.051782830015440554,-0.06415030194213192,0.17440483294809656,-0.0751351292269677,-0.1421488232608149,0.14146963428231393,0.07446930829053805,-0.09342370757768019,-0.065987842092737,0.032666515043610476,0.012387072450031249,-0.016771213853744343,-0.11489465703806519,0.08281866064464118,-0.016336361479440384,-0.009639166207219213,0.0010831894125064188,0.0076813708923533005,-0.01664875547121868,-0.9804943791207671,0.007026201607790272,-0.007485280258220243,-0.010349209600146791,-0.0033468403711159355,0.01056395347821807,0.021217062301048837,-0.006271182046736355,0.0018523978786342936,-0.00520758076950393,0.028953769841967184,-0.0034972096153674066,0.013435182889365165,0.040807117959972605,0.0024900013963177607,0.007342180568525614,0.011611988336533943,0.09095462398631464,0.0040274872557258725,-0.01901945399151982,0.026649478852391367,0.007069855230255067,-0.0051133360120520135,0.0011076200729828363,0.00920834444125495,-0.03246670874050546,-1.2031719673871732e-05,-0.019012278263205923,-0.0027010948382211186
315,-0.30808956679273025,0.2839275792302675,-0.26583221144380664,0.06536773578419805,-0.14468151711430144,0.06368425851133024,-0.05536443481520138,0.017046630588893726,0.3279302843115968,-0.02132009510059586,0.19234047898002699,-0.04893819617405691,0.019687521690330254,0.28619909096375556,0.20164541984670536,-0.1689315053772873,-0.000401183892451299,-0.14418412656270482,0.21209199517559948,-0.3434583888156017,-0.034608058877060456,0.11592410528375698,-0.07431498785583991,0.12313622708667683,0.017943537802443173,0.0052799016925352184,0.15585078172313582,-0.19051028408035772,0.16674994481044628,0.12003353298773829,0.15302195733395516,0.18032282038942107,-0.0053561610917061365,-0.21596869121484386,-0.16479534613107658,0.07238425226497439,-0.13570098499185343,-0.14629878157603504,0.07723331790676925,0.058277530130839826,0.1763486156706863,-0.08155404201328516,0.05267671905945167,-0.08261143391937072,0.19986971010811747,0.04321067648883897,0.05610092713046508,-0.02796015163641385,-0.05868892749300552,-0.10266675865381611,-0.15943321369529995,-0.13213826259189262,0.06527036740409724,0.05371720469932367,-0.03174524062713958,-0.12100644300806856,0.081338552926087,0.2000769818726577,0.09294577680567939,-0.07065906204184012,-0.012250191175303083,0.051008464119464886,0.01598954032914787,-0.09008417099470335,0.12871842580877507,0.0875319690507943,-0.01293681906992937,-0.09324097854157332,0.04839229953845278,0.02160537684861298,-0.004307215056465187,0.017673278936468088,0.05402109948513773,-0.027425247344189472,0.0032349412489240804,0.01202994005364068,0.01125383916143007,0.004349759548634262,0.0028430161480705834,-0.9804943791207673,0.007026201607790365,-0.007485280258220291,-0.010349209600146741,-0.0033468403711160166,0.010563953478218115,0.021217062301048976,-0.006271182046736157,0.001852397878634396,-0.00520758076950385,0.02895376984196717,-0.0034972096153675475,0.013435182889365325,0.040807117959972695,0.0024900013963178604,0.0073421805685256625,0.011611988336533988,0.09095462398631457,0.004027487255725823,-0.019019453991519705,0.026649478852391027,0.007069855230255018,-0.005113336012052113,0.0011076200729825856,0.009208344441255184,-0.032466708740505446,-1.203171967401051e-05,-0.019012278263206187,-0.0027010948382211897
316,-0.24267786363609992,0.03259299886327231,-0.10578397835629108,0.4209407847347854,-0.3344332844891584,-0.06381576870991972,-0.21525324485834574,0.046410965496209565,-0.20167518709576027,0.07932004864377624,0.17236898446532561,-0.2023513617314683,0.3038399385748307,-0.0822070292734874,-0.16197816316235217,0.06858616629100449,-0.17159203002671325,0.1927260131944451,0.2028878678388011,0.01992551295569331,-0.2421870356755526,0.11178696362582481,0.09623117005919224,0.015507809337040485,-0.08264075724102284,-0.04028827499719686,0.15355662490031488,0.26813351782339256,0.1531128242575795,-0.13828278235605643,-0.10862968470302345,-0.2719394863890949,-0.4127296751608476,-0.11338477018947696,0.0005186865790811539,0.084226706508435,-0.24770843711676951,0.12398280745698327,0.19278167973683805,-0.198955075874417,-0.18380146477598358,0.014808598506878887,-0.06319855580311229,0.191073102399694,0.08089289065450474,0.09607973671509022,-0.0008043014673485946,-0.14543551226234197,0.06832861699919233,-0.06164533547492707,-0.13078388445250116,-0.26801966044607606,-0.08726290377813409,-0.11173609390184372,0.012330835390334912,-0.17252297451634202,-0.057250924660080846,-0.0033333521586032654,0.02246781740301955,-0.17100423912162288,0.09734041367016398,0.061568936153627504,0.12451197683577123,-0.08740684340589477,-0.17567386591550244,0.013864236523258947,0.02480234773764045,0.10788034225950463,-0.05052140112521989,-0.05331016991798487,-0.029407751932142907,-0.00995187576154609,-0.013686615933191216,0.007577597301998879,-0.011708262357800592,-0.024817913293835932,0.0003257426671738627,0.00610083459544786,-0.0073242608844643385,-0.980494379120767,0.007026201607790323,-0.007485280258220364,-0.010349209600146665,-0.003346840371115791,0.010563953478218127,0.021217062301048962,-0.006271182046736241,0.0018523978786340767,-0.005207580769503687,0.02895376984196726,-0.003497209615367395,0.013435182889365248,0.04080711795997254,0.00249000139631793,0.0073421805685256,0.011611988336533952,0.0909546239863145,0.0040274872557256565,-0.0190194539915199,0.0266494788523909,0.007069855230255025,-0.005113336012052099,0.0011076200729825787,0.009208344441255146,-0.032466708740505605,-1.203171967401051e-05,-0.01901227826320632,-0.0027010948382211464
317,-0.03603739599458967,-0.3165352928464149,0.001412697171144771,0.44313175805276245,-0.0773325689316888,-0.20947090701622859,-0.17877210841787533,-0.07600226512078391,-0.13925804215487253,0.043695443584409126,0.05821429601191864,-0.2863169351069083,0.12892369838957338,-0.45869234290250716,0.1536011270619174,0.05449964891876207,0.2670980696595134,-0.17862385216996776,0.07612916364082606,0.45613685952576954,0.031028790949639486,0.09234623445820767,0.05936607691161072,-0.034721124401576174,-0.1270664450812198,-0.2742003320743077,0.19264860984449278,0.11259713178377752,0.13844719008389972,0.09043602465377348,-0.14544703548575452,-0.12523824655378177,0.26381956099609444,0.04091648119712357,-0.12609036878306085,0.052583974151229465,-0.22167080229277442,0.15691012059066486,-0.07193170391876376,0.20384088096523637,-0.16367309518156986,0.11960107247436308,-0.05639324198907823,0.20796998057867364,-0.040760548639524136,0.07410258709418573,-0.22964949595659476,-0.10915784563131029,0.05289810267688462,0.08147632073177433,-0.0245963727026616,0.051178774153202766,-0.18563538998819987,0.20897583763400002,0.055730873534717534,0.08147647454808686,-0.08261915830636965,0.13434005308106206,0.16458330181307834,-0.07969131794889471,-0.05201637525712808,-0.010439500326953085,0.025871883239307992,-0.13895406882445,0.015130961843361065,-0.07692678853611985,-0.067959601635044,0.07995237638420813,0.08022795142424795,-0.09462320200912772,0.028181912516702746,-0.007210512198294911,-0.08666346586438818,0.05012910180939783,0.001968669156576098,0.004612215720317931,0.0024447126374041337,0.004429342577161077,-0.006316565171042408,-0.9804943791207673,0.007026201607790262,-0.0074852802582202164,-0.010349209600146781,-0.003346840371115939,0.010563953478218055,0.02121706230104879,-0.006271182046736251,0.0018523978786341756,-0.005207580769503687,0.028953769841967025,-0.003497209615367261,0.013435182889365255,0.04080711795997258,0.002490001396317898,0.007342180568525593,0.011611988336533876,0.09095462398631445,0.004027487255725573,-0.019019453991519848,0.026649478852391075,0.0070698552302550875,-0.005113336012052175,0.0011076200729825552,0.009208344441255045,-0.03246670874050536,-1.2031719673871732e-05,-0.01901227826320616,-0.0027010948382210354
318,-0.13612785803570482,-0.37500427283253013,-0.36327188347425365,0.7206327783288922,0.21054791170263765,-0.217999565309106,-0.5162326950467112,0.10202401512143348,-0.40020583066411497,-0.230503042901241,0.03100049609065532,0.056463804137767096,-0.1352498151267052,-0.5941637871253164,0.11261819881643756,0.20759078552796856,-0.062225229427003655,0.059020127174337474,-0.04932048233373107,0.28835766858537437,-0.33955501585598497,0.06803160726134977,0.730519506872313,-0.21313979778153397,-0.22855999284172465,-0.23325319901311822,-0.44035916890795423,0.33033180165774134,0.21758899192420983,0.4495990811802384,0.2890074062168612,0.2644684908899904,-0.2746003456912412,0.26426859906765476,-0.43467358961772024,0.2854016738193732,0.07295304006145441,-0.041338678536909916,-0.02286855357932249,0.12085169366336572,-0.2483634329211694,-0.1669202167667209,0.10279241095937423,-0.3726680124050792,-0.5580855941078314,-0.36782819057837257,0.18391826525548363,0.6671497089924754,0.21105569687444317,-0.25517802485744345,0.05954939746762219,0.2058417676210308,0.14973516266557263,-0.047410748075220686,-0.06472049268900354,-0.192433496841501,0.21399094904630322,-0.13642801282991096,0.22906885443406094,-0.12423510232037464,-0.2594325371439672,0.0897049685813825,0.06135227287159189,-0.009410236626986968,-0.21882637971623092,0.0281783337019974,-0.00982869654567299,0.030785286015578874,0.10901977903005687,-0.017644582226894738,0.0962969741516119,-0.022257883800902847,0.04650406303556458,0.02415756060369859,0.023641636696771086,0.0387962050053904,-0.02415865942473062,0.006852353697668948,0.004026293475984787,-0.9804943791207673,0.007026201607790118,-0.00748528025822044,-0.010349209600146863,-0.003346840371116031,0.010563953478217819,0.02121706230104875,-0.00627118204673652,0.0018523978786344924,-0.005207580769503604,0.028953769841966917,-0.003497209615367312,0.013435182889365321,0.040807117959972286,0.0024900013963175954,0.007342180568525323,0.011611988336533872,0.0909546239863149,0.004027487255725632,-0.019019453991519723,0.026649478852391065,0.007069855230254887,-0.005113336012052573,0.0011076200729828632,0.00920834444125501,-0.03246670874050556,-1.2031719673857855e-05,-0.019012278263206128,-0.0027010948382208792
319,-0.1950902268595253,-0.03823615306046898,0.0594554085764173,0.3917485152389288,-0.2407175033974445,-0.20356871369786766,0.03742311760168995,0.23151755427070184,-0.22348327480526226,-0.10673386187391623,0.02603888418089639,0.07316228737039253,-0.018056302384169505,-0.008248689537791022,-0.16329555877303864,0.30588526619421397,-0.20379332996375427,0.05755931741996557,-0.10319594165635275,-0.04311586408793248,-0.06002318577372638,-0.027074239992127744,0.09844715593016119,0.043474031749950175,0.09566331300831137,-0.04712186879666033,0.1561250937865922,0.10998080510147566,0.06388105813769093,-0.48270817743091127,-0.1928956829725736,-0.15974846677638482,0.047523413309746396,-0.10174608141185722,-0.21581451367333573,0.030157673130748682,-0.11703118585617181,-0.1681806808332377,-0.152789811864614,-0.07447098618234678,0.018911495012759606,-0.27232311061394276,0.04135029176551669,0.0030578543560887,-0.1144871012406254,-0.022760104500990558,-0.010196211226420372,-0.14715898661677232,0.2476382616691187,0.07211039736005907,0.007840158249367485,-0.15443154067781834,0.04866949685752347,-0.05864053486586859,-0.06140993116007211,-0.030883415707006746,0.03705738474055451,0.15600137724648155,0.08663732836453696,0.006187846838793663,-0.01839631373997626,0.1191001922504402,0.08186974570138449,-0.055290991425524044,-0.0020119274775252313,0.056782397441579875,-0.09150954088498128,-0.10388677604214969,-0.1841051016679278,0.06681117159428722,-0.05403676246808951,0.005104396232468463,-0.04514074822339474,-0.0074492044872150566,-0.009714584312111751,-0.04071642633991594,-0.02785737718003127,-0.0035921306027853687,-0.016545725606857017,-0.9804943791207672,0.007026201607790296,-0.007485280258220515,-0.010349209600146727,-0.0033468403711159507,0.010563953478218124,0.021217062301049066,-0.006271182046736338,0.0018523978786342571,-0.005207580769503777,0.028953769841967254,-0.0034972096153674226,0.013435182889365387,0.0408071179599726,0.0024900013963177563,0.0073421805685253225,0.011611988336534021,0.09095462398631453,0.004027487255725754,-0.019019453991519886,0.02664947885239097,0.0070698552302547405,-0.00511333601205228,0.0011076200729826585,0.009208344441255048,-0.03246670874050539,-1.2031719674066021e-05,-0.019012278263206214,-0.0027010948382210215
320,0.7457930840299065,0.07082306402495497,0.26199389506140075,-0.09050297299578083,-0.031107672258834127,0.03606658270828043,0.2518226326232964,-0.21488898626687786,-0.04744043787828326,-0.46332347884681935,-0.05317044615124389,-0.2620216594515323,-0.041142620777463695,-0.12113105354149889,-0.005882269864849649,0.4014488772650063,-0.3450816906993286,-0.0760531336655646,0.1374807301933765,-0.24020896334995148,-0.059799550612792726,-0.0669525501340084,-0.008687723590191045,0.18683774334722983,0.07356466975964313,0.1883271267714541,-0.15908284349907761,0.01012603296675364,0.15480884063994552,-0.15821514612800985,-0.2981568235709052,-0.09882572025117911,0.2824991448007814,0.25712401760864123,0.405992872993565,0.1375000893836926,-0.26622229320352775,0.05000618623315353,0.08709324069664744,0.09408196327790158,0.12300846114789739,-0.11593896546886844,0.047705641898274996,-0.13004727513697564,-0.08543723023375212,0.006189484192865268,0.21034485703939648,0.06219554874497201,0.025593666171882256,0.08034997926344108,0.0710986378969275,0.16998788441524698,-0.036730896641914895,0.2815077560624388,0.018268866183709192,-0.13435627229130123,-0.14447934426197476,0.011956800638186571,0.116091664126809,-0.15845390500454337,0.0357345991442681,-0.0658912008859764,0.28142408645056816,0.15427427005595243,0.10564084531332815,-0.007878297901181879,-0.04018579407500989,0.007871773754448417,0.05661108786882899,-0.017479024638010716,-0.008372479445631822,-0.0009542612691623662,-0.0024466390090220197,0.00025435829310145515,-0.0022693929453306495,0.0018365964737357048,0.00023019818044867004,0.011939798159477091,0.0003447530320322924,-0.9804943791207668,0.007026201607790397,-0.007485280258220399,-0.01034920960014681,-0.003346840371115946,0.01056395347821816,0.021217062301049087,-0.006271182046736536,0.0018523978786341687,-0.005207580769503621,0.02895376984196713,-0.003497209615367247,0.013435182889365151,0.04080711795997258,0.0024900013963176297,0.0073421805685253225,0.011611988336534127,0.09095462398631458,0.004027487255725583,-0.019019453991519938,0.02664947885239124,0.007069855230254616,-0.00511333601205222,0.0011076200729828467,0.009208344441255019,-0.03246670874050528,-1.2031719673788466e-05,-0.0190122782632063,-0.0027010948382211186
321,1.2936154381477458,1.1090519077666345,0.629198256844716,0.3230861882603353,0.12752461515784833,0.3779799145843864,0.17757553203540757,-0.0472919025524467,-0.4121945151533353,0.3043506133278024,0.0652860812334543,-0.17201927173659148,0.26715221029675945,-0.06396587986255102,0.11390309479134385,0.1698818206907533,0.28441548251545473,-0.38329398579150864,-0.3203342706814562,-0.1215612766873107,-0.09330636833956373,-0.033764841834835316,0.4359844912649573,0.11409030892014509,-0.14497065044591287,-0.23183166361067922,0.3611919299308788,-0.27330634125621023,0.2509434389293075,0.3207863819262372,-0.16764848099727947,0.19188897187417678,-0.08701230613399528,-0.04553083862762089,-0.20453882955305586,-0.3688495632213764,0.03620524181547023,0.10117391294807533,0.09777935294340996,-0.5389326100247303,0.19168526196083352,0.18140086508437384,0.058781955233861996,0.03156300509975435,0.09931762811920768,0.03276421705272477,0.08588824035434316,0.11896240608842501,-0.16272305333785855,-0.1150974896276777,-0.09261724597756986,-0.24289672498558199,0.1183250238962995,-0.08201185194491584,-0.07643938375922162,0.0726634645380451,0.14012740801013315,0.11225617375385528,-0.037566611322446264,0.0017356443467888038,-0.12646071013317697,0.029213331475923903,-0.052233997865787946,0.03958955756601227,-0.06531616978694428,0.0977750134235739,-0.06712321630041972,0.0579613040719782,-0.08867347275450149,-0.1535319943297184,-0.03891364404557246,0.009973894495478813,0.022687998517327168,-0.021268757845164785,-0.002188569028542909,-0.00171195769339844,0.002181005663461078,0.015919215045723377,0.003940604359797149,-0.9804943791207669,0.007026201607790291,-0.007485280258220359,-0.010349209600147126,-0.0033468403711157065,0.01056395347821796,0.02121706230104873,-0.0062711820467363415,0.0018523978786341327,-0.005207580769503752,0.028953769841967153,-0.0034972096153670427,0.013435182889364723,0.04080711795997257,0.002490001396317869,0.007342180568525577,0.011611988336533752,0.09095462398631435,0.004027487255725568,-0.019019453991519643,0.026649478852390787,0.007069855230254862,-0.005113336012052067,0.0011076200729825806,0.009208344441254915,-0.03246670874050543,-1.2031719673732955e-05,-0.01901227826320647,-0.0027010948382211325
322,-0.1527679607933668,-0.16285843583821155,0.41209062733750007,-0.10304249004074875,-0.06919649098920483,-0.17220515143483414,0.1872061919301302,0.13758177575000471,0.021291537306435394,0.25176581824243394,-0.07329785496473935,-0.0995919199813995,0.018132088326303322,0.08738223513572493,0.00871902710070795,0.09209917165794189,0.20703300245465667,0.157234170523729,0.15887842049507206,0.18502934176526303,-0.0033485147640442098,-0.11291617407463553,-0.049737652502094686,-0.12806391864957087,-0.010302401923130521,0.10278289851408501,0.2927271182124732,0.10720221817240407,0.06907721237920718,0.18979983967314973,0.20452452686377562,-0.18392046308810484,-0.09484007354412193,-0.09180909458108616,0.13499494261699482,0.05932862211465571,0.3220030709775815,0.36001959449539883,-0.11390665296064265,0.019540898752361646,0.23122995315750638,-0.14697436911057826,-0.018074604300437554,-0.16785174091789185,0.020132458965369162,-0.04062075462676663,-0.2614147151119103,0.020709602951131362,0.16017018610825007,-0.005367506800383672,0.0013486810733734898,-0.09183219729457795,-0.0007313097420214353,-0.07168155802569413,-0.16783751900476926,-0.09315628601942436,-0.009282264619483884,-0.07324962397636287,0.04630577349227104,0.12661546918022099,-0.09424024261783687,-0.06458681620096231,0.05835855975946346,-0.027600544843008373,0.18536484065197797,-0.2795376868387034,0.11959814442562129,-0.09808227313618108,0.2779769374537533,-0.04762366751595502,-0.12340850161956499,0.08327312086555443,0.14962542695127265,-0.003093714483051985,-0.18242692028247923,-0.3473202653959181,-0.315828023198456,0.42795777464024853,0.11039377744970515,-0.9804943791207668,0.007026201607790397,-0.007485280258220368,-0.010349209600146477,-0.0033468403711163987,0.010563953478217961,0.02121706230104896,-0.006271182046736244,0.0018523978786342589,-0.0052075807695038225,0.028953769841967184,-0.0034972096153675454,0.013435182889364825,0.04080711795997234,0.0024900013963174853,0.007342180568525635,0.011611988336534164,0.09095462398631471,0.004027487255725741,-0.019019453991519834,0.026649478852391145,0.0070698552302547474,-0.005113336012051951,0.0011076200729828536,0.009208344441255359,-0.03246670874050525,-1.2031719673871732e-05,-0.0190122782632062,-0.0027010948382213407
323,-0.25140743245106445,-0.18368308458791704,0.5202676591264405,0.03477954133928479,0.09750991577179313,-0.21284103337679888,0.41717314563390795,0.17917401038865152,-0.24331090357739163,0.323721818970809,-0.07059192562293205,0.0013692348104401653,0.24740683049211706,-0.17351100147928367,0.16622232476105606,-0.02623265083107958,0.24291339540986068,0.00019022301247560334,0.13248654248031352,0.13192409953057752,-0.04348845825204782,0.1855350790151616,0.11972930966706559,-0.19805562960387357,0.2118804505164425,0.0500263731404948,0.12523066915592054,0.03725682085529669,0.038826647166915855,-0.07268340250582678,0.10175867293570133,-0.36270210105334194,-0.052212089942069766,-0.019466423503610022,0.07629947183043902,-0.005447081465248593,0.052967296312349844,0.20160893368468813,0.0994669700675177,0.12497850542546035,0.042801033846769906,0.01944507718331035,0.06490876332142437,-0.13285863831807807,-0.0012443481588865892,-0.025768427612586756,-0.2188479676247075,0.07779237207503115,-0.059048802851308806,-0.049196164285850046,-0.11162430777474754,-0.09234780926602841,-0.09454902523069693,0.010309256752313733,-0.16250700850605057,-0.0498775483609908,0.14355042418544164,-0.044385237360651184,-0.038483019215716535,0.13161452953983993,-0.026092117355212698,0.03393705852789061,0.017781329459050692,-0.025503283677376115,0.0620957569139722,-0.10370048079118886,0.019013272620784092,-0.09301646350841965,-0.00280044064118316,0.04434427034118415,0.05098893878152139,-0.02990982665687286,0.0006246007507749405,0.008040447028446059,0.014144906871650884,0.03382076498681108,0.013043595410551279,-0.03938572133967211,-0.024362567072593714,-0.9804943791207671,0.007026201607790295,-0.007485280258220296,-0.010349209600146651,-0.0033468403711159876,0.010563953478217931,0.021217062301048927,-0.006271182046736369,0.0018523978786341188,-0.0052075807695038355,0.028953769841967122,-0.003497209615367546,0.013435182889365184,0.04080711795997256,0.0024900013963176904,0.007342180568525577,0.011611988336534049,0.09095462398631465,0.004027487255725818,-0.01901945399151985,0.02664947885239114,0.007069855230255049,-0.005113336012052265,0.0011076200729827333,0.009208344441255154,-0.03246670874050537,-1.2031719673871732e-05,-0.01901227826320609,-0.002701094838221098
324,-0.3599878935518597,0.1353944317261414,0.22033506336095404,0.5186757782389341,-0.22079965439148305,-0.06784344436827418,0.08569247838479901,0.25105795552470683,-0.11522969396924967,0.39129462868841003,-0.1327509578327548,0.16041645977713118,0.08090828004842168,0.2585569729433107,0.06077595881136749,0.3124569899128663,0.09421477137761348,-0.08524781495475493,-0.19763800373512344,-0.061651414405552246,0.006208490172417948,-0.19790295623335863,0.24775640830874263,-0.16724467813865496,-0.10693617184343258,-0.02172864789832105,-0.20529530160115053,-0.12433002653241937,-0.14944988184392402,-0.1848772680893625,0.029680718384232616,-0.06473916180973657,0.1751691962922642,-0.12064690349029086,0.22830423104485148,0.08396170304574163,0.12166661712425296,0.11072052730741985,-0.03977208867129248,0.19019996252183288,0.059654848579191316,0.07704822981020922,0.02240737828571072,-0.018204416299347333,-0.06481253988301092,0.057562771183271785,-0.26359331486536935,0.17981862817115413,0.09923509801682898,0.009738517434916783,-0.16854187028585924,0.14427756059518282,0.04149117568836208,-0.026352796002416648,0.14515308457995038,-0.14244222475574642,-0.20562761837144064,0.07862071934257468,-0.015307564943639936,0.19333496136434059,0.234860615466793,0.036865599461714735,0.11257165217686733,-0.0609617359099561,0.04334808098970349,-0.025237570489532568,0.037041954793346425,0.09492079535488242,0.07203682260942224,0.04162994013955719,-0.005212069598269632,-0.012364908040034948,0.08308909086766417,-0.03765015963740199,0.011533043160218186,0.025714805740834127,0.013546997028128484,-0.023241623242862268,-0.002606763866690088,-0.9804943791207671,0.007026201607790066,-0.007485280258220532,-0.010349209600146647,-0.003346840371115991,0.010563953478218154,0.02121706230104905,-0.00627118204673639,0.0018523978786341535,-0.005207580769503891,0.02895376984196704,-0.0034972096153673897,0.013435182889365146,0.040807117959972494,0.0024900013963177667,0.007342180568525466,0.011611988336533919,0.09095462398631483,0.004027487255725651,-0.019019453991519893,0.026649478852391016,0.007069855230254997,-0.00511333601205213,0.001107620072982886,0.009208344441255109,-0.03246670874050541,-1.2031719673969744e-05,-0.019012278263206006,-0.0027010948382211394
325,0.38960936665293433,-0.044905237062231734,0.34693372030104186,-0.2736976746240572,-0.015126117358348177,-0.11291311433207211,-0.39610421469311174,-0.2799719808480886,0.04013365647165495,-0.38582318964592427,0.1563393577367835,0.07221999953712922,0.5762909013256663,-0.016552685485499225,-0.4710926085317908,0.010530366436465426,-0.1148125626130238,0.06832124105827421,0.10867669369291479,-0.1542318287875596,0.1768380402980629,-0.20809540993161957,-0.18850056248076205,-0.3655239816419373,0.026313694357593523,-0.41676597026452594,0.15313426131746247,0.234247632180173,0.03829028001246474,-0.16715711434675123,0.19775974846831967,0.3049044584619021,-0.12078455492553204,-0.26349932048200103,-0.19633943525570804,0.08778759652739773,0.19401180661042292,0.05367249471397938,0.0025247740013256293,0.12341274038606714,0.16453664415756708,-0.20220151258349442,-0.11807882753986172,-0.01616771732871498,-0.06575703974307932,0.17161914787714458,-0.008538975025698456,-0.1486197511975428,0.25835101036342395,0.0705043834013724,-0.04243604148913785,-0.2514465755659504,0.0039613995303943075,-0.13083966259517607,0.0987350888973117,0.0025718509282048885,0.04829485011906764,-0.03755554256666383,0.3418495381623579,-0.0934055843389296,0.07570737657757073,-0.07143874636647268,0.05242118165073397,0.12942462798529347,0.14390305852371177,-5.132358032581779e-05,0.01857457374138699,0.01768306774569171,0.04960994472772812,0.0036796812196869273,-0.01314666945020905,0.016642556600523318,0.04487539727366774,-0.05795792797878632,0.021333225337617775,0.024542372199164747,0.008672360190557532,-0.025240535807458213,-0.001615133032664199,-0.9804943791207674,0.007026201607790258,-0.007485280258220239,-0.010349209600146675,-0.0033468403711157256,0.010563953478218067,0.021217062301048955,-0.006271182046736248,0.0018523978786342311,-0.005207580769503281,0.028953769841966907,-0.0034972096153675454,0.013435182889365363,0.04080711795997252,0.002490001396317728,0.007342180568525676,0.011611988336533954,0.09095462398631456,0.0040274872557258135,-0.019019453991519903,0.026649478852390853,0.007069855230254942,-0.005113336012052211,0.0011076200729826177,0.009208344441255067,-0.03246670874050542,-1.2031719673968877e-05,-0.019012278263206152,-0.002701094838221188
326,-0.2522401718117671,0.08412414776438581,0.04689445756270014,0.261574658062956,-0.04454093863688312,-0.20138082023115333,0.17160462465323023,-0.12303006091933882,0.20121039716414094,0.2832313324072273,0.0653831985133902,0.010585014568329785,-0.03343831361024951,-0.0819895771777024,0.2142914960982522,0.28533853286653277,0.0740604265924821,-0.3060293237221878,0.09002309369378228,0.12060990886027016,0.22096144659764091,0.08765955792293156,0.11399401914948974,-0.10263657652158002,-0.38506871146808686,-0.22857704059689296,0.06777251219895548,0.11791838407454826,0.09878044947678204,0.04785518428991039,-0.0033969725091345417,0.17637240388623557,0.11539121739701405,-0.041915673464953736,-0.12994275515017747,-0.00451540621128088,-0.08454778693247976,-0.21668801656542774,0.012412417694613577,0.22039750637129915,0.1881760399878608,0.036774695228968354,-0.10712365902861197,-0.01642441917836205,0.14548248759134386,-0.11293192665122062,-0.16098393941930714,-0.12342575915733636,0.1671630508360328,0.06172822092376161,0.00829355330362174,-0.006961546317907739,-0.14497092072052584,-0.011028077784200632,0.02410396991007261,-0.029521863020613263,-0.10748870253308454,-0.1616543156102512,-0.0919921584900215,-0.13985799088108428,-0.1683180410764107,0.06141368065336389,-0.274611431768022,0.06696815680239447,-0.0374590986947443,0.03304216435042913,0.06526067172069927,-0.03412271956677787,-0.18313038899215334,-0.08327101233963631,-0.0033209925659253106,-0.0032271976999744064,0.0726710899173419,-0.010264720269179203,0.010243395056479872,0.013201752252220414,0.005657779512274994,0.011269764705652273,0.003457971357052392,-0.9804943791207671,0.007026201607790154,-0.007485280258220329,-0.010349209600146693,-0.0033468403711160743,0.010563953478218159,0.021217062301048882,-0.0062711820467363,0.0018523978786342103,-0.0052075807695035935,0.02895376984196708,-0.0034972096153674482,0.013435182889365214,0.04080711795997245,0.002490001396317705,0.0073421805685256625,0.011611988336533903,0.09095462398631456,0.004027487255725552,-0.019019453991519625,0.026649478852391075,0.007069855230254935,-0.00511333601205219,0.001107620072982642,0.009208344441254929,-0.03246670874050542,-1.2031719673732955e-05,-0.019012278263206193,-0.002701094838221056
327,-0.21442189870698308,0.06833851103895942,0.1930862746603323,-0.20947376704183748,0.24903383869009355,-0.24349305972424864,0.34333637234140524,0.15676774297331036,-0.23346827486530689,-0.08668747350638618,0.0864139395465265,0.0014101140282427379,-0.20070402519802702,-0.16110367660015917,-0.020134276303546347,-0.24600676413981443,-0.18068998580128154,-0.047771058201791686,0.06402500292703477,0.002010269480181031,-0.004529953672642331,-0.24498018741510247,-0.030217425122903152,0.1088603784951911,0.21789360436969604,0.08199511773354366,-0.032548870388103654,-0.010366555129954368,0.014823785945909575,0.06718714573013958,0.06706709103463837,-0.3562912373077816,0.0458234404429182,-0.1509507484197123,0.14496797204447517,-0.20194171598300145,0.09638474724482149,0.24953195833167305,0.09602067668613178,-0.017680309136475458,0.012458305537560138,0.04469001856049109,-0.012450414516066387,0.16696044064264612,0.012373482797860004,-0.1664776260211343,0.23289009997428894,0.12567946411628467,-0.15340704296084282,-0.07454264278072117,0.005901807959792821,0.10283125967032185,-0.011470133768128494,-0.007454877953528454,-0.04716367409486287,-0.09432997880809636,0.054272565278152114,0.09169020529086404,0.08210125197377388,-0.09838457576772172,-0.03604339458418791,-0.054494747004127445,0.007965501794063858,0.007601224726268422,-0.12275194243610194,-0.019046229113862306,0.06469826342152668,0.004688000300156638,-0.03091214021143969,-0.08662053487649575,0.033158819272307176,-0.020735423465266307,-0.0235702125347932,0.009008008992327683,0.012843580974750714,-0.0024508278259177995,-0.018139949454856648,-0.007829306756082961,-0.00580333097606329,-0.9804943791207669,0.007026201607790399,-0.007485280258220352,-0.01034920960014664,-0.0033468403711159667,0.010563953478217938,0.021217062301049156,-0.006271182046736265,0.001852397878634143,-0.005207580769503891,0.028953769841967156,-0.003497209615367591,0.013435182889365205,0.040807117959972536,0.0024900013963176496,0.007342180568525549,0.011611988336533973,0.09095462398631461,0.004027487255725665,-0.01901945399151981,0.026649478852391308,0.007069855230254931,-0.0051133360120520915,0.0011076200729828304,0.00920834444125521,-0.032466708740505404,-1.2031719673982755e-05,-0.01901227826320613,-0.002701094838221174
328,-0.19256757177135456,-0.021387135368177324,-0.09416668134011656,0.36554173733083173,0.4920985588129964,-0.09581645674045886,0.15829859732575957,-0.313962662781206,0.34308941982539476,-0.4815590036713345,-0.23044523470700976,0.40689400718154284,-0.3921519816345541,-0.12473839697690191,0.32687592357283846,-0.04865405231207881,-0.17412111084336185,0.2689788665831385,-0.11242106702978766,-0.2539583083701131,-0.1571493887109058,-0.2939051979923461,0.2744173099615967,0.1786575539680673,0.05400981687217788,-0.09310176917921356,-0.07237205493526364,-0.06462980901972673,0.06328290403321236,-0.0015258503883270168,-0.12737049479486262,0.2618639010216381,-0.27538894646101864,-0.04107518068241254,0.03971965054230136,-0.06861031912380837,0.2135096758688849,-0.13921603378744773,0.03833922470095965,0.024051665029727033,0.12699184749144657,-0.0724493764685896,-0.0429854334530867,0.14265284790842278,-0.051327183418875495,0.21967091705484834,-0.073590935490103,-0.24354053193670908,-0.0771748461649617,0.1597891521797102,-0.2535225960232156,-0.04236235591423443,0.08653477253587837,-0.07985760872948792,0.10373967892433182,-0.12053986016440918,-0.10455781987594125,0.04721609700359004,0.016715918465494993,-0.16340755008409566,0.03661842880094474,-0.1038880186214143,-0.0909531595023143,-0.1310455256418033,-0.016579806415903772,-0.048472268551559373,0.07569106533984628,0.08255128336102759,-0.0037881175287580067,-0.025670060731511592,0.017907912111675257,0.003390743465790813,0.04956679331527804,0.011517034518344179,0.005240903289070418,0.020151510082333856,-0.0019104981440099577,0.015598099561658372,0.00983210258732198,-0.9804943791207666,0.007026201607790343,-0.007485280258220303,-0.01034920960014679,-0.0033468403711157707,0.010563953478218228,0.021217062301049007,-0.0062711820467362634,0.0018523978786342981,-0.005207580769503576,0.02895376984196705,-0.0034972096153673467,0.013435182889365141,0.040807117959972494,0.0024900013963176475,0.007342180568525476,0.011611988336534042,0.0909546239863149,0.00402748725572568,-0.019019453991519577,0.026649478852391068,0.007069855230254988,-0.005113336012052011,0.0011076200729825917,0.009208344441255012,-0.03246670874050539,-1.2031719673850916e-05,-0.01901227826320609,-0.0027010948382212574
329,-0.15923169542915794,0.17448968619223224,-0.20074227970913025,-0.3194327497064278,0.39526374278193577,0.08626756145637342,0.2377605102216175,0.028473701350186335,-0.36607513321511925,0.13191836629501927,0.19963978045571487,0.38000069583567064,0.5662792251424051,-0.19455978563809828,0.11984837656730156,0.0458627717241865,-0.1747009270021869,-0.14583405695117374,-0.07131637119400648,-0.2136144384706474,0.34839793447049133,-0.053047682678832836,0.19180157253418098,-0.19892963850306547,0.1778360272178024,-0.15841638839376296,0.1294944016418735,0.17563696539865534,0.0466037193816215,-0.011121011506857214,0.17577995984664962,0.20589769710523276,-0.06977433440207392,-0.21296850846244839,0.1283225783623115,0.06306015519457808,0.06555508369041668,-0.043231973739838815,0.06617609482358315,0.09715127162442894,0.38529874187022556,0.04567315343146671,-0.18125660833835916,0.061423550758097356,0.03450310376903567,-0.24969775448080686,0.19603266278677745,0.08313613158206233,-0.11199766786517554,-0.02745647830776683,-0.13476069758263376,-0.03708180203919619,-0.24335075339651513,-0.007029930259489896,0.008434590323128734,-0.06379064716196216,-0.03603792826072653,0.038545157662872656,-0.014944809145424707,0.08731001292711389,-0.020907645761630123,0.021359199984826313,-0.06208945628625761,-0.022692173410697444,-0.06008677871136955,0.1379759441641468,0.01923213551751218,-0.04344290583166267,-0.09123333594622024,-0.004340565935222214,-0.02804117463135958,0.004057351304986775,-0.01182337333074981,-0.002908652733093149,0.004616856884449568,-0.004456118908104438,-0.01569229973946796,0.003989793532191817,0.004377195499640935,-0.9804943791207671,0.0070262016077902115,-0.007485280258220477,-0.010349209600146578,-0.003346840371115939,0.010563953478218084,0.021217062301048962,-0.006271182046736321,0.0018523978786341361,-0.005207580769503572,0.028953769841967097,-0.0034972096153676464,0.013435182889365233,0.0408071179599724,0.0024900013963178266,0.007342180568525632,0.011611988336533966,0.09095462398631465,0.004027487255725679,-0.019019453991519754,0.026649478852390975,0.00706985523025489,-0.005113336012052265,0.0011076200729827333,0.009208344441255154,-0.03246670874050546,-1.2031719673767649e-05,-0.01901227826320626,-0.002701094838221379
330,0.07075626841704302,-0.10102796191904681,0.19496321166983863,0.07866590943469202,0.06753098561188729,-0.27540554188475186,0.1972023190359378,0.10827468781381346,0.19522241754497446,-0.08724007691417444,0.007268298817076938,-0.08045090580142351,0.23177776629812652,-0.12386515674535566,0.04576840746785558,0.18018679260253043,0.21207085561805614,-0.44689240871633157,0.06459422590658391,0.14339884881549161,-0.24212176101431596,0.06246922526088651,0.12014467273633965,-0.17712223713013997,0.0030672785836676607,-0.0969328513442236,0.18215122853508742,0.018685769352510123,0.2629418567796915,-0.16494630805940128,-0.07987194085273179,0.08109399166070957,0.4332101595124731,0.0929545656056314,-0.012021161981006922,0.08096541724853147,-0.22142044060112112,0.15644757893610253,0.08250076395477415,0.08421273136198436,-0.010107792831058988,-0.08084609999336898,0.030475815806762674,0.18123960669121336,-0.20453838430036955,-0.178608495548807,0.0431588949173766,-0.012024889200028636,0.06955044474429911,0.09041698925295943,-0.07916630668679879,-0.08374867277971432,-0.09328260743907063,-0.29251730206987764,-0.0987866651567734,0.11084518828269359,-0.0039643682315603414,-9.324881940096242e-05,-0.004261133822565393,0.02297729030720072,-0.14270478446354007,-0.041964801246760296,-0.0510342921601068,-0.020083835704929782,0.05698428428539932,-0.051296650903382895,0.017312219161549756,-0.08154361483511142,0.009637433719992426,0.019020640936175396,0.05783019622113749,-0.019993383824660767,0.0988437935864358,-0.02445008310021798,0.0196564154995215,0.030328572597999863,-0.01194853636181885,-0.012574451902552736,-0.013033139674139377,-0.9804943791207673,0.007026201607790147,-0.007485280258220513,-0.01034920960014667,-0.0033468403711159425,0.01056395347821802,0.021217062301048896,-0.0062711820467362235,0.0018523978786342103,-0.005207580769503694,0.028953769841967247,-0.0034972096153673233,0.013435182889365287,0.04080711795997238,0.0024900013963178704,0.007342180568525676,0.011611988336533966,0.09095462398631457,0.004027487255725625,-0.01901945399151984,0.026649478852390978,0.007069855230254914,-0.0051133360120523275,0.0011076200729827565,0.009208344441255161,-0.03246670874050525,-1.2031719673927244e-05,-0.01901227826320608,-0.0027010948382211047
331,-0.15387207728020547,-0.19883864404541945,0.1123525247669171,0.5174954887116503,0.2660460032681709,0.07780403994684498,-0.3631130023529553,0.031802385892635315,0.3321479681893638,-0.2053552578188054,-0.05812231872528155,-0.2020941927795671,-0.008399012574832413,-0.10398129254204908,-0.15375027755832457,-0.1355077863959749,0.05462791549079018,-0.12525506970570294,-0.005700883117282648,-0.09172607699203428,-0.24384798831473406,0.04629836636225326,-0.008229905411670797,0.004714620183237814,0.0616120696802298,0.21497286567089474,-0.10884866060280331,-0.18888611805583674,0.27431660033581806,0.050790364764806493,0.24828219005240643,0.1800482653750362,-0.2418053826480277,-0.16422257229838005,0.05435510214902275,-0.17491064919507748,-0.06162101561889086,-0.007413858370807827,-0.2693997216512382,0.044762750276481265,-0.06196408651812318,-0.07672252103300546,0.040071956591503706,-0.00897024539086426,0.1303745371920777,0.05523112197007285,0.10213002381537649,-0.07675892856868945,-0.032423473667056626,0.028816075331064284,-0.1131246831447015,0.07388965275247213,-0.12107102140367658,-0.04104076868883633,-0.1197135811327995,-0.14654889528493686,-0.020087059460445474,0.20478414482552978,-0.04617130357010655,0.11929905853538494,-0.09996063653190426,-0.015957192597510984,0.11050115595782543,0.06838815365617536,0.03541202449930055,0.03832752348617365,0.04091890476439156,-0.006545278320804378,0.030474175659394625,0.006450658131784737,-0.012084467426297504,0.00196642207930989,-0.05107752957871517,-0.003142694833145841,0.0014714257037568767,-0.010439243808270732,-0.003094835446832989,-0.011022039736402915,0.0021158643622956274,-0.9804943791207673,0.007026201607790347,-0.007485280258220277,-0.010349209600146682,-0.0033468403711158505,0.01056395347821793,0.02121706230104886,-0.006271182046736298,0.0018523978786344924,-0.0052075807695037704,0.028953769841967174,-0.003497209615367548,0.013435182889365287,0.04080711795997273,0.002490001396317741,0.007342180568525358,0.011611988336534066,0.09095462398631472,0.004027487255725806,-0.01901945399151972,0.026649478852391165,0.0070698552302551195,-0.005113336012052212,0.0011076200729826758,0.00920834444125526,-0.032466708740505466,-1.2031719673871732e-05,-0.019012278263206214,-0.002701094838221063
332,-0.37077479167432364,0.29816056926381557,0.10108474877143646,-0.19085256513428864,0.10275467088536876,0.1146206081905904,0.11004760501262845,0.07702851587491512,-0.08697475898695763,-0.6151005804088793,-0.12316470875954433,-0.34602917034377045,0.09057652784144408,-0.015008319560208056,-0.08446338280040447,-0.12026369760619456,-0.05687626490619257,0.08187106243627139,-0.024387949189244976,0.3842741726263669,0.3756400915105458,1.6106072885178783e-05,0.07733370407918881,-0.26789802941548957,-0.0743928937085764,0.019770600568517933,-0.04642929492392675,0.23941957226653957,-0.17341705224741868,0.1058914348541872,-0.08613010203907619,0.11424059203776724,0.1268116861567228,-0.20586649625809064,-0.012465144211021514,-0.24549359484847685,0.06682100320350062,0.23584463172893888,-0.03082585846445914,0.0187856209961432,-0.11347980495915037,0.013844642269595824,-0.19632543212446066,0.02741809541229683,-0.024378164946541242,0.011594002955821322,0.1593015340941045,-0.016925906106659633,-0.18446661348432927,-0.1268106649013203,-0.09566313384504536,0.144542334514097,-0.05967605190502602,-0.0607034855434829,0.12460066096038713,-0.09820462682084029,-0.030926239403313332,0.03347564854434022,0.24110792636175674,-0.07060003363517066,0.1613945287066549,-0.030718292323619865,-0.1514548843191322,-0.004176783702519963,-0.10753872079714298,0.02846340169567832,0.15350499998367537,-0.03645024491555228,-0.025466602809559744,0.004471167731397654,0.02123506994212661,0.011070667512847205,0.06351080581294183,-0.00318777833423517,0.0035299118254603795,0.01695319460244147,-0.004252580711807837,0.013890544138672719,-0.004215804999029858,-0.9804943791207669,0.007026201607790236,-0.007485280258220256,-0.010349209600146651,-0.003346840371115819,0.010563953478218056,0.02121706230104926,-0.006271182046736254,0.0018523978786341327,-0.005207580769503465,0.028953769841967156,-0.0034972096153673238,0.013435182889365287,0.0408071179599725,0.0024900013963173604,0.007342180568525719,0.011611988336533935,0.09095462398631457,0.004027487255725634,-0.01901945399151983,0.026649478852391138,0.007069855230254952,-0.005113336012052086,0.0011076200729827782,0.009208344441255104,-0.03246670874050556,-1.2031719674007041e-05,-0.01901227826320602,-0.002701094838221202
333,-0.16070155163962854,-0.25125881362770874,0.10903539625083623,0.4515755055221688,0.4131394409931648,0.08647260679368293,-0.3183897340638039,0.11907375788820211,0.01944640010656261,-0.3383327060143691,-0.211441571064834,-0.2918210562464848,-0.06466138065390882,-0.029166275000773744,-0.2344617944161175,0.06672079462477333,0.10661385588295326,-0.08379568425238543,-0.162770759618065,-0.08223053948150431,-0.20031076351636612,-0.13047458792761674,0.05510959217964129,-0.06216916296990783,0.12890604969489913,0.05510096783523319,-0.043210080985633725,-0.06852780330757897,0.10506038814236426,0.18850212402837951,0.2068618704361253,0.12881410730517556,-0.0603581011386989,-0.1976896829546568,-0.05554210522080073,-0.07014253578084913,-0.20413082321433396,-0.14889242787977922,-0.23572457951309475,-0.030934540716384903,-0.031579017124842707,-0.012265580476565608,0.028288826826313025,0.08442108122291106,-0.009218613549606066,0.19328078298940898,0.06897253848509023,-0.13436962199411298,0.03197695288250548,0.06563757782499582,-0.05133958747300185,-0.10620083088494996,-0.27492971162483565,0.19526681129508136,-0.177872919141831,-0.048401450336880494,0.04581717518616765,-0.07089814697220852,-0.1759781768955879,0.1622881679050532,-0.17047170898357958,0.05495201052131986,0.01701475242776048,0.03969365667860699,-0.21674238553125386,0.06281754827464305,0.11185346419039942,0.042579916446622144,-0.013645175594525185,-0.10715616128594377,0.0029088861120033283,-0.02020922499766156,-0.061503780312925235,0.022473325191682516,0.00223817366037713,-0.011648846529426809,-0.012114276879618854,0.004756447946213569,0.008801244591227117,-0.9804943791207672,0.007026201607790409,-0.007485280258220317,-0.010349209600146876,-0.003346840371115809,0.010563953478217902,0.021217062301048834,-0.006271182046736395,0.0018523978786346034,-0.005207580769503632,0.02895376984196714,-0.003497209615367534,0.01343518288936521,0.04080711795997251,0.002490001396317741,0.0073421805685254,0.011611988336534018,0.09095462398631468,0.004027487255725729,-0.01901945399151966,0.02664947885239101,0.007069855230255137,-0.005113336012052143,0.001107620072982662,0.00920834444125499,-0.032466708740505404,-1.2031719673941121e-05,-0.019012278263206162,-0.002701094838221091
334,-0.006344252925931827,-0.37509504345044403,0.07779927077125352,-0.004854110972697587,-0.29409816449088577,0.027639762547929488,-0.24735589733587035,-0.06424449036079043,-0.3410293114908127,-0.01091671002455095,-0.02854449859105151,0.19652372080994857,-0.2360919723085535,-0.07683057710738041,-0.013949731211574617,0.09392516582450562,-0.14107172474928564,0.19197351715272346,-0.12988793608404045,-0.23643018093901189,-0.007242234637774528,6.701616212237593e-05,0.059287547213563045,0.06167626753884917,-0.021222374211065785,0.16192240190633947,0.08827178641088447,0.08835352487413554,-0.12016879348556544,-0.1062868864356403,0.09555667098732436,-0.16688084151870033,0.10936708078533532,-0.016465567343292277,-0.15720857549695025,-0.16794210649718416,0.03019230078968195,0.024506197983028426,-0.03817070002616037,-0.08561600908522174,-0.021708860134497444,-0.0872762155122358,0.02461482345254542,-0.03815735675423777,-0.010988031602035517,0.11429271681307857,-0.04238329772187687,0.052112966781466534,-0.21528464017290636,-0.1616265845150982,-0.23441200748014998,-0.02204129861797726,0.006588376649457845,0.02479533177519377,-0.10162729906719026,-0.053952439661047305,-0.10327690347760786,0.02502705068558648,0.09022649129146029,0.07748213836884967,-0.2770619094449042,-0.04671250564479871,-0.2156834800913619,0.04886681837642488,-0.047325343948193585,-0.21048702713331802,-0.09667135954435765,-0.07571234812480879,0.06454321751471491,0.26577631145784997,-0.3543630616312264,-0.6936949853316143,-0.017099474863211655,-0.061767089798234746,0.25178695897261794,-0.08056391915174467,0.1146627490671263,0.0665559274022254,-0.0022197500674455803,-0.9804943791207666,0.007026201607790254,-0.007485280258220452,-0.010349209600146963,-0.0033468403711157703,0.010563953478218067,0.021217062301049267,-0.006271182046736471,0.0018523978786341461,-0.005207580769504083,0.02895376984196708,-0.0034972096153675475,0.013435182889365103,0.0408071179599726,0.0024900013963177494,0.00734218056852534,0.011611988336534209,0.09095462398631454,0.004027487255725653,-0.01901945399151972,0.026649478852391054,0.0070698552302547995,-0.0051133360120521896,0.0011076200729827105,0.009208344441254972,-0.03246670874050525,-1.2031719674038266e-05,-0.019012278263206214,-0.002701094838221025
335,-0.145019551719188,-0.3149422147546297,0.2918786712836089,0.31762734979354096,-0.1309487866612251,-0.03583732641535003,-0.3394303742101035,-0.2040466282732538,-0.21181399735980302,-0.023338742748912428,-0.2709596726270533,0.0437912554827021,-0.4792630608621621,-0.20240643474860961,-0.19282086692217223,0.08151967320353948,-0.15259775191009972,0.07975871851203414,-0.48254082993345787,-0.21091463638181854,0.07796290483504384,0.04281560802062203,-0.007881242957461364,-0.02959920782381522,-0.07675804927084465,0.16603586474103413,-0.12339102818297121,0.23351393953421168,0.019826483955057594,-0.19099669331281252,0.07175835976386824,-0.14519336993034085,-0.028364307654925796,-0.008827372995081987,-0.21195363353097246,-0.0916182737113628,0.0061737204401144195,0.04294447740361696,-0.19458839904176795,-0.08174525791546657,0.009514731936858117,-0.14932751934567265,-0.0638617932582202,0.0192771404499585,0.13996820628032774,0.17033145191326332,-0.025485867696184487,-0.03562628514822849,-0.08806106776644344,-0.06779379034552815,-0.19409804459851412,-0.06288436588884365,-0.075411766060272,0.12722262422890246,-0.08814825697251127,-0.09507848327188347,-0.08399005317150578,0.035389508702407445,0.08742698515325485,0.10986489037584254,-0.22752263910420678,0.013942035245759873,-0.16854559776404063,-0.04674471110733067,-0.06027468527129291,-0.053287318652116014,-0.16136403115606945,0.008844375493163643,-0.07241977422414501,0.14327410931676537,0.031980607045919617,0.062288358555985544,0.04508379813921949,-0.03463206275561872,-0.009227223798841507,-0.01924521613674527,-0.014461935399407249,-0.014693870492682112,-0.0052900850278993624,-0.9804943791207672,0.007026201607790309,-0.007485280258220378,-0.010349209600146828,-0.00334684037111575,0.010563953478218082,0.021217062301049094,-0.006271182046736423,0.0018523978786342704,-0.005207580769503826,0.028953769841967153,-0.0034972096153673814,0.013435182889365117,0.04080711795997265,0.002490001396317748,0.007342180568525282,0.011611988336534028,0.09095462398631468,0.00402748725572567,-0.01901945399151974,0.026649478852391106,0.007069855230254852,-0.005113336012052191,0.0011076200729826984,0.009208344441255002,-0.03246670874050533,-1.2031719673913366e-05,-0.019012278263206284,-0.002701094838221063
336,-0.1010986822190376,-0.08466204790217009,0.2094465383552138,0.22549569404441172,0.0659247825326228,-0.0954651310974293,0.07467570396640026,0.16199488719536445,0.21038602381006657,-0.2256872933287997,-0.023595699249261085,0.11417343235509972,-0.278674558309449,-0.22802914518609715,-0.16446830783639568,0.2401573006846345,-0.06922021976339236,-0.11367431974763267,0.015597990815865694,0.010278518640591613,0.0567476564974406,-0.10792975869530715,-0.3151703372012395,0.14939633732452087,0.2687822111177801,0.011690904764309989,0.108192041558822,-0.09825833295974948,-0.008385855732895839,0.12417611480781147,-0.14206493164546316,0.21124478753219839,0.0065398927838724264,0.03709422583686865,0.03434138154832145,-0.043310927121841584,-0.11269001839294192,0.03278466984780414,-0.05275534578223375,0.12706747312771965,-0.12346921800285056,0.046289497464042983,-0.007474400080786448,0.14910919243340906,-0.22393079075739394,-0.08674755055389556,0.09459939024042346,0.018443998367645306,0.005513270143179682,0.06470737112187547,-0.1434098114786415,0.1634344245471098,0.020780758947028004,-0.3545069402294826,-0.06614921574315988,0.016012952490237917,-0.016723333430471464,-0.009038421923299643,0.0264466577553979,-0.017263023921154575,0.004845459947199376,0.061114859733661125,-0.1875581292680335,-0.02199955962436246,0.0430205415903696,-0.025517349281638454,0.053792197218085105,-0.11420776909742503,-0.03340710061381543,0.05142454326186262,0.024460552942246378,-0.004711963832156636,0.07985089063836791,-0.0056452563328919375,0.0016925049529731698,0.014669906404253847,-0.006954798994070237,0.008729078644707814,-0.01379625281546649,-0.9804943791207673,0.007026201607790352,-0.007485280258220409,-0.010349209600146628,-0.003346840371116005,0.010563953478218103,0.021217062301049104,-0.006271182046736217,0.001852397878634245,-0.005207580769503628,0.028953769841967163,-0.0034972096153674205,0.013435182889365078,0.04080711795997266,0.0024900013963175685,0.00734218056852551,0.011611988336534014,0.09095462398631471,0.004027487255725695,-0.01901945399151959,0.0266494788523912,0.007069855230254942,-0.005113336012052258,0.0011076200729827322,0.00920834444125529,-0.0324667087405054,-1.2031719673951587e-05,-0.019012278263206138,-0.002701094838221134
337,-0.18230684306371195,0.15160578648159284,-0.31548756250648985,0.10420792348633295,-0.022689435840638313,-0.08448341361791724,-0.3686312877314055,0.14789465673808486,-0.045196475179301115,0.2895349896391679,-0.16597552311174188,-0.06808187203491779,-0.6119905067224619,0.002311457649598928,-0.01696990027278982,-0.05140332761440371,0.14268180545334533,-0.16377984663805317,0.2907967240882285,-0.14628002836352255,0.34747113959305737,-0.2741967504806716,0.24919093973261638,0.06658441144809137,-0.39959967710804234,-0.5176470997372841,-0.07345312813398644,0.12200284322850057,-0.07367770433061284,0.22222493330138066,0.19983370503144182,-0.18849372233045594,-0.5209114965268613,0.06442479258211356,0.3178546977857803,0.06997508362080661,-0.10169700738135046,0.3452482928184183,-0.1038276092154261,-0.14115197041916655,0.12651556652338491,-0.2888027148576443,0.0009639843662666521,-0.04993838979836577,-0.05752755636423154,0.05294888775988873,0.09118985136508087,0.4198215326341663,-0.0804022974051537,-0.01734778865117268,-0.175831134481783,-0.12269636910932985,-0.1929294811639238,0.06862263704789286,-0.12414905733677985,0.29871866176426953,-0.26781003591264396,-0.02068566035425058,-0.10584873752077595,0.15907014029980487,-0.12006666989550016,-0.12280291475829974,-0.1129368599612107,0.18293343975268103,-0.043098477215870935,-0.034662373540813564,-0.0939277634002104,0.04002648887425586,0.06554581279022494,0.1363608790575806,0.07363705223967774,0.06590819900013761,-0.06360755961937112,0.020920682558970106,-0.011905790538968914,-0.012071971806931005,0.02092555614549669,-0.022224479365777268,-0.0030916340099359043,-0.9804943791207668,0.007026201607790302,-0.007485280258220359,-0.010349209600146772,-0.003346840371116019,0.010563953478218167,0.021217062301048892,-0.00627118204673621,0.0018523978786343304,-0.005207580769503808,0.028953769841967052,-0.0034972096153673134,0.01343518288936509,0.040807117959972564,0.00249000139631777,0.007342180568525452,0.01161198833653385,0.09095462398631465,0.004027487255725707,-0.01901945399151967,0.02664947885239099,0.007069855230255021,-0.0051133360120519285,0.0011076200729828998,0.009208344441254908,-0.03246670874050551,-1.2031719673963127e-05,-0.019012278263206134,-0.0027010948382209924
338,-0.3882516450095304,0.19918922955590923,-0.1337726332287825,0.4702115983344674,-0.06323021971791677,-0.16074327844853997,0.11305290517699888,0.1261569189623901,-0.11016352882814841,-0.1467285682054385,0.05281866448186326,-0.21001318970778257,0.00030981636160019497,0.2770231197368414,-0.06363173791108363,0.2518356267004679,0.014418882920207007,-0.11376531217490814,-0.004057294180018914,-0.17199538232260653,-0.037812484179569804,0.051484183245031935,0.13935760676543926,0.020694548066589206,-0.16777928518361865,-0.1556815705189204,0.18456099330345804,0.2354798207953735,-0.020924672051251807,-0.29572238591100874,-0.020094123668327208,-0.12029685200105254,0.1045901934982909,0.015132471570012766,-0.0705188879918514,-0.03202540026714656,-0.07591671419573374,-0.04714719980388678,0.07906829999573473,-0.08031650579354065,0.08684116334193741,-0.021535798765759683,-0.07043878423366247,-0.11772375965229694,0.11895548085512082,-0.2369910487093856,-0.1897235122629828,0.025579305437178942,0.15480795763906993,0.00505710973668139,-0.026385136796194895,-0.07514874648299522,-0.06581727389163547,-0.04766578690093432,0.10543549320402944,0.07689693219399867,0.03726316972999432,-0.04522094605450292,0.1357200921873375,-0.026521846431394262,0.043279720855880825,-0.0735702034191688,-0.09707914953130455,0.16068376409189802,-0.02802037352336915,0.1185018312634011,0.008064477341883805,0.013324463537146511,-0.08671772497136244,-0.044532147661427574,-0.024017962232380306,0.014696610172994692,0.014225035526938398,-0.0200628057771368,0.004843970314519274,-0.009498462432478967,-0.006352700796034761,0.0023615477491781183,-0.0035053580854584846,-0.9804943791207671,0.007026201607790226,-0.007485280258220376,-0.010349209600146788,-0.00334684037111602,0.010563953478218152,0.02121706230104901,-0.006271182046736262,0.0018523978786343126,-0.005207580769503635,0.028953769841967143,-0.0034972096153673394,0.013435182889365401,0.040807117959972404,0.00249000139631777,0.007342180568525517,0.011611988336533909,0.0909546239863145,0.004027487255725646,-0.01901945399151983,0.026649478852391082,0.007069855230254845,-0.005113336012052266,0.0011076200729827903,0.009208344441254882,-0.0324667087405054,-1.2031719673953829e-05,-0.019012278263206155,-0.0027010948382211043
339,-0.05584908315126856,-0.2196408232753078,0.10937898087011284,0.31289807017264165,0.04265999010793727,-0.03325640522706679,0.2674975449578161,0.5432354045986735,0.07479513145535178,-0.25793177120628963,-0.13971333264910155,-0.037477146370536764,0.05431412348982555,-0.2946162014241549,-0.025473245745868175,-0.08431172822543113,0.22703704300785818,-0.2647549891451015,0.36957458425134504,0.6576855056071416,-0.004870694361087249,0.10754212263761291,0.1740670328707228,-0.08893268700660034,-0.09271624391386715,0.09994351741585535,-0.029180091350765085,0.10697099150136587,0.06442003934523768,-0.06636269309929592,-0.19970801367966967,0.10597583439780844,-0.013419272876111532,-0.19866204848657115,-0.1694385401191074,0.09677488145775469,0.06084779150646424,-0.2650426708278384,-0.1901689766082056,-0.016778943194039442,-0.024088234548079228,-0.13466136496218967,0.16622704861009358,0.14398890474064283,0.10540233535574625,0.08940044322620311,0.026801395610962904,-0.09951729575438817,-0.08185307556730205,-0.13038467123535105,-0.09488215934217566,-0.0036229550521407606,-0.18455850527150316,0.06781788403863961,0.13992963550466742,-0.06653457183158723,-0.01778533846843739,0.13099046455561758,0.1923697030000702,0.09301132767211279,-0.10161586346473123,0.058065365908418536,0.1291167445722093,0.07915262393237257,0.18320804675205543,-0.05339656750107523,0.0671764396190924,-0.027882498463383885,0.03573279532791121,-0.0468343782605941,0.006565305929821478,0.0024886933174710665,-0.023126061768610377,-0.0036048844559744557,0.012631990386022186,0.01650532455068541,-0.00138027971443856,-0.010342790162554093,-0.005490249788993491,-0.9804943791207669,0.0070262016077902965,-0.007485280258220331,-0.010349209600146732,-0.0033468403711159754,0.01056395347821788,0.021217062301048945,-0.006271182046736344,0.0018523978786343408,-0.00520758076950367,0.028953769841967125,-0.0034972096153672977,0.013435182889365311,0.04080711795997254,0.002490001396317616,0.007342180568525622,0.01161198833653417,0.09095462398631445,0.0040274872557256826,-0.019019453991519816,0.026649478852390992,0.007069855230254893,-0.005113336012052135,0.0011076200729825596,0.009208344441255074,-0.03246670874050548,-1.2031719673972377e-05,-0.019012278263206096,-0.002701094838220944
340,-0.21206916676328058,0.1803975591994585,0.06449682455448176,0.2643178141075648,-0.40013145899191765,-0.24336141391557942,0.40304319480310274,0.19069125168246148,-0.101215737729929,0.12348106507251959,0.01618743545337226,-0.012164273326777561,-0.02359707585550638,-0.008031605349150338,-0.0082321951293453,0.024979112399987364,-0.14586556464289582,-0.16379901240006595,0.16717770885900962,0.12425451574710149,-0.21876853176163613,-0.05252036827626179,0.07644982469416213,-0.19191955176413278,0.076847914516296,0.12878298758476275,-0.2608845847767693,-0.17985546784146936,0.03356872072209023,-0.2423137353129087,-0.05290101364278588,-0.16345357344015105,-0.1937827718934125,-0.28438740848420935,0.1338601549783526,0.008461452631860421,0.132342322923987,0.38281542288111126,-0.12411336322337725,-0.15018973869245536,0.18887253157165998,-0.03954382714585273,-0.02136910267092936,-0.14454280453805998,0.1230390895554319,-0.22270643184441477,-0.14336446345156464,0.0906917981729676,-0.12093867870379345,-0.06322464582315838,0.0035981488344212545,-0.0840261922149494,-0.003964336601500491,-0.013569714631730699,0.08484096557719566,-0.03651260718464711,-0.26326905965713326,-0.13784364832948057,0.05631803634289664,0.09106778451046278,-0.05979658968176415,0.2650165806543099,-0.0670157204373643,-0.05083293479919428,-0.05918853761176078,0.017703866277099203,0.0011464950564432992,0.048664438140302045,0.018092055607755328,-0.025873191247140066,0.03145666634246964,-0.009665618158475475,-0.022541109837419287,0.03153602719345881,0.008059219251909062,0.021195506250448984,0.0059976758949404985,-0.01178475293363327,-0.019035311942445725,-0.9804943791207669,0.0070262016077902185,-0.007485280258220484,-0.010349209600146703,-0.003346840371115873,0.010563953478218,0.021217062301049132,-0.0062711820467364595,0.0018523978786341223,-0.005207580769504044,0.028953769841967052,-0.003497209615367362,0.013435182889365049,0.040807117959972564,0.002490001396317727,0.007342180568525521,0.011611988336534002,0.09095462398631471,0.004027487255725707,-0.01901945399151992,0.026649478852391238,0.0070698552302548906,-0.005113336012052164,0.0011076200729828304,0.009208344441255137,-0.032466708740505466,-1.2031719673918025e-05,-0.01901227826320615,-0.0027010948382210514
341,0.12090935307053083,-0.217261108687332,0.4619131536252229,0.32629266190196166,-0.09299096896187141,-0.23219347951218477,0.11094269484836725,0.14183655946082513,0.2578264263544963,0.03318764070818534,-0.03321692341879793,-0.08403089109387772,0.2798009516385782,-0.0643982865459651,0.021803739702003576,0.042319422141349164,0.3098304634700476,-0.09250670474493049,0.15617260551775763,0.3705930471403865,-0.19628385189348346,0.09345233714244897,-0.1556199406798859,-0.44010333013436737,-0.10752807712601076,-0.02544199223459368,0.21166034952264098,-0.12269899897483871,0.18700728852471943,-0.22219386218567666,0.03956253495798817,0.013249962236356489,0.044332001264700514,-0.06712672136877262,-0.07980479446575112,0.10175468220014715,-0.016159204534034584,0.13986588501588304,0.03096509114232148,0.08490756503947566,-0.06692926599971169,-0.24549260687815996,0.11752143874589635,-0.32573457437479586,0.09739520286184422,-0.0896113156498893,0.026199538669081257,-0.039310539729790775,-0.07791248697918168,0.033895783746795465,-0.06445017008620846,0.06230583456286485,0.002344569748373685,0.09616730789926362,0.11518664937211048,0.13758126731251627,-0.11911368383490786,-0.1001679605487553,-0.06813786677738615,0.06385681809372035,-0.13336158464419445,0.03037148951909762,0.08320479035102706,-0.046015217552971194,-0.03704171023901066,0.10609662633329721,-0.23644668731971644,0.08577105783782994,-0.021651514947417808,-0.04502710335744326,-0.006295817546796286,-0.010100285528802806,0.04970648758670869,-0.025297092464583403,0.005807338086178893,0.0018174127191668262,0.007213495011073055,-0.012023932898955121,-0.0018174270218561757,-0.9804943791207669,0.0070262016077901925,-0.007485280258220234,-0.010349209600146615,-0.0033468403711159945,0.010563953478217992,0.021217062301048892,-0.006271182046736446,0.0018523978786342242,-0.005207580769503809,0.028953769841967156,-0.0034972096153673858,0.013435182889365214,0.04080711795997258,0.002490001396317683,0.007342180568525572,0.011611988336534146,0.0909546239863146,0.0040274872557256635,-0.019019453991519834,0.02664947885239124,0.007069855230254942,-0.005113336012052265,0.0011076200729827842,0.00920834444125511,-0.03246670874050539,-1.2031719673705257e-05,-0.019012278263206093,-0.002701094838221009
342,-0.3782905751274541,-0.03799396606075674,0.4720140981383024,0.39670219493095116,0.17332249812928577,-0.1001167477679259,0.21341713419829023,0.1288623913314541,-0.037854390754416,0.1593934676918397,-0.18443245052127177,0.18315252320765785,0.21907804165363295,-0.09159926964824026,0.17939535293969766,0.09551823723159446,0.2503381084680617,-0.24061374266570418,0.42413059305285505,-0.01661441852541672,0.10526932692258234,0.0038698320056779444,-0.14960176336058037,-0.17059041391413077,0.1331233411411489,-0.0437039351027873,-0.0007506579790440028,-0.17665103684040157,0.0061525275877666145,-0.10922542767381202,-0.07845896200618191,0.012685179662624816,-0.005564746894183498,0.4022906426839111,-0.03968045936087652,-0.0755037244778354,0.008835272158807991,-0.09545834770562639,-0.12425419271328529,-0.12263679854359474,0.059725995797369306,0.10918598641308637,-0.06408996858637207,-0.10574809054682015,-0.024724192631718614,-0.057789184280732396,-0.14918461904014724,0.13146041454912732,0.04160683606089724,0.0048712419384874875,0.18638532379496528,-0.06766837245634397,-0.10736442585225535,0.023381787121627026,0.008165031767806773,-0.025997073694105366,-0.07343206436878567,0.060923122215867924,-0.037895820592461424,0.05017168430910318,0.1380629537047365,-0.07348078588147462,0.040762055185772486,-0.009724372327786278,-0.06379357660260697,0.11726601617882126,0.010613697470167981,-0.008485976100236306,0.03334544133195433,0.09596642116881171,-0.01674187711980596,0.003965792286319366,0.010514094298611618,-0.010136974379098685,-0.0016620205186281785,0.002162384392633515,-0.0002893717132595795,-0.00756084812081672,-0.0027718645565011726,-0.9804943791207671,0.007026201607790236,-0.007485280258220213,-0.010349209600146623,-0.00334684037111605,0.010563953478217925,0.0212170623010489,-0.006271182046736314,0.0018523978786342992,-0.0052075807695037245,0.02895376984196717,-0.0034972096153673654,0.013435182889365191,0.040807117959972584,0.0024900013963176314,0.007342180568525452,0.01161198833653409,0.09095462398631476,0.004027487255725804,-0.019019453991519768,0.02664947885239123,0.007069855230255026,-0.005113336012052227,0.0011076200729829276,0.0092083444412552,-0.03246670874050544,-1.2031719673923229e-05,-0.0190122782632061,-0.0027010948382209525
343,1.3145596010150145,0.5787319794464403,0.20469614043741138,-0.03647521888713487,0.027644221284157795,0.2074998343656191,-0.24624531886082707,-0.12207540246194439,-0.29524845561282936,0.01590034581584549,-0.3622163862554083,0.2223257584785933,0.4272568661891152,0.4162942437010487,0.23607410207123095,0.16500016282563623,0.19773328362025905,-0.333841691563235,-0.14767920943613586,0.20256784092442126,-0.4146956914218462,0.053996736320642766,-0.28025869368999196,0.668275763216266,-0.1745982976691332,-0.5227727811748422,-0.42886057176171044,0.39137612839079255,0.09507447051909947,-0.008734806666471065,0.11335779380209719,0.15663895826044288,0.21590385213138227,-0.4519812054851382,0.056660226073157155,-0.1830010488159221,-0.19937861860238368,0.16006371810763384,-0.02047929237337389,-0.18603490413235435,-0.0675078679709358,0.11794452050490643,0.1867145931855252,-0.28864126518158684,-0.11191930651126618,0.13420466214388627,-0.06385044145078067,-0.11989172551400694,-0.15707661844304482,0.13176998153620484,0.005281075057566527,0.15716940816883793,-0.014315931062578077,0.038483729705073015,0.0014825035778486385,-0.1362646059366748,0.19982166780052651,-0.038034225436520394,-0.04261538347202044,-0.05586940915630381,-0.1862839003960371,-0.0061919135324191715,-0.13380531843625865,0.04210844104253449,-0.009120231760664257,0.03920628774960475,-0.01037487912937749,0.16251289886558387,0.027966451423721145,0.21665084137061855,-0.15406569427990205,0.10650452864012537,-0.03298611196655911,-0.0353498743184692,-0.04415039735208034,0.011501762610721824,-0.006185174377501165,0.010819177989686098,0.0020570005552537525,-0.980494379120767,0.007026201607790227,-0.007485280258220303,-0.01034920960014687,-0.0033468403711154064,0.01056395347821807,0.02121706230104897,-0.006271182046736522,0.0018523978786341548,-0.005207580769503836,0.028953769841966865,-0.003497209615366921,0.01343518288936495,0.04080711795997259,0.0024900013963178396,0.007342180568525538,0.011611988336533803,0.09095462398631449,0.004027487255725494,-0.01901945399151993,0.026649478852390936,0.007069855230254914,-0.005113336012052022,0.0011076200729827808,0.00920834444125499,-0.03246670874050525,-1.2031719673608112e-05,-0.01901227826320614,-0.0027010948382214183
344,0.6639300029151595,-0.8509786859739545,-0.6031151683415651,0.15529759730762668,0.7255755932713362,0.14774001052747218,0.8698793922660253,-0.5633870688638567,0.10070482702086939,-0.11072075085103442,-0.6395570725825921,-0.19967936889126758,-0.17065793133493926,-0.08153584076640043,0.35341085513742254,-0.14209133769205698,0.07182797713942161,0.21128637426367336,-0.07855088792499468,-0.15707547363362045,-0.10069331001193682,0.3505554437361333,0.18696612965951853,-0.11675591262542974,0.06208735368554499,0.27764852367345066,-0.10004094428984975,-0.18756361763002574,-0.2150435120728894,0.006828807981602895,0.1028643425492604,-0.2106443558775281,-0.24049888457229537,-0.2194625000366171,-0.1780058850752701,-0.007510581162542317,0.24114335870997164,0.2841761495545704,-0.1898288665114684,0.07298712932025474,-0.03928997469755763,-0.10244765320036037,0.1656615759304218,0.3653045768059632,-0.18320142704576867,-0.09438911323035047,0.06852970091707776,-0.19614293356408746,0.0006994774256344086,-0.12687813444550064,0.057857094703164115,-0.06086432416750384,0.018539730016954126,0.037006250408186565,-0.11965014880465322,0.1877028482718348,-0.03550297902187307,-0.10476006289464812,-0.046014255258575186,-0.15601220875037936,0.07999281586805318,0.28636811695440717,0.04448615520033174,-0.07087957268501645,0.08322648321661735,0.19032024869472425,0.10924677032450833,0.1293175158383025,-0.07709403659441998,-0.03555461491083737,-0.2291713786562483,0.004436298428563359,-0.022554181951658855,-0.03942169691457022,-0.01179127557552867,0.020042693627099838,-0.01416986852814869,0.006927795152203617,-0.004962876018017404,-0.980494379120767,0.007026201607790173,-0.007485280258220385,-0.010349209600146613,-0.0033468403711156562,0.010563953478217957,0.021217062301048847,-0.006271182046736645,0.0018523978786345757,-0.00520758076950402,0.02895376984196689,-0.003497209615367111,0.013435182889365162,0.04080711795997244,0.002490001396317474,0.007342180568525289,0.01161198833653392,0.09095462398631471,0.004027487255725783,-0.019019453991519605,0.026649478852391283,0.007069855230254807,-0.005113336012052018,0.0011076200729825277,0.009208344441255033,-0.03246670874050534,-1.2031719673745213e-05,-0.01901227826320588,-0.002701094838221111
345,0.1539935306052555,-0.45677878518428944,-0.03614362985590813,0.1691479697916067,0.31187944874703155,0.15730579337138784,-0.2854373213074366,-0.0034885670693596384,0.07688271748162187,-0.052073790230052534,0.056761096184430204,0.24565503433898223,0.3041314769842265,0.27899304295473215,-0.34588478421238117,0.027078487027869125,0.33539116678452763,-0.13254368053286963,0.060427814560057365,-0.04919682214644765,-0.02584754825399358,0.39802150965414046,-0.21912876825352318,0.05935692895920505,0.23926580715644444,-0.1545145958942006,-0.011200763987129225,-0.07747476196657657,-0.18601767396364977,0.01906108091322178,0.2912844394876031,-0.3506318794985173,0.17761160323543582,-0.2913796318341171,-0.26854729717856185,-0.2074900779894765,0.005692695510989074,0.06728604794221238,0.08909863533270906,-0.3604465141158857,-0.08531401177215539,-0.07561165217722907,0.085138086122864,-0.007328801488212548,-0.14310668366361268,-0.33648507121288385,-0.015000468424361802,-0.010848783988013939,0.1731187821864598,0.12159910274339145,0.10954072972053686,0.17104958043237145,-0.09086207600574994,0.1999316470543054,0.14582033404421077,-0.07637343385660013,0.13155155011477823,0.26881275067294,-0.08618323059136528,-0.12382906222496491,0.3096950980964058,0.16988163854776073,0.14910252747975147,0.1461072702069994,-0.047364503374506005,0.09024161281180468,-0.14611478666197014,-0.1676124874546123,-0.006347015173566099,-0.1224160812399181,0.041037814307679756,-0.05558378077510251,0.08473145380025417,-0.05640724102207997,0.021545276165469182,-0.03854268605142708,-0.006910707353347255,-0.002429976262881343,0.012740449127633762,-0.9804943791207676,0.007026201607790247,-0.007485280258220378,-0.010349209600146644,-0.0033468403711159334,0.010563953478218029,0.021217062301048802,-0.006271182046736385,0.0018523978786345833,-0.005207580769503999,0.02895376984196707,-0.0034972096153673845,0.013435182889365075,0.040807117959972654,0.0024900013963178257,0.007342180568525489,0.011611988336533858,0.09095462398631447,0.004027487255725781,-0.019019453991519997,0.026649478852391138,0.007069855230255077,-0.005113336012052172,0.0011076200729829083,0.009208344441255246,-0.0324667087405054,-1.2031719673968574e-05,-0.019012278263206134,-0.0027010948382212414
346,0.42166068316361954,-0.15170437090523256,-0.49981150106097333,0.6556348266882434,0.026333315159266527,-0.2854072351489426,-0.23913070712653808,0.5096822534068194,0.06131269985716688,-0.2002495110227582,0.04844517639156525,0.1040549387903346,-0.23223986874724523,-0.04367249300182509,-0.12287990439634776,0.2619937360130694,-0.14680878619248047,-0.047732491228862896,0.22376726004175215,0.1480419219926269,0.4640531358959543,0.2978253917137088,-0.2046572822389648,-0.06327673192548952,0.15596321272815444,0.46407053133223486,0.0123243697244327,0.004537298580025505,-0.12965852187914761,-0.13178661979250167,0.025985014393101184,0.08631260457472999,0.15478211161910468,-0.16961171270784212,-0.1453451119915931,-0.10402113383057232,0.12087680778980238,0.10416189668399624,0.17513701993807607,-0.19475014008725472,0.10114733099461383,-0.02895910942109161,-0.17261360900576717,-0.21957707533323523,0.03541063044568486,0.08383692896674994,-0.20905467289760454,-0.008527596534402212,-0.24705254857476425,0.2921634581027808,-0.008100167636366225,0.016202003310001704,-0.0212034730099548,-0.11519500851124735,-0.0692385531017813,0.10667076646657091,0.22108949204395592,-0.05635098942018884,0.017541678580054964,-0.1605073054090536,-0.06277179267540665,-0.2583884913781897,0.12159116084642617,0.10446804507291138,-0.24366804459899238,0.09188371171303567,-0.0910207596290462,-0.024324200371920277,-0.1346342105489874,0.24821812467167828,-0.004201161689923725,0.05813266528031435,0.059080408629241556,-0.008887712817916718,-0.029560058448212835,-0.014273093685434847,-0.0030610075110818332,0.010122916368074844,-0.005669045420552456,-0.9804943791207665,0.007026201607790171,-0.007485280258220426,-0.010349209600146741,-0.003346840371115836,0.010563953478218074,0.021217062301049004,-0.006271182046736295,0.0018523978786344167,-0.0052075807695037045,0.02895376984196703,-0.0034972096153672873,0.013435182889365255,0.04080711795997296,0.002490001396317548,0.0073421805685253295,0.01161198833653406,0.09095462398631447,0.004027487255725629,-0.01901945399151976,0.02664947885239122,0.007069855230254938,-0.005113336012052342,0.0011076200729828666,0.0092083444412551,-0.03246670874050559,-1.2031719673857551e-05,-0.019012278263206246,-0.0027010948382210887
347,0.691533018662649,-0.8974322773197393,-0.5942223571727024,0.15801855705985343,0.5174868919790245,0.2299323538588399,0.734725605176298,-0.635344528059083,0.3189755973753342,0.2285532174790416,-0.4275024883769937,-0.35733502195696204,0.17221228203621414,0.024772283445704615,0.24749934336074234,0.29152620458662776,0.240187689959932,0.1371057825856891,0.005057684769734532,-0.223440871813766,0.2913164056253094,0.25584888871690703,0.10750145561885834,0.1582091023062894,0.15157880426165915,-0.11348160198258415,-0.1559934564877998,-0.17188252136884105,-0.4173630180937767,-0.14268506131314201,-0.026680603394251035,-0.03166346460667887,-0.004928232120393509,-0.05940870716817522,-0.05332737266881374,-0.26727993170251385,0.023664937197009524,0.1718747434944572,-0.026761882062864197,-0.051505294709415936,0.0203212304487257,-0.054389047461538914,0.23854211952388685,0.0036341959256898306,-0.12632310508677977,0.18071733020804784,0.14661121221353454,-0.1513517948512537,-0.00019779747016498785,-0.09544332467121498,-0.029995644641361077,-0.07313770309846024,0.06746300022292681,-0.11923386840368075,0.003030477701722091,0.17241840055990373,-0.01635137163846248,-0.07598691766758708,0.03216269413616851,-0.18283316545968753,-0.12649286500495963,-0.04561963291823836,-0.009778240240656115,-0.06028201993518503,-0.14005242657084593,0.1035132177421156,-0.06536090315256955,-0.006355751308423697,0.0008039333042954524,0.0026261434812542388,0.019221721681174107,0.01888733748307193,-0.017817982587107373,0.00783688867551318,-0.007597129187698136,-0.017980008881636943,-0.01977822884296987,0.007606683869302083,0.002802733558992622,-0.9804943791207668,0.007026201607790113,-0.007485280258220258,-0.010349209600146712,-0.0033468403711156163,0.010563953478218027,0.021217062301048858,-0.0062711820467364595,0.001852397878634467,-0.005207580769503819,0.028953769841966823,-0.0034972096153670735,0.013435182889365162,0.04080711795997251,0.0024900013963175824,0.00734218056852535,0.01161198833653398,0.0909546239863146,0.004027487255725781,-0.01901945399151977,0.02664947885239127,0.007069855230254886,-0.005113336012051994,0.0011076200729826316,0.009208344441255048,-0.03246670874050539,-1.2031719673576887e-05,-0.01901227826320593,-0.002701094838221321
348,0.26875754560101706,-0.15608701425996702,0.1956437140242879,0.18713094002075845,0.2811781119902551,0.11975023083356197,-0.11685849333757965,-0.3941611444044015,0.2171154209144068,-0.0912586337187906,-0.4015731223154084,0.6458586289515723,0.12353562360437773,0.053125431746670844,-0.504992413374976,0.05396194494180956,0.31294294607789924,0.06044272506966187,0.1950435059858354,-0.15124451798871344,-0.4911655562267516,0.15844030632558645,-0.34739925019275025,-0.13428966403034323,-0.13225379762788425,0.11298695198135819,-0.13612303253914665,-0.05202244063755125,-0.11915793094624119,0.15078480073112685,0.5025184205515417,0.10484078630246817,0.19586166587263176,-0.08083646200441615,-0.001081120527009931,-0.05276342012123755,0.11857095383399333,0.2866601354409359,0.006007231679778865,-0.1966635491405784,0.12447273419560446,0.18821554605866103,-0.1728902852317394,0.07564972149894258,-0.07955000111611044,0.03111254875745792,0.19082228834019413,0.06963561289435016,0.37372131420178967,0.24073573292318778,-0.11417569168363195,0.169410835626367,0.14541193983082035,0.05191275117022128,-0.017756903260327493,0.012809056839785834,-0.1331686633811651,-0.1683990136508389,0.05180566301077385,0.07748317861987389,0.15896867208730983,-0.004889613764824914,0.03231568455962798,-0.16166890289254782,0.034065261114863625,0.11735638827572416,0.00031668648394282364,-0.15572034022166029,-0.028352967725165358,-0.22278295248941823,0.03975924527047902,-0.07408896918082397,-0.07665550921101065,0.051453760665544156,0.022846605577660155,0.015149250603922056,-0.004986564983672945,-0.0006749615633146545,0.0029230727294359284,-0.9804943791207676,0.007026201607790132,-0.007485280258220518,-0.01034920960014689,-0.0033468403711156493,0.010563953478218027,0.021217062301048705,-0.00627118204673652,0.001852397878634437,-0.005207580769503812,0.028953769841966973,-0.0034972096153675063,0.013435182889365148,0.040807117959972564,0.0024900013963178973,0.007342180568525573,0.011611988336533886,0.09095462398631476,0.004027487255725629,-0.01901945399151973,0.026649478852391148,0.007069855230255092,-0.005113336012052143,0.0011076200729828152,0.00920834444125518,-0.03246670874050537,-1.2031719673870113e-05,-0.019012278263206103,-0.0027010948382211178
349,-0.15348216481866175,-0.025899887587534632,0.008834653177739626,-0.00932975817310919,0.0504343258085604,-0.07812585841515039,0.16441426770120093,-0.1132900701869026,0.2433720543354168,0.062265346854680485,0.10631671835760027,-0.12764592679797543,-0.35528357747633516,-0.06336148392762536,0.045904078954527555,-0.1844606685760372,-0.10855456878258246,-0.2417597909290663,-0.003581164595252762,0.2803251284800169,0.19190607497855847,0.06095020080004385,-0.1731883310432526,0.08781071998584085,-0.12891660373056463,-0.11363047257016105,0.04767122450378356,0.06909899863105011,-0.0018216738511292465,0.33278409755982,0.2282311077593955,-0.22114436392766773,0.2811999520005903,-0.3632727264547816,0.21242506675301173,-0.05838870076873807,0.1307742102315171,0.15807753354407436,0.06800592950461688,0.08570717243442812,-0.09587878553801145,0.14687712672134756,-0.03306523643163875,-0.11548239597278942,0.16427054555889392,-0.3621517353257138,0.16682845567386842,-0.10742520120942006,-0.2213562688811659,0.0682513961630209,-0.011930505639491036,-0.09887843863683136,0.132373798035787,0.12764258196040768,-0.0014465990928877249,-0.20962650519714285,0.008715119404542187,-0.012578614914655428,0.03669788492492862,-0.18784148279579904,0.07266475982751983,-0.006632359822635455,0.014190108521609943,-0.09759087940711507,0.014030268486907286,0.11412506508193682,-0.1608593698356701,-0.007801367481087511,0.11262983409117674,0.017808009666519027,0.03287967496421374,0.00306965876268181,0.028410363034911592,-0.011436009718848157,0.0008332789991910766,-0.017993811578108667,0.02244420355720292,-0.005431605762406965,-0.005707700685429949,-0.980494379120767,0.0070262016077902514,-0.007485280258220171,-0.010349209600146575,-0.0033468403711160604,0.010563953478218103,0.021217062301048972,-0.006271182046736147,0.0018523978786342936,-0.005207580769503906,0.028953769841967115,-0.00349720961536749,0.013435182889365144,0.040807117959972675,0.002490001396317561,0.007342180568525642,0.011611988336533917,0.09095462398631458,0.004027487255725645,-0.01901945399151977,0.026649478852391478,0.007069855230254949,-0.005113336012051972,0.0011076200729826697,0.009208344441255161,-0.03246670874050541,-1.2031719673982812e-05,-0.019012278263206187,-0.0027010948382212726
350,-0.2171946278288224,-0.12233597703125067,0.11360716702248262,0.22235067804084477,-0.28462879513811445,0.18715471207493067,-0.013690201299337705,-0.16830361475609473,-0.11011394583143529,0.2596216232252519,-0.10359728763570879,0.2181392058230479,-0.06494769478975566,0.10658636445447989,-0.3012380135912241,0.3339136951782054,0.03189607387281035,0.07085021803125703,-0.3854934930849647,0.076115218355144,0.12383337815273772,-0.04784947705477346,-0.22267760432235953,0.09651689137029973,-0.10159142562744163,0.16667876910882348,-0.2133430133084432,0.3555798432914952,-0.1414466790303127,0.24694187902234085,0.006068397474507459,-0.16805232994510813,0.13620340226457078,0.07789687418991328,0.10700805697295555,0.29140786406925484,0.4292619991725144,0.10685441907379868,-0.02149962239078057,-0.054935905149929964,0.1444433634405278,0.19723296439962673,0.04290651261441194,0.11085245731400159,-0.07728793149346849,-0.024864967300291363,0.18205431466936445,-0.2687121090075729,0.25325286389367935,-0.002497734288206214,0.004172067395906504,-0.28914567292860355,-0.021466989540321512,0.12612624588557764,0.03166476032464422,-0.10812554653316178,0.033029312443086906,-0.17593629519395,-0.0554578901451088,0.07671799120789832,-0.16782282462273912,-0.0973078660037172,-0.17730644559258713,0.048386290185451895,0.20455262135093427,-0.10689190608805194,0.03115944029726352,-0.018362494726305103,0.10160156986826284,-0.06269799710418114,0.06360188535513155,-0.014946526557332243,0.027159715681624237,-0.024278928694972442,0.023805681255629253,0.023336514531630548,0.028561748887269173,-0.03511795368522331,-0.004325950053756808,-0.980494379120767,0.00702620160779012,-0.00748528025822059,-0.010349209600146615,-0.0033468403711159667,0.010563953478218126,0.021217062301048993,-0.006271182046736446,0.0018523978786343907,-0.005207580769503798,0.02895376984196704,-0.0034972096153673927,0.01343518288936493,0.04080711795997241,0.002490001396317718,0.007342180568525538,0.011611988336534079,0.09095462398631464,0.004027487255725777,-0.01901945399151964,0.026649478852391103,0.00706985523025472,-0.005113336012052017,0.0011076200729825657,0.00920834444125488,-0.03246670874050533,-1.2031719674041793e-05,-0.019012278263206284,-0.0027010948382212518
351,-0.10079862797924136,0.13149145508117155,-0.3478602211858798,0.014243538160654648,-0.5330379758135062,0.7906778031762783,0.058834912573282445,0.4756042871831543,0.4639232174930731,-0.15926461944539355,-0.44081480265175554,0.14890878870284827,-0.0972176558264449,-0.1985762340160536,0.10617797509548493,-0.063749819731743,-0.15045082969670462,-0.3865615615461656,-0.20754325427280532,0.08393559748287303,-0.026920710860580923,-0.6173548655501181,-0.014382340561595977,0.1592192531168349,0.22839766258036392,-0.13996310198392142,0.08773408964408502,-0.1002280347581194,-0.36489942355817095,0.009353239370726161,0.6095130527768428,0.06637464829107972,0.06023378506832586,0.023424295513657545,-0.22164134424446166,0.4208572355226692,-0.19437071955972346,-0.07866686254623743,0.2448260839368114,0.01933389280411204,-0.21459560400708155,0.2257817423900964,-0.04687093036704343,0.18059816962675196,-0.15946281620102196,-0.2923400773386279,-0.048530698438736364,0.02006706648512254,-0.17795934519248235,0.28876247018407786,0.16932201660937024,-0.10328125722415282,-0.08408648867370085,0.000563370445831949,0.020241307408458566,-0.03819278619021116,-0.03974388835983647,-0.134909911286099,-0.03353014500344277,-0.20225934282887298,-0.019833094209815837,-0.10508256137748782,0.020354537786011016,-0.11270664049690773,0.10305998442222325,0.11177879167622275,-0.11695865394328843,-0.031069380549476774,0.14712303227672438,-0.05580876353623322,0.01796907652103418,-0.004654694759713768,0.021085114529505917,-0.03633951983145987,0.007784569886094179,-0.03177796749899773,-0.005836204614433881,-0.0018984644726862483,0.007699477552777957,-0.9804943791207671,0.007026201607790397,-0.007485280258220184,-0.010349209600146642,-0.003346840371115925,0.010563953478218084,0.021217062301049,-0.006271182046735932,0.0018523978786344532,-0.0052075807695038745,0.02895376984196704,-0.0034972096153672956,0.013435182889365262,0.04080711795997241,0.002490001396317725,0.007342180568525711,0.011611988336533815,0.09095462398631461,0.004027487255725885,-0.01901945399151964,0.026649478852391186,0.00706985523025499,-0.005113336012052027,0.00110762007298293,0.009208344441255074,-0.03246670874050523,-1.2031719674090365e-05,-0.01901227826320618,-0.0027010948382212726
352,0.09783778426617011,0.038518138502842594,-0.7458669814135626,0.29903430580532997,-0.4608347580190537,0.1634185616082595,-0.10880364489971983,-0.06961462780218045,-0.17820551223066636,-0.13252845137322464,0.2922337068566647,0.27248333479935205,-0.1401861211544845,-0.06306287607621612,0.04820033203087284,0.006802971114461715,-0.037959404151955825,-0.05851616372864398,-0.05790982276544708,0.1284887101340728,-0.034506696765477345,0.22299171879263036,-0.0019845403272750763,0.3020001584683386,-0.26091630961811335,0.04509113421546022,-0.18927560607624463,-0.3507608939747342,-0.1622992090480864,-0.03527350437575949,-0.07627687452792305,-0.16591142437637513,-0.0883722085152573,0.029748251396676806,0.2973270743883739,-0.03763085482468002,0.24575606146282727,0.25341037689611184,-0.04977983148080489,0.08394992170927308,-0.308099894363209,-0.022521903683553845,-0.2136140471337603,0.0013706813286996136,-0.10581622575996102,0.13923840058612932,0.01424536397623677,-0.07968584169022035,-0.017674020697526664,0.13943562950710758,-0.015427749775882429,0.027767502326482577,0.06817049146177717,-0.08361172046684218,-0.12165329114598536,-0.0898029220959691,-0.15533472098108692,-0.10070065422577375,0.17789930342303284,-0.042997079668729954,0.07576089359869058,0.054292769126351344,0.06771321887286037,0.049658854177239434,0.03146557348189006,-0.01718937523085892,-0.14822862779905593,-0.05125303312323093,0.06404715119182547,0.03185973123102041,0.03978064833273839,-0.00818823123824477,-0.03588910209421252,0.004298027219744245,0.006641664516140427,-0.01889093468640144,-0.015439571387781325,-0.006756870523676101,-0.003072921651359317,-0.980494379120767,0.007026201607790171,-0.007485280258220598,-0.010349209600146689,-0.0033468403711159854,0.010563953478218256,0.021217062301049004,-0.006271182046736442,0.0018523978786341461,-0.005207580769503947,0.028953769841967,-0.0034972096153671937,0.013435182889365235,0.040807117959972654,0.0024900013963177147,0.007342180568525503,0.01161198833653396,0.09095462398631454,0.004027487255725535,-0.019019453991519872,0.026649478852391027,0.00706985523025489,-0.005113336012052203,0.0011076200729826272,0.009208344441255083,-0.032466708740505584,-1.2031719673911328e-05,-0.019012278263206225,-0.0027010948382212552
353,-0.1869568392408115,0.20892675661510968,-0.4323397617341184,0.11988095529287149,0.011856577021846329,-0.1444193391263864,0.3963613672744217,-0.010851828314985728,-0.30201067836526746,0.21903723370738837,0.2178608758234997,0.11653067947096313,0.09814451030875018,-0.12142150902182158,0.0054023294340833855,-0.006508600502732197,-0.22973694521889218,-0.3446827715121085,-0.04532534657452508,0.3337413139942334,-0.07740354128421625,0.04656088130976853,0.23004370922874423,-0.04967213354752487,-0.0742638362829335,0.10240377717599815,-0.4374612256135052,-0.03237477910620285,0.024471154636208067,0.2549019066936421,0.12839088191325196,-0.2714429979303228,0.04920169531054098,-0.055899055651204545,-0.0450641350176939,0.026921303472782893,0.2841378353010423,0.3557277404056427,0.10305396107202242,0.19887158420846984,-0.17040761870470358,-0.3079288169940607,-0.22101480295592638,-0.05389652748599725,0.09907523459349309,-0.004825884031051863,-0.26785793469597513,-0.04381858373031504,-0.02068456253655167,0.10113710423182899,0.14201544001356053,-0.04454863357311309,-0.09346141877855657,-0.15159644435310848,0.04149358021599935,0.019754742349116606,0.010244060801224232,-0.006603531263367059,-0.04151613312949858,-0.18113522385261002,0.059428780091971126,-0.06889091738625548,-0.06343983155937269,0.14782021041245114,0.020879906782298348,0.07796807667452545,-0.1354725799297326,-0.042513288378554136,0.03783772850344804,0.055155760858413755,0.021279651567594662,-0.00042664720512996135,-0.0859479281502032,0.022945800403904846,0.00658271181663193,-0.008730941761335442,-0.01656379430308081,-0.01591556399552247,-0.009725148776674393,-0.9804943791207669,0.007026201607790052,-0.007485280258220525,-0.010349209600146595,-0.003346840371115918,0.010563953478218063,0.021217062301048965,-0.006271182046736279,0.001852397878634105,-0.005207580769504002,0.028953769841966844,-0.003497209615367341,0.013435182889365344,0.040807117959972466,0.00249000139631762,0.007342180568525577,0.01161198833653383,0.09095462398631453,0.00402748725572579,-0.019019453991519823,0.026649478852391092,0.007069855230254982,-0.005113336012052334,0.0011076200729828304,0.009208344441254925,-0.032466708740505536,-1.2031719673882463e-05,-0.019012278263206082,-0.0027010948382210375
354,-0.19083054466707636,0.0028969781021187116,-0.17790045341384444,0.4318062609889204,0.08919247982724891,0.186382853225814,-0.07793795133094075,0.04720158511547483,0.261582235894353,-0.09863821922040256,0.06664861804631576,0.09331265808622329,0.09177426092823568,0.28666571399387814,-0.1248943578804284,0.13157055072455454,0.027258490228863154,-0.19859148966460716,0.17417029890679808,0.23632143539288983,-0.010829124419855035,0.18268454219725316,-0.19503802471498985,0.2600784236718335,0.06413786933731197,0.3300379685299932,-0.07805817597215771,-0.15962280762487288,0.11219767956522676,0.16829532186370788,0.1416618837248527,-0.12383866882782318,0.18287517540306178,-0.11306725710014169,0.15516810540635628,0.06711109463623179,0.17147450242541676,0.19981390066348617,0.06367595784955293,-0.17748250916852323,-0.2727381672748396,0.256131856214619,0.0157016393115746,0.13433429432783764,0.023194114784285503,-0.20688585544766433,0.17594783533573943,0.09038845916820148,-0.08161589202887312,-0.11607794525684274,-0.2014032046415093,-0.097612213848541,0.006543040640393138,0.03426539354511115,0.06112720072326361,0.06811595211184303,-0.008638441108759224,0.16621753125240604,0.16926938394642813,-0.015267072692661619,-0.029776306763563968,-0.03855032885324911,-0.02585024949842293,0.2525069958514298,0.18482947504228728,0.08608597669650517,0.061355891116846174,-0.21512114027167256,0.10532407272676168,0.07610557140296094,0.07104272829907976,0.02478554302267565,-0.02088403039995663,0.0022082626563271006,0.005835073958094072,-0.013283768450300769,0.0034693953009925374,-0.005314229052241917,-0.011236590355410168,-0.9804943791207673,0.007026201607790247,-0.00748528025822043,-0.01034920960014656,-0.0033468403711159334,0.010563953478218088,0.021217062301048976,-0.006271182046736244,0.001852397878634389,-0.005207580769503857,0.028953769841967184,-0.0034972096153673775,0.0134351828893652,0.040807117959972626,0.0024900013963177216,0.0073421805685255515,0.011611988336533962,0.09095462398631453,0.004027487255725802,-0.019019453991519622,0.026649478852391193,0.007069855230254935,-0.0051133360120521965,0.0011076200729827,0.009208344441255149,-0.03246670874050552,-1.2031719674110821e-05,-0.019012278263206273,-0.002701094838221231
355,-0.20705114882455294,-0.041855641205285246,0.21804527793089148,-0.10819483312491443,0.2746472313863656,0.17418936430364212,0.00323351324941127,0.6276121006728941,0.10776895293520736,0.2514201629735927,-0.31411278359694916,0.13144106023805233,-0.11821977657810047,0.3605552956650548,0.09493667763976422,-0.17643418139716768,-0.5916344687567131,0.14971706332228457,0.12358713500030014,0.20544099476989294,0.023181330173236852,0.5041351947990881,-0.09710918191242944,0.2048394005522563,-0.34008003754155425,-0.37604368340970373,-0.264577101772218,0.38815142800511554,-0.042948161311189705,0.1863980996453354,0.0018706447517411475,0.11781095914402899,-0.25275961095539384,-0.039331052825212126,0.09869510219446992,-0.25893670053591805,0.07113198751320507,0.1388889043300512,0.18461556745856061,0.2490464332307953,0.04489779169856557,0.05571680085631604,-0.07140877090478369,-0.23504248290580276,-0.16877328421729695,-0.08993364345008319,0.21044896139903257,-0.04734834281676415,0.010282846817658543,0.20263334150250734,-0.08584038081573923,0.044225488320600984,0.2748483404469405,-0.014752278327667906,-0.16075952315810293,0.07588505107661093,0.11728883284236667,0.041744771412051865,-0.1856819453995964,-0.09519532315173354,0.11303652650389914,-0.0990574531929937,-0.09145549962323168,0.040561878628116374,0.08900166539357077,-0.12006014400534668,-0.07656528899070213,-0.1011738781270913,-0.052971780812341086,0.1353350742841673,0.021022168252007773,0.010249556593265128,-0.08316308812111117,0.061044916193061384,-0.025056343993041047,-0.023829727704558844,0.02699803363063719,0.005059471825814778,-0.008568816845270099,-0.980494379120767,0.0070262016077901595,-0.007485280258220232,-0.010349209600146621,-0.0033468403711159993,0.01056395347821817,0.02121706230104908,-0.006271182046736115,0.0018523978786343304,-0.005207580769503767,0.028953769841967097,-0.0034972096153673515,0.013435182889365134,0.04080711795997268,0.0024900013963176674,0.007342180568525632,0.011611988336534025,0.09095462398631465,0.004027487255725573,-0.019019453991519747,0.026649478852391283,0.0070698552302549175,-0.00511333601205201,0.0011076200729827365,0.00920834444125527,-0.03246670874050548,-1.2031719673840538e-05,-0.019012278263206034,-0.0027010948382211876
356,-0.10034420229956513,0.01675049947500528,-0.8635014775347493,0.11293293499658495,-0.48715733280530843,0.36683856733446535,-0.09546979203095665,-0.1355253673398561,-0.2940489828409102,0.03446816622889926,0.21882404777823286,0.16834893487058858,0.002721109424057396,-0.011897835421842957,0.10114943607185178,-0.218200820812675,-0.0023870887491856062,-0.15605901411533554,-0.047095495589403596,-0.11619899941068393,-0.2598227232516847,0.22903033330640526,-0.011745144568828891,0.195958871995959,-0.1541551208954955,-0.06435213085525904,-0.07354857035033176,-0.07148780177949578,0.07728530907656454,0.23855309418794307,-0.027305440471123477,-0.2549489934274256,0.19993592455814774,-0.18568760415884586,-0.017734365100482322,0.40600404759561554,0.06508164199889062,0.16508839957584828,0.009902560732808012,-0.011174201233267492,0.16060276635068182,0.06525734451106387,0.038798454006073006,0.09204075656590135,-0.10654708629374993,0.09613353490469248,0.028917324101732447,-0.09271538124078206,-0.1875566288202885,0.1883805180295438,-0.043809067697523005,-0.22328092888670784,-0.00426279455962764,0.06153682452313661,-0.05579175818065968,-0.14692099917594634,-0.03821026112760062,0.023529169559629012,0.03023025202290464,0.027583928299081878,0.0021902969362605756,0.08171424744135572,0.11640806962268878,-0.0880718121324973,0.01152510401664465,0.11355055437230756,0.04459257382673274,-0.07459418238064137,0.02324065934842501,0.024372109357354444,-0.01305386244974925,-0.005918412314775713,0.01765110666374162,-0.02556517785195667,0.007267684883213803,-0.007184264228682262,-0.011464834202693208,-0.005111006846924627,0.00027440319068458867,-0.9804943791207671,0.007026201607790157,-0.007485280258220584,-0.01034920960014673,-0.003346840371115902,0.010563953478218263,0.021217062301048913,-0.006271182046736324,0.0018523978786343473,-0.005207580769503982,0.02895376984196719,-0.003497209615367374,0.013435182889365262,0.0408071179599726,0.0024900013963179645,0.0073421805685255585,0.011611988336533947,0.0909546239863146,0.004027487255725688,-0.019019453991519775,0.026649478852390846,0.007069855230254938,-0.005113336012052148,0.0011076200729824746,0.009208344441255014,-0.032466708740505376,-1.2031719674036228e-05,-0.019012278263206315,-0.002701094838221408
357,0.12355815397800186,-0.43577831746935153,-0.35113497581935943,0.17504328190493107,0.1488111959665414,0.30328885534137484,-0.2594924305964077,0.24118994997341595,-0.34359945480477233,0.16160112421457187,0.45219638135676093,-0.07491045272136612,0.2873385696711002,0.1856475737490771,-0.17164588074330342,0.11809778259077561,-0.12010867388569837,0.42525698257705224,0.05546981183987204,-0.05528189673377912,-0.1561784517290826,-0.06382741999821764,-0.21273174338656015,0.062495874556033275,-0.26040256357573155,-0.11854221327568953,0.2560132866126557,0.05907665662167353,-0.09888747237333594,0.32216857986579905,0.3829116756462892,-0.2516217940016598,0.20258729361441585,-0.29207575666598634,-0.05413193009804243,0.09938018769846657,0.2817483604558026,0.08448118282152302,-0.09477188280728735,-0.15454333819324736,0.13561343426345562,0.004293586845890119,-0.19280957833139933,-0.18293891126728998,0.24475474847389284,-0.19826726192668537,0.14719847221654345,-0.14965179158716413,0.06225214180311751,0.24950804104994828,0.16568029839909562,-0.13854883267376766,0.10681149737042431,-0.07787821100395949,0.02205242882547639,0.10625079862607686,-0.059309741124671675,-0.11015217623302766,0.042735767283899544,-0.13319474222388133,0.02666008359919578,0.04712576193258616,0.165849865389016,0.11155480227984298,-0.0309008394027278,0.10875933040879553,-0.027527532904846806,0.04455703187117102,-0.015635780070335496,0.06017026969585825,-0.05980116391702071,0.004942783015352105,0.07172148322502699,-0.08020589358380488,0.007903415322047837,-0.008844737575031231,0.018592047956103138,-0.028543115107397463,0.0037054261484695014,-0.9804943791207671,0.007026201607790108,-0.007485280258220373,-0.010349209600146665,-0.0033468403711158813,0.010563953478218206,0.021217062301048934,-0.006271182046736398,0.001852397878634493,-0.005207580769503639,0.02895376984196717,-0.0034972096153676794,0.013435182889365325,0.04080711795997254,0.0024900013963177424,0.00734218056852552,0.01161198833653397,0.09095462398631464,0.0040274872557257155,-0.019019453991519747,0.026649478852391193,0.007069855230254997,-0.0051133360120521896,0.0011076200729826134,0.009208344441255146,-0.03246670874050554,-1.2031719674015411e-05,-0.01901227826320635,-0.0027010948382212327
358,-0.05739626262441167,-0.25152977731326326,-0.033937478313960025,0.34473648658136014,-0.7183135309806943,0.14233668409705735,-0.04370110026241743,0.21949772323303426,0.20619560970890047,0.3221400130135481,0.011793012611329659,0.2864039582381412,0.22510699886296723,0.11708981272489188,-0.05818220654498304,0.17019005180464344,-0.09307307206478094,-0.28420604957730394,0.04544353058850207,0.04475157588624697,-0.21104517281424048,-0.005241845447687064,0.23529156478182905,-0.08726703347728228,0.16047973626962864,0.3702921193773733,-0.1795902134178851,0.0884100686226368,0.0007535062618506964,-0.026151676341163048,-0.17678314429168748,0.08767868520765337,-0.07459050418324435,-0.23730560494503708,-0.1762567871733836,0.2254048245680247,0.2863837932566131,0.15175532439201417,-0.07193595632463898,0.010928789010271025,-0.31253179099283485,-0.13770476138378365,0.12510498932254838,-0.010536383336995565,-0.07598886016546845,-0.05659681528852689,0.1457760615422017,-0.231062771866806,-0.06375123445513667,0.060447968424580854,-0.03861838563269787,0.0210128398370182,-0.02788073034145851,0.10940721695174534,0.20785169743860515,-0.024631188190622398,-0.06207720042591894,-0.07863406674762483,0.03560030361768403,-0.041833468320914495,0.04224830853238409,-0.02292607724202312,-0.04661235051138783,0.07660552227231486,0.2445020369193213,-0.08837293367641097,-0.2679060851413111,-0.11551705282013347,-0.13594266578667485,0.08241902615066439,0.0023560545465285978,0.006174507275722158,0.08719070153521499,-0.04430825996792442,0.002492995701644313,-0.01425884841121357,0.0033971552487906875,-0.007436544464677558,-0.0005349179648392065,-0.9804943791207672,0.007026201607790106,-0.007485280258220552,-0.01034920960014649,-0.0033468403711160223,0.010563953478218258,0.021217062301049066,-0.006271182046736522,0.0018523978786341478,-0.005207580769504017,0.02895376984196699,-0.0034972096153672054,0.013435182889365193,0.04080711795997252,0.002490001396317877,0.007342180568525579,0.011611988336534025,0.09095462398631453,0.004027487255725859,-0.019019453991519848,0.02664947885239106,0.007069855230254664,-0.005113336012052069,0.001107620072982746,0.009208344441255033,-0.032466708740505446,-1.203171967387179e-05,-0.019012278263206093,-0.0027010948382210367
359,0.18641602454918094,-0.13444678673203353,-0.7925540182493912,-0.13032574759108798,-0.3197903185696223,0.36625721754717405,0.5064085129969297,0.009608294069350744,0.11354498368233212,0.47914281149229654,-0.8525229053443533,-0.19463993506913116,-0.12565621318014464,0.29726932507353887,-0.429308894620004,-0.4041916583606417,0.3052423128792216,-0.003930209379670744,0.3487023904603349,-0.00371798738393168,0.33494696127574425,0.10813653968822919,0.04454954823147763,-0.060769772718895367,-0.27149078261487575,0.10638283042600619,0.05736861621862531,0.13204601234773014,-0.10247747428961873,0.0241237281235911,-0.018857542396426896,0.11276762104459258,0.0504896973857696,-0.07929545219386647,0.10591842389892812,-0.23130249644152592,0.10331222967900812,0.18086022388173503,-0.2892920857447225,-0.40332218433315525,-0.17411304612819964,-0.23890729472789554,0.10944592833810396,-0.1822732965093704,-0.042171405440576466,0.33531654608291256,-0.06869380458955983,0.023423577795475308,-0.029265266509329355,-0.21831749958216062,0.04046933558331742,0.19028915471671526,0.06593784118422455,0.00690168242356601,-0.11845187336760749,-0.1492482598086154,-0.04615336859785281,-0.16142989948310754,-0.10272196199834543,-0.11979262679268368,0.02573479413057804,0.049341588969612014,0.16710398343043542,-0.0225087223253095,-0.03548407997557108,-0.03146194702424699,0.005167308086116981,-0.05071677537472635,0.11884244622490943,0.0036650653479084025,0.049264509679345495,-0.006569816722579569,0.016604470433981975,-0.031422370276886435,0.0007437514188437925,-0.0023103916598702662,0.01659001054038463,-0.03403593535280849,-0.0015237476348880922,-0.9804943791207666,0.007026201607790165,-0.007485280258220272,-0.010349209600146826,-0.003346840371115547,0.010563953478217902,0.021217062301049167,-0.006271182046736455,0.0018523978786345924,-0.0052075807695039665,0.028953769841966914,-0.0034972096153670323,0.013435182889365098,0.04080711795997264,0.0024900013963176076,0.007342180568525581,0.011611988336533966,0.09095462398631464,0.0040274872557259376,-0.019019453991519893,0.026649478852391186,0.007069855230254973,-0.005113336012051788,0.0011076200729829204,0.00920834444125508,-0.03246670874050555,-1.203171967390082e-05,-0.01901227826320593,-0.0027010948382211633
360,-0.1486263097198019,0.06630134475016738,-0.25133492428770127,0.31882998971595927,-0.4394414694474772,0.07013015934728807,0.15811202519699163,-0.0847185960333849,-0.32403248401627516,0.14435928819755953,-0.20985777757624116,0.1752041008180592,-0.09410997253285072,0.1948546307459173,-0.050792291318145416,-0.24464216499595343,0.21568008677277756,-0.4001745665754371,0.022767169585355983,0.07881905118214635,0.15441730930217418,-0.16490129973152862,0.07439151510135229,-0.09992460664770642,-0.1403666811560815,0.012910654411397686,-0.07915616482009445,0.007364486750360123,-0.3514548418064376,0.22642338447911986,0.007083015571485798,-0.01318632913992876,-0.0062691162997946396,-0.015144346565560561,0.10017405431695778,0.031215660772530168,0.3723191476421544,0.09626540269443036,0.2607796542308219,0.16684399492907098,0.10923014073791695,0.15068399559282242,-0.0449860979277137,-0.3004622589172266,0.3624525264842981,-0.1757412929481197,-0.08804810856378177,0.1386922767022027,-0.05588810720392056,0.08484872310903308,-0.10111135167806831,0.09194369265733929,-0.0366539380711752,0.23247088319701378,-0.08271720062330246,-0.06026930455570926,0.04394748653746088,0.04025098343712588,-0.18875755292611696,-0.24665514150357237,0.0372096919513273,-0.06971481230884059,0.024163349810769945,0.24308013301121456,-0.008125515593567119,0.1371131724038348,-0.08039079258285262,-0.05761031107452786,-0.032641740687198204,0.05603974676787327,-0.017542635566483205,0.009203528488558403,-0.0327818273684503,0.01195117302944759,-0.01147837292187277,-0.014734331057827687,0.01578527779160556,0.0030411125034250437,-0.00029516572572036776,-0.9804943791207666,0.007026201607790149,-0.007485280258220192,-0.010349209600146727,-0.003346840371116102,0.010563953478218084,0.021217062301049035,-0.006271182046736307,0.0018523978786343374,-0.005207580769503863,0.028953769841966955,-0.003497209615367362,0.01343518288936523,0.04080711795997265,0.0024900013963175933,0.007342180568525507,0.011611988336533947,0.09095462398631458,0.004027487255725804,-0.019019453991519768,0.026649478852391217,0.007069855230254983,-0.0051133360120520395,0.0011076200729828304,0.009208344441254915,-0.032466708740505515,-1.2031719673793124e-05,-0.019012278263206162,-0.0027010948382211173
361,0.13759839496325463,-0.2802735721431622,-0.3190851483241736,0.40917124585146325,-0.6535715290767323,0.7867631744643626,0.16430251078678929,-0.44553190284500704,0.03359968145569552,0.7822691892520796,0.3088669094482514,-0.0021279320568641158,-0.6181084621678997,0.6094870444117387,-0.06706120275497723,-0.4817634851380168,0.2958825124822785,0.26287797405767727,0.20088153795957192,0.27241111162816384,0.011945802701202095,0.039254313094193395,0.07573062802479744,-0.3345958704660349,0.15596534813969198,-0.08334547589004519,-0.40494915352930394,0.07900902752812805,0.3236368700128104,-0.06303938358719192,0.06565695174674803,0.31110920109565376,0.09039644495670755,-0.09689065944605839,0.3206168333243395,0.22397465717800627,-0.15967072802303567,-0.03049833977001816,-0.19801935085680697,0.33771571288352487,-0.06582259698221131,0.37657403828278363,0.2339715462886462,0.33691311547343206,-0.30178309817840493,0.11821506925903484,0.15477005746022066,-0.16515043424622486,0.1356783292878754,-0.05155472007181919,0.07014945351153506,-0.0975878320809412,0.020533962175310814,0.04100760954150256,0.07214777619419496,-0.0016430760908652236,-0.01389991834764193,0.051801707553292914,0.15306497353329496,-0.01585662868010747,0.047267042697656365,-0.14678426823467222,-0.08552447612681169,0.08516173324470426,-0.07594295867864818,0.032014661648907976,-0.025829673223668394,0.1849513260133477,-0.1412243738188403,0.06032595213677262,-0.12377033748538022,0.05443419387517273,-0.0507691308014826,-0.03164703243230368,-0.02359613537134149,-0.0591254894566915,-0.0010467882433786027,0.007716205352017778,0.00844951914884094,-0.9804943791207671,0.007026201607790369,-0.007485280258220501,-0.010349209600146323,-0.0033468403711160257,0.010563953478218292,0.02121706230104909,-0.006271182046736376,0.0018523978786340854,-0.005207580769504017,0.02895376984196695,-0.0034972096153674343,0.013435182889365242,0.04080711795997266,0.0024900013963178457,0.0073421805685254336,0.011611988336533763,0.09095462398631449,0.0040274872557257355,-0.01901945399151953,0.026649478852390978,0.007069855230254713,-0.005113336012051772,0.0011076200729825414,0.009208344441254845,-0.03246670874050545,-1.2031719674027915e-05,-0.019012278263205975,-0.0027010948382210644
362,0.4286611613766043,-0.22419518446165546,-0.5383657298461503,0.8115968734022909,0.019318013156262286,-0.07294029110795927,-0.09336237676620546,0.02974151480674928,-0.1793098520467785,0.21422001049979902,-0.2776063628439576,-0.012703108792468738,-0.12382111507963335,0.05354937942574845,-0.3316028776538754,0.11336742258235344,-0.10020447378905006,0.2630239785171612,0.29047355807602493,0.18624146916984108,0.8327438866404328,0.31933731962858725,-0.30071611474001747,-0.08494058469691299,0.06612143569073428,0.44629884583968743,-0.19050248874270512,-0.014954034263726042,0.2381158510312629,0.08363881061308133,0.03456276827888172,0.07355838837489632,-0.1257585981716426,-0.10214787101042665,-0.10350461523441905,0.03907321565889782,0.29852993160539204,-0.3960649028861935,0.37585805413446083,-0.024903850335303936,-0.20937721987915406,0.24298014843250806,0.08365009548600877,-0.010402493250352996,0.010974842360619238,0.17532902090327707,0.0674793837775515,-0.18156096441888442,-0.023309083073049585,0.2768243800678167,0.09823527621705189,-0.13503608726984195,-0.1783086827668341,-0.24610541128309155,-0.008359952967924333,0.052527726090559695,0.27261746289955496,-0.23507035209559332,-0.04231704481446556,0.08993017366341965,-0.08474660420887832,-0.15068654573018778,0.10213917558770408,0.026730979516081308,-0.09326107865948453,0.06160560774254705,-0.10702429195911532,-0.0673620708470795,-0.08324210884573575,-0.040481216653137676,-0.0072269426337208545,-0.023760963392739535,-0.029867094355093528,0.02181312884501423,-0.010508866738647045,-0.01748727769336393,0.002468138380267438,0.017742164156599752,0.004897499099995993,-0.9804943791207666,0.007026201607790344,-0.007485280258220371,-0.010349209600146533,-0.003346840371116072,0.010563953478218032,0.02121706230104894,-0.006271182046736378,0.0018523978786344722,-0.005207580769503718,0.02895376984196695,-0.0034972096153674677,0.013435182889365172,0.04080711795997282,0.0024900013963174233,0.00734218056852526,0.011611988336534198,0.09095462398631433,0.004027487255725615,-0.019019453991519483,0.02664947885239125,0.007069855230254973,-0.005113336012052113,0.0011076200729824364,0.009208344441255031,-0.032466708740505605,-1.2031719673892246e-05,-0.019012278263206176,-0.002701094838221158
363,-0.2902725245184661,0.15321441432959598,-0.2711947261844573,0.20156821488034804,-0.026363528993461657,-0.14413183721544587,0.19410788496384243,0.24309819033613975,-0.12620199229800508,-0.03086722022384176,0.11449388585490525,0.3455925884359847,-0.15754240730400806,-0.2610374888132532,0.286808388011382,0.31278587283378934,0.03196818846461932,0.04857317076356713,0.560226357202217,0.024123137507858303,-0.07159733539187921,0.14448283430741818,0.11510856695755692,0.06240861956108764,-0.42923209264448786,-0.3549021246504553,0.10508497636485836,0.050289731585348836,-0.006582673621242976,-0.13467831371939357,0.1891379027126231,0.09231518181034194,-0.21819053875506939,-0.0009522421151091205,-0.20479999262762935,0.1569706265849122,-0.14404733049522087,-0.09900316371478296,-0.0016728242670594636,0.07498002293567552,0.008436530492068755,0.03800896341708423,0.033524533915918524,0.09129559932625379,-0.16555173278209273,0.009852512366442594,0.42510856080525844,-0.21953953567811157,-0.2486059077235193,0.01939447459988552,0.04268915573234958,-0.1502533888944279,0.1628736435551852,0.16225130815573122,-0.28086066373862045,0.088054992664927,0.09963278385002709,0.12879178060932164,0.041144655721098405,-0.04445872580134905,0.24442527718805737,-0.09661053997156478,0.026528057416405675,-0.023374419803769267,0.06233576025567527,-0.003426987282323999,-0.035530964543958994,-0.08318396344117372,0.19011090470748068,0.07257057613320798,0.03786928007999168,0.0016076547685282246,0.0520714738740167,-0.04912376093627511,0.00676018191306131,-0.021087331204271177,-0.0010586148938268338,-0.01050867824898344,0.005110549896346016,-0.9804943791207674,0.007026201607790226,-0.00748528025822034,-0.01034920960014658,-0.003346840371116166,0.010563953478218039,0.02121706230104901,-0.0062711820467361845,0.0018523978786343335,-0.0052075807695036455,0.02895376984196708,-0.003497209615367256,0.013435182889365242,0.04080711795997236,0.002490001396317777,0.007342180568525607,0.011611988336534058,0.09095462398631463,0.004027487255725754,-0.01901945399151969,0.026649478852390943,0.007069855230254695,-0.005113336012052176,0.0011076200729824885,0.009208344441255184,-0.03246670874050535,-1.2031719674154623e-05,-0.019012278263206266,-0.0027010948382210974
364,0.38331527699952095,0.013678033021933237,-0.2040421474625403,-0.21022045067743608,0.004712433599925724,0.023623388065491597,0.01291446679511766,0.2670266340294611,-0.1003167634443759,-0.3156597215885117,-0.19909815697261204,0.24522217002396457,0.21352488354364474,-0.2865288041693182,-0.5088968234131709,-0.1145730716513952,0.24380485119614018,0.14393784945028817,0.3954674509261183,0.051850575718273346,-0.29922039543994405,0.5049883937443286,0.03427441304545716,-0.05058076500781191,-0.04122357136275322,-0.47597980819462155,-0.2424524604972147,-0.11947372320115619,-0.012081448986856336,0.015694760581364205,-0.027685182950223486,0.01993405502908873,0.28508491058934976,0.09624751516705762,0.2012205551912308,0.057372290469641596,0.00924020456484573,0.05351509927195187,0.10230124865019853,-0.004463180883398259,0.17427724942451736,0.03668072425443399,0.05958816722419191,0.11528587562907133,-0.10328482801686609,0.21034324214061284,-0.0043554790531636885,-0.2443909544525995,-0.027863145042914525,0.05328180334908839,-0.06146718223946333,-0.20992476258216164,0.022858182108462636,-0.22226950700442463,-0.09389356846449935,-0.09758727890615065,0.12153367436449809,-0.07318023006725255,-0.06059263444489848,-0.10974891872992502,-0.17649516189663275,-0.004157766500140204,0.03839780717496687,0.09823428993016185,-0.09845621994366006,0.2559917314597137,0.07127530999841623,-0.05865447614143168,0.0678597895017131,0.03315518928843824,-0.012536953144226311,0.0006102426221612392,0.04033156979592834,-0.04249501805070205,0.010562229443023948,0.0014328354255395905,-0.03162999913673836,-0.005051588634332201,-0.001596582145959473,-0.980494379120767,0.007026201607790231,-0.007485280258220466,-0.010349209600146878,-0.003346840371115705,0.010563953478217907,0.021217062301048972,-0.006271182046736306,0.0018523978786343755,-0.005207580769503847,0.028953769841967167,-0.00349720961536727,0.013435182889365294,0.04080711795997254,0.0024900013963179003,0.0073421805685255455,0.011611988336534184,0.0909546239863145,0.004027487255725547,-0.0190194539915199,0.02664947885239072,0.007069855230254949,-0.0051133360120522945,0.0011076200729824694,0.00920834444125506,-0.03246670874050544,-1.2031719673821022e-05,-0.019012278263206242,-0.0027010948382213333
365,-0.1680635499017839,-0.13156354997212033,-0.07917314260558735,-0.32716089922020897,0.1267934603371341,0.14990251633118812,0.5414193657345365,0.4206838901990113,-0.05711541647114382,0.09122522068868048,-0.010757545901933816,0.28962422346636246,0.30164646293826736,-0.07053250634118903,0.07909555600834815,-0.010523214299310982,0.0962595284785751,-0.1212284720762787,-0.07003659064955352,0.36843894795464777,-0.1159405504877334,0.18526218049857107,0.3954950396531842,-0.15876870282576083,-0.29784495175169146,0.13635848680088633,-0.13102658621975616,0.02390226439538768,-0.06299265893183376,0.09590311002381284,-0.03973569593233551,-0.14286301895621273,0.13029286707284893,-0.2525534214391073,-0.010668368289236296,-0.022101719679531295,-0.12835940336126264,-0.11647110142340107,-0.019146007524430856,-0.13222411310369991,-0.07290525869784642,-0.06252020141409827,-0.027828527296192056,-0.13846273200301856,-0.23465290677928496,-0.015126914773319093,0.047911259035353336,-0.2584997387191201,0.033937225210029426,0.0735454771921164,0.18420319835008722,-0.06845121218433188,0.17749311510713198,-0.05666529394795928,-0.0003570972820752052,-0.2065378285360984,-0.07359161228780514,-0.1527053606335078,0.05376292742102816,-0.18731390454463526,0.04009002572207176,-0.035152530140675584,-0.21790178246132746,0.0597666247619797,0.05010799399860613,0.012040628200384974,0.06531050519891049,-0.060213733567162184,-0.14758774635567037,0.07870807706441975,-0.04403536589545821,0.025655582394183047,-0.04535549947918637,0.004648719363092205,-0.0041909705733730995,-0.011253080400819232,-0.012068668080519917,-0.0021547828771962844,-0.005488763061026517,-0.9804943791207669,0.007026201607790173,-0.007485280258220527,-0.010349209600146597,-0.003346840371115916,0.010563953478218174,0.02121706230104905,-0.0062711820467364066,0.0018523978786342055,-0.005207580769503809,0.028953769841967097,-0.0034972096153672266,0.013435182889365349,0.04080711795997246,0.0024900013963175234,0.007342180568525795,0.011611988336533942,0.0909546239863145,0.004027487255725566,-0.01901945399151983,0.026649478852391006,0.007069855230254709,-0.005113336012052114,0.0011076200729828718,0.009208344441255034,-0.03246670874050538,-1.2031719673916866e-05,-0.01901227826320602,-0.0027010948382210904
366,0.17095302202277504,0.5916890929553302,-0.27401482496131785,0.47845985846585587,-0.03687772668671275,0.2034687369926643,0.4862510353765472,0.1466779451333188,-0.07902476536816515,0.36681580699536215,0.24403457962069933,-0.14543888788350381,0.12418967046187747,-0.14229867524590886,-0.3606563140959623,0.13469292822949164,-0.39449172083136275,-0.5075211193844239,-0.24403791905149935,-0.1138186634595746,-0.3460558622700196,0.1120773663332753,0.5072792097259234,-0.2918863435093866,0.022980107092691045,-0.19192746328339177,0.06966121237997516,-0.47721133928510695,-0.08500342828935654,0.11924285138639854,-0.10891371653891355,-0.3371199465128429,-0.13854097119263667,0.14900757104738732,-0.21506212262754526,-0.3517726184532613,0.33944914233437745,0.2619852162617549,-0.457439078394017,-0.3039361955797041,0.162899527995776,0.1922590551907373,0.08496960089311116,0.18775017139874556,-0.17940949052286567,0.1827510313955803,0.04977772905473828,-0.1451841236700429,0.004034431011447227,0.017156932323116682,0.052796235050955286,-0.17669163979288252,0.1548953121385445,-0.1155151618585146,-0.07023166922702113,-0.009830344266270228,0.058916867797553944,-0.03443159872616166,0.0978502862928702,0.15482197363740838,0.004555135469183748,-0.23129332281320503,-0.06677935752474858,0.1241158308634476,-0.08072598562381547,0.018382474759897266,-0.061359142920592705,-0.09539766781439246,-0.023841132867914793,-0.03476502810241049,0.10693606843640784,-0.02024314939329123,-0.025975302903094303,-0.01088854824745553,0.028660399418488768,-0.03275963535456569,-0.031759569531123806,-0.028079194171618797,0.000923975752750527,-0.9804943791207673,0.00702620160779008,-0.0074852802582206085,-0.010349209600146831,-0.003346840371115776,0.01056395347821791,0.02121706230104898,-0.006271182046736362,0.001852397878634327,-0.005207580769503919,0.028953769841966896,-0.0034972096153670497,0.013435182889365146,0.0408071179599724,0.0024900013963178014,0.007342180568525535,0.011611988336533829,0.09095462398631453,0.004027487255725873,-0.01901945399151978,0.02664947885239085,0.0070698552302547275,-0.005113336012052255,0.0011076200729826361,0.00920834444125506,-0.032466708740505536,-1.2031719674112314e-05,-0.019012278263206315,-0.0027010948382210063
367,0.1775459758829077,-0.638570919285631,0.310015803999234,-0.25596658695043195,-0.019492170035402854,0.19453834079349136,0.4273670904324575,-0.008731999013416784,-0.27257617376006893,-0.27106973912819793,-0.20255364971375361,-0.04999933746780197,-0.2266523291785733,-0.11527957981176305,0.08137274807942439,0.40901453190444303,-0.30062876974343417,0.06132803371673598,-0.00828630515368184,-0.09249042431109752,-0.2306815457081075,0.07705422826566612,0.04327942598250897,-0.23869902187532233,-0.2692009082390149,0.3424779780862594,0.0036186715157869786,0.011060710479622786,0.11035839668633232,0.06665330968996515,0.13918585503319564,0.0649496744981133,-0.22102241284627322,-0.10517463247670256,-0.08155218668562224,0.4218247732789355,0.21695430269314528,0.21775719955441786,-0.11060417326347607,0.023736708568074992,0.03334344484438118,0.220707243976225,-0.12287914765045647,0.02423713956052595,0.05470086373154365,0.12491695373294273,-0.24894110530771618,-0.1720027154810294,-0.005952268490143674,0.005930067631044827,-0.0057749605700745206,-0.13717382252628865,0.03487470963203716,0.1376758818758557,-0.10088525431699442,-0.18430767690978064,0.23923257077850205,0.1531376088574865,-0.340170502240018,-0.11725487774640923,0.13282880382006357,0.003837812031223949,-0.17890833786590135,0.006456081651524719,-0.1418698395667492,0.07512248977002549,0.15955358284485796,-0.06859016689425097,-0.0462566807783705,0.06855854307407201,-0.01861310026582916,-0.011432011932301102,-0.0038094757908329374,-0.011183762778292023,-0.0019478249756912725,-0.011395807225258292,0.00616046176703781,-0.017569238023925595,-0.006106167602302172,-0.9804943791207671,0.007026201607790305,-0.007485280258220437,-0.010349209600146821,-0.0033468403711157915,0.010563953478217992,0.021217062301048993,-0.006271182046736583,0.0018523978786342565,-0.005207580769503757,0.02895376984196709,-0.0034972096153673745,0.013435182889365089,0.04080711795997241,0.002490001396317606,0.007342180568525643,0.011611988336534164,0.0909546239863148,0.0040274872557259575,-0.01901945399151961,0.026649478852391145,0.007069855230254835,-0.005113336012052302,0.0011076200729826884,0.009208344441254943,-0.0324667087405053,-1.2031719673797688e-05,-0.01901227826320638,-0.0027010948382210865
368,-0.2531742079374303,0.0916578798553762,-0.27662315666779086,-0.05892461505022774,0.0929799450134828,0.4987998299212184,-0.03909562397106278,0.4827642706541055,0.2534135321084765,-0.20265662399129064,-0.19723659376655142,-0.026322095877615335,-0.3777500807905121,-0.12445656236599387,-0.127711192420757,0.14599334857247837,0.3335757833979966,-0.2597230054001227,0.11061787382868753,-0.09311150275972173,-0.19664947874790065,-0.19542518073057133,-0.214023482261986,-0.25140535364261707,-0.20826348108209614,0.004310935408138355,-0.3089021761494927,0.0701515762724585,-0.0590105548460638,-0.2791495792416701,-0.5566826131535596,-0.030778330444342226,0.09446611310980758,-0.1859924991949665,-0.011184215498638263,-0.3145271213975576,0.28984876230001405,-0.06472042447253405,-0.1520110471745873,0.039896175407008544,0.037671007026136565,0.23671329155671963,-0.021315897524342948,0.0011688565867171178,0.024380360474973557,-0.20336799708792597,0.11811630317561114,-0.11914977198265728,0.08579362969603625,0.06383539687068156,-0.10183000743044107,0.023129741750029947,0.21206829570273372,0.038329861037828115,-0.06093221232292734,-0.10458985263032802,0.12455143640880757,0.040185451446392115,-0.039648478528828045,-0.043389835277942754,0.08567479347182151,-0.03519735138004455,0.03699187501762197,0.10930780556164463,0.04733633507590797,0.0865717723564596,-0.04927930005310222,-0.08182438167503539,0.0625227428756064,0.05264412757655778,0.012937372237475112,-0.0008627463835797996,0.028977202840617212,-0.03877720950138959,0.0016495929581303707,-0.0380517249314809,0.0018084068839124918,-0.007902965807299923,0.0066987374332462555,-0.9804943791207672,0.007026201607790324,-0.007485280258220454,-0.01034920960014681,-0.0033468403711161697,0.010563953478218048,0.02121706230104903,-0.006271182046736379,0.0018523978786345022,-0.005207580769503868,0.02895376984196724,-0.003497209615367199,0.01343518288936525,0.04080711795997253,0.0024900013963177897,0.0073421805685256435,0.011611988336533952,0.0909546239863146,0.004027487255725632,-0.019019453991519837,0.02664947885239122,0.007069855230254605,-0.005113336012052173,0.0011076200729826082,0.009208344441255156,-0.032466708740505376,-1.203171967380541e-05,-0.019012278263206207,-0.002701094838221087
369,0.11536888174920605,-0.28860584619181184,0.0955798931202805,0.04499088286820885,0.403819363387425,0.2452453623407956,-0.056783159353358086,0.29955535155102925,0.15987016997055936,-0.0029932196301986173,-0.1595791154374162,0.044717873654748524,0.3819032357465447,-0.18959602002584885,-0.605558240750099,-0.25386533957819485,0.12199160932443417,0.13702029055530876,0.1744446196668455,-0.10807603298239112,0.005689277834727568,0.43242153415497103,-0.014585510832108552,0.1003785700523533,0.12282004963513111,-0.26994087783604886,-0.17527511273870117,0.19584076444108167,0.07629000551202725,0.1200154799588573,-0.06995131807323376,-0.2912814308337639,0.17299695282900984,-0.2863048107181416,0.009281910578291544,0.041698774473771016,-0.0021064844198273643,-0.22626076031664777,-0.15882441920807056,-0.031832263547812274,0.03838204754546655,0.23866857817598128,-0.16091451676863086,0.061787405315447325,-0.0291409481148098,0.08502410632926763,-0.11796488628745365,-0.009811379121487208,0.1901312519922478,0.23164278239353123,0.006278865717359759,0.2899689899163151,-0.020376517773568817,0.18766469788257525,-0.05985489133997915,-0.05510895961957812,0.0947313532936372,0.03931737503350329,-0.052872765154429686,-0.18786936570393187,0.01787503865534857,-0.14488580753501104,-0.21089096785189212,0.14193520196507137,-0.03154993614580792,0.0016585707050171714,-0.19616653532540665,0.06383096873536154,0.025001716369484055,-0.04398969101249722,-0.0008892732484008129,0.01916109053334226,-0.1589543307208582,0.05815009782023231,-0.013134917369531353,-0.030981916507381562,0.0005855091324354862,0.013952473968183339,0.011909024472030856,-0.9804943791207673,0.007026201607790411,-0.007485280258220291,-0.010349209600146844,-0.003346840371115691,0.010563953478218147,0.021217062301048938,-0.0062711820467363025,0.0018523978786343408,-0.005207580769503725,0.028953769841966986,-0.003497209615367395,0.01343518288936527,0.0408071179599726,0.002490001396317824,0.007342180568525552,0.011611988336533858,0.09095462398631439,0.004027487255725589,-0.01901945399151972,0.026649478852391214,0.007069855230254997,-0.005113336012052204,0.0011076200729826637,0.009208344441255019,-0.03246670874050529,-1.2031719673625432e-05,-0.019012278263206034,-0.002701094838221249
370,-0.03655910208154843,-0.5710998690316595,0.16948168226169297,-0.2250376820221717,-0.3347615499433093,0.2037424158128872,-0.25214248477125034,-0.14038803582852297,-0.4158454662686089,0.06060750674463245,0.010835797082753893,0.287352189894489,-0.43944436954881044,-0.23265292905543247,0.23800297702667436,-0.234329459073055,-0.119872972015835,0.2474890183645572,-0.008930324526588549,-0.336771675625206,-0.2845154346415235,0.07411658354697855,0.27580669453282775,-0.008342129622147736,-0.08157792348586793,0.08176483888870892,0.049644602881141024,-0.11280933232425577,0.2048371640186404,0.14345589406477072,0.2612847600826168,-0.1245569672007014,0.27762368942131765,-0.18651416605177712,-0.0115473463407703,-0.05096125547293909,0.25682905721649874,0.03706539120507929,-0.17335757233216084,0.2207892867796296,0.04548291204777916,0.2568694693272184,0.0768756875295373,0.031804422902260654,-0.2170672555287707,0.1559221462574395,-0.005617788782502552,-0.1173970133897653,0.015723640406321435,0.17709150852903568,-0.16377571172819688,0.09049873699366479,0.16951864603926917,-0.07333454892347678,-0.024798634350273293,0.11869795298362802,0.026859151547655932,-0.1692245295131735,-0.2342209633482446,0.026127338345729077,0.2879698988176955,-0.0854513152069324,-0.1195365290868956,0.12617690524778125,0.02456991068932342,0.013925034828814766,-0.0739616164193338,0.07657129172526332,0.17259046869076686,0.0584202416716498,0.020608253964902897,-0.0026931241627556725,-0.0021933339140524787,0.001718912649931359,-0.00028339734381720936,-0.002950365818742597,0.018817775642319425,-0.008506629432948717,0.007269714095041066,-0.9804943791207676,0.007026201607790395,-0.007485280258220477,-0.010349209600146675,-0.003346840371115944,0.010563953478218069,0.021217062301049073,-0.006271182046736444,0.0018523978786343675,-0.00520758076950384,0.02895376984196721,-0.0034972096153674578,0.01343518288936544,0.04080711795997248,0.002490001396317814,0.007342180568525448,0.011611988336534011,0.09095462398631479,0.004027487255725718,-0.019019453991519785,0.026649478852391037,0.0070698552302548455,-0.005113336012052177,0.0011076200729826468,0.00920834444125497,-0.032466708740505244,-1.2031719673921287e-05,-0.019012278263206103,-0.0027010948382211143
371,0.22132651533760592,-0.1551610128092079,-0.28268683353487173,0.2007758100104974,-0.018168042859627326,-0.010477820041796811,0.3256193295908126,0.094071256189414,0.06485937036786356,0.019990856441132607,-0.01993386853407508,0.5264668272065279,0.209263958463572,-0.20851477400342033,-0.10693340184468686,0.3248348872121167,0.19553547523660922,-0.21436277512189753,0.021112917561980582,0.20042143479989716,0.04732475886123791,0.04812009107431686,-0.16643059142303782,0.2599617788554537,0.10916233192647516,0.07908267245429566,0.055480303381531516,-0.13030435897138093,0.01020589808029738,-0.004550766070650908,-0.0384511982789511,0.39228966449031477,0.0495032526501006,0.17751083071003088,0.2469366997755413,0.0791179823398951,0.1843204558673698,-0.2594913582634836,-0.10803671517624616,0.04518861630945719,-0.01642891833172547,0.3440420766758382,0.033354416791544494,0.05384088662266035,-0.1369575799538793,0.14260369647029258,0.10084029562523691,-0.14209102355840275,0.12425539516759526,0.0540582232056386,-0.20405676943289233,0.0404795610832694,0.02452328811287333,0.33535835876795,0.04912752513413644,0.1652319794762556,0.008498010080528804,-0.07932573491814578,0.02458794599702137,-0.027764338348928854,-0.03586209360960653,0.08013938167632949,-0.1867275988589968,0.14078799602563097,0.04663267323469266,0.030474718797962024,0.010469101599142917,-0.07794690714912568,0.07682416073539317,0.009330141385378098,0.020555633681438406,0.013530728992191205,-0.03931834098320902,0.017552961850786822,-0.003003976025826347,-0.00906555407547586,-0.007249968235861891,0.013667388475779621,0.0015135370495176397,-0.9804943791207673,0.007026201607790248,-0.007485280258220485,-0.010349209600146726,-0.003346840371115887,0.01056395347821802,0.021217062301048917,-0.006271182046736487,0.0018523978786343352,-0.005207580769503587,0.028953769841966893,-0.0034972096153672123,0.013435182889365092,0.040807117959972494,0.002490001396317756,0.007342180568525621,0.011611988336534125,0.09095462398631458,0.004027487255725709,-0.019019453991519653,0.026649478852391034,0.007069855230254761,-0.005113336012052223,0.0011076200729826732,0.009208344441254956,-0.03246670874050543,-1.203171967375036e-05,-0.01901227826320626,-0.0027010948382212656
372,-0.17834725572788404,-0.008069009736937088,-0.22869341080396768,-0.03726538685593862,0.08039400037062336,0.06550580268486561,0.12258234888026169,-0.17600990742549308,-0.22509249361424835,-0.20770649615041295,0.1537941367813463,0.5679175023386903,-0.1793442121832784,-0.020877631916761338,0.04671061910454651,0.2041652121061227,0.06093625492984292,-0.15141180945217408,-0.15567421094560258,0.05746273952408187,0.2297594308886339,0.012724659855463278,-0.1127255206816983,0.24261103643928525,-0.2229896435315429,0.12829759564614496,0.0025332636454785985,-0.09665876350187345,0.12798625462966118,-0.027836450997669647,-0.062320559476161407,-0.20389354124660117,0.10199448578729638,0.08622000802934154,-0.39181453095270347,0.06352404752499506,0.08590486003392664,0.015473416487861682,0.15264832223410188,0.026702716309924514,0.06797498295917084,0.11037021534293186,-0.0008799526496978886,0.0655753494452031,-0.020121593552320904,-0.05455260323716341,0.20569092946698841,-0.24567824390686108,0.019932547731611412,-0.07677767557993916,-0.03353541990790793,0.012164165024946601,0.004850581354693861,0.21914329323210427,-0.20085721352575628,0.05789713731867548,0.06290685330832539,-0.034136206557141474,0.10382722754797656,-0.12132148240504288,0.07869773748354632,-0.016203727564806765,-0.0035117524931068283,0.22297160079242262,-0.09014983830225894,0.11065201460162709,-0.042969775186727524,-0.12077027748153156,-0.008379419737923607,0.03552725307586373,0.01623243723764951,0.007642470080026974,-0.022450017474605198,-0.01916586440156202,0.0015174388997218273,-0.04730771553504051,-0.020884087316717682,0.00323365226930476,0.0062122557117514346,-0.9804943791207672,0.007026201607790226,-0.00748528025822053,-0.01034920960014659,-0.003346840371116235,0.010563953478218095,0.021217062301049038,-0.006271182046736386,0.0018523978786343543,-0.005207580769503739,0.028953769841967136,-0.0034972096153673532,0.013435182889365172,0.04080711795997242,0.0024900013963176522,0.007342180568525524,0.011611988336533948,0.09095462398631443,0.0040274872557256565,-0.01901945399151965,0.026649478852391096,0.007069855230254508,-0.0051133360120523145,0.0011076200729826342,0.009208344441254996,-0.032466708740505404,-1.2031719673953395e-05,-0.019012278263206322,-0.0027010948382211945
373,0.30562496869159755,-0.2100279653498175,-0.7027038588138019,0.11123909795757449,-0.0031142803681789453,0.08043460106220979,0.1929468108058665,-0.05207388776836392,0.10684505059686958,0.17894569374342711,0.11862459932844367,0.0869592400099748,0.20589677046850197,-0.09746146765901308,-0.29253051135017577,0.334057009111822,0.005477050747549505,-0.3145939276251104,-0.07835798834259741,0.1684316383526204,-0.11867279578551666,0.3122682837863797,-0.14772575263907417,0.30730590934113877,0.33912218711431297,0.24777724738662293,-0.31960735923938666,0.052377157471453946,-0.19863273274740215,0.08352418214657795,0.2837136968197134,0.16093730988712934,0.33557947365595353,0.10315231750212216,0.1405728275111532,-0.11902736746963585,0.13725986368439438,0.13214740060404104,-0.24539020782700985,-0.28642069510648116,0.01610860311868146,-0.16299606789679866,0.03856748860800579,0.03731430954544993,-0.02684329508287272,0.1476407379967757,0.12255943249543413,-0.05822021048711543,-0.25204971978891916,-0.27185837155001646,-0.16516468556790526,-0.1444925969804597,-0.03941408692523225,0.06199912345807348,0.049462870977015086,0.17844152211222483,0.010606922059616065,-0.20903954412189457,-0.026719061129790965,-0.03436125875805206,0.08346764371731742,0.13572799480447262,0.031651910030300025,-0.06869127161952887,0.10924344427041378,-0.09592852095847512,0.030658358876285544,-0.18351467530277404,0.05878309498807883,0.01221327024585602,0.08313003453017308,-0.009356232699527551,0.004122265955433685,0.031627081386707355,-0.004419965492464435,0.007439813636895094,-0.004383213223345647,0.001598898355559089,-0.013399871658853724,-0.9804943791207673,0.0070262016077900745,-0.007485280258220631,-0.010349209600146837,-0.0033468403711155886,0.010563953478217867,0.02121706230104889,-0.006271182046736439,0.0018523978786345156,-0.005207580769503743,0.028953769841966872,-0.003497209615367226,0.013435182889365044,0.04080711795997263,0.002490001396317874,0.0073421805685255515,0.011611988336534063,0.09095462398631464,0.004027487255725771,-0.01901945399151991,0.026649478852391006,0.0070698552302549626,-0.005113336012052279,0.0011076200729828363,0.009208344441255033,-0.03246670874050559,-1.2031719673958526e-05,-0.019012278263206214,-0.0027010948382211893
374,0.3612018689373177,-0.4237949335568872,-0.4443016063480104,0.18091650577591825,0.030329583159950567,0.5848884672535698,0.36289962762155203,-0.34513096008136424,-0.3295948026963232,0.012309015930895164,0.6278091393314683,0.4611119638465322,-0.40064777183769335,0.4334255641058223,-0.17418510653776154,0.16857078260565733,0.7069155353703891,-0.02142269989089319,0.07195926538478813,0.7888452942932205,-0.02678893313860245,0.06591932730924711,-0.09531054934065387,-0.2204702708172892,0.31170109101466187,0.15382254516178268,-0.10748688843258343,0.32393319814135985,-0.3084968480672505,-0.07765738776313816,0.46011490933963817,0.13790454154669401,0.014240411483289986,0.14893026732804357,-0.23977833884727753,-0.04877097854233649,-0.33661157827611704,-0.021012787056231302,-0.19546120338525336,-0.12309790275341492,0.45447048838363846,-0.11854059206958793,-0.11810940610188876,-0.012366588531641203,0.011033786546324875,0.1363283528363843,0.18046822638874183,-0.03623242533603566,0.039648076397928195,0.00637984721811633,0.03752199284475509,-0.08258499549957066,0.14208986135908586,0.01243969588631243,-0.42989332475366443,-0.1434014006346472,0.05934605317495482,-0.020335585083435418,-0.11851175493223363,0.10615448242985336,-0.032352277440974464,-0.07575979363690116,-0.02920245693473392,-0.2789455153940383,0.004241902001451319,0.09533926114326709,-0.05820148023492206,0.09076027990674748,0.09801062770890827,-0.05811917540476922,-0.033102708630908126,0.007708551155036565,-0.08624325918367542,0.026270406750352093,-0.01367812034441485,0.007542208551202127,0.017369953300443976,-0.00941440177647234,-0.005039167391988096,-0.9804943791207669,0.0070262016077900944,-0.007485280258220548,-0.010349209600146748,-0.00334684037111585,0.010563953478217904,0.021217062301048892,-0.006271182046736361,0.0018523978786344584,-0.005207580769503767,0.028953769841966962,-0.003497209615367478,0.013435182889365186,0.040807117959972654,0.0024900013963176453,0.007342180568525468,0.011611988336533761,0.09095462398631449,0.004027487255725761,-0.019019453991519622,0.026649478852390777,0.007069855230254772,-0.0051133360120522485,0.0011076200729827452,0.009208344441255156,-0.03246670874050539,-1.2031719674144214e-05,-0.019012278263206225,-0.002701094838221035
375,-0.18652712285865708,0.06059530361617545,-0.32104597782754796,0.3927790076675097,0.2263486294099183,-0.034260903854818656,0.43380416926002235,0.313045265931025,-0.43814042859688923,0.06438069948910856,-0.01470872392986061,0.0892077703736591,0.24988604160208552,-0.033064642935928916,-0.14175453545473646,0.26794009926734247,0.1636925166475358,-0.36153443412034175,0.15318476121929112,0.3238851884898829,-0.23244718871440512,-0.11697534835703687,0.14243571902357105,-0.11797062695543557,0.22489772460885565,0.010206292267481784,-0.18844434853023892,0.1565814267457332,-0.014291641235339709,0.26819594874960834,0.3356381123728731,-0.046455641625328746,-0.011587693806946497,-0.04797320002093556,0.14370720393557168,0.3089335056550594,0.23547506856618405,-0.1959990712678765,0.031180702213850508,-0.07655833441300997,0.14541604673550879,0.030722375396772302,0.20964161776791881,0.008815870512282538,0.1714171786414333,-0.09867683058091464,0.06241725551410382,-0.06990181104154682,-0.055818250583879896,-0.0003714820396053351,-0.07270610717721299,-0.025409871462129516,-0.08478093633334181,-0.05280267959867131,0.1263514629131992,0.10276077385311744,0.010831998825732443,-0.1427703470426973,-0.1951309867760252,0.03509132528981403,0.18301660098251668,-0.07792300690966636,-0.22040013859468352,0.040826210096783624,0.08063738580965861,0.07450376747063679,-0.03748752968777923,-0.05533929183912149,0.005831004050098296,0.11233701233140156,-0.028323506297823247,0.01122290772330709,-0.009670261536234999,0.014794673464726751,-0.012913347273250737,0.009990498459523673,0.009578465133187705,0.0024652720945426494,-0.006427453534185218,-0.980494379120767,0.007026201607790201,-0.0074852802582204905,-0.010349209600146623,-0.0033468403711158835,0.010563953478217987,0.021217062301048997,-0.006271182046736418,0.0018523978786343478,-0.005207580769503697,0.028953769841966927,-0.0034972096153673793,0.01343518288936524,0.04080711795997242,0.002490001396317659,0.007342180568525604,0.011611988336534056,0.09095462398631461,0.004027487255725776,-0.01901945399151963,0.026649478852390995,0.007069855230254998,-0.005113336012052213,0.0011076200729828165,0.009208344441254988,-0.03246670874050538,-1.2031719673937106e-05,-0.019012278263206162,-0.0027010948382210375
376,0.08046789644950784,-0.37868545000129217,0.016396057851799706,0.3837562366514151,-0.317278614695062,0.06774743776951864,0.2498029015048067,0.0506026617092611,-0.010134772330486671,0.5875682571788234,-0.5211456448077866,-0.05298297460556094,0.07303853198225985,0.04335324671192282,-0.3171544870888569,0.237027535952888,0.08916023652771898,0.2699815795700768,-0.053921657743449626,-0.11613708220536728,0.3932200451411445,0.09188289481078976,-0.09921913068022782,-0.1340660581611414,-0.24430688955858268,-0.18923939205176432,-0.13293703842348917,-0.010683973667052591,0.10557937767886105,-0.31063912650037395,-0.12517391777900666,0.4072781897325161,-0.2680045469694424,-0.10218330744081862,-0.05871054655620825,0.10843965626786876,0.06422266199962207,-0.14123401589055207,0.0538081811849132,-0.014465164014915917,-0.2256950987586437,0.156409944298436,-0.01601857888443087,-0.0003949145241576489,-0.2597510081656837,-0.11313712981044509,0.34932019989341107,-0.07640256234279795,-0.18728229070153066,0.07617018592585567,0.2727144205979576,-0.05626564151964428,0.21825127354715343,0.36616773858837126,-0.3682620297420032,-0.0065495137755951244,-0.04762916192107471,0.08927048428482245,-0.19996055892553546,-0.008319442638293248,-0.12116732280312659,-0.18610174743441396,-0.02724160508900583,0.046552005969366254,0.010434313514326499,-0.10274116409437492,0.03056284896310382,-0.019480688186982977,0.0803788442180715,-0.007667204496135075,0.04642875769598155,-0.006015692214438185,0.08521170185410969,-0.07239523108104602,0.006616139086637694,-0.03738032838476039,0.013122924346145606,-0.020578612955049445,0.008121134369862127,-0.9804943791207671,0.007026201607790203,-0.007485280258220224,-0.010349209600146469,-0.003346840371115984,0.010563953478218091,0.021217062301049115,-0.006271182046736314,0.0018523978786344879,-0.005207580769503795,0.028953769841967087,-0.0034972096153671915,0.013435182889364846,0.04080711795997252,0.002490001396317646,0.0073421805685254405,0.011611988336534115,0.09095462398631478,0.004027487255725907,-0.01901945399151957,0.02664947885239138,0.007069855230254678,-0.005113336012051972,0.0011076200729826073,0.009208344441255262,-0.032466708740505196,-1.2031719673857912e-05,-0.019012278263206128,-0.0027010948382212795
377,-0.01345234993373363,-0.09811694160940891,-0.26248396777740973,-0.01505833566008538,-0.2997513151934572,-0.18884825223532814,0.6176114332231143,-0.20980106182548863,0.08215326671787705,0.2390052269217891,0.06649460509894135,0.07029582379051964,0.1260947280675397,-0.32197811930981296,-0.06852895661730235,0.002668693743282894,0.029739160715568196,-0.2594348315625007,0.059613763312390995,0.17015609687443825,-0.37689462394925327,0.07029407605280519,-0.11209664597467432,0.06364389675183264,-0.13829760705043026,-0.00749032088225219,-0.00998759697873166,0.38426440987319754,-0.03513260318169931,-0.3945771361902802,0.05176006484723756,-0.0422898835250874,-0.01507429164645633,-0.15858470858507698,-0.09284844330515651,-0.09645264635961066,-0.2197344722674787,0.2691578775781445,-0.06817803352856898,-0.4808682908894684,0.1255266303182347,0.08540987695466326,-0.06960951342441077,0.07819785402066033,-0.1754356990750134,-0.01576854452958349,-0.06330851701907084,0.05448954293248472,0.11075726087113996,0.028606754094328318,-0.28183857000107015,-0.046806473737162096,0.03615197366262267,0.17595003696726752,0.12488010782422183,0.03829709679798531,-0.056815488765347,-0.13915819034062504,-0.18330136483565884,-0.09687062797441066,0.2481439554065486,-0.24184376574098979,-0.06173950749410429,-0.06427690925571167,-0.13493747053711358,0.20563554395575298,0.10262542562428861,-0.11180391991213454,-0.02679339302895201,0.006370350045021976,0.052886421779492834,0.0033834674889922423,0.07522829041424803,-0.004556134986510092,-0.005955125872092654,-0.016090398115853922,-0.004685139093256766,0.005489601457003132,-0.0063934785545510684,-0.9804943791207672,0.00702620160779012,-0.007485280258220535,-0.010349209600146656,-0.0033468403711154897,0.010563953478218029,0.021217062301048896,-0.006271182046736376,0.0018523978786342103,-0.0052075807695036525,0.02895376984196713,-0.003497209615367018,0.013435182889365304,0.04080711795997241,0.002490001396317803,0.007342180568525885,0.011611988336533853,0.09095462398631467,0.004027487255725748,-0.01901945399151996,0.026649478852391006,0.007069855230254817,-0.005113336012052256,0.0011076200729827808,0.009208344441254908,-0.03246670874050537,-1.2031719673882198e-05,-0.019012278263206176,-0.0027010948382211824
378,-0.20935969386560405,-0.06742178174521618,0.08366125323055205,-0.13184180669555856,0.2498221924378221,0.21934940156439686,0.1329346945030234,0.4497043146242213,0.17961276614757252,-0.05071476988491179,0.04411251931296933,-0.18900947215892894,0.018304316993557477,0.11597215063344499,-0.159332130072669,-0.1154881537401284,-0.032531478824951554,0.07566544090746634,-0.11126978231083709,-0.09357658149864535,0.1883045908005078,0.2652571365099363,0.17338907302591125,0.0733404753029317,-0.1162436070270502,0.06380193813781078,-0.18372551855310545,0.12765679394185972,0.016119892071158545,0.1965230233196505,-0.04636941005678102,-0.13280741668253132,0.23385919195286348,-0.1581106200155299,0.053788749977090815,-0.19587186384939137,0.11462204399794161,0.3323298110105709,0.1151809071399816,0.029129532696239108,-0.13710168305686146,0.07917636609980896,-0.12996779800006156,-0.02588058568003732,-0.030887036474963554,-0.0178217522400199,-0.06400338037478161,-0.3272602579838205,-0.018705573678255358,-0.027121316388769186,-0.11260123438542807,0.006656472659533921,0.04339705020774227,0.08152618101371234,0.03510062031494783,-0.22974392174207797,0.1811185391948226,-0.03718605782020825,-0.037861973169368256,-0.16336539737414277,0.08043549688211843,0.08405837391122785,-0.13687036581483197,0.047725680017827614,0.03994874459430671,-0.14751745091762547,-0.26175844492804595,0.09982490832051376,0.2849937707908226,-0.005615630469952773,0.10666175646085878,-0.0010095739281183844,0.008646973931701255,0.003561787548802638,0.008911217549152592,0.0012304523601600662,0.0314538149472412,-0.014715424309034348,0.006566111007085324,-0.980494379120767,0.0070262016077902775,-0.007485280258220409,-0.01034920960014674,-0.0033468403711159576,0.010563953478218091,0.021217062301049153,-0.006271182046736178,0.0018523978786342888,-0.0052075807695039335,0.028953769841966986,-0.003497209615367296,0.0134351828893651,0.040807117959972515,0.0024900013963177455,0.007342180568525792,0.011611988336533948,0.09095462398631447,0.004027487255725601,-0.019019453991519948,0.026649478852391228,0.007069855230254848,-0.005113336012052003,0.0011076200729826637,0.009208344441255034,-0.03246670874050538,-1.2031719673875232e-05,-0.019012278263206076,-0.002701094838221271
379,0.29711967607053547,-0.07667940512208982,-0.8658456946418239,-0.29207542535345804,0.0652209977807378,0.30751952984528125,0.12456286698249927,0.37703461147769024,0.3782734007124427,0.5405683777614076,-0.27112127614190396,0.18907893432139594,-0.19889287444091727,-0.6432261270388324,0.22479728475643784,-0.013415521970522551,-0.12613262451852464,0.11502331893441564,-0.143740671108892,-0.0723140931816524,0.04329657104450674,-0.2766404572106324,-0.3606368470357491,-0.09204796654945771,0.2810304012201079,-0.43135679219002865,0.14378123959681413,0.2564101249399174,0.06992987211138779,-0.3240772708884736,0.3185754254618761,-0.07915537881673854,0.3173188725498676,0.13655633014774363,-0.14512130694279146,0.2234121697269315,0.05069269668232901,0.2827005265138059,-0.017332779136477936,-0.16525217680765505,-0.48089216522285233,-0.00254343559491267,0.06503427688472645,-0.19346225687377278,0.28084381883964726,0.11243029188746688,0.10641715906968655,-0.2748747270831061,0.12648179926143804,-0.10995372884926281,0.1335301090703816,-0.21437495515893348,0.201456307226358,0.001047665303844097,-0.25559647168519123,-0.2739397418544558,-0.10667566300349902,0.3795314920265996,0.02948210161490132,0.3853865075120318,0.1528397310528561,0.0055393878474649175,0.0030056120236522112,0.4843675574112942,-0.03395245874102262,0.09595418013463591,-0.09483440694067165,0.23462475798595359,-0.23174312240454165,-0.01490805386349604,0.07841237769135097,-0.08262272734947332,0.1557233012702305,0.44711119587602277,0.02719468731129646,0.48121689481043717,0.00638263918311209,0.23251961079862735,0.005542747339635041,-0.9804943791207664,0.007026201607790439,-0.007485280258220448,-0.010349209600146767,-0.003346840371115637,0.010563953478218133,0.021217062301048934,-0.0062711820467364525,0.0018523978786342727,-0.005207580769504048,0.02895376984196706,-0.0034972096153667335,0.013435182889365332,0.04080711795997277,0.002490001396318087,0.007342180568525489,0.0116119883365339,0.09095462398631494,0.004027487255725789,-0.019019453991519903,0.026649478852391103,0.007069855230255053,-0.005113336012052204,0.0011076200729829612,0.009208344441255227,-0.03246670874050519,-1.2031719673726073e-05,-0.01901227826320615,-0.0027010948382208493
380,0.027862881154474883,0.3361968495154841,-0.8436923386906093,-0.7385740289529267,0.057100635524848814,0.7088328886479988,-0.053735937590700014,0.34316425836484227,0.5118802059387071,0.36917021474741674,-0.4714023506183181,0.20101262667252887,-0.17284591522334,-0.5456301897225733,0.01439702627999743,0.4525755634133653,-0.019673325950723453,-0.07155818427671984,-0.15166073774335143,0.17674009312748504,-0.09864348389777362,-0.5294447210643258,-0.23553760025311074,0.055572529483462196,0.23994742444795017,-0.13122176909723274,0.13400754243085733,0.1594563519514614,0.22474722063534527,-0.29489800609324224,0.6265967038804131,-0.4199248178281609,0.13978251050009588,0.3622915280736657,-0.11474865969773039,-0.02425295813362595,0.16430133410612968,0.0911751669862511,-0.006166714518869871,0.07653972822880853,-0.08008791152451751,-0.17143706230820016,-0.026095917885210904,-0.04414454355003893,-0.03002610969865015,-0.03829425718271252,-0.24252543898275272,-0.07937529513040528,-0.07122502530897439,0.16498656039993032,0.003190779138310182,-0.1265551574794327,0.090762345369501,0.07942732588282443,0.07335612761109639,0.1055973756139384,0.22894007380288336,0.15012772464640015,0.014340193078846175,-0.21365091637563913,-0.1472466020986778,0.018130191680830854,0.11825056230027946,-0.07046985628083548,-0.06374144876059705,0.017386225389625757,-0.06598302552656383,0.03094963537579497,0.09730388616109689,0.17906335978262247,-0.03217698576577245,0.05290655327220974,0.02477309138116156,-0.13484643535181737,-0.0023381047080075286,-0.07365765228185418,-0.020959894038941267,-0.06719088121552047,-0.004691522142051061,-0.9804943791207673,0.007026201607790383,-0.0074852802582203205,-0.01034920960014655,-0.003346840371115873,0.01056395347821786,0.02121706230104889,-0.006271182046736161,0.0018523978786344115,-0.005207580769504041,0.028953769841966976,-0.0034972096153672817,0.013435182889365228,0.04080711795997251,0.0024900013963179255,0.0073421805685256,0.011611988336533832,0.0909546239863147,0.004027487255725985,-0.019019453991519702,0.0266494788523912,0.007069855230254879,-0.005113336012052312,0.001107620072983086,0.009208344441255244,-0.032466708740505355,-1.2031719673903015e-05,-0.019012278263206367,-0.0027010948382212726
381,0.7851515697727403,-0.6189078912299436,-0.10431245297770483,-0.34749551215712354,0.11968040056894287,0.06466224548700109,0.06498991513055823,0.0007061433467132223,-0.32477754137986153,-0.4269628848768372,-0.333828079283241,0.04751272540344706,0.20421830841288577,0.41846093334482815,0.32504802678043543,0.24832643913271332,-0.590723934025992,-0.4738935866714259,-0.1257080239531492,0.22136986082736312,-0.469491887723624,0.04832771629971996,0.08299066649732474,0.02986335128561968,-0.4135065943855305,0.10492967375930341,-0.08420010805247208,-0.050005080017206785,0.13784149673342583,-0.03076718136947629,0.10077419932468906,0.23316715646337305,0.009450275234925847,0.17501241905525694,0.09780355376213573,0.026632795832944187,0.041279173326857876,0.40080726305239095,0.05017196446863225,0.20505289539434007,-0.17382655111701092,0.3757384095423311,-0.2085897125602261,0.0739819181171527,0.07748401977440751,0.14723559027184913,-0.08232385513895969,-9.921303999345236e-05,0.07455561833835583,0.2279787991081834,-0.11359088549617222,0.11250709895531938,0.06039340813062194,0.0633665836026334,-0.08838526752292883,0.014620219604096811,0.03386710939432347,0.18527978726084005,0.08750957955287679,-0.08960104830978799,0.09903128126353082,0.0035627909267606462,0.06018323047568265,-0.056947574225945916,0.030110715754676613,-0.0168469960013997,-0.20663428388262464,0.00664123642406952,0.11588300411948624,0.029073362745853048,0.011437930956985731,-0.005692675058387356,-0.053250432089986144,0.02227362006257219,-0.0015560298713364973,0.0010755646926182492,-0.008908556378004608,0.0048350912116235404,0.00041327933149235815,-0.9804943791207675,0.007026201607790094,-0.00748528025822043,-0.010349209600146953,-0.0033468403711156805,0.010563953478218027,0.021217062301049014,-0.0062711820467365965,0.001852397878634201,-0.005207580769503729,0.028953769841966848,-0.0034972096153671316,0.013435182889365325,0.0408071179599724,0.0024900013963178765,0.007342180568525712,0.01161198833653397,0.09095462398631465,0.00402748725572559,-0.019019453991519917,0.026649478852391013,0.007069855230254849,-0.005113336012052219,0.001107620072982841,0.009208344441255248,-0.03246670874050533,-1.2031719673641997e-05,-0.019012278263206325,-0.0027010948382211143
382,0.6721229038403034,-0.6405406411149273,-0.4826319012361964,-0.4795816750223609,-0.0808565786640532,0.07502420148111226,0.4785981618940616,-0.1307290109798475,-0.03269441800443348,0.05609985924986083,-0.3091942082955197,-0.44673717608426744,0.021590383307105665,0.22419742742259252,-0.16005791493630073,0.5580378062600054,0.0038627731631405713,-0.12261269291284398,0.24155967344958038,-0.06108147217195007,0.3657924195200809,-0.2996262742593821,0.22683089620598895,0.13627164112519502,-0.15836351223063838,-0.05977718905601905,0.1307054447897543,-0.21390153685566568,0.5746688779617593,0.08318442180328242,-0.0419086178232718,0.2774495378333529,-0.15878534226558239,-0.0672336915883287,0.021953804701225686,0.1460727753232459,-0.021357950492490254,0.24553148441237208,-0.033278342262116976,-0.12874864489203122,-0.14887167324259795,0.23719294546200648,0.00027882831240873404,0.12648864697440523,-0.22882194813640724,0.0033797456401596176,-0.039086541459209104,-0.04500186955656423,0.1482544781391381,0.32142796394318474,0.03762346514828343,0.07583139923103396,0.04794485879653457,-0.09444505306346251,0.06783689445815598,-0.18311806352646764,-0.0850136086294667,0.09952960403456158,0.011534784184705672,0.06915570498734092,0.12747505297054965,-0.03332565256516743,-0.03164539371817361,0.02675130530619271,-0.035007311504125775,0.1935251721415928,-0.01043562445186119,0.05599556348980283,0.045585096582981564,0.07857661726259024,-0.08674236817906046,0.035130013915518295,-0.05676003696120329,-0.03021724628080574,-0.014892366446597777,-0.0362950673674678,0.013686281653340238,-0.00737740608199529,-0.001042879096629614,-0.9804943791207672,0.007026201607790217,-0.007485280258220572,-0.01034920960014664,-0.003346840371115885,0.010563953478218226,0.021217062301049038,-0.0062711820467364595,0.001852397878634363,-0.005207580769503809,0.028953769841967025,-0.0034972096153670805,0.013435182889365186,0.04080711795997244,0.002490001396317683,0.007342180568525607,0.011611988336533915,0.0909546239863146,0.004027487255725758,-0.019019453991519653,0.026649478852391297,0.007069855230254567,-0.005113336012052041,0.001107620072982798,0.009208344441255227,-0.032466708740505244,-1.2031719673635868e-05,-0.01901227826320626,-0.002701094838221231
